season,direction,club,player_id,player,position,from_club,to_club,kind,appearances_that_season,minutes_that_season
2016–17,Departure,AFC Bournemouth,126184,Nathan Aké,Defender,AFC Bournemouth,Chelsea,Mid-season move,10,735
2016–17,Signing,AFC Bournemouth,54102,Jack Wilshere,Midfielder,Arsenal,AFC Bournemouth,Mid-season move,27,1911
2016–17,Departure,Arsenal,101184,Calum Chambers,Defender,Arsenal,Middlesbrough,Mid-season move,1,90
2016–17,Departure,Arsenal,54102,Jack Wilshere,Midfielder,Arsenal,AFC Bournemouth,Mid-season move,2,39
2016–17,Departure,Burnley,106617,Patrick Bamford,Forward,Burnley,Middlesbrough,Mid-season move,6,39
2016–17,Signing,Chelsea,126184,Nathan Aké,Defender,AFC Bournemouth,Chelsea,Mid-season move,2,99
2016–17,Signing,Chelsea,167767,Robert Kenedy Nunes do Nascimento,Defender,Watford,Chelsea,Mid-season move,1,74
2016–17,Departure,Crystal Palace,55452,Yannick Bolasie,Midfielder,Crystal Palace,Everton,Mid-season move,1,25
2016–17,Signing,Crystal Palace,86417,Jeffrey Schlupp,Midfielder,Leicester City,Crystal Palace,Mid-season move,15,998
2016–17,Signing,Crystal Palace,74230,Patrick van Aanholt,Defender,Sunderland,Crystal Palace,Mid-season move,11,714
2016–17,Departure,Everton,77762,Bryan Oviedo,Midfielder,Everton,Sunderland,Mid-season move,6,475
2016–17,Departure,Everton,43250,Tom Cleverley,Midfielder,Everton,Watford,Mid-season move,10,407
2016–17,Signing,Everton,148179,Enner Valencia,Forward,West Ham United,Everton,Mid-season move,21,716
2016–17,Signing,Everton,42774,Morgan Schneiderlin,Midfielder,Manchester United,Everton,Mid-season move,14,1059
2016–17,Signing,Everton,55452,Yannick Bolasie,Midfielder,Crystal Palace,Everton,Mid-season move,13,1023
2016–17,Departure,Hull City,49944,Jake Livermore,Midfielder,Hull City,West Bromwich Albion,Mid-season move,21,1669
2016–17,Departure,Hull City,18987,Robert Snodgrass,Midfielder,Hull City,West Ham United,Mid-season move,20,1710
2016–17,Departure,Leicester City,86417,Jeffrey Schlupp,Midfielder,Leicester City,Crystal Palace,Mid-season move,4,141
2016–17,Departure,Manchester United,42774,Morgan Schneiderlin,Midfielder,Manchester United,Everton,Mid-season move,3,14
2016–17,Signing,Middlesbrough,44302,Adlène Guédioura,Midfielder,Watford,Middlesbrough,Mid-season move,5,140
2016–17,Signing,Middlesbrough,101184,Calum Chambers,Defender,Arsenal,Middlesbrough,Mid-season move,24,2160
2016–17,Signing,Middlesbrough,106617,Patrick Bamford,Forward,Burnley,Middlesbrough,Mid-season move,8,287
2016–17,Departure,Southampton,38580,Jose Fonte,Defender,Southampton,West Ham United,Mid-season move,17,1530
2016–17,Signing,Stoke City,91972,Saido Berahino,Forward,West Bromwich Albion,Stoke City,Mid-season move,13,720
2016–17,Departure,Sunderland,74230,Patrick van Aanholt,Defender,Sunderland,Crystal Palace,Mid-season move,21,1784
2016–17,Departure,Sunderland,37742,Younes Kaboul,Defender,Sunderland,Watford,Mid-season move,1,90
2016–17,Signing,Sunderland,77762,Bryan Oviedo,Midfielder,Everton,Sunderland,Mid-season move,10,848
2016–17,Signing,Swansea City,93464,Tom Carroll,Midfielder,Tottenham Hotspur,Swansea City,Mid-season move,17,1388
2016–17,Departure,Tottenham Hotspur,93464,Tom Carroll,Midfielder,Tottenham Hotspur,Swansea City,Mid-season move,1,1
2016–17,Departure,Watford,44302,Adlène Guédioura,Midfielder,Watford,Middlesbrough,Mid-season move,12,721
2016–17,Departure,Watford,167767,Robert Kenedy Nunes do Nascimento,Defender,Watford,Chelsea,Mid-season move,1,16
2016–17,Signing,Watford,43250,Tom Cleverley,Midfielder,Everton,Watford,Mid-season move,17,1441
2016–17,Signing,Watford,37742,Younes Kaboul,Defender,Sunderland,Watford,Mid-season move,22,1820
2016–17,Departure,West Bromwich Albion,91972,Saido Berahino,Forward,West Bromwich Albion,Stoke City,Mid-season move,4,243
2016–17,Signing,West Bromwich Albion,49944,Jake Livermore,Midfielder,Hull City,West Bromwich Albion,Mid-season move,16,1301
2016–17,Departure,West Ham United,148179,Enner Valencia,Forward,West Ham United,Everton,Mid-season move,3,211
2016–17,Signing,West Ham United,38580,Jose Fonte,Defender,Southampton,West Ham United,Mid-season move,16,1404
2016–17,Signing,West Ham United,18987,Robert Snodgrass,Midfielder,Hull City,West Ham United,Mid-season move,15,838
2017–18,Departure,AFC Bournemouth,15885,Adam Federici,Goalkeeper,AFC Bournemouth,,Left the Premier League,2,180
2017–18,Departure,AFC Bournemouth,18726,Artur Boruc,Goalkeeper,AFC Bournemouth,,Left the Premier League for a time,35,3150
2017–18,Departure,AFC Bournemouth,167789,Baily Cargill,Defender,AFC Bournemouth,,Left the Premier League,1,13
2017–18,Departure,AFC Bournemouth,120447,Bradley Smith,Defender,AFC Bournemouth,,Left the Premier League,5,269
2017–18,Departure,AFC Bournemouth,54102,Jack Wilshere,Midfielder,AFC Bournemouth,Arsenal,Sold to another Premier League club,27,1911
2017–18,Departure,AFC Bournemouth,21246,Lewis Grabban,Forward,AFC Bournemouth,,Left the Premier League,3,60
2017–18,Departure,AFC Bournemouth,224946,Matthew Worthington,Midfielder,AFC Bournemouth,,Left the Premier League,1,17
2017–18,Departure,AFC Bournemouth,59741,Max Gradel,Midfielder,AFC Bournemouth,,Left the Premier League,11,134
2017–18,Departure,AFC Bournemouth,61302,Ryan Allsop,Goalkeeper,AFC Bournemouth,,Left the Premier League,1,90
2017–18,Signing,AFC Bournemouth,40349,Asmir Begović,Goalkeeper,Chelsea,AFC Bournemouth,Signing from another Premier League club,38,3420
2017–18,Signing,AFC Bournemouth,122342,Emerson Hyndman,Midfielder,,AFC Bournemouth,Signing from outside the Premier League,1,58
2017–18,Signing,AFC Bournemouth,222434,Jack Simpson,Defender,,AFC Bournemouth,Signing from outside the Premier League,1,71
2017–18,Signing,AFC Bournemouth,7958,Jermain Defoe,Forward,Sunderland,AFC Bournemouth,Signing from another Premier League club,24,1075
2017–18,Signing,AFC Bournemouth,126184,Nathan Aké,Defender,Chelsea,AFC Bournemouth,Signing from another Premier League club,38,3352
2017–18,Departure,Arsenal,81880,Alex Oxlade-Chamberlain,Midfielder,Arsenal,Liverpool,Mid-season move,3,241
2017–18,Departure,Arsenal,37265,Alexis Sánchez,Midfielder,Arsenal,Manchester United,Mid-season move,19,1501
2017–18,Departure,Arsenal,80254,Carl Jenkinson,Defender,Arsenal,,Left the Premier League for a time,1,82
2017–18,Departure,Arsenal,98980,Emiliano Martínez Romero,Goalkeeper,Arsenal,,Left the Premier League for a time,2,180
2017–18,Departure,Arsenal,158074,Gabriel Armando de Abreu,Defender,Arsenal,,Left the Premier League,19,1517
2017–18,Departure,Arsenal,42427,Kieran Gibbs,Defender,Arsenal,West Bromwich Albion,Sold to another Premier League club,11,702
2017–18,Departure,Arsenal,155851,Lucas Pérez,Forward,Arsenal,,Left the Premier League for a time,11,272
2017–18,Departure,Arsenal,27334,Mathieu Debuchy,Defender,Arsenal,,Left the Premier League,1,15
2017–18,Departure,Arsenal,44346,Olivier Giroud,Forward,Arsenal,Chelsea,Mid-season move,16,374
2017–18,Departure,Arsenal,19524,Santiago Cazorla,Midfielder,Arsenal,,Left the Premier League,8,618
2017–18,Departure,Arsenal,20467,Theo Walcott,Midfielder,Arsenal,Everton,Mid-season move,6,63
2017–18,Signing,Arsenal,59966,Alexandre Lacazette,Forward,,Arsenal,Signing from outside the Premier League,32,2197
2017–18,Signing,Arsenal,101184,Calum Chambers,Defender,Middlesbrough,Arsenal,Signing from another Premier League club,12,864
2017–18,Signing,Arsenal,205533,Eddie Nketiah,Forward,,Arsenal,Signing from outside the Premier League,3,17
2017–18,Signing,Arsenal,57249,Henrikh Mkhitaryan,Midfielder,Manchester United,Arsenal,Mid-season move,11,792
2017–18,Signing,Arsenal,54102,Jack Wilshere,Midfielder,AFC Bournemouth,Arsenal,Signing from another Premier League club,20,1185
2017–18,Signing,Arsenal,200089,Joe Willock,Midfielder,,Arsenal,Signing from outside the Premier League,2,81
2017–18,Signing,Arsenal,233963,Konstantinos Mavropanos,Defender,,Arsenal,Signing from outside the Premier League,3,194
2017–18,Signing,Arsenal,54694,Pierre-Emerick Aubameyang,Forward,,Arsenal,Signing from outside the Premier League,13,1056
2017–18,Signing,Arsenal,200641,Reiss Nelson,Midfielder,,Arsenal,Signing from outside the Premier League,3,144
2017–18,Signing,Arsenal,111457,Sead Kolasinac,Defender,,Arsenal,Signing from outside the Premier League,27,2146
2017–18,Signing,Brighton & Hove Albion,83543,Anthony Knockaert,Midfielder,,Brighton & Hove Albion,Signing from outside the Premier League,33,2415
2017–18,Signing,Brighton & Hove Albion,38490,Beram Kayal,Midfielder,,Brighton & Hove Albion,Signing from outside the Premier League,19,735
2017–18,Signing,Brighton & Hove Albion,11352,Bruno Saltor Grau,Defender,,Brighton & Hove Albion,Signing from outside the Premier League,25,2014
2017–18,Signing,Brighton & Hove Albion,85128,Connor Goldson,Defender,,Brighton & Hove Albion,Signing from outside the Premier League,3,199
2017–18,Signing,Brighton & Hove Albion,40845,Dale Stephens,Midfielder,,Brighton & Hove Albion,Signing from outside the Premier League,36,3240
2017–18,Signing,Brighton & Hove Albion,66242,Davy Pröpper,Midfielder,,Brighton & Hove Albion,Signing from outside the Premier League,35,3118
2017–18,Signing,Brighton & Hove Albion,74375,Ezequiel Schelotto,Defender,,Brighton & Hove Albion,Signing from outside the Premier League,20,1313
2017–18,Signing,Brighton & Hove Albion,42748,Gaëtan Bong,Defender,,Brighton & Hove Albion,Signing from outside the Premier League,25,2237
2017–18,Signing,Brighton & Hove Albion,20529,Glenn Murray,Forward,,Brighton & Hove Albion,Signing from outside the Premier League,35,2184
2017–18,Signing,Brighton & Hove Albion,112516,Isaiah Brown,Midfielder,,Brighton & Hove Albion,Signing from outside the Premier League,13,302
2017–18,Signing,Brighton & Hove Albion,2513,Jamie Murphy,Midfielder,,Brighton & Hove Albion,Signing from outside the Premier League,4,166
2017–18,Signing,Brighton & Hove Albion,167473,José Izquierdo,Midfielder,,Brighton & Hove Albion,Signing from outside the Premier League,32,1976
2017–18,Signing,Brighton & Hove Albion,106757,Jürgen Locadia,Forward,,Brighton & Hove Albion,Signing from outside the Premier League,6,221
2017–18,Signing,Brighton & Hove Albion,54316,Leonardo Ulloa,Forward,Leicester City,Brighton & Hove Albion,Mid-season move,10,260
2017–18,Signing,Brighton & Hove Albion,83299,Lewis Dunk,Defender,,Brighton & Hove Albion,Signing from outside the Premier League,38,3420
2017–18,Signing,Brighton & Hove Albion,15137,Liam Rosenior,Defender,,Brighton & Hove Albion,Signing from outside the Premier League,3,163
2017–18,Signing,Brighton & Hove Albion,43808,Markus Suttner,Defender,,Brighton & Hove Albion,Signing from outside the Premier League,14,1178
2017–18,Signing,Brighton & Hove Albion,131897,Mathew Ryan,Goalkeeper,,Brighton & Hove Albion,Signing from outside the Premier League,38,3420
2017–18,Signing,Brighton & Hove Albion,60307,Pascal Groß,Midfielder,,Brighton & Hove Albion,Signing from outside the Premier League,38,2928
2017–18,Signing,Brighton & Hove Albion,28462,Sam Baldock,Forward,,Brighton & Hove Albion,Signing from outside the Premier League,2,30
2017–18,Signing,Brighton & Hove Albion,61933,Shane Duffy,Defender,,Brighton & Hove Albion,Signing from outside the Premier League,37,3292
2017–18,Signing,Brighton & Hove Albion,109345,Solly March,Midfielder,,Brighton & Hove Albion,Signing from outside the Premier League,36,1838
2017–18,Signing,Brighton & Hove Albion,38499,Tomer Hemed,Forward,,Brighton & Hove Albion,Signing from outside the Premier League,16,842
2017–18,Signing,Brighton & Hove Albion,19071,Uwe Hünemeier,Defender,,Brighton & Hove Albion,Signing from outside the Premier League,1,17
2017–18,Departure,Burnley,234483,Aiden O'Neill,Midfielder,Burnley,,Left the Premier League,3,85
2017–18,Departure,Burnley,73426,Andre Gray,Forward,Burnley,Watford,Sold to another Premier League club,32,2260
2017–18,Departure,Burnley,207725,Daniel Agyei,Forward,Burnley,,Left the Premier League,3,25
2017–18,Departure,Burnley,19556,David Jones,Midfielder,Burnley,,Left the Premier League,1,86
2017–18,Departure,Burnley,15982,Dean Marney,Midfielder,Burnley,,Left the Premier League,21,1764
2017–18,Departure,Burnley,28244,George Boyd,Midfielder,Burnley,,Left the Premier League,36,2837
2017–18,Departure,Burnley,15276,Joey Barton,Midfielder,Burnley,,Left the Premier League,14,1105
2017–18,Departure,Burnley,91979,Jon Flanagan,Defender,Burnley,,Left the Premier League,6,360
2017–18,Departure,Burnley,34654,Lukas Jutkiewicz,Forward,Burnley,,Left the Premier League,2,13
2017–18,Departure,Burnley,106611,Michael Keane,Defender,Burnley,Everton,Sold to another Premier League club,35,3150
2017–18,Departure,Burnley,15944,Michael Kightly,Midfielder,Burnley,,Left the Premier League,5,104
2017–18,Departure,Burnley,1801,Paul Robinson,Goalkeeper,Burnley,,Left the Premier League,3,270
2017–18,Signing,Burnley,17349,Aaron Lennon,Midfielder,Everton,Burnley,Mid-season move,14,1118
2017–18,Signing,Burnley,103914,Charlie Taylor,Defender,,Burnley,Signing from outside the Premier League,11,949
2017–18,Signing,Burnley,60689,Chris Wood,Forward,,Burnley,Signing from outside the Premier League,24,1621
2017–18,Signing,Burnley,433154,Dwight McNeil,Midfielder,,Burnley,Signing from outside the Premier League,1,1
2017–18,Signing,Burnley,168566,Georges-Kévin Nkoudou,Midfielder,Tottenham Hotspur,Burnley,Mid-season move,8,222
2017–18,Signing,Burnley,40145,Jack Cork,Midfielder,Swansea City,Burnley,Signing from another Premier League club,38,3420
2017–18,Signing,Burnley,12813,Jonathan Walters,Midfielder,Stoke City,Burnley,Signing from another Premier League club,3,36
2017–18,Signing,Burnley,92383,Nahki Wells,Forward,,Burnley,Signing from outside the Premier League,9,46
2017–18,Signing,Burnley,98747,Nick Pope,Goalkeeper,,Burnley,Signing from outside the Premier League,35,3114
2017–18,Signing,Burnley,17997,Phil Bardsley,Defender,Stoke City,Burnley,Signing from another Premier League club,13,1125
2017–18,Departure,Chelsea,40349,Asmir Begović,Goalkeeper,Chelsea,AFC Bournemouth,Sold to another Premier League club,2,180
2017–18,Departure,Chelsea,41135,Branislav Ivanovic,Defender,Chelsea,,Left the Premier League for a time,13,589
2017–18,Departure,Chelsea,18507,Diego Da Silva Costa,Forward,Chelsea,,Left the Premier League for a time,35,3083
2017–18,Departure,Chelsea,1718,John Terry,Defender,Chelsea,,Left the Premier League,9,496
2017–18,Departure,Chelsea,103192,Kurt Zouma,Defender,Chelsea,Stoke City,Sold to another Premier League club,9,250
2017–18,Departure,Chelsea,126184,Nathan Aké,Defender,Chelsea,AFC Bournemouth,Sold to another Premier League club,2,99
2017–18,Departure,Chelsea,89085,Nathaniel Chalobah,Midfielder,Chelsea,Watford,Sold to another Premier League club,10,167
2017–18,Departure,Chelsea,62398,Nemanja Matic,Midfielder,Chelsea,Manchester United,Sold to another Premier League club,35,2694
2017–18,Departure,Chelsea,159506,Ola Aina,Defender,Chelsea,,Left the Premier League for a time,3,26
2017–18,Departure,Chelsea,61262,Oscar dos Santos Emboaba Junior,Midfielder,Chelsea,,Left the Premier League,9,455
2017–18,Departure,Chelsea,167767,Robert Kenedy Nunes do Nascimento,Defender,Chelsea,Newcastle United,Sold to another Premier League club,1,74
2017–18,Departure,Chelsea,126187,Ruben Loftus-Cheek,Midfielder,Chelsea,Crystal Palace,Sold to another Premier League club,6,35
2017–18,Signing,Chelsea,135363,Andreas Christensen,Defender,,Chelsea,Signing from outside the Premier League,27,2067
2017–18,Signing,Chelsea,102380,Antonio Rüdiger,Defender,,Chelsea,Signing from outside the Premier League,27,2336
2017–18,Signing,Chelsea,209046,Callum Hudson-Odoi,Midfielder,,Chelsea,Signing from outside the Premier League,2,27
2017–18,Signing,Chelsea,171162,Charly Musonda,Midfielder,,Chelsea,Signing from outside the Premier League,3,35
2017–18,Signing,Chelsea,61603,Daniel Drinkwater,Midfielder,Leicester City,Chelsea,Signing from another Premier League club,12,520
2017–18,Signing,Chelsea,105700,Davide Zappacosta,Defender,,Chelsea,Signing from outside the Premier League,22,1087
2017–18,Signing,Chelsea,109533,Emerson Palmieri dos Santos,Defender,,Chelsea,Signing from outside the Premier League,5,278
2017–18,Signing,Chelsea,199598,Ethan Ampadu,Midfielder,,Chelsea,Signing from outside the Premier League,1,10
2017–18,Signing,Chelsea,135365,Jeremie Boga,Midfielder,,Chelsea,Signing from outside the Premier League,1,17
2017–18,Signing,Chelsea,44346,Olivier Giroud,Forward,Arsenal,Chelsea,Mid-season move,13,607
2017–18,Signing,Chelsea,88894,Ross Barkley,Midfielder,Everton,Chelsea,Signing from another Premier League club,2,129
2017–18,Signing,Chelsea,169102,Tiemoué Bakayoko,Midfielder,,Chelsea,Signing from outside the Premier League,29,2121
2017–18,Signing,Chelsea,20310,Willy Caballero,Goalkeeper,Manchester City,Chelsea,Signing from another Premier League club,3,270
2017–18,Signing,Chelsea,88482,Álvaro Morata,Forward,,Chelsea,Signing from outside the Premier League,31,2055
2017–18,Departure,Crystal Palace,59125,Connor Wickham,Forward,Crystal Palace,,Left the Premier League for a time,8,412
2017–18,Departure,Crystal Palace,106603,Ezekiel Fryers,Defender,Crystal Palace,,Left the Premier League,8,188
2017–18,Departure,Crystal Palace,28541,Fraizer Campbell,Forward,Crystal Palace,,Left the Premier League,12,165
2017–18,Departure,Crystal Palace,18805,Joe Ledley,Midfielder,Crystal Palace,,Left the Premier League,18,1160
2017–18,Departure,Crystal Palace,191769,Jonathan Benteke,Forward,Crystal Palace,,Left the Premier League,1,7
2017–18,Departure,Crystal Palace,49438,Jordon Mutch,Midfielder,Crystal Palace,,Left the Premier League,4,53
2017–18,Departure,Crystal Palace,38419,Loïc Remy,Forward,Crystal Palace,,Left the Premier League,5,134
2017–18,Departure,Crystal Palace,18155,Mathieu Flamini,Midfielder,Crystal Palace,,Left the Premier League,10,274
2017–18,Departure,Crystal Palace,59115,Mile Jedinak,Midfielder,Crystal Palace,,Left the Premier League,1,90
2017–18,Departure,Crystal Palace,44413,Steve Mandanda,Goalkeeper,Crystal Palace,,Left the Premier League,9,810
2017–18,Signing,Crystal Palace,214590,Aaron Wan-Bissaka,Defender,,Crystal Palace,Signing from outside the Premier League,7,627
2017–18,Signing,Crystal Palace,143877,Alexander Sørloth,Forward,,Crystal Palace,Signing from outside the Premier League,4,360
2017–18,Signing,Crystal Palace,173954,Jairo Riedewald,Midfielder,,Crystal Palace,Signing from outside the Premier League,12,435
2017–18,Signing,Crystal Palace,11554,Julian Speroni,Goalkeeper,,Crystal Palace,Signing from outside the Premier League,11,990
2017–18,Signing,Crystal Palace,221245,Levi Lumeka,Midfielder,,Crystal Palace,Signing from outside the Premier League,1,25
2017–18,Signing,Crystal Palace,94926,Olayinka Fredrick Oladotun Ladapo,Forward,,Crystal Palace,Signing from outside the Premier League,1,16
2017–18,Signing,Crystal Palace,126187,Ruben Loftus-Cheek,Midfielder,Chelsea,Crystal Palace,Signing from another Premier League club,24,1871
2017–18,Signing,Crystal Palace,201084,Timothy Fosu-Mensah,Defender,Manchester United,Crystal Palace,Signing from another Premier League club,21,1592
2017–18,Departure,Everton,17349,Aaron Lennon,Midfielder,Everton,Burnley,Mid-season move,15,788
2017–18,Departure,Everton,26921,Arouna Koné,Forward,Everton,,Left the Premier League,6,78
2017–18,Departure,Everton,148179,Enner Valencia,Forward,Everton,,Left the Premier League,21,716
2017–18,Departure,Everton,1632,Gareth Barry,Midfielder,Everton,West Bromwich Albion,Sold to another Premier League club,33,2109
2017–18,Departure,Everton,94924,Gerard Deulofeu,Forward,Everton,Watford,Sold to another Premier League club,11,460
2017–18,Departure,Everton,78315,Joel Robles,Goalkeeper,Everton,,Left the Premier League for a time,20,1737
2017–18,Departure,Everton,10318,Maarten Stekelenburg,Goalkeeper,Everton,,Left the Premier League,19,1683
2017–18,Departure,Everton,114093,Matthew Pennington,Defender,Everton,,Left the Premier League,3,180
2017–18,Departure,Everton,66749,Romelu Lukaku,Forward,Everton,Manchester United,Sold to another Premier League club,37,3266
2017–18,Departure,Everton,88894,Ross Barkley,Midfielder,Everton,Chelsea,Sold to another Premier League club,36,2900
2017–18,Signing,Everton,195855,Beni Baningime,Midfielder,,Everton,Signing from outside the Premier League,8,192
2017–18,Signing,Everton,66838,Cenk Tosun,Forward,,Everton,Signing from outside the Premier League,14,984
2017–18,Signing,Everton,56192,Cuco Martina,Defender,Southampton,Everton,Signing from another Premier League club,21,1830
2017–18,Signing,Everton,109065,Davy Klaassen,Midfielder,,Everton,Signing from outside the Premier League,7,248
2017–18,Signing,Everton,57112,Eliaquim Mangala,Defender,Manchester City,Everton,Mid-season move,2,134
2017–18,Signing,Everton,55422,Gylfi Sigurdsson,Midfielder,Swansea City,Everton,Signing from another Premier League club,27,2257
2017–18,Signing,Everton,111234,Jordan Pickford,Goalkeeper,Sunderland,Everton,Signing from another Premier League club,38,3420
2017–18,Signing,Everton,106611,Michael Keane,Defender,Burnley,Everton,Signing from another Premier League club,30,2559
2017–18,Signing,Everton,87447,Muhamed Bešić,Midfielder,,Everton,Signing from outside the Premier League,2,46
2017–18,Signing,Everton,180151,Nikola Vlasic,Midfielder,,Everton,Signing from outside the Premier League,12,572
2017–18,Signing,Everton,113688,Oumar Niasse,Forward,Hull City,Everton,Signing from another Premier League club,22,1076
2017–18,Signing,Everton,108438,Sandro Ramírez,Forward,,Everton,Signing from outside the Premier League,8,275
2017–18,Signing,Everton,20467,Theo Walcott,Midfielder,Arsenal,Everton,Mid-season move,14,1151
2017–18,Signing,Everton,13017,Wayne Rooney,Forward,Manchester United,Everton,Signing from another Premier League club,31,2265
2017–18,Signing,Huddersfield Town,74471,Aaron Mooy,Midfielder,,Huddersfield Town,Signing from outside the Premier League,36,3066
2017–18,Signing,Huddersfield Town,246878,Abdelhamid Sabiri,Midfielder,,Huddersfield Town,Signing from outside the Premier League,5,217
2017–18,Signing,Huddersfield Town,106450,Alex Pritchard,Midfielder,,Huddersfield Town,Signing from outside the Premier League,14,997
2017–18,Signing,Huddersfield Town,54284,Chris Löwe,Defender,,Huddersfield Town,Signing from outside the Premier League,23,1585
2017–18,Signing,Huddersfield Town,85368,Christopher Schindler,Defender,,Huddersfield Town,Signing from outside the Premier League,37,3264
2017–18,Signing,Huddersfield Town,84112,Collin Quaner,Forward,,Huddersfield Town,Signing from outside the Premier League,26,1268
2017–18,Signing,Huddersfield Town,80755,Danny Williams,Midfielder,,Huddersfield Town,Signing from outside the Premier League,20,1115
2017–18,Signing,Huddersfield Town,5589,Dean Whitehead,Midfielder,,Huddersfield Town,Signing from outside the Premier League,4,68
2017–18,Signing,Huddersfield Town,87428,Elias Kachunga,Forward,,Huddersfield Town,Signing from outside the Premier League,19,1327
2017–18,Signing,Huddersfield Town,172246,Florent Hadergjonaj,Defender,,Huddersfield Town,Signing from outside the Premier League,23,1670
2017–18,Signing,Huddersfield Town,168172,Joe Lolley,Midfielder,,Huddersfield Town,Signing from outside the Premier League,6,217
2017–18,Signing,Huddersfield Town,57513,Jonas Lössl,Goalkeeper,,Huddersfield Town,Signing from outside the Premier League,38,3420
2017–18,Signing,Huddersfield Town,79619,Jonathan Hogg,Midfielder,,Huddersfield Town,Signing from outside the Premier League,30,2396
2017–18,Signing,Huddersfield Town,160190,Kasey Palmer,Midfielder,,Huddersfield Town,Signing from outside the Premier League,4,168
2017–18,Signing,Huddersfield Town,147303,Laurent Depoitre,Forward,,Huddersfield Town,Signing from outside the Premier League,33,1807
2017–18,Signing,Huddersfield Town,18006,Martin Cranie,Defender,,Huddersfield Town,Signing from outside the Premier League,3,179
2017–18,Signing,Huddersfield Town,48760,Mathias Jorgensen,Defender,,Huddersfield Town,Signing from outside the Premier League,38,3420
2017–18,Signing,Huddersfield Town,87856,Michael Hefele,Defender,,Huddersfield Town,Signing from outside the Premier League,2,32
2017–18,Signing,Huddersfield Town,168991,Philip Billing,Midfielder,,Huddersfield Town,Signing from outside the Premier League,16,755
2017–18,Signing,Huddersfield Town,51344,Rajiv van La Parra,Midfielder,,Huddersfield Town,Signing from outside the Premier League,33,2131
2017–18,Signing,Huddersfield Town,79733,Scott Malone,Defender,,Huddersfield Town,Signing from outside the Premier League,22,1110
2017–18,Signing,Huddersfield Town,169141,Steve Mounie,Forward,,Huddersfield Town,Signing from outside the Premier League,28,1849
2017–18,Signing,Huddersfield Town,109434,Terence Kongolo,Defender,,Huddersfield Town,Signing from outside the Premier League,13,1047
2017–18,Signing,Huddersfield Town,86176,Tom Ince,Midfielder,,Huddersfield Town,Signing from outside the Premier League,33,2450
2017–18,Signing,Huddersfield Town,104545,Tommy Smith,Defender,,Huddersfield Town,Signing from outside the Premier League,24,1902
2017–18,Departure,Hull City,59856,Abel Hernández,Forward,Hull City,,Left the Premier League,24,1425
2017–18,Departure,Hull City,111847,Adama Diomande,Forward,Hull City,,Left the Premier League,22,1171
2017–18,Departure,Hull City,37339,Ahmed El Mohamady,Defender,Hull City,,Left the Premier League for a time,33,2523
2017–18,Departure,Hull City,49688,Alfred N'Diaye,Midfielder,Hull City,,Left the Premier League,15,1273
2017–18,Departure,Hull City,39167,Andrea Ranocchia,Defender,Hull City,,Left the Premier League,16,1330
2017–18,Departure,Hull City,122798,Andrew Robertson,Defender,Hull City,Liverpool,Sold to another Premier League club,33,2736
2017–18,Departure,Hull City,19115,Curtis Davies,Defender,Hull City,,Left the Premier League,26,2135
2017–18,Departure,Hull City,15144,David Marshall,Goalkeeper,Hull City,,Left the Premier League,16,1440
2017–18,Departure,Hull City,53371,David Meyler,Midfielder,Hull City,,Left the Premier League,20,962
2017–18,Departure,Hull City,39472,Dieumerci Mbokani,Forward,Hull City,,Left the Premier League,12,764
2017–18,Departure,Hull City,11974,Eldin Jakupovic,Goalkeeper,Hull City,Leicester City,Sold to another Premier League club,22,1980
2017–18,Departure,Hull City,52287,Evandro Goebel,Midfielder,Hull City,,Left the Premier League,11,576
2017–18,Departure,Hull City,95658,Harry Maguire,Defender,Hull City,Leicester City,Sold to another Premier League club,29,2307
2017–18,Departure,Hull City,178186,Jarrod Bowen,Forward,Hull City,,Left the Premier League for a time,7,181
2017–18,Departure,Hull City,221267,Josh Tymon,Defender,Hull City,Stoke City,Sold to another Premier League club,5,323
2017–18,Departure,Hull City,49957,Kamil Grosicki,Midfielder,Hull City,,Left the Premier League for a time,15,1143
2017–18,Departure,Hull City,99323,Lazar Markovic,Midfielder,Hull City,,Left the Premier League for a time,12,1005
2017–18,Departure,Hull City,82771,Markus Henriksen,Midfielder,Hull City,,Left the Premier League,15,638
2017–18,Departure,Hull City,12679,Michael Dawson,Defender,Hull City,,Left the Premier League,22,1722
2017–18,Departure,Hull City,92293,Omar Elabdellaoui,Defender,Hull City,,Left the Premier League,8,615
2017–18,Departure,Hull City,113688,Oumar Niasse,Forward,Hull City,Everton,Sold to another Premier League club,17,1096
2017–18,Departure,Hull City,58791,Ryan Mason,Midfielder,Hull City,,Left the Premier League,16,927
2017–18,Departure,Hull City,74033,Sam Clucas,Midfielder,Hull City,Swansea City,Sold to another Premier League club,37,3186
2017–18,Departure,Hull City,9110,Shaun Maloney,Midfielder,Hull City,,Left the Premier League,9,283
2017–18,Departure,Hull City,15109,Tom Huddlestone,Midfielder,Hull City,,Left the Premier League,31,2025
2017–18,Departure,Hull City,91126,Will Keane,Forward,Hull City,,Left the Premier League,5,280
2017–18,Departure,Leicester City,90714,Ahmed Musa,Forward,Leicester City,,Left the Premier League,21,761
2017–18,Departure,Leicester City,13152,Andy King,Midfielder,Leicester City,Swansea City,Mid-season move,11,533
2017–18,Departure,Leicester City,61603,Daniel Drinkwater,Midfielder,Leicester City,Chelsea,Sold to another Premier League club,29,2466
2017–18,Departure,Leicester City,149828,Islam Slimani,Forward,Leicester City,Newcastle United,Mid-season move,12,240
2017–18,Departure,Leicester City,54316,Leonardo Ulloa,Forward,Leicester City,Brighton & Hove Albion,Mid-season move,4,19
2017–18,Departure,Leicester City,130025,Luis Hernández,Defender,Leicester City,,Left the Premier League,4,327
2017–18,Departure,Leicester City,37388,Marcin Wasilewski,Defender,Leicester City,,Left the Premier League,1,90
2017–18,Departure,Leicester City,86881,Nampalys Mendy,Midfielder,Leicester City,,Left the Premier League for a time,4,269
2017–18,Departure,Leicester City,12413,Robert Huth,Defender,Leicester City,,Left the Premier League,33,2926
2017–18,Departure,Leicester City,51934,Ron-Robert Zieler,Goalkeeper,Leicester City,,Left the Premier League,9,754
2017–18,Signing,Leicester City,46483,Adrien Sebastian Perruchet Silva,Midfielder,,Leicester City,Signing from outside the Premier League,12,760
2017–18,Signing,Leicester City,60598,Aleksandar Dragovic,Defender,,Leicester City,Signing from outside the Premier League,11,766
2017–18,Signing,Leicester City,38038,Ben Hamer,Goalkeeper,,Leicester City,Signing from outside the Premier League,4,274
2017–18,Signing,Leicester City,11974,Eldin Jakupovic,Goalkeeper,Hull City,Leicester City,Signing from another Premier League club,2,180
2017–18,Signing,Leicester City,210207,Fousseni Diabaté,Midfielder,,Leicester City,Signing from outside the Premier League,14,579
2017–18,Signing,Leicester City,197469,Hamza Choudhury,Midfielder,,Leicester City,Signing from outside the Premier League,8,375
2017–18,Signing,Leicester City,95658,Harry Maguire,Defender,Hull City,Leicester City,Signing from another Premier League club,38,3420
2017–18,Signing,Leicester City,201666,Harvey Barnes,Midfielder,,Leicester City,Signing from outside the Premier League,3,8
2017–18,Signing,Leicester City,173515,Kelechi Iheanacho,Forward,Manchester City,Leicester City,Signing from another Premier League club,21,818
2017–18,Signing,Leicester City,54513,Vicente Iborra,Midfielder,,Leicester City,Signing from outside the Premier League,19,1411
2017–18,Departure,Liverpool,40755,Daniel Sturridge,Forward,Liverpool,West Bromwich Albion,Mid-season move,9,427
2017–18,Departure,Liverpool,106449,Kevin Stewart,Defender,Liverpool,,Left the Premier League,4,20
2017–18,Departure,Liverpool,43191,Leiva Lucas,Midfielder,Liverpool,,Left the Premier League,24,1112
2017–18,Departure,Liverpool,154051,Oviemuno Ejaria,Midfielder,Liverpool,,Left the Premier League,2,8
2017–18,Signing,Liverpool,81880,Alex Oxlade-Chamberlain,Midfielder,Arsenal,Liverpool,Mid-season move,32,1477
2017–18,Signing,Liverpool,122798,Andrew Robertson,Defender,Hull City,Liverpool,Signing from another Premier League club,22,1940
2017–18,Signing,Liverpool,84939,Danny Ings,Forward,,Liverpool,Signing from outside the Premier League,8,262
2017–18,Signing,Liverpool,154566,Dominic Solanke-Mitchell,Forward,,Liverpool,Signing from outside the Premier League,21,581
2017–18,Signing,Liverpool,171287,Joe Gomez,Defender,,Liverpool,Signing from outside the Premier League,23,1901
2017–18,Signing,Liverpool,118748,Mohamed Salah,Midfielder,,Liverpool,Signing from outside the Premier League,36,2905
2017–18,Signing,Liverpool,97032,Virgil van Dijk,Defender,Southampton,Liverpool,Mid-season move,14,1260
2017–18,Departure,Manchester City,178871,Aleix García Serrano,Midfielder,Manchester City,,Left the Premier League,4,77
2017–18,Departure,Manchester City,42593,Aleksandar Kolarov,Defender,Manchester City,,Left the Premier League,29,2535
2017–18,Departure,Manchester City,37748,Bacary Sagna,Defender,Manchester City,,Left the Premier League,17,1346
2017–18,Departure,Manchester City,57112,Eliaquim Mangala,Defender,Manchester City,Everton,Mid-season move,9,483
2017–18,Departure,Manchester City,52538,Fernando Francisco Reges,Midfielder,Manchester City,,Left the Premier League,15,568
2017–18,Departure,Manchester City,17336,Gaël Clichy,Defender,Manchester City,,Left the Premier League,25,2123
2017–18,Departure,Manchester City,17740,Jesús Navas,Midfielder,Manchester City,,Left the Premier League,24,1064
2017–18,Departure,Manchester City,173515,Kelechi Iheanacho,Forward,Manchester City,Leicester City,Sold to another Premier League club,20,537
2017–18,Departure,Manchester City,86173,Manuel Agudo Durán,Midfielder,Manchester City,,Left the Premier League,19,777
2017–18,Departure,Manchester City,20658,Pablo Zabaleta,Defender,Manchester City,West Ham United,Sold to another Premier League club,20,1065
2017–18,Departure,Manchester City,28554,Samir Nasri,Midfielder,Manchester City,,Left the Premier League for a time,1,16
2017–18,Departure,Manchester City,20310,Willy Caballero,Goalkeeper,Manchester City,Chelsea,Sold to another Premier League club,17,1452
2017–18,Signing,Manchester City,146941,Aymeric Laporte,Defender,,Manchester City,Signing from outside the Premier League,9,806
2017–18,Signing,Manchester City,102826,Benjamin Mendy,Defender,,Manchester City,Signing from outside the Premier League,7,360
2017–18,Signing,Manchester City,165809,Bernardo Mota Veiga de Carvalho e Silva,Midfielder,,Manchester City,Signing from outside the Premier League,35,1514
2017–18,Signing,Manchester City,216183,Brahim Diaz,Midfielder,,Manchester City,Signing from outside the Premier League,5,50
2017–18,Signing,Manchester City,100180,Danilo Luiz da Silva,Defender,,Manchester City,Signing from outside the Premier League,23,1340
2017–18,Signing,Manchester City,121160,Ederson Santana de Moraes,Goalkeeper,,Manchester City,Signing from outside the Premier League,36,3195
2017–18,Signing,Manchester City,57112,Eliaquim Mangala,Defender,,Manchester City,Signing from outside the Premier League,9,483
2017–18,Signing,Manchester City,58621,Kyle Walker,Defender,Tottenham Hotspur,Manchester City,Signing from another Premier League club,32,2784
2017–18,Signing,Manchester City,174594,Lukas Nmecha,Forward,,Manchester City,Signing from outside the Premier League,2,14
2017–18,Signing,Manchester City,206325,Oleksandr Zinchenko,Defender,,Manchester City,Signing from outside the Premier League,8,530
2017–18,Signing,Manchester City,209244,Phil Foden,Midfielder,,Manchester City,Signing from outside the Premier League,5,45
2017–18,Departure,Manchester United,209041,Angel Gomes,Midfielder,Manchester United,,Left the Premier League for a time,1,3
2017–18,Departure,Manchester United,171277,Demetri Mitchell,Defender,Manchester United,,Left the Premier League,1,90
2017–18,Departure,Manchester United,57249,Henrikh Mkhitaryan,Midfielder,Manchester United,Arsenal,Mid-season move,15,920
2017–18,Departure,Manchester United,168196,Joel Dinis Castro Pereira,Goalkeeper,Manchester United,,Left the Premier League,1,90
2017–18,Departure,Manchester United,156690,Joshua Harrop,Midfielder,Manchester United,,Left the Premier League,1,90
2017–18,Departure,Manchester United,106824,Memphis Depay,Midfielder,Manchester United,,Left the Premier League,4,24
2017–18,Departure,Manchester United,201084,Timothy Fosu-Mensah,Defender,Manchester United,Crystal Palace,Sold to another Premier League club,4,97
2017–18,Departure,Manchester United,13017,Wayne Rooney,Forward,Manchester United,Everton,Sold to another Premier League club,25,1540
2017–18,Signing,Manchester United,37265,Alexis Sánchez,Midfielder,Arsenal,Manchester United,Mid-season move,12,1045
2017–18,Signing,Manchester United,62398,Nemanja Matic,Midfielder,Chelsea,Manchester United,Signing from another Premier League club,36,3117
2017–18,Signing,Manchester United,66749,Romelu Lukaku,Forward,Everton,Manchester United,Signing from another Premier League club,34,2866
2017–18,Signing,Manchester United,184667,Victor Lindelöf,Defender,,Manchester United,Signing from outside the Premier League,17,1284
2017–18,Departure,Middlesbrough,59044,Adam Clayton,Midfielder,Middlesbrough,,Left the Premier League,34,2804
2017–18,Departure,Middlesbrough,80179,Adam Forshaw,Midfielder,Middlesbrough,,Left the Premier League for a time,34,2695
2017–18,Departure,Middlesbrough,159533,Adama Traoré Diarra,Midfielder,Middlesbrough,,Left the Premier League for a time,27,1543
2017–18,Departure,Middlesbrough,44302,Adlène Guédioura,Midfielder,Middlesbrough,,Left the Premier League,5,140
2017–18,Departure,Middlesbrough,49773,Albert Adomah,Midfielder,Middlesbrough,,Left the Premier League,2,122
2017–18,Departure,Middlesbrough,20399,Antonio Barragán,Defender,Middlesbrough,,Left the Premier League,26,2193
2017–18,Departure,Middlesbrough,83312,Ben Gibson,Defender,Middlesbrough,,Left the Premier League for a time,38,3420
2017–18,Departure,Middlesbrough,55317,Bernardo Espinosa Zúñiga,Defender,Middlesbrough,,Left the Premier League,11,975
2017–18,Departure,Middlesbrough,41705,Bradley Guzan,Goalkeeper,Middlesbrough,,Left the Premier League,10,900
2017–18,Departure,Middlesbrough,101184,Calum Chambers,Defender,Middlesbrough,Arsenal,Sold to another Premier League club,24,2160
2017–18,Departure,Middlesbrough,49464,Cristhian Stuani,Forward,Middlesbrough,,Left the Premier League,23,1355
2017–18,Departure,Middlesbrough,75880,Daniel Ayala,Defender,Middlesbrough,,Left the Premier League,14,918
2017–18,Departure,Middlesbrough,12744,David Nugent,Forward,Middlesbrough,,Left the Premier League,4,43
2017–18,Departure,Middlesbrough,48771,Emilio Nsue Lopez,Defender,Middlesbrough,,Left the Premier League,4,320
2017–18,Departure,Middlesbrough,54771,Fabio Pereira da Silva,Defender,Middlesbrough,,Left the Premier League,24,1847
2017–18,Departure,Middlesbrough,78091,Gastón Ramírez,Midfielder,Middlesbrough,,Left the Premier League,24,1539
2017–18,Departure,Middlesbrough,40202,George Friend,Defender,Middlesbrough,,Left the Premier League,24,1964
2017–18,Departure,Middlesbrough,10460,Grant Leadbitter,Midfielder,Middlesbrough,,Left the Premier League,13,710
2017–18,Departure,Middlesbrough,90263,James Husband,Defender,Middlesbrough,,Left the Premier League,1,58
2017–18,Departure,Middlesbrough,20047,Jordan Rhodes,Forward,Middlesbrough,,Left the Premier League,6,211
2017–18,Departure,Middlesbrough,82428,Marten de Roon,Midfielder,Middlesbrough,,Left the Premier League,33,2773
2017–18,Departure,Middlesbrough,106617,Patrick Bamford,Forward,Middlesbrough,,Left the Premier League for a time,8,287
2017–18,Departure,Middlesbrough,49207,Rudy Gestede,Forward,Middlesbrough,,Left the Premier League,16,533
2017–18,Departure,Middlesbrough,12002,Stewart Downing,Midfielder,Middlesbrough,,Left the Premier League,30,2214
2017–18,Departure,Middlesbrough,123125,Viktor Fischer,Midfielder,Middlesbrough,,Left the Premier League,13,438
2017–18,Departure,Middlesbrough,12496,Víctor Valdés,Goalkeeper,Middlesbrough,,Left the Premier League,28,2520
2017–18,Departure,Middlesbrough,42892,Álvaro Negredo,Forward,Middlesbrough,,Left the Premier League,36,2872
2017–18,Signing,Newcastle United,128389,Aleksandar Mitrović,Forward,,Newcastle United,Signing from outside the Premier League,6,89
2017–18,Signing,Newcastle United,168580,Ayoze Pérez,Midfielder,,Newcastle United,Signing from outside the Premier League,36,2486
2017–18,Signing,Newcastle United,149736,Chancel Mbemba,Defender,,Newcastle United,Signing from outside the Premier League,9,670
2017–18,Signing,Newcastle United,104953,Christian Atsu,Midfielder,,Newcastle United,Signing from outside the Premier League,28,1776
2017–18,Signing,Newcastle United,58845,Ciaran Clark,Defender,,Newcastle United,Signing from outside the Premier League,20,1745
2017–18,Signing,Newcastle United,151119,DeAndre Yedlin,Defender,,Newcastle United,Signing from outside the Premier League,34,2842
2017–18,Signing,Newcastle United,104547,Dwight Gayle,Forward,,Newcastle United,Signing from outside the Premier League,35,1946
2017–18,Signing,Newcastle United,77359,Florian Lejeune,Defender,,Newcastle United,Signing from outside the Premier League,24,2103
2017–18,Signing,Newcastle United,43521,Henri Saivet,Midfielder,,Newcastle United,Signing from outside the Premier League,1,83
2017–18,Signing,Newcastle United,153127,Isaac Hayden,Midfielder,,Newcastle United,Signing from outside the Premier League,26,1365
2017–18,Signing,Newcastle United,149828,Islam Slimani,Forward,Leicester City,Newcastle United,Mid-season move,4,129
2017–18,Signing,Newcastle United,114243,Jacob Murphy,Midfielder,,Newcastle United,Signing from outside the Premier League,25,1137
2017–18,Signing,Newcastle United,101148,Jamaal Lascelles,Defender,,Newcastle United,Signing from outside the Premier League,33,2927
2017–18,Signing,Newcastle United,109528,Javier Manquillo Gaitán,Defender,Sunderland,Newcastle United,Signing from another Premier League club,21,1757
2017–18,Signing,Newcastle United,27462,Jesús Gámez Duarte,Defender,,Newcastle United,Signing from outside the Premier League,2,97
2017–18,Signing,Newcastle United,50232,Jonjo Shelvey,Midfielder,,Newcastle United,Signing from outside the Premier League,30,2264
2017–18,Signing,Newcastle United,61316,Jose Luis Mato Sanmartín,Forward,,Newcastle United,Signing from outside the Premier League,30,1703
2017–18,Signing,Newcastle United,59735,Karl Darlow,Goalkeeper,,Newcastle United,Signing from outside the Premier League,10,900
2017–18,Signing,Newcastle United,67089,Martin Dúbravka,Goalkeeper,,Newcastle United,Signing from outside the Premier League,12,1080
2017–18,Signing,Newcastle United,92170,Massadio Haidara,Defender,,Newcastle United,Signing from outside the Premier League,1,3
2017–18,Signing,Newcastle United,56983,Matt Ritchie,Midfielder,,Newcastle United,Signing from outside the Premier League,35,2802
2017–18,Signing,Newcastle United,195384,Mikel Merino Zazón,Midfielder,,Newcastle United,Signing from outside the Premier League,24,1337
2017–18,Signing,Newcastle United,28147,Mohamed Diamé,Midfielder,,Newcastle United,Signing from outside the Premier League,31,2034
2017–18,Signing,Newcastle United,106618,Paul Dummett,Defender,,Newcastle United,Signing from outside the Premier League,20,1602
2017–18,Signing,Newcastle United,19838,Robert Elliot,Goalkeeper,,Newcastle United,Signing from outside the Premier League,16,1440
2017–18,Signing,Newcastle United,167767,Robert Kenedy Nunes do Nascimento,Defender,Chelsea,Newcastle United,Signing from another Premier League club,13,1023
2017–18,Signing,Newcastle United,155513,Rolando Aarons,Midfielder,,Newcastle United,Signing from outside the Premier League,4,136
2017–18,Departure,Southampton,56192,Cuco Martina,Defender,Southampton,Everton,Sold to another Premier League club,9,592
2017–18,Departure,Southampton,153366,Harrison Reed,Midfielder,Southampton,,Left the Premier League for a time,3,64
2017–18,Departure,Southampton,44683,Jay Rodriguez,Forward,Southampton,West Bromwich Albion,Sold to another Premier League club,24,893
2017–18,Departure,Southampton,85654,Jordy Clasie,Midfielder,Southampton,,Left the Premier League,16,1022
2017–18,Departure,Southampton,43693,Martín Cáceres,Defender,Southampton,,Left the Premier League,1,90
2017–18,Departure,Southampton,97032,Virgil van Dijk,Defender,Southampton,Liverpool,Mid-season move,12,993
2017–18,Signing,Southampton,58376,Alex McCarthy,Goalkeeper,,Southampton,Signing from outside the Premier League,18,1620
2017–18,Signing,Southampton,98914,Guido Carrillo,Forward,,Southampton,Signing from outside the Premier League,7,449
2017–18,Signing,Southampton,171771,Jan Bednarek,Defender,,Southampton,Signing from outside the Premier League,5,427
2017–18,Signing,Southampton,151086,Mario Lemina,Midfielder,,Southampton,Signing from outside the Premier League,25,1715
2017–18,Signing,Southampton,220598,Michael Obafemi,Forward,,Southampton,Signing from outside the Premier League,1,8
2017–18,Signing,Southampton,167075,Wesley Hoedt,Defender,,Southampton,Signing from outside the Premier League,28,2520
2017–18,Departure,Stoke City,102738,Giannelli Imbula,Midfielder,Stoke City,,Left the Premier League,12,796
2017–18,Departure,Stoke City,12150,Glenn Whelan,Midfielder,Stoke City,,Left the Premier League,30,2276
2017–18,Departure,Stoke City,12813,Jonathan Walters,Midfielder,Stoke City,Burnley,Sold to another Premier League club,23,1304
2017–18,Departure,Stoke City,61595,Marc Muniesa,Defender,Stoke City,,Left the Premier League,10,650
2017–18,Departure,Stoke City,41464,Marko Arnautovic,Forward,Stoke City,West Ham United,Sold to another Premier League club,32,2713
2017–18,Departure,Stoke City,17997,Phil Bardsley,Defender,Stoke City,Burnley,Sold to another Premier League club,15,1168
2017–18,Departure,Stoke City,69960,Philipp Wollscheid,Defender,Stoke City,,Left the Premier League,2,180
2017–18,Departure,Stoke City,1822,Shay Given,Goalkeeper,Stoke City,,Left the Premier League,5,450
2017–18,Departure,Stoke City,57001,Wilfried Bony,Forward,Stoke City,Swansea City,Sold to another Premier League club,10,684
2017–18,Signing,Stoke City,14295,Darren Fletcher,Midfielder,West Bromwich Albion,Stoke City,Signing from another Premier League club,27,2217
2017–18,Signing,Stoke City,42564,Eric Maxim Choupo-Moting,Midfielder,,Stoke City,Signing from outside the Premier League,30,2241
2017–18,Signing,Stoke City,93127,Jesé Rodríguez Ruiz,Midfielder,,Stoke City,Signing from outside the Premier League,13,609
2017–18,Signing,Stoke City,221267,Josh Tymon,Defender,Hull City,Stoke City,Signing from another Premier League club,3,162
2017–18,Signing,Stoke City,97485,Kevin Wimmer,Defender,Tottenham Hotspur,Stoke City,Signing from another Premier League club,17,1321
2017–18,Signing,Stoke City,93001,Konstantinos Stafylidis,Defender,,Stoke City,Signing from outside the Premier League,5,334
2017–18,Signing,Stoke City,103192,Kurt Zouma,Defender,Chelsea,Stoke City,Signing from another Premier League club,34,2887
2017–18,Signing,Stoke City,226029,Lasse Sorenson,Midfielder,,Stoke City,Signing from outside the Premier League,1,75
2017–18,Signing,Stoke City,102366,Moritz Bauer,Defender,,Stoke City,Signing from outside the Premier League,15,1307
2017–18,Signing,Stoke City,163463,Papa Alioune Ndiaye,Midfielder,,Stoke City,Signing from outside the Premier League,13,1138
2017–18,Signing,Stoke City,20481,Stephen Ireland,Midfielder,,Stoke City,Signing from outside the Premier League,4,128
2017–18,Signing,Stoke City,209212,Thomas Edwards,Defender,,Stoke City,Signing from outside the Premier League,6,481
2017–18,Signing,Stoke City,200884,Tyrese Campbell,Forward,,Stoke City,Signing from outside the Premier League,4,75
2017–18,Departure,Sunderland,154976,Adnan Januzaj,Midfielder,Sunderland,,Left the Premier League,25,1628
2017–18,Departure,Sunderland,11467,Billy Jones,Defender,Sunderland,,Left the Premier League,27,2270
2017–18,Departure,Sunderland,77762,Bryan Oviedo,Midfielder,Sunderland,,Left the Premier League,10,848
2017–18,Departure,Sunderland,27707,Darron Gibson,Midfielder,Sunderland,,Left the Premier League,12,640
2017–18,Departure,Sunderland,144660,Didier Ndong,Midfielder,Sunderland,,Left the Premier League,31,2520
2017–18,Departure,Sunderland,160816,Donald Love,Defender,Sunderland,,Left the Premier League,12,611
2017–18,Departure,Sunderland,115854,Duncan Watmore,Midfielder,Sunderland,,Left the Premier League,14,1025
2017–18,Departure,Sunderland,77454,Fabio Borini,Forward,Sunderland,,Left the Premier League,24,1742
2017–18,Departure,Sunderland,114000,George Honeyman,Midfielder,Sunderland,,Left the Premier League,5,235
2017–18,Departure,Sunderland,49384,Jack Rodwell,Midfielder,Sunderland,,Left the Premier League for a time,20,1492
2017–18,Departure,Sunderland,57736,Jan Kirchhoff,Midfielder,Sunderland,,Left the Premier League,7,433
2017–18,Departure,Sunderland,160729,Jason Denayer,Defender,Sunderland,,Left the Premier League,24,1878
2017–18,Departure,Sunderland,109528,Javier Manquillo Gaitán,Defender,Sunderland,Newcastle United,Sold to another Premier League club,20,1430
2017–18,Departure,Sunderland,39187,Jeremain Lens,Midfielder,Sunderland,,Left the Premier League,2,69
2017–18,Departure,Sunderland,7958,Jermain Defoe,Forward,Sunderland,AFC Bournemouth,Sold to another Premier League club,37,3322
2017–18,Departure,Sunderland,219727,Joel Asoro,Midfielder,Sunderland,,Left the Premier League,1,10
2017–18,Departure,Sunderland,3736,John O'Shea,Defender,Sunderland,,Left the Premier League,28,2158
2017–18,Departure,Sunderland,7551,Joleon Lescott,Defender,Sunderland,,Left the Premier League,2,124
2017–18,Departure,Sunderland,111234,Jordan Pickford,Goalkeeper,Sunderland,Everton,Sold to another Premier League club,29,2610
2017–18,Departure,Sunderland,45076,Lamine Koné,Defender,Sunderland,,Left the Premier League,30,2545
2017–18,Departure,Sunderland,28448,Lee Cattermole,Midfielder,Sunderland,,Left the Premier League,8,633
2017–18,Departure,Sunderland,149016,Lynden Gooch,Midfielder,Sunderland,,Left the Premier League,11,366
2017–18,Departure,Sunderland,80935,Papy Djilobodji,Defender,Sunderland,,Left the Premier League,18,1577
2017–18,Departure,Sunderland,160817,Patrick McNair,Defender,Sunderland,,Left the Premier League,9,353
2017–18,Departure,Sunderland,19057,Sebastian Larsson,Midfielder,Sunderland,,Left the Premier League,21,1468
2017–18,Departure,Sunderland,7525,Steven Pienaar,Midfielder,Sunderland,,Left the Premier League,15,802
2017–18,Departure,Sunderland,28593,Victor Anichebe,Forward,Sunderland,,Left the Premier League,18,1219
2017–18,Departure,Sunderland,20487,Vito Mannone,Goalkeeper,Sunderland,,Left the Premier League,9,810
2017–18,Departure,Sunderland,60165,Wahbi Khazri,Midfielder,Sunderland,,Left the Premier League,21,849
2017–18,Departure,Swansea City,83091,Borja González Tomás,Forward,Swansea City,,Left the Premier League for a time,18,561
2017–18,Departure,Swansea City,19760,Fernando Llorente,Forward,Swansea City,Tottenham Hotspur,Sold to another Premier League club,33,2442
2017–18,Departure,Swansea City,55422,Gylfi Sigurdsson,Midfielder,Swansea City,Everton,Sold to another Premier League club,38,3327
2017–18,Departure,Swansea City,40145,Jack Cork,Midfielder,Swansea City,Burnley,Sold to another Premier League club,30,2232
2017–18,Departure,Swansea City,49195,Jefferson Montero,Midfielder,Swansea City,,Left the Premier League,13,380
2017–18,Departure,Swansea City,80789,Jordi Amat,Defender,Swansea City,,Left the Premier League,17,1409
2017–18,Departure,Swansea City,61760,Kristoffer Nordfeldt,Goalkeeper,Swansea City,,Left the Premier League,1,90
2017–18,Departure,Swansea City,111787,Modou Barrow,Forward,Swansea City,,Left the Premier League,18,1145
2017–18,Departure,Swansea City,47390,Neil Taylor,Defender,Swansea City,,Left the Premier League for a time,11,920
2017–18,Departure,Swansea City,96306,Stephen Kingsley,Defender,Swansea City,,Left the Premier League,13,1036
2017–18,Signing,Swansea City,45124,André Ayew,Midfielder,West Ham United,Swansea City,Mid-season move,12,948
2017–18,Signing,Swansea City,13152,Andy King,Midfielder,Leicester City,Swansea City,Mid-season move,11,714
2017–18,Signing,Swansea City,192290,Connor Roberts,Defender,,Swansea City,Signing from outside the Premier League,4,267
2017–18,Signing,Swansea City,59940,Kyle Bartley,Defender,,Swansea City,Signing from outside the Premier League,5,233
2017–18,Signing,Swansea City,171319,Renato Sanches,Midfielder,,Swansea City,Signing from outside the Premier League,12,699
2017–18,Signing,Swansea City,106899,Roque Mesa,Midfielder,,Swansea City,Signing from outside the Premier League,11,753
2017–18,Signing,Swansea City,74033,Sam Clucas,Midfielder,Hull City,Swansea City,Signing from another Premier League club,29,2039
2017–18,Signing,Swansea City,173879,Tammy Abraham,Forward,,Swansea City,Signing from outside the Premier League,31,1715
2017–18,Signing,Swansea City,57001,Wilfried Bony,Forward,Stoke City,Swansea City,Signing from another Premier League club,15,701
2017–18,Departure,Tottenham Hotspur,157665,Filip Lesniak,Midfielder,Tottenham Hotspur,,Left the Premier League,1,5
2017–18,Departure,Tottenham Hotspur,168566,Georges-Kévin Nkoudou,Midfielder,Tottenham Hotspur,Burnley,Mid-season move,1,1
2017–18,Departure,Tottenham Hotspur,168765,Josh Onomah,Midfielder,Tottenham Hotspur,,Left the Premier League for a time,5,22
2017–18,Departure,Tottenham Hotspur,97485,Kevin Wimmer,Defender,Tottenham Hotspur,Stoke City,Sold to another Premier League club,5,357
2017–18,Departure,Tottenham Hotspur,58621,Kyle Walker,Defender,Tottenham Hotspur,Manchester City,Sold to another Premier League club,33,2701
2017–18,Signing,Tottenham Hotspur,173904,Davinson Sánchez,Defender,,Tottenham Hotspur,Signing from outside the Premier League,31,2532
2017–18,Signing,Tottenham Hotspur,19760,Fernando Llorente,Forward,Swansea City,Tottenham Hotspur,Signing from another Premier League club,16,224
2017–18,Signing,Tottenham Hotspur,158534,Kyle Walker-Peters,Defender,,Tottenham Hotspur,Signing from outside the Premier League,3,188
2017–18,Signing,Tottenham Hotspur,95715,Lucas Rodrigues Moura da Silva,Midfielder,,Tottenham Hotspur,Signing from outside the Premier League,6,206
2017–18,Signing,Tottenham Hotspur,102884,Paulo Gazzaniga,Goalkeeper,,Tottenham Hotspur,Signing from outside the Premier League,1,90
2017–18,Signing,Tottenham Hotspur,80226,Serge Aurier,Defender,,Tottenham Hotspur,Signing from outside the Premier League,17,1427
2017–18,Departure,Watford,243531,Andrew Eleftheriou,Defender,Watford,,Left the Premier League,1,52
2017–18,Departure,Watford,231172,Brandon Mason,Defender,Watford,,Left the Premier League,2,113
2017–18,Departure,Watford,56827,Costel Pantilimon,Goalkeeper,Watford,,Left the Premier League,2,83
2017–18,Departure,Watford,243532,Dion Pereira,Midfielder,Watford,,Left the Premier League,2,25
2017–18,Departure,Watford,19342,Ikechi Anya,Midfielder,Watford,,Left the Premier League,1,10
2017–18,Departure,Watford,173514,Isaac Success Ajayi,Forward,Watford,,Left the Premier League for a time,19,519
2017–18,Departure,Watford,42738,Juan Zuñiga,Defender,Watford,,Left the Premier League,21,823
2017–18,Departure,Watford,96764,M'Baye Niang,Forward,Watford,,Left the Premier League,16,1246
2017–18,Departure,Watford,81183,Matej Vydra,Forward,Watford,,Left the Premier League for a time,1,3
2017–18,Departure,Watford,49696,Mauro Zárate,Forward,Watford,,Left the Premier League,3,204
2017–18,Departure,Watford,204760,Michael Folivi,Forward,Watford,,Left the Premier League,1,10
2017–18,Departure,Watford,58498,Odion Ighalo,Forward,Watford,,Left the Premier League for a time,18,1291
2017–18,Departure,Watford,21123,Valon Behrami,Midfielder,Watford,,Left the Premier League,27,2030
2017–18,Signing,Watford,73426,Andre Gray,Forward,Burnley,Watford,Signing from another Premier League club,31,1486
2017–18,Signing,Watford,100412,André Carrillo,Midfielder,,Watford,Signing from outside the Premier League,28,1529
2017–18,Signing,Watford,219002,Dodi Lukebakio,Midfielder,,Watford,Signing from outside the Premier League,1,15
2017–18,Signing,Watford,54484,Francisco Femenía Far,Defender,,Watford,Signing from outside the Premier League,23,1709
2017–18,Signing,Watford,94924,Gerard Deulofeu,Forward,Everton,Watford,Signing from another Premier League club,7,433
2017–18,Signing,Watford,66247,Marvin Zeegelaar,Defender,,Watford,Signing from outside the Premier League,12,993
2017–18,Signing,Watford,103127,Molla Wagué,Defender,,Watford,Signing from outside the Premier League,6,438
2017–18,Signing,Watford,89085,Nathaniel Chalobah,Midfielder,Chelsea,Watford,Signing from another Premier League club,6,447
2017–18,Signing,Watford,48332,Orestis Karnezis,Goalkeeper,,Watford,Signing from outside the Premier League,15,1291
2017–18,Signing,Watford,212319,Richarlison de Andrade,Forward,,Watford,Signing from outside the Premier League,38,2817
2017–18,Signing,Watford,108413,Will Hughes,Midfielder,,Watford,Signing from outside the Premier League,15,987
2017–18,Departure,West Bromwich Albion,108824,Brendan Galloway,Defender,West Bromwich Albion,,Left the Premier League,3,247
2017–18,Departure,West Bromwich Albion,28468,Craig Gardner,Midfielder,West Bromwich Albion,,Left the Premier League,9,218
2017–18,Departure,West Bromwich Albion,14295,Darren Fletcher,Midfielder,West Bromwich Albion,Stoke City,Sold to another Premier League club,38,3231
2017–18,Departure,West Bromwich Albion,39253,Jonas Olsson,Defender,West Bromwich Albion,,Left the Premier League,7,590
2017–18,Departure,West Bromwich Albion,173809,Jonathan Leko,Midfielder,West Bromwich Albion,,Left the Premier League,9,118
2017–18,Departure,West Bromwich Albion,32318,Marc Wilson,Defender,West Bromwich Albion,,Left the Premier League,4,255
2017–18,Departure,West Bromwich Albion,11037,Rickie Lambert,Forward,West Bromwich Albion,,Left the Premier League,1,13
2017–18,Signing,West Bromwich Albion,77777,Ahmed El-Sayed Hegazy,Defender,,West Bromwich Albion,Signing from outside the Premier League,38,3386
2017–18,Signing,West Bromwich Albion,12086,Boaz Myhill,Goalkeeper,,West Bromwich Albion,Signing from outside the Premier League,1,90
2017–18,Signing,West Bromwich Albion,40755,Daniel Sturridge,Forward,Liverpool,West Bromwich Albion,Mid-season move,6,114
2017–18,Signing,West Bromwich Albion,1632,Gareth Barry,Midfielder,Everton,West Bromwich Albion,Signing from another Premier League club,25,1921
2017–18,Signing,West Bromwich Albion,73494,Grzegorz Krychowiak,Midfielder,,West Bromwich Albion,Signing from outside the Premier League,27,1634
2017–18,Signing,West Bromwich Albion,44683,Jay Rodriguez,Forward,Southampton,West Bromwich Albion,Signing from another Premier League club,37,2807
2017–18,Signing,West Bromwich Albion,42427,Kieran Gibbs,Defender,Arsenal,West Bromwich Albion,Signing from another Premier League club,33,2826
2017–18,Signing,West Bromwich Albion,197937,Oliver Burke,Midfielder,,West Bromwich Albion,Signing from outside the Premier League,15,356
2017–18,Signing,West Bromwich Albion,232427,Rekeem Harper,Midfielder,,West Bromwich Albion,Signing from outside the Premier League,1,20
2017–18,Departure,West Ham United,45124,André Ayew,Midfielder,West Ham United,Swansea City,Mid-season move,18,886
2017–18,Departure,West Ham United,176296,Ashley Fletcher,Forward,West Ham United,,Left the Premier League for a time,16,367
2017–18,Departure,West Ham United,32259,Darren Randolph,Goalkeeper,West Ham United,,Left the Premier League for a time,22,1980
2017–18,Departure,West Ham United,37901,Dimitri Payet,Midfielder,West Ham United,,Left the Premier League,18,1513
2017–18,Departure,West Ham United,59796,Gökhan Töre,Midfielder,West Ham United,,Left the Premier League,5,240
2017–18,Departure,West Ham United,43626,Håvard Nordtveit,Defender,West Ham United,,Left the Premier League for a time,16,957
2017–18,Departure,West Ham United,168287,Jonathan Calleri,Forward,West Ham United,,Left the Premier League,16,540
2017–18,Departure,West Ham United,18987,Robert Snodgrass,Midfielder,West Ham United,,Left the Premier League for a time,15,838
2017–18,Departure,West Ham United,60270,Simone Zaza,Forward,West Ham United,,Left the Premier League,8,459
2017–18,Departure,West Ham United,44336,Sofiane Feghouli,Midfielder,West Ham United,,Left the Premier League,21,1042
2017–18,Departure,West Ham United,18759,Álvaro Arbeloa,Defender,West Ham United,,Left the Premier League,3,258
2017–18,Signing,West Ham United,43020,Javier Hernández Balcázar,Forward,,West Ham United,Signing from outside the Premier League,28,1537
2017–18,Signing,West Ham United,15749,Joe Hart,Goalkeeper,,West Ham United,Signing from outside the Premier League,19,1710
2017–18,Signing,West Ham United,167522,Jordan Hugill,Forward,,West Ham United,Signing from outside the Premier League,3,22
2017–18,Signing,West Ham United,172567,Josh Cullen,Midfielder,,West Ham United,Signing from outside the Premier League,2,6
2017–18,Signing,West Ham United,109788,João Mário Naval Costa Eduardo,Midfielder,,West Ham United,Signing from outside the Premier League,13,1021
2017–18,Signing,West Ham United,41464,Marko Arnautovic,Forward,Stoke City,West Ham United,Signing from another Premier League club,31,2309
2017–18,Signing,West Ham United,20658,Pablo Zabaleta,Defender,Manchester City,West Ham United,Signing from another Premier League club,37,3289
2017–18,Signing,West Ham United,14075,Patrice Evra,Defender,,West Ham United,Signing from outside the Premier League,5,227
2017–18,Signing,West Ham United,173792,Reece Oxford,Defender,,West Ham United,Signing from outside the Premier League,1,4
2018–19,Departure,AFC Bournemouth,88498,Benik Afobe,Forward,AFC Bournemouth,,Left the Premier League,17,534
2018–19,Departure,AFC Bournemouth,48615,Harry Arter,Midfielder,AFC Bournemouth,Cardiff City,Sold to another Premier League club,13,959
2018–19,Departure,AFC Bournemouth,20037,Marc Pugh,Midfielder,AFC Bournemouth,,Left the Premier League,20,974
2018–19,Signing,AFC Bournemouth,18726,Artur Boruc,Goalkeeper,AFC Bournemouth,AFC Bournemouth,Returned to the Premier League,12,1080
2018–19,Signing,AFC Bournemouth,223911,Chris Mepham,Defender,,AFC Bournemouth,Signing from outside the Premier League,13,848
2018–19,Signing,AFC Bournemouth,111317,David Brooks,Midfielder,,AFC Bournemouth,Signing from outside the Premier League,30,2263
2018–19,Signing,AFC Bournemouth,171129,Diego Rico,Defender,,AFC Bournemouth,Signing from outside the Premier League,12,606
2018–19,Signing,AFC Bournemouth,154566,Dominic Solanke-Mitchell,Forward,Liverpool,AFC Bournemouth,Signing from another Premier League club,10,340
2018–19,Signing,AFC Bournemouth,152551,Jefferson Lerma Solís,Midfielder,,AFC Bournemouth,Signing from outside the Premier League,30,2505
2018–19,Signing,AFC Bournemouth,229600,Mark Travers,Goalkeeper,,AFC Bournemouth,Signing from outside the Premier League,2,180
2018–19,Signing,AFC Bournemouth,57328,Nathaniel Clyne,Defender,Liverpool,AFC Bournemouth,Mid-season move,14,1142
2018–19,Signing,AFC Bournemouth,217331,Sam Surridge,Forward,,AFC Bournemouth,Signing from outside the Premier League,2,11
2018–19,Departure,Arsenal,101184,Calum Chambers,Defender,Arsenal,Fulham,Sold to another Premier League club,12,864
2018–19,Departure,Arsenal,48844,David Ospina,Goalkeeper,Arsenal,,Left the Premier League,5,380
2018–19,Departure,Arsenal,56864,Francis Coquelin,Midfielder,Arsenal,,Left the Premier League,7,164
2018–19,Departure,Arsenal,54102,Jack Wilshere,Midfielder,Arsenal,West Ham United,Sold to another Premier League club,20,1185
2018–19,Departure,Arsenal,17127,Per Mertesacker,Defender,Arsenal,,Left the Premier League,6,364
2018–19,Departure,Arsenal,200641,Reiss Nelson,Midfielder,Arsenal,,Left the Premier League for a time,3,144
2018–19,Signing,Arsenal,80201,Bernd Leno,Goalkeeper,,Arsenal,Signing from outside the Premier League,32,2832
2018–19,Signing,Arsenal,223340,Bukayo Saka,Midfielder,,Arsenal,Signing from outside the Premier League,1,7
2018–19,Signing,Arsenal,80254,Carl Jenkinson,Defender,Arsenal,Arsenal,Returned to the Premier League,3,165
2018–19,Signing,Arsenal,89572,Denis Suárez,Midfielder,,Arsenal,Signing from outside the Premier League,4,67
2018–19,Signing,Arsenal,198849,Lucas Torreira,Midfielder,,Arsenal,Signing from outside the Premier League,34,2377
2018–19,Signing,Arsenal,242166,Matteo Guendouzi,Midfielder,,Arsenal,Signing from outside the Premier League,33,2140
2018–19,Signing,Arsenal,39476,Sokratis Papastathopoulos,Defender,,Arsenal,Signing from outside the Premier League,25,2198
2018–19,Signing,Arsenal,27335,Stephan Lichtsteiner,Defender,,Arsenal,Signing from outside the Premier League,14,935
2018–19,Departure,Brighton & Hove Albion,85128,Connor Goldson,Defender,Brighton & Hove Albion,,Left the Premier League,3,199
2018–19,Departure,Brighton & Hove Albion,74375,Ezequiel Schelotto,Defender,Brighton & Hove Albion,,Left the Premier League for a time,20,1313
2018–19,Departure,Brighton & Hove Albion,112516,Isaiah Brown,Midfielder,Brighton & Hove Albion,,Left the Premier League,13,302
2018–19,Departure,Brighton & Hove Albion,2513,Jamie Murphy,Midfielder,Brighton & Hove Albion,,Left the Premier League,4,166
2018–19,Departure,Brighton & Hove Albion,54316,Leonardo Ulloa,Forward,Brighton & Hove Albion,,Left the Premier League,10,260
2018–19,Departure,Brighton & Hove Albion,15137,Liam Rosenior,Defender,Brighton & Hove Albion,,Left the Premier League,3,163
2018–19,Departure,Brighton & Hove Albion,43808,Markus Suttner,Defender,Brighton & Hove Albion,,Left the Premier League,14,1178
2018–19,Departure,Brighton & Hove Albion,28462,Sam Baldock,Forward,Brighton & Hove Albion,,Left the Premier League,2,30
2018–19,Departure,Brighton & Hove Albion,38499,Tomer Hemed,Forward,Brighton & Hove Albion,,Left the Premier League,16,842
2018–19,Departure,Brighton & Hove Albion,19071,Uwe Hünemeier,Defender,Brighton & Hove Albion,,Left the Premier League,1,17
2018–19,Signing,Brighton & Hove Albion,165210,Alireza Jahanbakhsh,Midfielder,,Brighton & Hove Albion,Signing from outside the Premier League,19,1014
2018–19,Signing,Brighton & Hove Albion,209362,Bernardo Fernandes da Silva Junior,Defender,,Brighton & Hove Albion,Signing from outside the Premier League,22,1749
2018–19,Signing,Brighton & Hove Albion,50093,David Button,Goalkeeper,,Brighton & Hove Albion,Signing from outside the Premier League,4,360
2018–19,Signing,Brighton & Hove Albion,93284,Florin Andone,Forward,,Brighton & Hove Albion,Signing from outside the Premier League,23,866
2018–19,Signing,Brighton & Hove Albion,52484,Leon Balogun,Defender,,Brighton & Hove Albion,Signing from outside the Premier League,8,591
2018–19,Signing,Brighton & Hove Albion,86153,Martín Montoya,Defender,,Brighton & Hove Albion,Signing from outside the Premier League,25,2166
2018–19,Signing,Brighton & Hove Albion,227127,Yves Bissouma,Midfielder,,Brighton & Hove Albion,Signing from outside the Premier League,28,1764
2018–19,Departure,Burnley,168566,Georges-Kévin Nkoudou,Midfielder,Burnley,Tottenham Hotspur,Sold to another Premier League club,8,222
2018–19,Departure,Burnley,12813,Jonathan Walters,Midfielder,Burnley,,Left the Premier League,3,36
2018–19,Departure,Burnley,92383,Nahki Wells,Forward,Burnley,,Left the Premier League,9,46
2018–19,Departure,Burnley,98747,Nick Pope,Goalkeeper,Burnley,,Left the Premier League for a time,35,3114
2018–19,Departure,Burnley,39158,Scott Arfield,Midfielder,Burnley,,Left the Premier League,18,1330
2018–19,Signing,Burnley,83312,Ben Gibson,Defender,Middlesbrough,Burnley,Returned to the Premier League,1,62
2018–19,Signing,Burnley,15749,Joe Hart,Goalkeeper,West Ham United,Burnley,Signing from another Premier League club,19,1710
2018–19,Signing,Burnley,81183,Matej Vydra,Forward,Watford,Burnley,Returned to the Premier League,13,310
2018–19,Signing,Burnley,3773,Peter Crouch,Forward,Stoke City,Burnley,Signing from another Premier League club,6,86
2018–19,Signing,Cardiff City,49845,Aron Gunnarsson,Midfielder,,Cardiff City,Signing from outside the Premier League,28,2266
2018–19,Signing,Cardiff City,73459,Ashley Darel Jazz Richards,Defender,,Cardiff City,Signing from outside the Premier League,4,129
2018–19,Signing,Cardiff City,96994,Bobby De Cordova-Reid,Midfielder,,Cardiff City,Signing from outside the Premier League,27,1413
2018–19,Signing,Cardiff City,49382,Bruno Ecuele Manga,Defender,,Cardiff City,Signing from outside the Premier League,38,3375
2018–19,Signing,Cardiff City,122797,Callum Paterson,Midfielder,,Cardiff City,Signing from outside the Premier League,27,1993
2018–19,Signing,Cardiff City,75826,Danny Ward,Midfielder,,Cardiff City,Signing from outside the Premier League,14,435
2018–19,Signing,Cardiff City,49806,David Junior Hoilett,Midfielder,,Cardiff City,Signing from outside the Premier League,32,2134
2018–19,Signing,Cardiff City,45196,Gary Madine,Forward,,Cardiff City,Signing from outside the Premier League,5,32
2018–19,Signing,Cardiff City,80792,Greg Cunninghamm,Defender,,Cardiff City,Signing from outside the Premier League,7,630
2018–19,Signing,Cardiff City,48615,Harry Arter,Midfielder,AFC Bournemouth,Cardiff City,Signing from another Premier League club,25,1999
2018–19,Signing,Cardiff City,56981,Joe Bennett,Defender,,Cardiff City,Signing from outside the Premier League,30,2639
2018–19,Signing,Cardiff City,104073,Joe Ralls,Midfielder,,Cardiff City,Signing from outside the Premier League,28,1954
2018–19,Signing,Cardiff City,114245,Josh Murphy,Midfielder,,Cardiff City,Signing from outside the Premier League,29,1810
2018–19,Signing,Cardiff City,78911,Kadeem Harris,Midfielder,,Cardiff City,Signing from outside the Premier League,13,365
2018–19,Signing,Cardiff City,82078,Kenneth Zohore,Forward,,Cardiff City,Signing from outside the Premier League,19,741
2018–19,Signing,Cardiff City,74297,Leandro Bacuna,Defender,,Cardiff City,Signing from outside the Premier League,11,554
2018–19,Signing,Cardiff City,38716,Lee Peltier,Defender,,Cardiff City,Signing from outside the Premier League,20,1542
2018–19,Signing,Cardiff City,54527,Loïc Damour,Midfielder,,Cardiff City,Signing from outside the Premier League,2,21
2018–19,Signing,Cardiff City,76360,Nathaniel Mendez-Laing,Midfielder,,Cardiff City,Signing from outside the Premier League,20,978
2018–19,Signing,Cardiff City,88734,Neil Etheridge,Goalkeeper,,Cardiff City,Signing from outside the Premier League,38,3420
2018–19,Signing,Cardiff City,113688,Oumar Niasse,Forward,Everton,Cardiff City,Mid-season move,13,930
2018–19,Signing,Cardiff City,131403,Rhys Healey,Forward,,Cardiff City,Signing from outside the Premier League,3,49
2018–19,Signing,Cardiff City,49982,Sean Morrison,Defender,,Cardiff City,Signing from outside the Premier League,34,3039
2018–19,Signing,Cardiff City,19523,Sol Bamba,Defender,,Cardiff City,Signing from outside the Premier League,28,2475
2018–19,Signing,Cardiff City,175946,Víctor Camarasa,Midfielder,,Cardiff City,Signing from outside the Premier League,32,2569
2018–19,Departure,Chelsea,171162,Charly Musonda,Midfielder,Chelsea,,Left the Premier League,3,35
2018–19,Departure,Chelsea,61603,Daniel Drinkwater,Midfielder,Chelsea,,Left the Premier League for a time,12,520
2018–19,Departure,Chelsea,199598,Ethan Ampadu,Midfielder,Chelsea,,Left the Premier League for a time,1,10
2018–19,Departure,Chelsea,135365,Jeremie Boga,Midfielder,Chelsea,,Left the Premier League,1,17
2018–19,Departure,Chelsea,94245,Michy Batshuayi,Forward,Chelsea,Crystal Palace,Sold to another Premier League club,12,351
2018–19,Departure,Chelsea,60772,Thibaut Courtois,Goalkeeper,Chelsea,,Left the Premier League,35,3150
2018–19,Departure,Chelsea,169102,Tiemoué Bakayoko,Midfielder,Chelsea,,Left the Premier League,29,2121
2018–19,Signing,Chelsea,40232,Gonzalo Higuaín,Forward,,Chelsea,Signing from outside the Premier League,14,1084
2018–19,Signing,Chelsea,85955,Jorge Luiz Frello Filho,Midfielder,,Chelsea,Signing from outside the Premier League,37,3156
2018–19,Signing,Chelsea,109745,Kepa Arrizabalaga Revuelta,Goalkeeper,,Chelsea,Signing from outside the Premier League,36,3240
2018–19,Signing,Chelsea,91651,Mateo Kovačić,Midfielder,,Chelsea,Signing from outside the Premier League,32,1725
2018–19,Signing,Chelsea,126187,Ruben Loftus-Cheek,Midfielder,Crystal Palace,Chelsea,Signing from another Premier League club,24,980
2018–19,Departure,Crystal Palace,75773,Chung-yong Lee,Midfielder,Crystal Palace,,Left the Premier League,7,131
2018–19,Departure,Crystal Palace,7906,Damien Delaney,Defender,Crystal Palace,,Left the Premier League,2,95
2018–19,Departure,Crystal Palace,173954,Jairo Riedewald,Midfielder,Crystal Palace,,Left the Premier League for a time,12,435
2018–19,Departure,Crystal Palace,19197,Jason Puncheon,Midfielder,Crystal Palace,Huddersfield Town,Mid-season move,5,11
2018–19,Departure,Crystal Palace,221245,Levi Lumeka,Midfielder,Crystal Palace,,Left the Premier League,1,25
2018–19,Departure,Crystal Palace,94926,Olayinka Fredrick Oladotun Ladapo,Forward,Crystal Palace,,Left the Premier League,1,16
2018–19,Departure,Crystal Palace,126187,Ruben Loftus-Cheek,Midfielder,Crystal Palace,Chelsea,Sold to another Premier League club,24,1871
2018–19,Departure,Crystal Palace,138009,Sullay Kaikai,Midfielder,Crystal Palace,,Left the Premier League,1,13
2018–19,Departure,Crystal Palace,201084,Timothy Fosu-Mensah,Defender,Crystal Palace,Fulham,Sold to another Premier League club,21,1592
2018–19,Departure,Crystal Palace,27341,Yohan Cabaye,Midfielder,Crystal Palace,,Left the Premier League,31,2374
2018–19,Signing,Crystal Palace,55037,Cheikhou Kouyaté,Midfielder,West Ham United,Crystal Palace,Signing from another Premier League club,31,1889
2018–19,Signing,Crystal Palace,59125,Connor Wickham,Forward,Crystal Palace,Crystal Palace,Returned to the Premier League,6,61
2018–19,Signing,Crystal Palace,80146,Jordan Ayew,Midfielder,Swansea City,Crystal Palace,Signing from another Premier League club,20,1176
2018–19,Signing,Crystal Palace,221275,Luke Dreher,Midfielder,,Crystal Palace,Signing from outside the Premier League,1,1
2018–19,Signing,Crystal Palace,141020,Max Meyer,Midfielder,,Crystal Palace,Signing from outside the Premier League,29,1405
2018–19,Signing,Crystal Palace,94245,Michy Batshuayi,Forward,Chelsea,Crystal Palace,Signing from another Premier League club,11,748
2018–19,Signing,Crystal Palace,40836,Vicente Guaita,Goalkeeper,,Crystal Palace,Signing from outside the Premier League,20,1754
2018–19,Departure,Everton,19159,Ashley Williams,Defender,Everton,,Left the Premier League,24,1830
2018–19,Departure,Everton,195855,Beni Baningime,Midfielder,Everton,,Left the Premier League,8,192
2018–19,Departure,Everton,56192,Cuco Martina,Defender,Everton,,Left the Premier League,21,1830
2018–19,Departure,Everton,109065,Davy Klaassen,Midfielder,Everton,,Left the Premier League,7,248
2018–19,Departure,Everton,57112,Eliaquim Mangala,Defender,Everton,,Left the Premier League,2,134
2018–19,Departure,Everton,26901,Kevin Mirallas,Midfielder,Everton,,Left the Premier League,5,135
2018–19,Departure,Everton,87447,Muhamed Bešić,Midfielder,Everton,,Left the Premier League for a time,2,46
2018–19,Departure,Everton,180151,Nikola Vlasic,Midfielder,Everton,,Left the Premier League for a time,12,572
2018–19,Departure,Everton,113688,Oumar Niasse,Forward,Everton,Cardiff City,Mid-season move,5,58
2018–19,Departure,Everton,121221,Ramiro Funes Mori,Defender,Everton,,Left the Premier League,4,119
2018–19,Departure,Everton,108438,Sandro Ramírez,Forward,Everton,,Left the Premier League,8,275
2018–19,Departure,Everton,13017,Wayne Rooney,Forward,Everton,,Left the Premier League,31,2265
2018–19,Departure,Everton,55452,Yannick Bolasie,Midfielder,Everton,,Left the Premier League,16,848
2018–19,Signing,Everton,120250,André Tavares Gomes,Midfielder,,Everton,Signing from outside the Premier League,27,1977
2018–19,Signing,Everton,100649,Bernard Anício Caldeira Duarte,Midfielder,,Everton,Signing from outside the Premier League,34,2108
2018–19,Signing,Everton,103192,Kurt Zouma,Defender,Stoke City,Everton,Signing from another Premier League club,32,2613
2018–19,Signing,Everton,101188,Lucas Digne,Defender,,Everton,Signing from outside the Premier League,35,2964
2018–19,Signing,Everton,212319,Richarlison de Andrade,Forward,Watford,Everton,Signing from another Premier League club,35,2662
2018–19,Signing,Everton,164511,Yerry Mina,Defender,,Everton,Signing from outside the Premier League,13,891
2018–19,Signing,Fulham,197030,Aboubakar Kamara,Midfielder,,Fulham,Signing from outside the Premier League,13,688
2018–19,Signing,Fulham,128389,Aleksandar Mitrović,Forward,Newcastle United,Fulham,Signing from another Premier League club,37,3280
2018–19,Signing,Fulham,149266,Alfie Mawson,Defender,Swansea City,Fulham,Signing from another Premier League club,15,1130
2018–19,Signing,Fulham,66842,André Schürrle,Midfielder,,Fulham,Signing from outside the Premier League,24,1638
2018–19,Signing,Fulham,203325,André-Frank Zambo Anguissa,Midfielder,,Fulham,Signing from outside the Premier League,22,1512
2018–19,Signing,Fulham,101184,Calum Chambers,Defender,Arsenal,Fulham,Signing from another Premier League club,31,2586
2018–19,Signing,Fulham,87107,Cyrus Christie,Defender,,Fulham,Signing from outside the Premier League,28,1941
2018–19,Signing,Fulham,72681,Denis Odoi,Defender,,Fulham,Signing from outside the Premier League,31,2593
2018–19,Signing,Fulham,40559,Fabricio Agosto Ramírez,Goalkeeper,,Fulham,Signing from outside the Premier League,2,180
2018–19,Signing,Fulham,54421,Floyd Ayité,Midfielder,,Fulham,Signing from outside the Premier League,16,466
2018–19,Signing,Fulham,444884,Harvey Elliott,Midfielder,,Fulham,Signing from outside the Premier League,2,18
2018–19,Signing,Fulham,43626,Håvard Nordtveit,Defender,West Ham United,Fulham,Returned to the Premier League,5,361
2018–19,Signing,Fulham,109999,Ibrahima Cissé,Midfielder,,Fulham,Signing from outside the Premier League,3,86
2018–19,Signing,Fulham,170271,Jean Michael Seri,Midfielder,,Fulham,Signing from outside the Premier League,32,2239
2018–19,Signing,Fulham,101105,Joe Bryan,Defender,,Fulham,Signing from outside the Premier League,28,2344
2018–19,Signing,Fulham,55038,Kevin McDonald,Midfielder,,Fulham,Signing from outside the Premier League,15,837
2018–19,Signing,Fulham,99323,Lazar Markovic,Midfielder,Hull City,Fulham,Returned to the Premier League,1,45
2018–19,Signing,Fulham,108093,Luciano Vietto,Forward,,Fulham,Signing from outside the Premier League,20,980
2018–19,Signing,Fulham,122074,Marcus Bettinelli,Goalkeeper,,Fulham,Signing from outside the Premier League,7,630
2018–19,Signing,Fulham,61739,Maxime Le Marchand,Defender,,Fulham,Signing from outside the Premier League,26,2250
2018–19,Signing,Fulham,92259,Neeskens Kebano,Midfielder,,Fulham,Signing from outside the Premier League,7,101
2018–19,Signing,Fulham,19520,Ryan Babel,Midfielder,,Fulham,Signing from outside the Premier League,16,1250
2018–19,Signing,Fulham,184349,Ryan Sessegnon,Midfielder,,Fulham,Signing from outside the Premier League,35,2291
2018–19,Signing,Fulham,94248,Sergio Rico,Goalkeeper,,Fulham,Signing from outside the Premier League,29,2610
2018–19,Signing,Fulham,61916,Stefan Johansen,Midfielder,,Fulham,Signing from outside the Premier League,12,409
2018–19,Signing,Fulham,82514,Tim Ream,Defender,,Fulham,Signing from outside the Premier League,26,2046
2018–19,Signing,Fulham,201084,Timothy Fosu-Mensah,Defender,Crystal Palace,Fulham,Signing from another Premier League club,12,791
2018–19,Signing,Fulham,76357,Tom Cairney,Midfielder,,Fulham,Signing from outside the Premier League,31,2188
2018–19,Departure,Huddersfield Town,5589,Dean Whitehead,Midfielder,Huddersfield Town,,Left the Premier League,4,68
2018–19,Departure,Huddersfield Town,168172,Joe Lolley,Midfielder,Huddersfield Town,,Left the Premier League,6,217
2018–19,Departure,Huddersfield Town,160190,Kasey Palmer,Midfielder,Huddersfield Town,,Left the Premier League,4,168
2018–19,Departure,Huddersfield Town,18006,Martin Cranie,Defender,Huddersfield Town,,Left the Premier League,3,179
2018–19,Departure,Huddersfield Town,87856,Michael Hefele,Defender,Huddersfield Town,,Left the Premier League,2,32
2018–19,Departure,Huddersfield Town,79733,Scott Malone,Defender,Huddersfield Town,,Left the Premier League,22,1110
2018–19,Departure,Huddersfield Town,86176,Tom Ince,Midfielder,Huddersfield Town,,Left the Premier League,33,2450
2018–19,Signing,Huddersfield Town,440113,Aaron Rowe,Midfielder,,Huddersfield Town,Signing from outside the Premier League,2,68
2018–19,Signing,Huddersfield Town,233497,Adama Diakhaby,Midfielder,,Huddersfield Town,Signing from outside the Premier League,12,548
2018–19,Signing,Huddersfield Town,38038,Ben Hamer,Goalkeeper,Leicester City,Huddersfield Town,Signing from another Premier League club,7,552
2018–19,Signing,Huddersfield Town,175351,Demeaco Duhaney,Defender,,Huddersfield Town,Signing from outside the Premier League,1,45
2018–19,Signing,Huddersfield Town,118884,Erik Durm,Defender,,Huddersfield Town,Signing from outside the Premier League,28,2049
2018–19,Signing,Huddersfield Town,204454,Isaac Mbenza,Midfielder,,Huddersfield Town,Signing from outside the Premier League,22,977
2018–19,Signing,Huddersfield Town,19197,Jason Puncheon,Midfielder,Crystal Palace,Huddersfield Town,Mid-season move,6,381
2018–19,Signing,Huddersfield Town,168977,Joel Coleman,Goalkeeper,,Huddersfield Town,Signing from outside the Premier League,1,90
2018–19,Signing,Huddersfield Town,192301,Jon Gorenc Stankovic,Defender,,Huddersfield Town,Signing from outside the Premier League,11,715
2018–19,Signing,Huddersfield Town,204380,Juninho Bacuna,Midfielder,,Huddersfield Town,Signing from outside the Premier League,21,1410
2018–19,Signing,Huddersfield Town,180294,Karlan Grant,Forward,,Huddersfield Town,Signing from outside the Premier League,13,873
2018–19,Signing,Huddersfield Town,450314,Matthew Daly,Midfielder,,Huddersfield Town,Signing from outside the Premier League,2,73
2018–19,Signing,Huddersfield Town,205102,Ramadan Sobhi,Midfielder,Stoke City,Huddersfield Town,Signing from another Premier League club,4,75
2018–19,Departure,Leicester City,60598,Aleksandar Dragovic,Defender,Leicester City,,Left the Premier League,11,766
2018–19,Departure,Leicester City,38038,Ben Hamer,Goalkeeper,Leicester City,Huddersfield Town,Sold to another Premier League club,4,274
2018–19,Departure,Leicester City,11974,Eldin Jakupovic,Goalkeeper,Leicester City,,Left the Premier League,2,180
2018–19,Departure,Leicester City,61604,Matty James,Midfielder,Leicester City,,Left the Premier League for a time,13,991
2018–19,Departure,Leicester City,103025,Riyad Mahrez,Midfielder,Leicester City,Manchester City,Sold to another Premier League club,36,2948
2018–19,Departure,Leicester City,41321,Yohan Benalouane,Defender,Leicester City,,Left the Premier League,1,90
2018–19,Signing,Leicester City,172780,James Maddison,Midfielder,,Leicester City,Signing from outside the Premier League,36,2831
2018–19,Signing,Leicester City,37642,Jonny Evans,Defender,West Bromwich Albion,Leicester City,Signing from another Premier League club,24,1993
2018–19,Signing,Leicester City,86881,Nampalys Mendy,Midfielder,Leicester City,Leicester City,Returned to the Premier League,31,2085
2018–19,Signing,Leicester City,115858,Rachid Ghezzal,Midfielder,,Leicester City,Signing from outside the Premier League,19,733
2018–19,Signing,Leicester City,111931,Ricardo Barbosa Pereira,Defender,,Leicester City,Signing from outside the Premier League,35,3123
2018–19,Signing,Leicester City,166989,Youri Tielemans,Midfielder,,Leicester City,Signing from outside the Premier League,13,1087
2018–19,Signing,Leicester City,218031,Çaglar Söyüncü,Defender,,Leicester City,Signing from outside the Premier League,6,371
2018–19,Departure,Liverpool,182436,Ben Woodburn,Midfielder,Liverpool,,Left the Premier League,1,6
2018–19,Departure,Liverpool,84939,Danny Ings,Forward,Liverpool,Southampton,Sold to another Premier League club,8,262
2018–19,Departure,Liverpool,154566,Dominic Solanke-Mitchell,Forward,Liverpool,AFC Bournemouth,Sold to another Premier League club,21,581
2018–19,Departure,Liverpool,112338,Emre Can,Midfielder,Liverpool,,Left the Premier League,26,2089
2018–19,Departure,Liverpool,104542,Loris Karius,Goalkeeper,Liverpool,,Left the Premier League for a time,19,1710
2018–19,Departure,Liverpool,210237,Marko Grujic,Midfielder,Liverpool,,Left the Premier League,3,14
2018–19,Departure,Liverpool,57328,Nathaniel Clyne,Defender,Liverpool,AFC Bournemouth,Mid-season move,4,108
2018–19,Departure,Liverpool,84583,Philippe Coutinho Correia,Midfielder,Liverpool,,Left the Premier League for a time,14,1109
2018–19,Departure,Liverpool,33871,Ragnar Klavan,Defender,Liverpool,,Left the Premier League,19,1449
2018–19,Departure,Liverpool,66797,Simon Mignolet,Goalkeeper,Liverpool,,Left the Premier League,19,1710
2018–19,Signing,Liverpool,116535,Alisson Becker,Goalkeeper,,Liverpool,Signing from outside the Premier League,38,3420
2018–19,Signing,Liverpool,40755,Daniel Sturridge,Forward,West Bromwich Albion,Liverpool,Signing from another Premier League club,18,498
2018–19,Signing,Liverpool,116643,Fabio Henrique Tavares,Midfielder,,Liverpool,Signing from outside the Premier League,28,2011
2018–19,Signing,Liverpool,175592,Naby Keita,Midfielder,,Liverpool,Signing from outside the Premier League,25,1385
2018–19,Signing,Liverpool,217989,Rafael Camacho,Midfielder,,Liverpool,Signing from outside the Premier League,1,1
2018–19,Signing,Liverpool,68312,Xherdan Shaqiri,Midfielder,Stoke City,Liverpool,Signing from another Premier League club,24,1052
2018–19,Departure,Manchester City,216183,Brahim Diaz,Midfielder,Manchester City,,Left the Premier League,5,50
2018–19,Departure,Manchester City,33148,Claudio Bravo,Goalkeeper,Manchester City,,Left the Premier League for a time,3,224
2018–19,Departure,Manchester City,14664,Gnegneri Yaya Touré,Midfielder,Manchester City,,Left the Premier League,10,227
2018–19,Departure,Manchester City,174594,Lukas Nmecha,Forward,Manchester City,,Left the Premier League for a time,2,14
2018–19,Signing,Manchester City,103025,Riyad Mahrez,Midfielder,Leicester City,Manchester City,Signing from another Premier League club,27,1331
2018–19,Departure,Manchester United,180804,Axel Tuanzebe,Defender,Manchester United,,Left the Premier League for a time,1,1
2018–19,Departure,Manchester United,58877,Daley Blind,Defender,Manchester United,,Left the Premier League,7,360
2018–19,Departure,Manchester United,2404,Michael Carrick,Midfielder,Manchester United,,Left the Premier League,2,108
2018–19,Departure,Manchester United,42899,Sergio Romero,Goalkeeper,Manchester United,,Left the Premier League,1,90
2018–19,Departure,Manchester United,9808,Zlatan Ibrahimovic,Forward,Manchester United,,Left the Premier League,5,102
2018–19,Signing,Manchester United,156689,Andreas Hoelgebaum Pereira,Midfielder,,Manchester United,Signing from outside the Premier League,15,590
2018–19,Signing,Manchester United,209041,Angel Gomes,Midfielder,Manchester United,Manchester United,Returned to the Premier League,2,25
2018–19,Signing,Manchester United,216051,Diogo Dalot Teixeira,Defender,,Manchester United,Signing from outside the Premier League,16,1009
2018–19,Signing,Manchester United,101582,Frederico Rodrigues de Paula Santos,Midfielder,,Manchester United,Signing from outside the Premier League,17,1039
2018–19,Signing,Manchester United,232928,James Garner,Midfielder,,Manchester United,Signing from outside the Premier League,1,1
2018–19,Signing,Manchester United,220688,Mason Greenwood,Midfielder,,Manchester United,Signing from outside the Premier League,3,115
2018–19,Signing,Manchester United,222677,Tahith Chong,Midfielder,,Manchester United,Signing from outside the Premier League,2,37
2018–19,Departure,Newcastle United,128389,Aleksandar Mitrović,Forward,Newcastle United,Fulham,Sold to another Premier League club,6,89
2018–19,Departure,Newcastle United,149736,Chancel Mbemba,Defender,Newcastle United,,Left the Premier League,9,670
2018–19,Departure,Newcastle United,104547,Dwight Gayle,Forward,Newcastle United,,Left the Premier League for a time,35,1946
2018–19,Departure,Newcastle United,43521,Henri Saivet,Midfielder,Newcastle United,,Left the Premier League,1,83
2018–19,Departure,Newcastle United,149828,Islam Slimani,Forward,Newcastle United,,Left the Premier League for a time,4,129
2018–19,Departure,Newcastle United,27462,Jesús Gámez Duarte,Defender,Newcastle United,,Left the Premier League,2,97
2018–19,Departure,Newcastle United,59735,Karl Darlow,Goalkeeper,Newcastle United,,Left the Premier League for a time,10,900
2018–19,Departure,Newcastle United,92170,Massadio Haidara,Defender,Newcastle United,,Left the Premier League,1,3
2018–19,Departure,Newcastle United,195384,Mikel Merino Zazón,Midfielder,Newcastle United,,Left the Premier League for a time,24,1337
2018–19,Departure,Newcastle United,19838,Robert Elliot,Goalkeeper,Newcastle United,,Left the Premier League,16,1440
2018–19,Departure,Newcastle United,155513,Rolando Aarons,Midfielder,Newcastle United,,Left the Premier League,4,136
2018–19,Signing,Newcastle United,159039,Antonio Barreca,Defender,,Newcastle United,Signing from outside the Premier League,1,4
2018–19,Signing,Newcastle United,119471,Fabian Schär,Defender,,Newcastle United,Signing from outside the Premier League,24,2000
2018–19,Signing,Newcastle United,57145,Federico Fernández,Defender,Swansea City,Newcastle United,Signing from another Premier League club,19,1482
2018–19,Signing,Newcastle United,179018,Miguel Almirón Rejala,Midfielder,,Newcastle United,Signing from outside the Premier League,10,758
2018–19,Signing,Newcastle United,57134,Salomón Rondón,Forward,West Bromwich Albion,Newcastle United,Signing from another Premier League club,32,2601
2018–19,Signing,Newcastle United,180135,Sean Longstaff,Midfielder,,Newcastle United,Signing from outside the Premier League,9,686
2018–19,Signing,Newcastle United,76542,Sung-yueng Ki,Midfielder,Swansea City,Newcastle United,Signing from another Premier League club,18,1298
2018–19,Signing,Newcastle United,196118,Yoshinori Muto,Forward,,Newcastle United,Signing from outside the Premier League,17,514
2018–19,Departure,Southampton,62399,Dusan Tadic,Midfielder,Southampton,,Left the Premier League,36,2791
2018–19,Departure,Southampton,98914,Guido Carrillo,Forward,Southampton,,Left the Premier League,7,449
2018–19,Departure,Southampton,40833,Jérémy Pied,Defender,Southampton,,Left the Premier League,2,180
2018–19,Departure,Southampton,153373,Sam McQueen,Defender,Southampton,,Left the Premier League,7,142
2018–19,Departure,Southampton,128198,Sofiane Boufal,Midfielder,Southampton,,Left the Premier League for a time,26,1206
2018–19,Signing,Southampton,107265,Angus Gunn,Goalkeeper,,Southampton,Signing from outside the Premier League,12,1080
2018–19,Signing,Southampton,193109,Callum Slattery,Midfielder,,Southampton,Signing from outside the Premier League,3,110
2018–19,Signing,Southampton,84939,Danny Ings,Forward,Liverpool,Southampton,Signing from another Premier League club,24,1650
2018–19,Signing,Southampton,93100,Jannik Vestergaard,Defender,,Southampton,Signing from outside the Premier League,23,2027
2018–19,Signing,Southampton,232797,Kayne Ramsay,Defender,,Southampton,Signing from outside the Premier League,1,90
2018–19,Signing,Southampton,96787,Mohamed Elyounoussi,Midfielder,,Southampton,Signing from outside the Premier League,16,785
2018–19,Signing,Southampton,153371,Sam Gallagher,Forward,,Southampton,Signing from outside the Premier League,4,32
2018–19,Signing,Southampton,91047,Stuart Armstrong,Midfielder,,Southampton,Signing from outside the Premier League,29,1421
2018–19,Signing,Southampton,204481,Tyreke Johnson,Midfielder,,Southampton,Signing from outside the Premier League,1,1
2018–19,Signing,Southampton,213482,Yan Valery,Defender,,Southampton,Signing from outside the Premier League,23,1709
2018–19,Departure,Stoke City,40276,Bojan Krkic Perez,Midfielder,Stoke City,,Left the Premier League,1,71
2018–19,Departure,Stoke City,85352,Bruno Martins Indi,Defender,Stoke City,,Left the Premier League,17,1242
2018–19,Departure,Stoke City,20208,Charlie Adam,Midfielder,Stoke City,,Left the Premier League,11,405
2018–19,Departure,Stoke City,14295,Darren Fletcher,Midfielder,Stoke City,,Left the Premier League,27,2217
2018–19,Departure,Stoke City,42564,Eric Maxim Choupo-Moting,Midfielder,Stoke City,,Left the Premier League,30,2241
2018–19,Departure,Stoke City,39487,Erik Pieters,Defender,Stoke City,,Left the Premier League for a time,31,2717
2018–19,Departure,Stoke City,50089,Geoff Cameron,Defender,Stoke City,,Left the Premier League,20,1522
2018–19,Departure,Stoke City,9047,Glen Johnson,Defender,Stoke City,,Left the Premier League,9,546
2018–19,Departure,Stoke City,19568,Ibrahim Afellay,Midfielder,Stoke City,,Left the Premier League,6,162
2018–19,Departure,Stoke City,105666,Jack Butland,Goalkeeper,Stoke City,,Left the Premier League for a time,35,3150
2018–19,Departure,Stoke City,93127,Jesé Rodríguez Ruiz,Midfielder,Stoke City,,Left the Premier League,13,609
2018–19,Departure,Stoke City,40555,Joe Allen,Midfielder,Stoke City,,Left the Premier League,36,3139
2018–19,Departure,Stoke City,221267,Josh Tymon,Defender,Stoke City,,Left the Premier League,3,162
2018–19,Departure,Stoke City,200455,Julien Ngoy,Forward,Stoke City,,Left the Premier League,1,19
2018–19,Departure,Stoke City,97485,Kevin Wimmer,Defender,Stoke City,,Left the Premier League,17,1321
2018–19,Departure,Stoke City,93001,Konstantinos Stafylidis,Defender,Stoke City,,Left the Premier League,5,334
2018–19,Departure,Stoke City,103192,Kurt Zouma,Defender,Stoke City,Everton,Sold to another Premier League club,34,2887
2018–19,Departure,Stoke City,226029,Lasse Sorenson,Midfielder,Stoke City,,Left the Premier League,1,75
2018–19,Departure,Stoke City,6744,Lee Grant,Goalkeeper,Stoke City,,Left the Premier League,3,270
2018–19,Departure,Stoke City,61858,Mame Biram Diouf,Forward,Stoke City,,Left the Premier League,35,2592
2018–19,Departure,Stoke City,102366,Moritz Bauer,Defender,Stoke City,,Left the Premier League,15,1307
2018–19,Departure,Stoke City,163463,Papa Alioune Ndiaye,Midfielder,Stoke City,,Left the Premier League,13,1138
2018–19,Departure,Stoke City,3773,Peter Crouch,Forward,Stoke City,Burnley,Sold to another Premier League club,31,1551
2018–19,Departure,Stoke City,205102,Ramadan Sobhi,Midfielder,Stoke City,Huddersfield Town,Sold to another Premier League club,24,1227
2018–19,Departure,Stoke City,37869,Ryan Shawcross,Defender,Stoke City,,Left the Premier League,27,2371
2018–19,Departure,Stoke City,91972,Saido Berahino,Forward,Stoke City,,Left the Premier League,15,483
2018–19,Departure,Stoke City,20481,Stephen Ireland,Midfielder,Stoke City,,Left the Premier League,4,128
2018–19,Departure,Stoke City,209212,Thomas Edwards,Defender,Stoke City,,Left the Premier League,6,481
2018–19,Departure,Stoke City,200884,Tyrese Campbell,Forward,Stoke City,,Left the Premier League,4,75
2018–19,Departure,Stoke City,68312,Xherdan Shaqiri,Midfielder,Stoke City,Liverpool,Sold to another Premier League club,36,3039
2018–19,Departure,Swansea City,149266,Alfie Mawson,Defender,Swansea City,Fulham,Sold to another Premier League club,38,3420
2018–19,Departure,Swansea City,45124,André Ayew,Midfielder,Swansea City,,Left the Premier League for a time,12,948
2018–19,Departure,Swansea City,13152,Andy King,Midfielder,Swansea City,,Left the Premier League,11,714
2018–19,Departure,Swansea City,42996,Angel Rangel,Defender,Swansea City,,Left the Premier League,4,154
2018–19,Departure,Swansea City,192290,Connor Roberts,Defender,Swansea City,,Left the Premier League for a time,4,267
2018–19,Departure,Swansea City,57145,Federico Fernández,Defender,Swansea City,Newcastle United,Sold to another Premier League club,30,2676
2018–19,Departure,Swansea City,96305,Jay Fulton,Midfielder,Swansea City,,Left the Premier League,2,17
2018–19,Departure,Swansea City,80146,Jordan Ayew,Midfielder,Swansea City,Crystal Palace,Sold to another Premier League club,36,2850
2018–19,Departure,Swansea City,59940,Kyle Bartley,Defender,Swansea City,,Left the Premier League for a time,5,233
2018–19,Departure,Swansea City,49539,Kyle Naughton,Defender,Swansea City,,Left the Premier League,34,3030
2018–19,Departure,Swansea City,15114,Leon Britton,Midfielder,Swansea City,,Left the Premier League,5,301
2018–19,Departure,Swansea City,49277,Leroy Fer,Midfielder,Swansea City,,Left the Premier League,20,1394
2018–19,Departure,Swansea City,57586,Luciano Narsingh,Midfielder,Swansea City,,Left the Premier League,18,614
2018–19,Departure,Swansea City,28654,Martin Olsson,Defender,Swansea City,,Left the Premier League,36,3149
2018–19,Departure,Swansea City,97615,Mike van der Hoorn,Defender,Swansea City,,Left the Premier League,24,1944
2018–19,Departure,Swansea City,21083,Nathan Dyer,Midfielder,Swansea City,,Left the Premier League,24,1300
2018–19,Departure,Swansea City,169432,Oliver McBurnie,Forward,Swansea City,,Left the Premier League for a time,11,267
2018–19,Departure,Swansea City,171319,Renato Sanches,Midfielder,Swansea City,,Left the Premier League,12,699
2018–19,Departure,Swansea City,106899,Roque Mesa,Midfielder,Swansea City,,Left the Premier League,11,753
2018–19,Departure,Swansea City,74033,Sam Clucas,Midfielder,Swansea City,,Left the Premier League,29,2039
2018–19,Departure,Swansea City,76542,Sung-yueng Ki,Midfielder,Swansea City,Newcastle United,Sold to another Premier League club,25,1865
2018–19,Departure,Swansea City,173879,Tammy Abraham,Forward,Swansea City,,Left the Premier League for a time,31,1715
2018–19,Departure,Swansea City,93464,Tom Carroll,Midfielder,Swansea City,,Left the Premier League,37,2562
2018–19,Departure,Swansea City,11829,Wayne Routledge,Midfielder,Swansea City,,Left the Premier League,15,420
2018–19,Departure,Swansea City,57001,Wilfried Bony,Forward,Swansea City,,Left the Premier League,15,701
2018–19,Departure,Swansea City,37096,Łukasz Fabiański,Goalkeeper,Swansea City,West Ham United,Sold to another Premier League club,38,3420
2018–19,Signing,Tottenham Hotspur,168566,Georges-Kévin Nkoudou,Midfielder,Burnley,Tottenham Hotspur,Signing from another Premier League club,1,4
2018–19,Signing,Tottenham Hotspur,234908,Juan Foyth,Defender,,Tottenham Hotspur,Signing from outside the Premier League,12,888
2018–19,Signing,Tottenham Hotspur,168764,Luke Amos,Midfielder,,Tottenham Hotspur,Signing from outside the Premier League,1,2
2018–19,Signing,Tottenham Hotspur,209042,Oliver Skipp,Midfielder,,Tottenham Hotspur,Signing from outside the Premier League,8,214
2018–19,Departure,Watford,100412,André Carrillo,Midfielder,Watford,,Left the Premier League,28,1529
2018–19,Departure,Watford,16045,Ben Watson,Midfielder,Watford,,Left the Premier League,8,455
2018–19,Departure,Watford,219002,Dodi Lukebakio,Midfielder,Watford,,Left the Premier League,1,15
2018–19,Departure,Watford,18656,Heurelho Gomes,Goalkeeper,Watford,,Left the Premier League,24,2128
2018–19,Departure,Watford,133801,Jerome Sinclair,Forward,Watford,,Left the Premier League,4,29
2018–19,Departure,Watford,66247,Marvin Zeegelaar,Defender,Watford,,Left the Premier League,12,993
2018–19,Departure,Watford,103127,Molla Wagué,Defender,Watford,,Left the Premier League,6,438
2018–19,Departure,Watford,44604,Nordin Amrabat,Midfielder,Watford,,Left the Premier League,3,198
2018–19,Departure,Watford,48332,Orestis Karnezis,Goalkeeper,Watford,,Left the Premier League,15,1291
2018–19,Departure,Watford,212319,Richarlison de Andrade,Forward,Watford,Everton,Sold to another Premier League club,38,2817
2018–19,Departure,Watford,37742,Younes Kaboul,Defender,Watford,,Left the Premier League,2,151
2018–19,Signing,Watford,155651,Adam Masina,Defender,,Watford,Signing from outside the Premier League,14,1002
2018–19,Signing,Watford,9089,Ben Foster,Goalkeeper,West Bromwich Albion,Watford,Signing from another Premier League club,38,3420
2018–19,Signing,Watford,241289,Ben Wilmot,Defender,,Watford,Signing from outside the Premier League,2,26
2018–19,Signing,Watford,216058,Domingos Quina,Midfielder,,Watford,Signing from outside the Premier League,8,334
2018–19,Signing,Watford,173514,Isaac Success Ajayi,Forward,Watford,Watford,Returned to the Premier League,30,1033
2018–19,Signing,Watford,157775,Ken Sema,Midfielder,,Watford,Signing from outside the Premier League,17,747
2018–19,Signing,Watford,220166,Marc Navarro,Defender,,Watford,Signing from outside the Premier League,2,84
2018–19,Departure,West Bromwich Albion,77777,Ahmed El-Sayed Hegazy,Defender,West Bromwich Albion,,Left the Premier League for a time,38,3386
2018–19,Departure,West Bromwich Albion,67527,Allan-Roméo Nyom,Defender,West Bromwich Albion,,Left the Premier League,29,2306
2018–19,Departure,West Bromwich Albion,9089,Ben Foster,Goalkeeper,West Bromwich Albion,Watford,Sold to another Premier League club,37,3330
2018–19,Departure,West Bromwich Albion,12086,Boaz Myhill,Goalkeeper,West Bromwich Albion,,Left the Premier League,1,90
2018–19,Departure,West Bromwich Albion,19151,Chris Brunt,Midfielder,West Bromwich Albion,,Left the Premier League,26,1917
2018–19,Departure,West Bromwich Albion,55829,Claudio Yacob,Midfielder,West Bromwich Albion,,Left the Premier League,16,898
2018–19,Departure,West Bromwich Albion,60232,Craig Dawson,Defender,West Bromwich Albion,,Left the Premier League for a time,28,2510
2018–19,Departure,West Bromwich Albion,40755,Daniel Sturridge,Forward,West Bromwich Albion,Liverpool,Sold to another Premier League club,6,114
2018–19,Departure,West Bromwich Albion,1632,Gareth Barry,Midfielder,West Bromwich Albion,,Left the Premier League,25,1921
2018–19,Departure,West Bromwich Albion,19272,Gareth McAuley,Defender,West Bromwich Albion,,Left the Premier League,9,454
2018–19,Departure,West Bromwich Albion,73494,Grzegorz Krychowiak,Midfielder,West Bromwich Albion,,Left the Premier League,27,1634
2018–19,Departure,West Bromwich Albion,49440,Hal Robson-Kanu,Forward,West Bromwich Albion,,Left the Premier League for a time,21,816
2018–19,Departure,West Bromwich Albion,49944,Jake Livermore,Midfielder,West Bromwich Albion,,Left the Premier League for a time,34,2671
2018–19,Departure,West Bromwich Albion,63370,James McClean,Midfielder,West Bromwich Albion,,Left the Premier League,30,1391
2018–19,Departure,West Bromwich Albion,18008,James Morrison,Midfielder,West Bromwich Albion,,Left the Premier League,4,205
2018–19,Departure,West Bromwich Albion,44683,Jay Rodriguez,Forward,West Bromwich Albion,,Left the Premier League for a time,37,2807
2018–19,Departure,West Bromwich Albion,37642,Jonny Evans,Defender,West Bromwich Albion,Leicester City,Sold to another Premier League club,28,2269
2018–19,Departure,West Bromwich Albion,42427,Kieran Gibbs,Defender,West Bromwich Albion,,Left the Premier League for a time,33,2826
2018–19,Departure,West Bromwich Albion,50229,Matt Phillips,Midfielder,West Bromwich Albion,,Left the Premier League for a time,30,2087
2018–19,Departure,West Bromwich Albion,54908,Nacer Chadli,Midfielder,West Bromwich Albion,,Left the Premier League,5,213
2018–19,Departure,West Bromwich Albion,197937,Oliver Burke,Midfielder,West Bromwich Albion,,Left the Premier League for a time,15,356
2018–19,Departure,West Bromwich Albion,232427,Rekeem Harper,Midfielder,West Bromwich Albion,,Left the Premier League for a time,1,20
2018–19,Departure,West Bromwich Albion,57134,Salomón Rondón,Forward,West Bromwich Albion,Newcastle United,Sold to another Premier League club,36,2765
2018–19,Departure,West Bromwich Albion,195864,Sam Field,Midfielder,West Bromwich Albion,,Left the Premier League for a time,10,534
2018–19,Departure,West Ham United,60706,Adrián San Miguel del Castillo,Goalkeeper,West Ham United,,Left the Premier League for a time,19,1710
2018–19,Departure,West Ham United,55037,Cheikhou Kouyaté,Midfielder,West Ham United,Crystal Palace,Sold to another Premier League club,33,2798
2018–19,Departure,West Ham United,73889,Diafra Sakho,Forward,West Ham United,,Left the Premier League,14,294
2018–19,Departure,West Ham United,163526,Edimilson Fernandes,Midfielder,West Ham United,,Left the Premier League,14,840
2018–19,Departure,West Ham United,8380,James Collins,Defender,West Ham United,,Left the Premier League,13,1049
2018–19,Departure,West Ham United,15749,Joe Hart,Goalkeeper,West Ham United,Burnley,Sold to another Premier League club,19,1710
2018–19,Departure,West Ham United,167522,Jordan Hugill,Forward,West Ham United,,Left the Premier League,3,22
2018–19,Departure,West Ham United,38580,Jose Fonte,Defender,West Ham United,,Left the Premier League,8,688
2018–19,Departure,West Ham United,172567,Josh Cullen,Midfielder,West Ham United,,Left the Premier League for a time,2,6
2018–19,Departure,West Ham United,109788,João Mário Naval Costa Eduardo,Midfielder,West Ham United,,Left the Premier League,13,1021
2018–19,Departure,West Ham United,14075,Patrice Evra,Defender,West Ham United,,Left the Premier League,5,227
2018–19,Departure,West Ham United,173792,Reece Oxford,Defender,West Ham United,,Left the Premier League,1,4
2018–19,Departure,West Ham United,113564,Sam Byram,Defender,West Ham United,,Left the Premier League for a time,5,246
2018–19,Departure,West Ham United,48717,Winston Reid,Defender,West Ham United,,Left the Premier League,17,1452
2018–19,Signing,West Ham United,209925,Alexandre Nascimento Costa Silva,Forward,,West Ham United,Signing from outside the Premier League,1,17
2018–19,Signing,West Ham United,56377,Andriy Yarmolenko,Midfielder,,West Ham United,Signing from outside the Premier League,9,456
2018–19,Signing,West Ham United,222018,Ben Johnson,Defender,,West Ham United,Signing from outside the Premier League,1,62
2018–19,Signing,West Ham United,42824,Carlos Sánchez,Midfielder,,West Ham United,Signing from outside the Premier League,7,240
2018–19,Signing,West Ham United,166640,Fabián Balbuena,Defender,,West Ham United,Signing from outside the Premier League,23,2013
2018–19,Signing,West Ham United,101537,Felipe Anderson Pereira Gomes,Midfielder,,West Ham United,Signing from outside the Premier League,36,3045
2018–19,Signing,West Ham United,179830,Grady Diangana,Midfielder,,West Ham United,Signing from outside the Premier League,17,600
2018–19,Signing,West Ham United,219924,Issa Diop,Defender,,West Ham United,Signing from outside the Premier League,33,2970
2018–19,Signing,West Ham United,54102,Jack Wilshere,Midfielder,Arsenal,West Ham United,Signing from another Premier League club,8,388
2018–19,Signing,West Ham United,155851,Lucas Pérez,Forward,Arsenal,West Ham United,Returned to the Premier League,15,465
2018–19,Signing,West Ham United,18987,Robert Snodgrass,Midfielder,West Ham United,West Ham United,Returned to the Premier League,33,2215
2018–19,Signing,West Ham United,81012,Ryan Fredericks,Defender,,West Ham United,Signing from outside the Premier League,15,1084
2018–19,Signing,West Ham United,28554,Samir Nasri,Midfielder,Manchester City,West Ham United,Returned to the Premier League,5,243
2018–19,Signing,West Ham United,37096,Łukasz Fabiański,Goalkeeper,Swansea City,West Ham United,Signing from another Premier League club,38,3420
2018–19,Signing,Wolverhampton Wanderers,159533,Adama Traoré Diarra,Midfielder,Middlesbrough,Wolverhampton Wanderers,Returned to the Premier League,29,884
2018–19,Signing,Wolverhampton Wanderers,141569,Bonatini Lohner Maia Bonatini,Forward,,Wolverhampton Wanderers,Signing from outside the Premier League,7,130
2018–19,Signing,Wolverhampton Wanderers,94147,Conor Coady,Defender,,Wolverhampton Wanderers,Signing from outside the Premier League,38,3420
2018–19,Signing,Wolverhampton Wanderers,194634,Diogo Teixeira da Silva,Midfielder,,Wolverhampton Wanderers,Signing from outside the Premier League,33,2352
2018–19,Signing,Wolverhampton Wanderers,165808,Hélder Wander Sousa de Azevedo e Costa,Midfielder,,Wolverhampton Wanderers,Signing from outside the Premier League,25,1333
2018–19,Signing,Wolverhampton Wanderers,166324,Ivan Ricardo Neves Abreu Cavaleiro,Midfielder,,Wolverhampton Wanderers,Signing from outside the Premier League,23,677
2018–19,Signing,Wolverhampton Wanderers,19236,John Ruddy,Goalkeeper,,Wolverhampton Wanderers,Signing from outside the Premier League,1,90
2018–19,Signing,Wolverhampton Wanderers,114128,Jonathan Castro Otto,Defender,,Wolverhampton Wanderers,Signing from outside the Premier League,33,2772
2018–19,Signing,Wolverhampton Wanderers,19624,João Filipe Iria Santos Moutinho,Midfielder,,Wolverhampton Wanderers,Signing from outside the Premier League,38,3030
2018–19,Signing,Wolverhampton Wanderers,151589,Leander Dendoncker,Midfielder,,Wolverhampton Wanderers,Signing from outside the Premier League,19,1465
2018–19,Signing,Wolverhampton Wanderers,87835,Matt Doherty,Defender,,Wolverhampton Wanderers,Signing from outside the Premier League,38,3141
2018–19,Signing,Wolverhampton Wanderers,214048,Maximilian Kilman,Defender,,Wolverhampton Wanderers,Signing from outside the Premier League,1,1
2018–19,Signing,Wolverhampton Wanderers,222531,Morgan Gibbs-White,Midfielder,,Wolverhampton Wanderers,Signing from outside the Premier League,26,645
2018–19,Signing,Wolverhampton Wanderers,102057,Raúl Jiménez Rodríguez,Forward,,Wolverhampton Wanderers,Signing from outside the Premier League,38,3112
2018–19,Signing,Wolverhampton Wanderers,107613,Romain Saïss,Defender,,Wolverhampton Wanderers,Signing from outside the Premier League,19,1142
2018–19,Signing,Wolverhampton Wanderers,38533,Rui Pedro dos Santos Patrício,Goalkeeper,,Wolverhampton Wanderers,Signing from outside the Premier League,37,3330
2018–19,Signing,Wolverhampton Wanderers,41727,Ryan Bennett,Defender,,Wolverhampton Wanderers,Signing from outside the Premier League,34,3060
2018–19,Signing,Wolverhampton Wanderers,216054,Rúben Nascimento Vinagre,Defender,,Wolverhampton Wanderers,Signing from outside the Premier League,17,703
2018–19,Signing,Wolverhampton Wanderers,171317,Rúben da Silva Neves,Midfielder,,Wolverhampton Wanderers,Signing from outside the Premier League,35,3006
2018–19,Signing,Wolverhampton Wanderers,168399,Will Norris,Goalkeeper,,Wolverhampton Wanderers,Signing from outside the Premier League,1,1
2018–19,Signing,Wolverhampton Wanderers,90585,Willy Boly,Defender,,Wolverhampton Wanderers,Signing from outside the Premier League,36,3168
2019–20,Departure,AFC Bournemouth,18726,Artur Boruc,Goalkeeper,AFC Bournemouth,,Left the Premier League,12,1080
2019–20,Departure,AFC Bournemouth,40349,Asmir Begović,Goalkeeper,AFC Bournemouth,,Left the Premier League for a time,24,2160
2019–20,Departure,AFC Bournemouth,122342,Emerson Hyndman,Midfielder,AFC Bournemouth,,Left the Premier League,1,37
2019–20,Departure,AFC Bournemouth,7958,Jermain Defoe,Forward,AFC Bournemouth,,Left the Premier League,4,22
2019–20,Departure,AFC Bournemouth,178304,Lys Mousset,Forward,AFC Bournemouth,Sheffield United,Sold to another Premier League club,24,350
2019–20,Departure,AFC Bournemouth,57328,Nathaniel Clyne,Defender,AFC Bournemouth,,Left the Premier League for a time,14,1142
2019–20,Departure,AFC Bournemouth,149484,Tyrone Mings,Defender,AFC Bournemouth,Aston Villa,Sold to another Premier League club,5,141
2019–20,Signing,AFC Bournemouth,225321,Aaron Ramsdale,Goalkeeper,,AFC Bournemouth,Signing from outside the Premier League,37,3330
2019–20,Signing,AFC Bournemouth,220307,Arnaut Danjuma Groeneveld,Midfielder,,AFC Bournemouth,Signing from outside the Premier League,14,625
2019–20,Signing,AFC Bournemouth,153682,Harry Wilson,Midfielder,,AFC Bournemouth,Signing from outside the Premier League,31,1637
2019–20,Signing,AFC Bournemouth,154131,Jack Stacey,Defender,,AFC Bournemouth,Signing from outside the Premier League,19,1547
2019–20,Signing,AFC Bournemouth,235530,Lloyd Kelly,Defender,,AFC Bournemouth,Signing from outside the Premier League,8,638
2019–20,Signing,AFC Bournemouth,168991,Philip Billing,Midfielder,Huddersfield Town,AFC Bournemouth,Signing from another Premier League club,34,2526
2019–20,Departure,Arsenal,41792,Aaron Ramsey,Midfielder,Arsenal,,Left the Premier League,28,1319
2019–20,Departure,Arsenal,153133,Alex Iwobi,Midfielder,Arsenal,Everton,Sold to another Premier League club,35,1961
2019–20,Departure,Arsenal,80254,Carl Jenkinson,Defender,Arsenal,,Left the Premier League,3,165
2019–20,Departure,Arsenal,50175,Danny Welbeck,Forward,Arsenal,Watford,Sold to another Premier League club,8,146
2019–20,Departure,Arsenal,89572,Denis Suárez,Midfielder,Arsenal,,Left the Premier League,4,67
2019–20,Departure,Arsenal,233963,Konstantinos Mavropanos,Defender,Arsenal,,Left the Premier League for a time,4,147
2019–20,Departure,Arsenal,51507,Laurent Koscielny,Defender,Arsenal,,Left the Premier League,17,1329
2019–20,Departure,Arsenal,153256,Mohamed Elneny,Midfielder,Arsenal,,Left the Premier League for a time,8,377
2019–20,Departure,Arsenal,11334,Petr Cech,Goalkeeper,Arsenal,,Left the Premier League,7,585
2019–20,Departure,Arsenal,27335,Stephan Lichtsteiner,Defender,Arsenal,,Left the Premier League,14,935
2019–20,Signing,Arsenal,101184,Calum Chambers,Defender,Fulham,Arsenal,Signing from another Premier League club,14,1102
2019–20,Signing,Arsenal,58822,Cédric Alves Soares,Defender,Southampton,Arsenal,Mid-season move,5,247
2019–20,Signing,Arsenal,182539,Daniel Ceballos Fernández,Midfielder,,Arsenal,Signing from outside the Premier League,24,1687
2019–20,Signing,Arsenal,41270,David Luiz Moreira Marinho,Defender,Chelsea,Arsenal,Signing from another Premier League club,33,2809
2019–20,Signing,Arsenal,209289,Emile Smith Rowe,Midfielder,,Arsenal,Signing from outside the Premier League,2,96
2019–20,Signing,Arsenal,98980,Emiliano Martínez Romero,Goalkeeper,Arsenal,Arsenal,Returned to the Premier League,9,770
2019–20,Signing,Arsenal,444145,Gabriel Martinelli Silva,Midfielder,,Arsenal,Signing from outside the Premier League,14,656
2019–20,Signing,Arsenal,192895,Kieran Tierney,Defender,,Arsenal,Signing from outside the Premier League,15,986
2019–20,Signing,Arsenal,195735,Nicolas Pépé,Midfielder,,Arsenal,Signing from outside the Premier League,31,2004
2019–20,Signing,Arsenal,92371,Pablo Marí,Defender,,Arsenal,Signing from outside the Premier League,2,113
2019–20,Signing,Arsenal,200641,Reiss Nelson,Midfielder,Arsenal,Arsenal,Returned to the Premier League,17,622
2019–20,Signing,Aston Villa,37339,Ahmed El Mohamady,Defender,Hull City,Aston Villa,Returned to the Premier League,18,1024
2019–20,Signing,Aston Villa,193488,Anwar El Ghazi,Midfielder,,Aston Villa,Signing from outside the Premier League,34,2046
2019–20,Signing,Aston Villa,108156,Bjorn Engels,Defender,,Aston Villa,Signing from outside the Premier League,17,1446
2019–20,Signing,Aston Villa,83091,Borja González Tomás,Forward,Swansea City,Aston Villa,Returned to the Premier League,2,16
2019–20,Signing,Aston Villa,85242,Conor Hourihane,Midfielder,,Aston Villa,Signing from outside the Premier League,27,1526
2019–20,Signing,Aston Villa,61603,Daniel Drinkwater,Midfielder,Burnley,Aston Villa,Mid-season move,4,259
2019–20,Signing,Aston Villa,230046,Douglas Luiz Soares de Paulo,Midfielder,,Aston Villa,Signing from outside the Premier League,36,2604
2019–20,Signing,Aston Villa,199798,Ezri Konsa Ngoyo,Defender,,Aston Villa,Signing from outside the Premier League,25,2038
2019–20,Signing,Aston Villa,203368,Frédéric Guilbert,Defender,,Aston Villa,Signing from outside the Premier League,25,2038
2019–20,Signing,Aston Villa,40564,Henri Lansbury,Midfielder,,Aston Villa,Signing from outside the Premier League,10,190
2019–20,Signing,Aston Villa,223349,Indiana Vassilev,Midfielder,,Aston Villa,Signing from outside the Premier League,4,47
2019–20,Signing,Aston Villa,114283,Jack Grealish,Midfielder,,Aston Villa,Signing from outside the Premier League,36,3233
2019–20,Signing,Aston Villa,79852,Jed Steer,Goalkeeper,,Aston Villa,Signing from outside the Premier League,1,7
2019–20,Signing,Aston Villa,122806,John McGinn,Midfielder,,Aston Villa,Signing from outside the Premier League,28,2312
2019–20,Signing,Aston Villa,54764,Jonathan Kodjia,Forward,,Aston Villa,Signing from outside the Premier League,6,111
2019–20,Signing,Aston Villa,89274,José Ignacio Peleteiro Romallo,Midfielder,,Aston Villa,Signing from outside the Premier League,10,329
2019–20,Signing,Aston Villa,8432,José Reina,Goalkeeper,,Aston Villa,Signing from outside the Premier League,12,1080
2019–20,Signing,Aston Villa,221239,Keinan Davis,Forward,,Aston Villa,Signing from outside the Premier League,18,534
2019–20,Signing,Aston Villa,123354,Kortney Hause,Defender,,Aston Villa,Signing from outside the Premier League,18,1544
2019–20,Signing,Aston Villa,148508,Mahmoud Ahmed Ibrahim Hassan,Midfielder,,Aston Villa,Signing from outside the Premier League,34,1936
2019–20,Signing,Aston Villa,184704,Marvelous Nakamba,Midfielder,,Aston Villa,Signing from outside the Premier League,29,1826
2019–20,Signing,Aston Villa,169359,Matt Targett,Defender,Southampton,Aston Villa,Signing from another Premier League club,28,2291
2019–20,Signing,Aston Villa,217487,Mbwana Samatta,Forward,,Aston Villa,Signing from outside the Premier League,14,940
2019–20,Signing,Aston Villa,47390,Neil Taylor,Defender,Swansea City,Aston Villa,Returned to the Premier League,14,1088
2019–20,Signing,Aston Villa,21205,Tom Heaton,Goalkeeper,Burnley,Aston Villa,Signing from another Premier League club,20,1794
2019–20,Signing,Aston Villa,149484,Tyrone Mings,Defender,AFC Bournemouth,Aston Villa,Signing from another Premier League club,33,2902
2019–20,Signing,Aston Villa,213345,Wesley Moraes,Forward,,Aston Villa,Signing from outside the Premier League,21,1782
2019–20,Signing,Aston Villa,98770,Ørjan Nyland,Goalkeeper,,Aston Villa,Signing from outside the Premier League,7,537
2019–20,Departure,Brighton & Hove Albion,83543,Anthony Knockaert,Midfielder,Brighton & Hove Albion,,Left the Premier League,30,1828
2019–20,Departure,Brighton & Hove Albion,38490,Beram Kayal,Midfielder,Brighton & Hove Albion,,Left the Premier League,18,935
2019–20,Departure,Brighton & Hove Albion,11352,Bruno Saltor Grau,Defender,Brighton & Hove Albion,,Left the Premier League,14,1131
2019–20,Departure,Brighton & Hove Albion,50093,David Button,Goalkeeper,Brighton & Hove Albion,,Left the Premier League for a time,4,360
2019–20,Departure,Brighton & Hove Albion,167473,José Izquierdo,Midfielder,Brighton & Hove Albion,,Left the Premier League for a time,15,789
2019–20,Departure,Brighton & Hove Albion,52484,Leon Balogun,Defender,Brighton & Hove Albion,,Left the Premier League,8,591
2019–20,Signing,Brighton & Hove Albion,233425,Aaron Connolly,Forward,,Brighton & Hove Albion,Signing from outside the Premier League,24,1250
2019–20,Signing,Brighton & Hove Albion,74471,Aaron Mooy,Midfielder,Huddersfield Town,Brighton & Hove Albion,Signing from another Premier League club,31,2079
2019–20,Signing,Brighton & Hove Albion,110735,Adam Webster,Defender,,Brighton & Hove Albion,Signing from outside the Premier League,31,2668
2019–20,Signing,Brighton & Hove Albion,243016,Alexis Mac Allister,Midfielder,,Brighton & Hove Albion,Signing from outside the Premier League,9,348
2019–20,Signing,Brighton & Hove Albion,78916,Dan Burn,Defender,,Brighton & Hove Albion,Signing from outside the Premier League,34,2879
2019–20,Signing,Brighton & Hove Albion,74375,Ezequiel Schelotto,Defender,Brighton & Hove Albion,Brighton & Hove Albion,Returned to the Premier League,8,357
2019–20,Signing,Brighton & Hove Albion,116216,Leandro Trossard,Midfielder,,Brighton & Hove Albion,Signing from outside the Premier League,31,2004
2019–20,Signing,Brighton & Hove Albion,115382,Neal Maupay,Forward,,Brighton & Hove Albion,Signing from outside the Premier League,37,2763
2019–20,Signing,Brighton & Hove Albion,235382,Steven Alzate,Midfielder,,Brighton & Hove Albion,Signing from outside the Premier League,19,1181
2019–20,Signing,Brighton & Hove Albion,232792,Tariq Lamptey,Defender,Chelsea,Brighton & Hove Albion,Mid-season move,8,588
2019–20,Departure,Burnley,83312,Ben Gibson,Defender,Burnley,,Left the Premier League for a time,1,62
2019–20,Departure,Burnley,61603,Daniel Drinkwater,Midfielder,Burnley,Aston Villa,Mid-season move,1,58
2019–20,Departure,Burnley,15749,Joe Hart,Goalkeeper,Burnley,,Left the Premier League,19,1710
2019–20,Departure,Burnley,3773,Peter Crouch,Forward,Burnley,,Left the Premier League,6,86
2019–20,Departure,Burnley,40399,Sam Vokes,Forward,Burnley,,Left the Premier League,20,907
2019–20,Departure,Burnley,40616,Stephen Ward,Defender,Burnley,,Left the Premier League,3,228
2019–20,Departure,Burnley,39847,Steven Defour,Midfielder,Burnley,,Left the Premier League,6,449
2019–20,Departure,Burnley,21205,Tom Heaton,Goalkeeper,Burnley,Aston Villa,Sold to another Premier League club,19,1710
2019–20,Signing,Burnley,61603,Daniel Drinkwater,Midfielder,Chelsea,Burnley,Returned to the Premier League,1,58
2019–20,Signing,Burnley,39487,Erik Pieters,Defender,Stoke City,Burnley,Returned to the Premier League,24,1876
2019–20,Signing,Burnley,44683,Jay Rodriguez,Forward,West Bromwich Albion,Burnley,Returned to the Premier League,36,2002
2019–20,Signing,Burnley,172782,Josh Brownhill,Midfielder,,Burnley,Signing from outside the Premier League,10,805
2019–20,Signing,Burnley,461450,Max Thompson,Forward,,Burnley,Signing from outside the Premier League,1,2
2019–20,Signing,Burnley,98747,Nick Pope,Goalkeeper,Burnley,Burnley,Returned to the Premier League,38,3420
2019–20,Departure,Cardiff City,49845,Aron Gunnarsson,Midfielder,Cardiff City,,Left the Premier League,28,2266
2019–20,Departure,Cardiff City,73459,Ashley Darel Jazz Richards,Defender,Cardiff City,,Left the Premier League,4,129
2019–20,Departure,Cardiff City,96994,Bobby De Cordova-Reid,Midfielder,Cardiff City,,Left the Premier League for a time,27,1413
2019–20,Departure,Cardiff City,49382,Bruno Ecuele Manga,Defender,Cardiff City,,Left the Premier League,38,3375
2019–20,Departure,Cardiff City,122797,Callum Paterson,Midfielder,Cardiff City,,Left the Premier League,27,1993
2019–20,Departure,Cardiff City,75826,Danny Ward,Midfielder,Cardiff City,,Left the Premier League,14,435
2019–20,Departure,Cardiff City,49806,David Junior Hoilett,Midfielder,Cardiff City,,Left the Premier League,32,2134
2019–20,Departure,Cardiff City,45196,Gary Madine,Forward,Cardiff City,,Left the Premier League,5,32
2019–20,Departure,Cardiff City,80792,Greg Cunninghamm,Defender,Cardiff City,,Left the Premier League,7,630
2019–20,Departure,Cardiff City,48615,Harry Arter,Midfielder,Cardiff City,,Left the Premier League,25,1999
2019–20,Departure,Cardiff City,56981,Joe Bennett,Defender,Cardiff City,,Left the Premier League,30,2639
2019–20,Departure,Cardiff City,104073,Joe Ralls,Midfielder,Cardiff City,,Left the Premier League,28,1954
2019–20,Departure,Cardiff City,114245,Josh Murphy,Midfielder,Cardiff City,,Left the Premier League,29,1810
2019–20,Departure,Cardiff City,78911,Kadeem Harris,Midfielder,Cardiff City,,Left the Premier League,13,365
2019–20,Departure,Cardiff City,82078,Kenneth Zohore,Forward,Cardiff City,,Left the Premier League,19,741
2019–20,Departure,Cardiff City,74297,Leandro Bacuna,Defender,Cardiff City,,Left the Premier League,11,554
2019–20,Departure,Cardiff City,38716,Lee Peltier,Defender,Cardiff City,,Left the Premier League for a time,20,1542
2019–20,Departure,Cardiff City,54527,Loïc Damour,Midfielder,Cardiff City,,Left the Premier League,2,21
2019–20,Departure,Cardiff City,76360,Nathaniel Mendez-Laing,Midfielder,Cardiff City,,Left the Premier League,20,978
2019–20,Departure,Cardiff City,88734,Neil Etheridge,Goalkeeper,Cardiff City,,Left the Premier League,38,3420
2019–20,Departure,Cardiff City,113688,Oumar Niasse,Forward,Cardiff City,Everton,Sold to another Premier League club,13,930
2019–20,Departure,Cardiff City,131403,Rhys Healey,Forward,Cardiff City,,Left the Premier League,3,49
2019–20,Departure,Cardiff City,49982,Sean Morrison,Defender,Cardiff City,,Left the Premier League,34,3039
2019–20,Departure,Cardiff City,19523,Sol Bamba,Defender,Cardiff City,,Left the Premier League,28,2475
2019–20,Departure,Cardiff City,175946,Víctor Camarasa,Midfielder,Cardiff City,Crystal Palace,Sold to another Premier League club,32,2569
2019–20,Departure,Chelsea,17878,Cesc Fàbregas,Midfielder,Chelsea,,Left the Premier League,6,175
2019–20,Departure,Chelsea,41270,David Luiz Moreira Marinho,Defender,Chelsea,Arsenal,Sold to another Premier League club,36,3238
2019–20,Departure,Chelsea,105700,Davide Zappacosta,Defender,Chelsea,,Left the Premier League,4,125
2019–20,Departure,Chelsea,42786,Eden Hazard,Midfielder,Chelsea,,Left the Premier League,37,2918
2019–20,Departure,Chelsea,19419,Gary Cahill,Defender,Chelsea,Crystal Palace,Sold to another Premier League club,2,22
2019–20,Departure,Chelsea,40232,Gonzalo Higuaín,Forward,Chelsea,,Left the Premier League,14,1084
2019–20,Departure,Chelsea,232792,Tariq Lamptey,Defender,Chelsea,Brighton & Hove Albion,Mid-season move,1,31
2019–20,Departure,Chelsea,49013,Victor Moses,Defender,Chelsea,,Left the Premier League,2,26
2019–20,Departure,Chelsea,88482,Álvaro Morata,Forward,Chelsea,,Left the Premier League,16,936
2019–20,Signing,Chelsea,440323,Armando Broja,Forward,,Chelsea,Signing from outside the Premier League,1,4
2019–20,Signing,Chelsea,243568,Billy Gilmour,Midfielder,,Chelsea,Signing from outside the Premier League,6,191
2019–20,Signing,Chelsea,176413,Christian Pulisic,Midfielder,,Chelsea,Signing from outside the Premier League,25,1717
2019–20,Signing,Chelsea,223332,Faustino Anjorin,Midfielder,,Chelsea,Signing from outside the Premier League,1,19
2019–20,Signing,Chelsea,194794,Fikayo Tomori,Defender,,Chelsea,Signing from outside the Premier League,15,1291
2019–20,Signing,Chelsea,103192,Kurt Zouma,Defender,Everton,Chelsea,Signing from another Premier League club,28,2343
2019–20,Signing,Chelsea,184341,Mason Mount,Midfielder,,Chelsea,Signing from outside the Premier League,37,2865
2019–20,Signing,Chelsea,94245,Michy Batshuayi,Forward,Crystal Palace,Chelsea,Signing from another Premier League club,16,224
2019–20,Signing,Chelsea,225796,Reece James,Defender,,Chelsea,Signing from outside the Premier League,24,1510
2019–20,Signing,Chelsea,173879,Tammy Abraham,Forward,Swansea City,Chelsea,Returned to the Premier League,34,2206
2019–20,Signing,Chelsea,232792,Tariq Lamptey,Defender,,Chelsea,Signing from outside the Premier League,1,31
2019–20,Departure,Crystal Palace,214590,Aaron Wan-Bissaka,Defender,Crystal Palace,Manchester United,Sold to another Premier League club,35,3134
2019–20,Departure,Crystal Palace,143877,Alexander Sørloth,Forward,Crystal Palace,,Left the Premier League,12,173
2019–20,Departure,Crystal Palace,44343,Bakary Sako,Midfielder,Crystal Palace,,Left the Premier League,4,26
2019–20,Departure,Crystal Palace,11554,Julian Speroni,Goalkeeper,Crystal Palace,,Left the Premier League,1,90
2019–20,Departure,Crystal Palace,221275,Luke Dreher,Midfielder,Crystal Palace,,Left the Premier League,1,1
2019–20,Departure,Crystal Palace,94245,Michy Batshuayi,Forward,Crystal Palace,Chelsea,Sold to another Premier League club,11,748
2019–20,Departure,Crystal Palace,79228,Pape Souaré,Defender,Crystal Palace,,Left the Premier League,1,1
2019–20,Signing,Crystal Palace,466955,Brandon Pierrick,Midfielder,,Crystal Palace,Signing from outside the Premier League,2,13
2019–20,Signing,Crystal Palace,66838,Cenk Tosun,Forward,Everton,Crystal Palace,Mid-season move,5,174
2019–20,Signing,Crystal Palace,19419,Gary Cahill,Defender,Chelsea,Crystal Palace,Signing from another Premier League club,25,2167
2019–20,Signing,Crystal Palace,173954,Jairo Riedewald,Midfielder,Crystal Palace,Crystal Palace,Returned to the Premier League,17,761
2019–20,Signing,Crystal Palace,50472,James McCarthy,Midfielder,Everton,Crystal Palace,Signing from another Premier League club,33,1668
2019–20,Signing,Crystal Palace,244723,Tyrick Mitchell,Defender,,Crystal Palace,Signing from outside the Premier League,4,193
2019–20,Signing,Crystal Palace,175946,Víctor Camarasa,Midfielder,Cardiff City,Crystal Palace,Signing from another Premier League club,1,5
2019–20,Departure,Everton,219352,Ademola Lookman,Midfielder,Everton,,Left the Premier League for a time,21,600
2019–20,Departure,Everton,66838,Cenk Tosun,Forward,Everton,Crystal Palace,Mid-season move,5,288
2019–20,Departure,Everton,80801,Idrissa Gana Gueye,Midfielder,Everton,,Left the Premier League for a time,33,2821
2019–20,Departure,Everton,50472,James McCarthy,Midfielder,Everton,Crystal Palace,Sold to another Premier League club,1,14
2019–20,Departure,Everton,153673,Jonjoe Kenny,Defender,Everton,,Left the Premier League for a time,10,789
2019–20,Departure,Everton,103192,Kurt Zouma,Defender,Everton,Chelsea,Sold to another Premier League club,32,2613
2019–20,Departure,Everton,7645,Phil Jagielka,Defender,Everton,Sheffield United,Sold to another Premier League club,7,329
2019–20,Signing,Everton,153133,Alex Iwobi,Midfielder,Arsenal,Everton,Signing from another Premier League club,25,1591
2019–20,Signing,Everton,232826,Anthony Gordon,Midfielder,,Everton,Signing from outside the Premier League,11,436
2019–20,Signing,Everton,102747,Djibril Sidibé,Defender,,Everton,Signing from outside the Premier League,25,1818
2019–20,Signing,Everton,41823,Fabian Delph,Midfielder,Manchester City,Everton,Signing from another Premier League club,16,1187
2019–20,Signing,Everton,480455,Jarrad Branthwaite,Defender,,Everton,Signing from outside the Premier League,4,299
2019–20,Signing,Everton,160987,Jean-Philippe Gbamin,Midfielder,,Everton,Signing from outside the Premier League,2,135
2019–20,Signing,Everton,242058,Moise Kean,Forward,,Everton,Signing from outside the Premier League,29,830
2019–20,Signing,Everton,113688,Oumar Niasse,Forward,Cardiff City,Everton,Signing from another Premier League club,3,19
2019–20,Departure,Fulham,197030,Aboubakar Kamara,Midfielder,Fulham,,Left the Premier League for a time,13,688
2019–20,Departure,Fulham,128389,Aleksandar Mitrović,Forward,Fulham,,Left the Premier League for a time,37,3280
2019–20,Departure,Fulham,149266,Alfie Mawson,Defender,Fulham,,Left the Premier League,15,1130
2019–20,Departure,Fulham,66842,André Schürrle,Midfielder,Fulham,,Left the Premier League,24,1638
2019–20,Departure,Fulham,203325,André-Frank Zambo Anguissa,Midfielder,Fulham,,Left the Premier League for a time,22,1512
2019–20,Departure,Fulham,101184,Calum Chambers,Defender,Fulham,Arsenal,Sold to another Premier League club,31,2586
2019–20,Departure,Fulham,87107,Cyrus Christie,Defender,Fulham,,Left the Premier League,28,1941
2019–20,Departure,Fulham,72681,Denis Odoi,Defender,Fulham,,Left the Premier League for a time,31,2593
2019–20,Departure,Fulham,40559,Fabricio Agosto Ramírez,Goalkeeper,Fulham,,Left the Premier League,2,180
2019–20,Departure,Fulham,54421,Floyd Ayité,Midfielder,Fulham,,Left the Premier League,16,466
2019–20,Departure,Fulham,444884,Harvey Elliott,Midfielder,Fulham,Liverpool,Sold to another Premier League club,2,18
2019–20,Departure,Fulham,43626,Håvard Nordtveit,Defender,Fulham,,Left the Premier League,5,361
2019–20,Departure,Fulham,109999,Ibrahima Cissé,Midfielder,Fulham,,Left the Premier League,3,86
2019–20,Departure,Fulham,170271,Jean Michael Seri,Midfielder,Fulham,,Left the Premier League,32,2239
2019–20,Departure,Fulham,101105,Joe Bryan,Defender,Fulham,,Left the Premier League for a time,28,2344
2019–20,Departure,Fulham,55038,Kevin McDonald,Midfielder,Fulham,,Left the Premier League,15,837
2019–20,Departure,Fulham,99323,Lazar Markovic,Midfielder,Fulham,,Left the Premier League,1,45
2019–20,Departure,Fulham,108093,Luciano Vietto,Forward,Fulham,,Left the Premier League,20,980
2019–20,Departure,Fulham,122074,Marcus Bettinelli,Goalkeeper,Fulham,,Left the Premier League,7,630
2019–20,Departure,Fulham,61739,Maxime Le Marchand,Defender,Fulham,,Left the Premier League for a time,26,2250
2019–20,Departure,Fulham,92259,Neeskens Kebano,Midfielder,Fulham,,Left the Premier League for a time,7,101
2019–20,Departure,Fulham,19520,Ryan Babel,Midfielder,Fulham,,Left the Premier League,16,1250
2019–20,Departure,Fulham,184349,Ryan Sessegnon,Midfielder,Fulham,Tottenham Hotspur,Sold to another Premier League club,35,2291
2019–20,Departure,Fulham,94248,Sergio Rico,Goalkeeper,Fulham,,Left the Premier League,29,2610
2019–20,Departure,Fulham,61916,Stefan Johansen,Midfielder,Fulham,,Left the Premier League,12,409
2019–20,Departure,Fulham,82514,Tim Ream,Defender,Fulham,,Left the Premier League for a time,26,2046
2019–20,Departure,Fulham,201084,Timothy Fosu-Mensah,Defender,Fulham,Manchester United,Sold to another Premier League club,12,791
2019–20,Departure,Fulham,76357,Tom Cairney,Midfielder,Fulham,,Left the Premier League for a time,31,2188
2019–20,Departure,Huddersfield Town,74471,Aaron Mooy,Midfielder,Huddersfield Town,Brighton & Hove Albion,Sold to another Premier League club,29,2326
2019–20,Departure,Huddersfield Town,440113,Aaron Rowe,Midfielder,Huddersfield Town,,Left the Premier League,2,68
2019–20,Departure,Huddersfield Town,246878,Abdelhamid Sabiri,Midfielder,Huddersfield Town,,Left the Premier League,2,48
2019–20,Departure,Huddersfield Town,233497,Adama Diakhaby,Midfielder,Huddersfield Town,,Left the Premier League,12,548
2019–20,Departure,Huddersfield Town,106450,Alex Pritchard,Midfielder,Huddersfield Town,,Left the Premier League,30,2079
2019–20,Departure,Huddersfield Town,38038,Ben Hamer,Goalkeeper,Huddersfield Town,,Left the Premier League,7,552
2019–20,Departure,Huddersfield Town,54284,Chris Löwe,Defender,Huddersfield Town,,Left the Premier League,29,2052
2019–20,Departure,Huddersfield Town,85368,Christopher Schindler,Defender,Huddersfield Town,,Left the Premier League,37,3260
2019–20,Departure,Huddersfield Town,84112,Collin Quaner,Forward,Huddersfield Town,,Left the Premier League,2,37
2019–20,Departure,Huddersfield Town,80755,Danny Williams,Midfielder,Huddersfield Town,,Left the Premier League,5,94
2019–20,Departure,Huddersfield Town,175351,Demeaco Duhaney,Defender,Huddersfield Town,,Left the Premier League,1,45
2019–20,Departure,Huddersfield Town,87428,Elias Kachunga,Forward,Huddersfield Town,,Left the Premier League,20,1175
2019–20,Departure,Huddersfield Town,118884,Erik Durm,Defender,Huddersfield Town,,Left the Premier League,28,2049
2019–20,Departure,Huddersfield Town,172246,Florent Hadergjonaj,Defender,Huddersfield Town,,Left the Premier League,24,1837
2019–20,Departure,Huddersfield Town,204454,Isaac Mbenza,Midfielder,Huddersfield Town,,Left the Premier League,22,977
2019–20,Departure,Huddersfield Town,19197,Jason Puncheon,Midfielder,Huddersfield Town,,Left the Premier League,6,381
2019–20,Departure,Huddersfield Town,168977,Joel Coleman,Goalkeeper,Huddersfield Town,,Left the Premier League,1,90
2019–20,Departure,Huddersfield Town,192301,Jon Gorenc Stankovic,Defender,Huddersfield Town,,Left the Premier League,11,715
2019–20,Departure,Huddersfield Town,57513,Jonas Lössl,Goalkeeper,Huddersfield Town,,Left the Premier League for a time,31,2777
2019–20,Departure,Huddersfield Town,79619,Jonathan Hogg,Midfielder,Huddersfield Town,,Left the Premier League,29,2369
2019–20,Departure,Huddersfield Town,204380,Juninho Bacuna,Midfielder,Huddersfield Town,,Left the Premier League,21,1410
2019–20,Departure,Huddersfield Town,180294,Karlan Grant,Forward,Huddersfield Town,,Left the Premier League for a time,13,873
2019–20,Departure,Huddersfield Town,147303,Laurent Depoitre,Forward,Huddersfield Town,,Left the Premier League,23,1058
2019–20,Departure,Huddersfield Town,48760,Mathias Jorgensen,Defender,Huddersfield Town,,Left the Premier League for a time,24,2147
2019–20,Departure,Huddersfield Town,450314,Matthew Daly,Midfielder,Huddersfield Town,,Left the Premier League,2,73
2019–20,Departure,Huddersfield Town,168991,Philip Billing,Midfielder,Huddersfield Town,AFC Bournemouth,Sold to another Premier League club,27,2187
2019–20,Departure,Huddersfield Town,51344,Rajiv van La Parra,Midfielder,Huddersfield Town,,Left the Premier League,5,405
2019–20,Departure,Huddersfield Town,205102,Ramadan Sobhi,Midfielder,Huddersfield Town,,Left the Premier League,4,75
2019–20,Departure,Huddersfield Town,169141,Steve Mounie,Forward,Huddersfield Town,,Left the Premier League,31,1767
2019–20,Departure,Huddersfield Town,109434,Terence Kongolo,Defender,Huddersfield Town,,Left the Premier League for a time,32,2716
2019–20,Departure,Huddersfield Town,104545,Tommy Smith,Defender,Huddersfield Town,,Left the Premier League,15,1141
2019–20,Departure,Leicester City,46483,Adrien Sebastian Perruchet Silva,Midfielder,Leicester City,,Left the Premier League,2,87
2019–20,Departure,Leicester City,155569,Daniel Amartey,Defender,Leicester City,,Left the Premier League for a time,9,639
2019–20,Departure,Leicester City,40725,Danny Simpson,Defender,Leicester City,,Left the Premier League,6,289
2019–20,Departure,Leicester City,210207,Fousseni Diabaté,Midfielder,Leicester City,,Left the Premier League,1,54
2019–20,Departure,Leicester City,95658,Harry Maguire,Defender,Leicester City,Manchester United,Sold to another Premier League club,31,2596
2019–20,Departure,Leicester City,115858,Rachid Ghezzal,Midfielder,Leicester City,,Left the Premier League,19,733
2019–20,Departure,Leicester City,78412,Shinji Okazaki,Forward,Leicester City,,Left the Premier League,21,269
2019–20,Departure,Leicester City,54513,Vicente Iborra,Midfielder,Leicester City,,Left the Premier League,8,224
2019–20,Signing,Leicester City,168580,Ayoze Pérez,Midfielder,Newcastle United,Leicester City,Signing from another Premier League club,33,1998
2019–20,Signing,Leicester City,106837,Dennis Praet,Midfielder,,Leicester City,Signing from outside the Premier League,27,1122
2019–20,Signing,Leicester City,222625,George Hirst,Forward,,Leicester City,Signing from outside the Premier League,2,9
2019–20,Signing,Leicester City,220627,James Justin,Defender,,Leicester City,Signing from outside the Premier League,13,1010
2019–20,Signing,Leicester City,244619,Luke Thomas,Defender,,Leicester City,Signing from outside the Premier League,3,267
2019–20,Signing,Leicester City,61604,Matty James,Midfielder,Leicester City,Leicester City,Returned to the Premier League,1,5
2019–20,Signing,Leicester City,41727,Ryan Bennett,Defender,Wolverhampton Wanderers,Leicester City,Mid-season move,5,329
2019–20,Departure,Liverpool,100059,Alberto Moreno,Defender,Liverpool,,Left the Premier League,2,154
2019–20,Departure,Liverpool,40755,Daniel Sturridge,Forward,Liverpool,,Left the Premier League,18,498
2019–20,Departure,Liverpool,217989,Rafael Camacho,Midfielder,Liverpool,,Left the Premier League,1,1
2019–20,Signing,Liverpool,60706,Adrián San Miguel del Castillo,Goalkeeper,West Ham United,Liverpool,Returned to the Premier League,11,873
2019–20,Signing,Liverpool,206915,Curtis Jones,Midfielder,,Liverpool,Signing from outside the Premier League,6,121
2019–20,Signing,Liverpool,444884,Harvey Elliott,Midfielder,Fulham,Liverpool,Signing from another Premier League club,2,7
2019–20,Signing,Liverpool,215136,Neco Williams,Defender,,Liverpool,Signing from outside the Premier League,6,228
2019–20,Signing,Liverpool,157882,Takumi Minamino,Midfielder,,Liverpool,Signing from outside the Premier League,10,241
2019–20,Departure,Manchester City,100180,Danilo Luiz da Silva,Defender,Manchester City,,Left the Premier League,11,805
2019–20,Departure,Manchester City,41823,Fabian Delph,Midfielder,Manchester City,Everton,Sold to another Premier League club,11,722
2019–20,Departure,Manchester City,17476,Vincent Kompany,Defender,Manchester City,,Left the Premier League,17,1220
2019–20,Signing,Manchester City,33148,Claudio Bravo,Goalkeeper,Manchester City,Manchester City,Returned to the Premier League,4,346
2019–20,Signing,Manchester City,432656,Eric Garcia,Defender,,Manchester City,Signing from outside the Premier League,13,790
2019–20,Signing,Manchester City,145235,José Ángel Esmorís Tasende,Defender,,Manchester City,Signing from outside the Premier League,6,422
2019–20,Signing,Manchester City,121145,João Cancelo,Defender,,Manchester City,Signing from outside the Premier League,17,1205
2019–20,Signing,Manchester City,220566,Rodrigo 'Rodri' Hernandez Cascante,Midfielder,,Manchester City,Signing from outside the Premier League,35,2480
2019–20,Signing,Manchester City,220394,Tommy Doyle,Midfielder,,Manchester City,Signing from outside the Premier League,1,15
2019–20,Departure,Manchester United,37265,Alexis Sánchez,Midfielder,Manchester United,,Left the Premier League,20,869
2019–20,Departure,Manchester United,59846,Ander Herrera,Midfielder,Manchester United,,Left the Premier League,22,1397
2019–20,Departure,Manchester United,20695,Antonio Valencia,Defender,Manchester United,,Left the Premier League,6,466
2019–20,Departure,Manchester United,55909,Chris Smalling,Defender,Manchester United,,Left the Premier League,24,2127
2019–20,Departure,Manchester United,41184,Marouane Fellaini,Midfielder,Manchester United,,Left the Premier League,14,746
2019–20,Departure,Manchester United,40002,Matteo Darmian,Defender,Manchester United,,Left the Premier League,6,443
2019–20,Departure,Manchester United,66749,Romelu Lukaku,Forward,Manchester United,,Left the Premier League for a time,32,2126
2019–20,Signing,Manchester United,214590,Aaron Wan-Bissaka,Defender,Crystal Palace,Manchester United,Signing from another Premier League club,35,3070
2019–20,Signing,Manchester United,180804,Axel Tuanzebe,Defender,Manchester United,Manchester United,Returned to the Premier League,5,187
2019–20,Signing,Manchester United,232937,Brandon Williams,Defender,,Manchester United,Signing from outside the Premier League,17,1003
2019–20,Signing,Manchester United,141746,Bruno Borges Fernandes,Midfielder,,Manchester United,Signing from outside the Premier League,14,1187
2019–20,Signing,Manchester United,200617,Daniel James,Midfielder,,Manchester United,Signing from outside the Premier League,33,2281
2019–20,Signing,Manchester United,95658,Harry Maguire,Defender,Leicester City,Manchester United,Signing from another Premier League club,38,3420
2019–20,Signing,Manchester United,58498,Odion Ighalo,Forward,Watford,Manchester United,Returned to the Premier League,11,92
2019–20,Signing,Manchester United,201084,Timothy Fosu-Mensah,Defender,Fulham,Manchester United,Signing from another Premier League club,3,136
2019–20,Departure,Newcastle United,159039,Antonio Barreca,Defender,Newcastle United,,Left the Premier League,1,4
2019–20,Departure,Newcastle United,168580,Ayoze Pérez,Midfielder,Newcastle United,Leicester City,Sold to another Premier League club,37,2916
2019–20,Departure,Newcastle United,114243,Jacob Murphy,Midfielder,Newcastle United,,Left the Premier League for a time,9,296
2019–20,Departure,Newcastle United,61316,Jose Luis Mato Sanmartín,Forward,Newcastle United,,Left the Premier League,16,586
2019–20,Departure,Newcastle United,28147,Mohamed Diamé,Midfielder,Newcastle United,,Left the Premier League,29,2162
2019–20,Departure,Newcastle United,167767,Robert Kenedy Nunes do Nascimento,Defender,Newcastle United,,Left the Premier League for a time,25,1337
2019–20,Departure,Newcastle United,57134,Salomón Rondón,Forward,Newcastle United,,Left the Premier League for a time,32,2601
2019–20,Signing,Newcastle United,170137,Allan Saint-Maximin,Midfielder,,Newcastle United,Signing from outside the Premier League,26,1860
2019–20,Signing,Newcastle United,40142,Andy Carroll,Forward,West Ham United,Newcastle United,Signing from another Premier League club,19,617
2019–20,Signing,Newcastle United,38290,Danny Rose,Defender,Tottenham Hotspur,Newcastle United,Mid-season move,11,862
2019–20,Signing,Newcastle United,104547,Dwight Gayle,Forward,Newcastle United,Newcastle United,Returned to the Premier League,20,842
2019–20,Signing,Newcastle United,111773,Emil Krafth,Defender,,Newcastle United,Signing from outside the Premier League,17,1015
2019–20,Signing,Newcastle United,92159,Jetro Willems,Defender,,Newcastle United,Signing from outside the Premier League,19,1492
2019–20,Signing,Newcastle United,180974,Joelinton Cássio Apolinário de Lira,Midfielder,,Newcastle United,Signing from outside the Premier League,38,2678
2019–20,Signing,Newcastle United,232977,Kelland Watts,Defender,,Newcastle United,Signing from outside the Premier League,1,16
2019–20,Signing,Newcastle United,223175,Matthew Longstaff,Midfielder,,Newcastle United,Signing from outside the Premier League,9,572
2019–20,Signing,Newcastle United,126407,Nabil Bentaleb,Midfielder,,Newcastle United,Signing from outside the Premier League,12,747
2019–20,Signing,Newcastle United,116543,Valentino Lazaro,Midfielder,,Newcastle United,Signing from outside the Premier League,13,472
2019–20,Signing,Norwich City,432735,Adam Idah,Forward,,Norwich City,Signing from outside the Premier League,12,219
2019–20,Signing,Norwich City,232667,Akin Famewo,Defender,,Norwich City,Signing from outside the Premier League,1,1
2019–20,Signing,Norwich City,18665,Alexander Tettey,Midfielder,,Norwich City,Signing from outside the Premier League,30,2339
2019–20,Signing,Norwich City,198826,Ben Godfrey,Defender,,Norwich City,Signing from outside the Premier League,30,2644
2019–20,Signing,Norwich City,192303,Christoph Zimmermann,Defender,,Norwich City,Signing from outside the Premier League,17,1430
2019–20,Signing,Norwich City,179587,Dennis Srbeny,Forward,,Norwich City,Signing from outside the Premier League,8,41
2019–20,Signing,Norwich City,195546,Emiliano Buendía Stati,Midfielder,,Norwich City,Signing from outside the Premier League,36,2458
2019–20,Signing,Norwich City,83428,Grant Hanley,Defender,,Norwich City,Signing from outside the Premier League,15,1261
2019–20,Signing,Norwich City,128348,Ibrahim Amadou,Midfielder,,Norwich City,Signing from outside the Premier League,11,756
2019–20,Signing,Norwich City,194799,Jamal Lewis,Defender,,Norwich City,Signing from outside the Premier League,28,2301
2019–20,Signing,Norwich City,444253,Jordan Thomas,Defender,,Norwich City,Signing from outside the Premier League,1,1
2019–20,Signing,Norwich City,439485,Josh Martin,Midfielder,,Norwich City,Signing from outside the Premier League,5,32
2019–20,Signing,Norwich City,81048,Josip Drmic,Forward,,Norwich City,Signing from outside the Premier League,21,636
2019–20,Signing,Norwich City,78607,Kenny McLean,Midfielder,,Norwich City,Signing from outside the Premier League,37,2965
2019–20,Signing,Norwich City,76306,Lukas Rupp,Midfielder,,Norwich City,Signing from outside the Premier League,12,692
2019–20,Signing,Norwich City,71738,Marco Stiepermann,Midfielder,,Norwich City,Signing from outside the Premier League,24,1173
2019–20,Signing,Norwich City,37614,Mario Vrancic,Midfielder,,Norwich City,Signing from outside the Premier League,20,624
2019–20,Signing,Norwich City,232980,Max Aarons,Defender,,Norwich City,Signing from outside the Premier League,36,3240
2019–20,Signing,Norwich City,18499,Michael McGovern,Goalkeeper,,Norwich City,Signing from outside the Premier League,2,158
2019–20,Signing,Norwich City,87396,Moritz Leitner,Midfielder,,Norwich City,Signing from outside the Premier League,9,683
2019–20,Signing,Norwich City,139110,Ondrej Duda,Midfielder,,Norwich City,Signing from outside the Premier League,10,723
2019–20,Signing,Norwich City,89470,Onel Hernández,Midfielder,,Norwich City,Signing from outside the Premier League,26,1374
2019–20,Signing,Norwich City,124165,Patrick Roberts,Midfielder,,Norwich City,Signing from outside the Premier League,3,24
2019–20,Signing,Norwich City,28082,Ralf Fahrmann,Goalkeeper,,Norwich City,Signing from outside the Premier League,1,21
2019–20,Signing,Norwich City,113564,Sam Byram,Defender,West Ham United,Norwich City,Returned to the Premier League,17,1292
2019–20,Signing,Norwich City,57127,Teemu Pukki,Forward,,Norwich City,Signing from outside the Premier League,36,2884
2019–20,Signing,Norwich City,20480,Tim Krul,Goalkeeper,,Norwich City,Signing from outside the Premier League,36,3240
2019–20,Signing,Norwich City,84384,Timm Klose,Defender,,Norwich City,Signing from outside the Premier League,7,585
2019–20,Signing,Norwich City,193111,Todd Cantwell,Midfielder,,Norwich City,Signing from outside the Premier League,37,2484
2019–20,Signing,Norwich City,90440,Tom Trybull,Midfielder,,Norwich City,Signing from outside the Premier League,16,1128
2019–20,Signing,Sheffield United,167878,Ben Osborn,Midfielder,,Sheffield United,Signing from outside the Premier League,13,590
2019–20,Signing,Sheffield United,18867,Billy Sharp,Forward,,Sheffield United,Signing from outside the Premier League,25,1037
2019–20,Signing,Sheffield United,171975,Callum Robinson,Forward,,Sheffield United,Signing from outside the Premier League,16,669
2019–20,Signing,Sheffield United,40386,Chris Basham,Defender,,Sheffield United,Signing from outside the Premier League,38,3242
2019–20,Signing,Sheffield United,27436,David McGoldrick,Forward,,Sheffield United,Signing from outside the Premier League,28,1810
2019–20,Signing,Sheffield United,172649,Dean Henderson,Goalkeeper,,Sheffield United,Signing from outside the Premier League,36,3240
2019–20,Signing,Sheffield United,63426,Enda Stevens,Defender,,Sheffield United,Signing from outside the Premier League,38,3345
2019–20,Signing,Sheffield United,82691,George Baldock,Defender,,Sheffield United,Signing from outside the Premier League,38,3420
2019–20,Signing,Sheffield United,146610,Jack O'Connell,Defender,,Sheffield United,Signing from outside the Premier League,33,2915
2019–20,Signing,Sheffield United,83427,Jack Robinson,Defender,,Sheffield United,Signing from outside the Premier League,6,504
2019–20,Signing,Sheffield United,49384,Jack Rodwell,Midfielder,Sunderland,Sheffield United,Returned to the Premier League,1,15
2019–20,Signing,Sheffield United,108416,John Egan,Defender,,Sheffield United,Signing from outside the Premier League,36,3187
2019–20,Signing,Sheffield United,47247,John Fleck,Midfielder,,Sheffield United,Signing from outside the Premier League,30,2515
2019–20,Signing,Sheffield United,153723,John Lundstram,Midfielder,,Sheffield United,Signing from outside the Premier League,34,2452
2019–20,Signing,Sheffield United,87121,Kieron Freeman,Defender,,Sheffield United,Signing from outside the Premier League,2,6
2019–20,Signing,Sheffield United,18440,Leon Clarke,Forward,,Sheffield United,Signing from outside the Premier League,2,33
2019–20,Signing,Sheffield United,49083,Luke Freeman,Midfielder,,Sheffield United,Signing from outside the Premier League,11,360
2019–20,Signing,Sheffield United,178304,Lys Mousset,Forward,AFC Bournemouth,Sheffield United,Signing from another Premier League club,30,1223
2019–20,Signing,Sheffield United,87447,Muhamed Bešić,Midfielder,Everton,Sheffield United,Returned to the Premier League,9,243
2019–20,Signing,Sheffield United,169432,Oliver McBurnie,Forward,Swansea City,Sheffield United,Returned to the Premier League,36,2105
2019–20,Signing,Sheffield United,79934,Oliver Norwood,Midfielder,,Sheffield United,Signing from outside the Premier League,38,3089
2019–20,Signing,Sheffield United,7645,Phil Jagielka,Defender,Everton,Sheffield United,Signing from another Premier League club,6,240
2019–20,Signing,Sheffield United,90518,Ravel Morrison,Midfielder,,Sheffield United,Signing from outside the Premier League,1,12
2019–20,Signing,Sheffield United,147612,Richairo Zivkovic,Forward,,Sheffield United,Signing from outside the Premier League,5,107
2019–20,Signing,Sheffield United,207189,Sander Berge,Midfielder,,Sheffield United,Signing from outside the Premier League,14,943
2019–20,Signing,Sheffield United,74854,Simon Moore,Goalkeeper,,Sheffield United,Signing from outside the Premier League,2,180
2019–20,Departure,Southampton,193109,Callum Slattery,Midfielder,Southampton,,Left the Premier League,3,110
2019–20,Departure,Southampton,78356,Charlie Austin,Forward,Southampton,,Left the Premier League for a time,25,970
2019–20,Departure,Southampton,58822,Cédric Alves Soares,Defender,Southampton,Arsenal,Mid-season move,16,1306
2019–20,Departure,Southampton,40383,Fraser Forster,Goalkeeper,Southampton,,Left the Premier League for a time,1,90
2019–20,Departure,Southampton,153379,Joshua Sims,Midfielder,Southampton,,Left the Premier League,7,208
2019–20,Departure,Southampton,232797,Kayne Ramsay,Defender,Southampton,,Left the Premier League for a time,1,90
2019–20,Departure,Southampton,61548,Manolo Gabbiadini,Forward,Southampton,,Left the Premier League,12,468
2019–20,Departure,Southampton,151086,Mario Lemina,Midfielder,Southampton,,Left the Premier League for a time,21,1612
2019–20,Departure,Southampton,169359,Matt Targett,Defender,Southampton,Aston Villa,Sold to another Premier League club,16,1185
2019–20,Departure,Southampton,96787,Mohamed Elyounoussi,Midfielder,Southampton,,Left the Premier League for a time,16,785
2019–20,Departure,Southampton,153371,Sam Gallagher,Forward,Southampton,,Left the Premier League,4,32
2019–20,Departure,Southampton,17339,Steven Davis,Midfielder,Southampton,,Left the Premier League,3,97
2019–20,Departure,Southampton,204481,Tyreke Johnson,Midfielder,Southampton,,Left the Premier League,1,1
2019–20,Departure,Southampton,167075,Wesley Hoedt,Defender,Southampton,,Left the Premier League,13,1170
2019–20,Signing,Southampton,200439,Che Adams,Forward,,Southampton,Signing from outside the Premier League,30,1095
2019–20,Signing,Southampton,214470,Jake Vokins,Defender,,Southampton,Signing from outside the Premier League,1,90
2019–20,Signing,Southampton,135720,Kevin Danso,Defender,,Southampton,Signing from outside the Premier League,6,275
2019–20,Signing,Southampton,158534,Kyle Walker-Peters,Defender,Tottenham Hotspur,Southampton,Mid-season move,10,703
2019–20,Signing,Southampton,431131,Moussa Djenepo,Midfielder,,Southampton,Signing from outside the Premier League,18,920
2019–20,Signing,Southampton,203389,Nathan Tella,Midfielder,,Southampton,Signing from outside the Premier League,1,2
2019–20,Signing,Southampton,128198,Sofiane Boufal,Midfielder,Southampton,Southampton,Returned to the Premier League,20,753
2019–20,Signing,Southampton,214466,Will Smallbone,Midfielder,,Southampton,Signing from outside the Premier League,9,389
2019–20,Departure,Tottenham Hotspur,38290,Danny Rose,Defender,Tottenham Hotspur,Newcastle United,Mid-season move,12,891
2019–20,Departure,Tottenham Hotspur,19760,Fernando Llorente,Forward,Tottenham Hotspur,,Left the Premier League,20,681
2019–20,Departure,Tottenham Hotspur,77794,Kieran Trippier,Defender,Tottenham Hotspur,,Left the Premier League for a time,27,2275
2019–20,Departure,Tottenham Hotspur,158534,Kyle Walker-Peters,Defender,Tottenham Hotspur,Southampton,Mid-season move,3,241
2019–20,Departure,Tottenham Hotspur,168764,Luke Amos,Midfielder,Tottenham Hotspur,,Left the Premier League,1,2
2019–20,Departure,Tottenham Hotspur,39215,Michel Vorm,Goalkeeper,Tottenham Hotspur,,Left the Premier League,2,180
2019–20,Departure,Tottenham Hotspur,39104,Mousa Dembélé,Midfielder,Tottenham Hotspur,,Left the Premier League,10,512
2019–20,Departure,Tottenham Hotspur,165990,Vincent Janssen,Forward,Tottenham Hotspur,,Left the Premier League,3,36
2019–20,Signing,Tottenham Hotspur,195774,Gedson Carvalho Fernandes,Midfielder,,Tottenham Hotspur,Signing from outside the Premier League,7,62
2019–20,Signing,Tottenham Hotspur,200826,Giovani Lo Celso,Midfielder,,Tottenham Hotspur,Signing from outside the Premier League,28,1482
2019–20,Signing,Tottenham Hotspur,199584,Japhet Tanganga,Defender,,Tottenham Hotspur,Signing from outside the Premier League,6,525
2019–20,Signing,Tottenham Hotspur,184349,Ryan Sessegnon,Midfielder,Fulham,Tottenham Hotspur,Signing from another Premier League club,6,341
2019–20,Signing,Tottenham Hotspur,194252,Steven Bergwijn,Midfielder,,Tottenham Hotspur,Signing from outside the Premier League,14,699
2019–20,Signing,Tottenham Hotspur,231372,Tanguy Ndombele,Midfielder,,Tottenham Hotspur,Signing from outside the Premier League,21,1002
2019–20,Signing,Tottenham Hotspur,447235,Troy Parrott,Forward,,Tottenham Hotspur,Signing from outside the Premier League,2,6
2019–20,Departure,Watford,241289,Ben Wilmot,Defender,Watford,,Left the Premier League,2,26
2019–20,Departure,Watford,157775,Ken Sema,Midfielder,Watford,,Left the Premier League for a time,17,747
2019–20,Departure,Watford,220166,Marc Navarro,Defender,Watford,,Left the Premier League,2,84
2019–20,Departure,Watford,52153,Miguel Britos,Defender,Watford,,Left the Premier League,3,184
2019–20,Departure,Watford,20046,Stefano Okaka,Forward,Watford,,Left the Premier League,2,22
2019–20,Signing,Watford,60232,Craig Dawson,Defender,West Bromwich Albion,Watford,Returned to the Premier League,29,2359
2019–20,Signing,Watford,50175,Danny Welbeck,Forward,Arsenal,Watford,Signing from another Premier League club,18,813
2019–20,Signing,Watford,96767,Dimitri Foulquier,Defender,,Watford,Signing from outside the Premier League,3,57
2019–20,Signing,Watford,168290,Ignacio Pussetto,Midfielder,,Watford,Signing from outside the Premier League,7,67
2019–20,Signing,Watford,232185,Ismaïla Sarr,Midfielder,,Watford,Signing from outside the Premier League,28,2023
2019–20,Signing,Watford,475168,João Pedro Junqueira de Jesus,Forward,,Watford,Signing from outside the Premier League,3,22
2019–20,Departure,West Ham United,209925,Alexandre Nascimento Costa Silva,Forward,West Ham United,,Left the Premier League,1,17
2019–20,Departure,West Ham United,40142,Andy Carroll,Forward,West Ham United,Newcastle United,Sold to another Premier League club,12,454
2019–20,Departure,West Ham United,179830,Grady Diangana,Midfielder,West Ham United,,Left the Premier League for a time,17,600
2019–20,Departure,West Ham United,155851,Lucas Pérez,Forward,West Ham United,,Left the Premier League,15,465
2019–20,Departure,West Ham United,41464,Marko Arnautovic,Forward,West Ham United,,Left the Premier League,28,1988
2019–20,Departure,West Ham United,59779,Pedro Obiang,Midfielder,West Ham United,,Left the Premier League,24,1116
2019–20,Departure,West Ham United,28554,Samir Nasri,Midfielder,West Ham United,,Left the Premier League,5,243
2019–20,Signing,West Ham United,181008,Albian Ajeti,Forward,,West Ham United,Signing from outside the Premier League,9,132
2019–20,Signing,West Ham United,32259,Darren Randolph,Goalkeeper,West Ham United,West Ham United,Returned to the Premier League,2,180
2019–20,Signing,West Ham United,19194,David Martin,Goalkeeper,,West Ham United,Signing from outside the Premier League,5,435
2019–20,Signing,West Ham United,178186,Jarrod Bowen,Forward,Hull City,West Ham United,Returned to the Premier League,13,916
2019–20,Signing,West Ham United,232391,Jeremy Ngakia,Defender,,West Ham United,Signing from outside the Premier League,5,440
2019–20,Signing,West Ham United,183487,Nathan Holland,Midfielder,,West Ham United,Signing from outside the Premier League,2,31
2019–20,Signing,West Ham United,217593,Pablo Fornals Malla,Midfielder,,West Ham United,Signing from outside the Premier League,36,2167
2019–20,Signing,West Ham United,40694,Roberto Jimenez Gago,Goalkeeper,,West Ham United,Signing from outside the Premier League,8,686
2019–20,Signing,West Ham United,103123,Sébastien Haller,Forward,,West Ham United,Signing from outside the Premier League,32,2259
2019–20,Signing,West Ham United,215439,Tomáš Souček,Midfielder,,West Ham United,Signing from outside the Premier League,13,1039
2019–20,Departure,Wolverhampton Wanderers,141569,Bonatini Lohner Maia Bonatini,Forward,Wolverhampton Wanderers,,Left the Premier League,7,130
2019–20,Departure,Wolverhampton Wanderers,165808,Hélder Wander Sousa de Azevedo e Costa,Midfielder,Wolverhampton Wanderers,,Left the Premier League for a time,25,1333
2019–20,Departure,Wolverhampton Wanderers,166324,Ivan Ricardo Neves Abreu Cavaleiro,Midfielder,Wolverhampton Wanderers,,Left the Premier League for a time,23,677
2019–20,Departure,Wolverhampton Wanderers,19236,John Ruddy,Goalkeeper,Wolverhampton Wanderers,,Left the Premier League for a time,1,90
2019–20,Departure,Wolverhampton Wanderers,41727,Ryan Bennett,Defender,Wolverhampton Wanderers,Leicester City,Mid-season move,11,603
2019–20,Departure,Wolverhampton Wanderers,168399,Will Norris,Goalkeeper,Wolverhampton Wanderers,,Left the Premier League for a time,1,1
2019–20,Signing,Wolverhampton Wanderers,428610,Bruno André Cavaco Jordao,Midfielder,,Wolverhampton Wanderers,Signing from outside the Premier League,1,6
2019–20,Signing,Wolverhampton Wanderers,200600,Daniel Castelo Podence,Midfielder,,Wolverhampton Wanderers,Signing from outside the Premier League,9,285
2019–20,Signing,Wolverhampton Wanderers,178876,Jesús Vallejo Lázaro,Defender,,Wolverhampton Wanderers,Signing from outside the Premier League,2,162
2019–20,Signing,Wolverhampton Wanderers,209353,Patrick Cutrone,Forward,,Wolverhampton Wanderers,Signing from outside the Premier League,12,292
2019–20,Signing,Wolverhampton Wanderers,247632,Pedro Lomba Neto,Midfielder,,Wolverhampton Wanderers,Signing from outside the Premier League,29,920
2020–21,Departure,AFC Bournemouth,225321,Aaron Ramsdale,Goalkeeper,AFC Bournemouth,Sheffield United,Sold to another Premier League club,37,3330
2020–21,Departure,AFC Bournemouth,54469,Adam Smith,Defender,AFC Bournemouth,,Left the Premier League for a time,24,2055
2020–21,Departure,AFC Bournemouth,15237,Andrew Surman,Midfielder,AFC Bournemouth,,Left the Premier League,5,234
2020–21,Departure,AFC Bournemouth,220307,Arnaut Danjuma Groeneveld,Midfielder,AFC Bournemouth,,Left the Premier League for a time,14,625
2020–21,Departure,AFC Bournemouth,75115,Callum Wilson,Forward,AFC Bournemouth,Newcastle United,Sold to another Premier League club,35,2906
2020–21,Departure,AFC Bournemouth,41320,Charlie Daniels,Defender,AFC Bournemouth,,Left the Premier League,2,126
2020–21,Departure,AFC Bournemouth,223911,Chris Mepham,Defender,AFC Bournemouth,,Left the Premier League for a time,12,911
2020–21,Departure,AFC Bournemouth,40387,Dan Gosling,Midfielder,AFC Bournemouth,,Left the Premier League for a time,24,1254
2020–21,Departure,AFC Bournemouth,111317,David Brooks,Midfielder,AFC Bournemouth,,Left the Premier League for a time,9,505
2020–21,Departure,AFC Bournemouth,171129,Diego Rico,Defender,AFC Bournemouth,,Left the Premier League,27,2333
2020–21,Departure,AFC Bournemouth,154566,Dominic Solanke-Mitchell,Forward,AFC Bournemouth,,Left the Premier League for a time,32,1637
2020–21,Departure,AFC Bournemouth,153682,Harry Wilson,Midfielder,AFC Bournemouth,,Left the Premier League for a time,31,1637
2020–21,Departure,AFC Bournemouth,222434,Jack Simpson,Defender,AFC Bournemouth,,Left the Premier League,4,238
2020–21,Departure,AFC Bournemouth,154131,Jack Stacey,Defender,AFC Bournemouth,,Left the Premier League for a time,19,1547
2020–21,Departure,AFC Bournemouth,152551,Jefferson Lerma Solís,Midfielder,AFC Bournemouth,,Left the Premier League for a time,33,2702
2020–21,Departure,AFC Bournemouth,103912,Jordon Ibe,Midfielder,AFC Bournemouth,,Left the Premier League,2,48
2020–21,Departure,AFC Bournemouth,78007,Joshua King,Forward,AFC Bournemouth,Everton,Sold to another Premier League club,26,2010
2020–21,Departure,AFC Bournemouth,56872,Junior Stanislas,Midfielder,AFC Bournemouth,,Left the Premier League for a time,15,706
2020–21,Departure,AFC Bournemouth,155408,Lewis Cook,Midfielder,AFC Bournemouth,,Left the Premier League for a time,27,1340
2020–21,Departure,AFC Bournemouth,235530,Lloyd Kelly,Defender,AFC Bournemouth,,Left the Premier League for a time,8,638
2020–21,Departure,AFC Bournemouth,229600,Mark Travers,Goalkeeper,AFC Bournemouth,,Left the Premier League for a time,1,90
2020–21,Departure,AFC Bournemouth,126184,Nathan Aké,Defender,AFC Bournemouth,Manchester City,Sold to another Premier League club,29,2503
2020–21,Departure,AFC Bournemouth,168991,Philip Billing,Midfielder,AFC Bournemouth,,Left the Premier League for a time,34,2526
2020–21,Departure,AFC Bournemouth,90105,Ryan Fraser,Midfielder,AFC Bournemouth,Newcastle United,Sold to another Premier League club,28,2061
2020–21,Departure,AFC Bournemouth,217331,Sam Surridge,Forward,AFC Bournemouth,,Left the Premier League for a time,4,25
2020–21,Departure,AFC Bournemouth,15149,Simon Francis,Defender,AFC Bournemouth,,Left the Premier League,15,964
2020–21,Departure,AFC Bournemouth,56917,Steve Cook,Defender,AFC Bournemouth,,Left the Premier League for a time,29,2427
2020–21,Departure,Arsenal,154043,Ainsley Maitland-Niles,Midfielder,Arsenal,West Bromwich Albion,Mid-season move,11,485
2020–21,Departure,Arsenal,98980,Emiliano Martínez Romero,Goalkeeper,Arsenal,Aston Villa,Sold to another Premier League club,9,770
2020–21,Departure,Arsenal,57249,Henrikh Mkhitaryan,Midfielder,Arsenal,,Left the Premier League,3,110
2020–21,Departure,Arsenal,200089,Joe Willock,Midfielder,Arsenal,Newcastle United,Mid-season move,7,234
2020–21,Departure,Arsenal,198849,Lucas Torreira,Midfielder,Arsenal,,Left the Premier League,29,1501
2020–21,Departure,Arsenal,242166,Matteo Guendouzi,Midfielder,Arsenal,,Left the Premier League,24,1744
2020–21,Departure,Arsenal,37605,Mesut Özil,Midfielder,Arsenal,,Left the Premier League,18,1439
2020–21,Departure,Arsenal,38411,Nacho Monreal,Defender,Arsenal,,Left the Premier League,3,270
2020–21,Departure,Arsenal,39476,Sokratis Papastathopoulos,Defender,Arsenal,,Left the Premier League,19,1696
2020–21,Signing,Arsenal,226597,Gabriel dos Santos Magalhães,Defender,,Arsenal,Signing from outside the Premier League,23,1996
2020–21,Signing,Arsenal,184029,Martin Ødegaard,Midfielder,,Arsenal,Signing from outside the Premier League,14,861
2020–21,Signing,Arsenal,131897,Mathew Ryan,Goalkeeper,Brighton & Hove Albion,Arsenal,Mid-season move,3,270
2020–21,Signing,Arsenal,153256,Mohamed Elneny,Midfielder,Arsenal,Arsenal,Returned to the Premier League,23,1538
2020–21,Signing,Arsenal,115918,Rúnar Alex Rúnarsson,Goalkeeper,,Arsenal,Signing from outside the Premier League,1,15
2020–21,Signing,Arsenal,167199,Thomas Partey,Midfielder,,Arsenal,Signing from outside the Premier League,24,1529
2020–21,Signing,Arsenal,47431,Willian Borges da Silva,Midfielder,Chelsea,Arsenal,Signing from another Premier League club,25,1398
2020–21,Departure,Aston Villa,108156,Bjorn Engels,Defender,Aston Villa,,Left the Premier League,17,1446
2020–21,Departure,Aston Villa,83091,Borja González Tomás,Forward,Aston Villa,,Left the Premier League,2,16
2020–21,Departure,Aston Villa,61603,Daniel Drinkwater,Midfielder,Aston Villa,,Left the Premier League,4,259
2020–21,Departure,Aston Villa,203368,Frédéric Guilbert,Defender,Aston Villa,,Left the Premier League,25,2038
2020–21,Departure,Aston Villa,40564,Henri Lansbury,Midfielder,Aston Villa,,Left the Premier League,10,190
2020–21,Departure,Aston Villa,223349,Indiana Vassilev,Midfielder,Aston Villa,,Left the Premier League,4,47
2020–21,Departure,Aston Villa,79852,Jed Steer,Goalkeeper,Aston Villa,,Left the Premier League for a time,1,7
2020–21,Departure,Aston Villa,54764,Jonathan Kodjia,Forward,Aston Villa,,Left the Premier League,6,111
2020–21,Departure,Aston Villa,89274,José Ignacio Peleteiro Romallo,Midfielder,Aston Villa,,Left the Premier League,10,329
2020–21,Departure,Aston Villa,8432,José Reina,Goalkeeper,Aston Villa,,Left the Premier League,12,1080
2020–21,Departure,Aston Villa,217487,Mbwana Samatta,Forward,Aston Villa,,Left the Premier League,14,940
2020–21,Departure,Aston Villa,21205,Tom Heaton,Goalkeeper,Aston Villa,,Left the Premier League,20,1794
2020–21,Departure,Aston Villa,98770,Ørjan Nyland,Goalkeeper,Aston Villa,,Left the Premier League,7,537
2020–21,Signing,Aston Villa,110504,Bertrand Traoré,Midfielder,,Aston Villa,Signing from outside the Premier League,36,2315
2020–21,Signing,Aston Villa,478912,Carney Chukwuemeka,Midfielder,,Aston Villa,Signing from outside the Premier League,2,18
2020–21,Signing,Aston Villa,98980,Emiliano Martínez Romero,Goalkeeper,Arsenal,Aston Villa,Signing from another Premier League club,38,3420
2020–21,Signing,Aston Villa,232653,Jacob Ramsey,Midfielder,,Aston Villa,Signing from outside the Premier League,22,611
2020–21,Signing,Aston Villa,481624,Jaden Philogene,Midfielder,,Aston Villa,Signing from outside the Premier League,1,1
2020–21,Signing,Aston Villa,199796,Matty Cash,Defender,,Aston Villa,Signing from outside the Premier League,28,2373
2020–21,Signing,Aston Villa,122775,Morgan Sanson,Midfielder,,Aston Villa,Signing from outside the Premier League,9,288
2020–21,Signing,Aston Villa,178301,Ollie Watkins,Forward,,Aston Villa,Signing from outside the Premier League,37,3328
2020–21,Signing,Aston Villa,88894,Ross Barkley,Midfielder,Chelsea,Aston Villa,Mid-season move,24,1526
2020–21,Departure,Brighton & Hove Albion,74471,Aaron Mooy,Midfielder,Brighton & Hove Albion,,Left the Premier League,31,2079
2020–21,Departure,Brighton & Hove Albion,40845,Dale Stephens,Midfielder,Brighton & Hove Albion,Burnley,Sold to another Premier League club,33,2525
2020–21,Departure,Brighton & Hove Albion,74375,Ezequiel Schelotto,Defender,Brighton & Hove Albion,,Left the Premier League,8,357
2020–21,Departure,Brighton & Hove Albion,93284,Florin Andone,Forward,Brighton & Hove Albion,,Left the Premier League,3,71
2020–21,Departure,Brighton & Hove Albion,42748,Gaëtan Bong,Defender,Brighton & Hove Albion,,Left the Premier League,4,57
2020–21,Departure,Brighton & Hove Albion,20529,Glenn Murray,Forward,Brighton & Hove Albion,,Left the Premier League,23,785
2020–21,Departure,Brighton & Hove Albion,106757,Jürgen Locadia,Forward,Brighton & Hove Albion,,Left the Premier League for a time,2,85
2020–21,Departure,Brighton & Hove Albion,86153,Martín Montoya,Defender,Brighton & Hove Albion,,Left the Premier League,27,1892
2020–21,Departure,Brighton & Hove Albion,131897,Mathew Ryan,Goalkeeper,Brighton & Hove Albion,Arsenal,Mid-season move,11,990
2020–21,Departure,Brighton & Hove Albion,61933,Shane Duffy,Defender,Brighton & Hove Albion,,Left the Premier League for a time,19,1232
2020–21,Signing,Brighton & Hove Albion,39155,Adam Lallana,Midfielder,Liverpool,Brighton & Hove Albion,Signing from another Premier League club,30,1584
2020–21,Signing,Brighton & Hove Albion,204676,Andi Zeqiri,Forward,,Brighton & Hove Albion,Signing from outside the Premier League,9,164
2020–21,Signing,Brighton & Hove Albion,198869,Benjamin White,Defender,,Brighton & Hove Albion,Signing from outside the Premier League,36,3192
2020–21,Signing,Brighton & Hove Albion,50175,Danny Welbeck,Forward,Watford,Brighton & Hove Albion,Signing from another Premier League club,24,1541
2020–21,Signing,Brighton & Hove Albion,243505,Jakub Moder,Midfielder,,Brighton & Hove Albion,Signing from outside the Premier League,12,643
2020–21,Signing,Brighton & Hove Albion,220738,Jayson Molumby,Midfielder,,Brighton & Hove Albion,Signing from outside the Premier League,1,1
2020–21,Signing,Brighton & Hove Albion,167473,José Izquierdo,Midfielder,Brighton & Hove Albion,Brighton & Hove Albion,Returned to the Premier League,1,8
2020–21,Signing,Brighton & Hove Albion,111478,Joël Veltman,Defender,,Brighton & Hove Albion,Signing from outside the Premier League,28,2280
2020–21,Signing,Brighton & Hove Albion,230127,Percy Tau,Midfielder,,Brighton & Hove Albion,Signing from outside the Premier League,3,101
2020–21,Signing,Brighton & Hove Albion,465572,Reda Khadra,Midfielder,,Brighton & Hove Albion,Signing from outside the Premier League,1,4
2020–21,Signing,Brighton & Hove Albion,215059,Robert Lynch Sánchez,Goalkeeper,,Brighton & Hove Albion,Signing from outside the Premier League,27,2430
2020–21,Departure,Burnley,17349,Aaron Lennon,Midfielder,Burnley,,Left the Premier League for a time,16,485
2020–21,Departure,Burnley,83314,Jeff Hendrick,Midfielder,Burnley,Newcastle United,Sold to another Premier League club,24,1930
2020–21,Departure,Burnley,461450,Max Thompson,Forward,Burnley,,Left the Premier League,1,2
2020–21,Signing,Burnley,220037,Bailey Peacock-Farrell,Goalkeeper,,Burnley,Signing from outside the Premier League,4,360
2020–21,Signing,Burnley,40845,Dale Stephens,Midfielder,Brighton & Hove Albion,Burnley,Signing from another Premier League club,7,257
2020–21,Signing,Burnley,218023,Jimmy Dunne,Defender,,Burnley,Signing from outside the Premier League,3,270
2020–21,Signing,Burnley,430367,Joel Mumbongo,Forward,,Burnley,Signing from outside the Premier League,4,37
2020–21,Signing,Burnley,217401,Josh Benson,Midfielder,,Burnley,Signing from outside the Premier League,6,260
2020–21,Signing,Burnley,461096,Lewis Richardson,Forward,,Burnley,Signing from outside the Premier League,2,3
2020–21,Signing,Burnley,168399,Will Norris,Goalkeeper,Wolverhampton Wanderers,Burnley,Returned to the Premier League,2,180
2020–21,Departure,Chelsea,440323,Armando Broja,Forward,Chelsea,,Left the Premier League for a time,1,4
2020–21,Departure,Chelsea,223332,Faustino Anjorin,Midfielder,Chelsea,,Left the Premier League,1,19
2020–21,Departure,Chelsea,94245,Michy Batshuayi,Forward,Chelsea,Crystal Palace,Sold to another Premier League club,16,224
2020–21,Departure,Chelsea,49579,Pedro Rodríguez Ledesma,Midfielder,Chelsea,,Left the Premier League,11,659
2020–21,Departure,Chelsea,88894,Ross Barkley,Midfielder,Chelsea,Aston Villa,Mid-season move,2,40
2020–21,Departure,Chelsea,126187,Ruben Loftus-Cheek,Midfielder,Chelsea,Fulham,Mid-season move,1,60
2020–21,Departure,Chelsea,47431,Willian Borges da Silva,Midfielder,Chelsea,Arsenal,Sold to another Premier League club,36,2595
2020–21,Signing,Chelsea,172850,Ben Chilwell,Defender,Leicester City,Chelsea,Signing from another Premier League club,27,2286
2020–21,Signing,Chelsea,228286,Edouard Mendy,Goalkeeper,,Chelsea,Signing from outside the Premier League,31,2745
2020–21,Signing,Chelsea,124183,Hakim Ziyech,Midfielder,,Chelsea,Signing from outside the Premier League,23,1164
2020–21,Signing,Chelsea,219847,Kai Havertz,Forward,,Chelsea,Signing from outside the Premier League,27,1512
2020–21,Signing,Chelsea,51090,Thiago Emiliano da Silva,Defender,,Chelsea,Signing from outside the Premier League,23,1935
2020–21,Signing,Chelsea,165153,Timo Werner,Midfielder,,Chelsea,Signing from outside the Premier League,35,2598
2020–21,Departure,Crystal Palace,466955,Brandon Pierrick,Midfielder,Crystal Palace,,Left the Premier League,2,13
2020–21,Departure,Crystal Palace,66838,Cenk Tosun,Forward,Crystal Palace,Everton,Sold to another Premier League club,5,174
2020–21,Departure,Crystal Palace,59125,Connor Wickham,Forward,Crystal Palace,,Left the Premier League,6,90
2020–21,Departure,Crystal Palace,141020,Max Meyer,Midfielder,Crystal Palace,,Left the Premier League,17,645
2020–21,Departure,Crystal Palace,175946,Víctor Camarasa,Midfielder,Crystal Palace,,Left the Premier League,1,5
2020–21,Departure,Crystal Palace,20066,Wayne Hennessey,Goalkeeper,Crystal Palace,,Left the Premier League for a time,3,270
2020–21,Signing,Crystal Palace,232413,Eberechi Eze,Midfielder,,Crystal Palace,Signing from outside the Premier League,34,2555
2020–21,Signing,Crystal Palace,105666,Jack Butland,Goalkeeper,Stoke City,Crystal Palace,Returned to the Premier League,1,90
2020–21,Signing,Crystal Palace,231747,Jean-Philippe Mateta,Forward,,Crystal Palace,Signing from outside the Premier League,7,215
2020–21,Signing,Crystal Palace,94245,Michy Batshuayi,Forward,Chelsea,Crystal Palace,Signing from another Premier League club,18,717
2020–21,Signing,Crystal Palace,57328,Nathaniel Clyne,Defender,AFC Bournemouth,Crystal Palace,Returned to the Premier League,13,1145
2020–21,Departure,Everton,102747,Djibril Sidibé,Defender,Everton,,Left the Premier League,25,1818
2020–21,Departure,Everton,480455,Jarrad Branthwaite,Defender,Everton,,Left the Premier League for a time,4,299
2020–21,Departure,Everton,12745,Leighton Baines,Defender,Everton,,Left the Premier League,8,400
2020–21,Departure,Everton,42774,Morgan Schneiderlin,Midfielder,Everton,,Left the Premier League,15,998
2020–21,Departure,Everton,113688,Oumar Niasse,Forward,Everton,,Left the Premier League,3,19
2020–21,Departure,Everton,20467,Theo Walcott,Midfielder,Everton,Southampton,Mid-season move,1,12
2020–21,Signing,Everton,121599,Abdoulaye Doucouré,Midfielder,Watford,Everton,Signing from another Premier League club,29,2443
2020–21,Signing,Everton,119765,Allan Marques Loureiro,Midfielder,,Everton,Signing from outside the Premier League,24,2050
2020–21,Signing,Everton,198826,Ben Godfrey,Defender,Norwich City,Everton,Signing from another Premier League club,31,2683
2020–21,Signing,Everton,66838,Cenk Tosun,Forward,Crystal Palace,Everton,Signing from another Premier League club,5,44
2020–21,Signing,Everton,60025,James Rodríguez,Midfielder,,Everton,Signing from outside the Premier League,23,1763
2020–21,Signing,Everton,153673,Jonjoe Kenny,Defender,Everton,Everton,Returned to the Premier League,4,78
2020–21,Signing,Everton,78007,Joshua King,Forward,AFC Bournemouth,Everton,Signing from another Premier League club,11,138
2020–21,Signing,Everton,222627,João Virgínia,Goalkeeper,,Everton,Signing from outside the Premier League,1,47
2020–21,Signing,Everton,173818,Nathan Broadhead,Midfielder,,Everton,Signing from outside the Premier League,1,2
2020–21,Signing,Everton,495542,Niels Nkounkou,Defender,,Everton,Signing from outside the Premier League,2,80
2020–21,Signing,Everton,111782,Robin Olsen,Goalkeeper,,Everton,Signing from outside the Premier League,7,630
2020–21,Signing,Fulham,197030,Aboubakar Kamara,Midfielder,Fulham,Fulham,Returned to the Premier League,11,307
2020–21,Signing,Fulham,219352,Ademola Lookman,Midfielder,Everton,Fulham,Returned to the Premier League,34,2746
2020–21,Signing,Fulham,128389,Aleksandar Mitrović,Forward,Fulham,Fulham,Returned to the Premier League,27,1389
2020–21,Signing,Fulham,84182,Alphonse Areola,Goalkeeper,,Fulham,Signing from outside the Premier League,36,3240
2020–21,Signing,Fulham,203325,André-Frank Zambo Anguissa,Midfielder,Fulham,Fulham,Returned to the Premier League,36,2581
2020–21,Signing,Fulham,169528,Antonee Robinson,Defender,,Fulham,Signing from outside the Premier League,28,2159
2020–21,Signing,Fulham,96994,Bobby De Cordova-Reid,Midfielder,Cardiff City,Fulham,Returned to the Premier League,33,2367
2020–21,Signing,Fulham,72681,Denis Odoi,Defender,Fulham,Fulham,Returned to the Premier League,3,270
2020–21,Signing,Fulham,244858,Fábio Freitas Gouveia Carvalho,Midfielder,,Fulham,Signing from outside the Premier League,4,254
2020–21,Signing,Fulham,153366,Harrison Reed,Midfielder,Southampton,Fulham,Returned to the Premier League,31,2243
2020–21,Signing,Fulham,166324,Ivan Ricardo Neves Abreu Cavaleiro,Midfielder,Wolverhampton Wanderers,Fulham,Returned to the Premier League,36,2465
2020–21,Signing,Fulham,174874,Joachim Andersen,Defender,,Fulham,Signing from outside the Premier League,31,2729
2020–21,Signing,Fulham,101105,Joe Bryan,Defender,Fulham,Fulham,Returned to the Premier League,16,663
2020–21,Signing,Fulham,195480,Josh Maja,Forward,,Fulham,Signing from outside the Premier League,15,804
2020–21,Signing,Fulham,168765,Josh Onomah,Midfielder,Tottenham Hotspur,Fulham,Returned to the Premier League,11,369
2020–21,Signing,Fulham,167074,Kenny Tete,Defender,,Fulham,Signing from outside the Premier League,22,1477
2020–21,Signing,Fulham,155529,Marek Rodák,Goalkeeper,,Fulham,Signing from outside the Premier League,2,180
2020–21,Signing,Fulham,151086,Mario Lemina,Midfielder,Southampton,Fulham,Returned to the Premier League,28,1696
2020–21,Signing,Fulham,61739,Maxime Le Marchand,Defender,Fulham,Fulham,Returned to the Premier League,2,122
2020–21,Signing,Fulham,84915,Michael Hector,Defender,,Fulham,Signing from outside the Premier League,4,262
2020–21,Signing,Fulham,92259,Neeskens Kebano,Midfielder,Fulham,Fulham,Returned to the Premier League,5,116
2020–21,Signing,Fulham,159506,Ola Aina,Defender,Chelsea,Fulham,Returned to the Premier League,31,2664
2020–21,Signing,Fulham,126187,Ruben Loftus-Cheek,Midfielder,Chelsea,Fulham,Mid-season move,30,1902
2020–21,Signing,Fulham,109434,Terence Kongolo,Defender,Huddersfield Town,Fulham,Returned to the Premier League,1,90
2020–21,Signing,Fulham,82514,Tim Ream,Defender,Fulham,Fulham,Returned to the Premier League,7,630
2020–21,Signing,Fulham,76357,Tom Cairney,Midfielder,Fulham,Fulham,Returned to the Premier League,10,758
2020–21,Signing,Fulham,109646,Tosin Adarabioyo,Defender,,Fulham,Signing from outside the Premier League,33,2953
2020–21,Signing,Fulham,432931,Tyrese Francois,Midfielder,,Fulham,Signing from outside the Premier League,1,14
2020–21,Signing,Leeds United,149915,Diego Llorente,Defender,,Leeds United,Signing from outside the Premier League,15,1203
2020–21,Signing,Leeds United,105377,Ezgjan Alioski,Defender,,Leeds United,Signing from outside the Premier League,36,2456
2020–21,Signing,Leeds United,39790,Francisco Casilla Cortés,Goalkeeper,,Leeds United,Signing from outside the Premier League,3,270
2020–21,Signing,Leeds United,38588,Gaetano Berardi,Defender,,Leeds United,Signing from outside the Premier League,2,113
2020–21,Signing,Leeds United,165808,Hélder Wander Sousa de Azevedo e Costa,Midfielder,Wolverhampton Wanderers,Leeds United,Returned to the Premier League,22,1150
2020–21,Signing,Leeds United,215460,Ian Carlo Poveda-Ocampo,Midfielder,,Leeds United,Signing from outside the Premier League,14,344
2020–21,Signing,Leeds United,437495,Illan Meslier,Goalkeeper,,Leeds United,Signing from outside the Premier League,35,3150
2020–21,Signing,Leeds United,221399,Jack Harrison,Midfielder,,Leeds United,Signing from outside the Premier League,36,2846
2020–21,Signing,Leeds United,221610,Jamie Shackleton,Midfielder,,Leeds United,Signing from outside the Premier League,13,454
2020–21,Signing,Leeds United,155405,Kalvin Phillips,Midfielder,,Leeds United,Signing from outside the Premier League,29,2428
2020–21,Signing,Leeds United,455084,Leif Davis,Defender,,Leeds United,Signing from outside the Premier League,2,31
2020–21,Signing,Leeds United,55914,Liam Cooper,Defender,,Leeds United,Signing from outside the Premier League,25,2186
2020–21,Signing,Leeds United,66588,Luke Ayling,Defender,,Leeds United,Signing from outside the Premier League,38,3399
2020–21,Signing,Leeds United,72222,Mateusz Klich,Midfielder,,Leeds United,Signing from outside the Premier League,35,2386
2020–21,Signing,Leeds United,492066,Niall Huggins,Forward,,Leeds United,Signing from outside the Premier League,1,37
2020–21,Signing,Leeds United,28690,Pablo Hernández Domínguez,Midfielder,,Leeds United,Signing from outside the Premier League,16,414
2020–21,Signing,Leeds United,222694,Pascal Struijk,Defender,,Leeds United,Signing from outside the Premier League,27,2072
2020–21,Signing,Leeds United,106617,Patrick Bamford,Forward,Middlesbrough,Leeds United,Returned to the Premier League,38,3052
2020–21,Signing,Leeds United,219961,Raphael Dias Belloli,Midfielder,,Leeds United,Signing from outside the Premier League,30,2358
2020–21,Signing,Leeds United,193645,Robin Koch,Defender,,Leeds United,Signing from outside the Premier League,17,1130
2020–21,Signing,Leeds United,80954,Rodrigo Moreno,Midfielder,,Leeds United,Signing from outside the Premier League,26,1279
2020–21,Signing,Leeds United,87873,Stuart Dallas,Midfielder,,Leeds United,Signing from outside the Premier League,38,3410
2020–21,Signing,Leeds United,173821,Tyler Roberts,Midfielder,,Leeds United,Signing from outside the Premier League,27,1330
2020–21,Departure,Leicester City,172850,Ben Chilwell,Defender,Leicester City,Chelsea,Sold to another Premier League club,27,2374
2020–21,Departure,Leicester City,222625,George Hirst,Forward,Leicester City,,Left the Premier League for a time,2,9
2020–21,Departure,Leicester City,61604,Matty James,Midfielder,Leicester City,,Left the Premier League,1,5
2020–21,Departure,Leicester City,41727,Ryan Bennett,Defender,Leicester City,,Left the Premier League,5,329
2020–21,Signing,Leicester City,228798,Cengiz Ünder,Midfielder,,Leicester City,Signing from outside the Premier League,9,275
2020–21,Signing,Leicester City,155569,Daniel Amartey,Defender,Leicester City,Leicester City,Returned to the Premier League,12,718
2020–21,Signing,Leicester City,149828,Islam Slimani,Forward,Newcastle United,Leicester City,Returned to the Premier League,1,19
2020–21,Signing,Leicester City,421796,Sidnei Tavares,Midfielder,,Leicester City,Signing from outside the Premier League,2,84
2020–21,Signing,Leicester City,232881,Thakgalo Leshabela,Midfielder,,Leicester City,Signing from outside the Premier League,1,9
2020–21,Signing,Leicester City,166477,Timothy Castagne,Defender,,Leicester City,Signing from outside the Premier League,27,2345
2020–21,Signing,Leicester City,444463,Wesley Fofana,Defender,,Leicester City,Signing from outside the Premier League,28,2260
2020–21,Departure,Liverpool,39155,Adam Lallana,Midfielder,Liverpool,Brighton & Hove Albion,Sold to another Premier League club,15,371
2020–21,Departure,Liverpool,38454,Dejan Lovren,Defender,Liverpool,,Left the Premier League,10,776
2020–21,Departure,Liverpool,444884,Harvey Elliott,Midfielder,Liverpool,,Left the Premier League for a time,2,7
2020–21,Departure,Liverpool,157882,Takumi Minamino,Midfielder,Liverpool,Southampton,Mid-season move,9,289
2020–21,Signing,Liverpool,200720,Caoimhín Kelleher,Goalkeeper,,Liverpool,Signing from outside the Premier League,2,180
2020–21,Signing,Liverpool,194634,Diogo Teixeira da Silva,Midfielder,Wolverhampton Wanderers,Liverpool,Signing from another Premier League club,19,1106
2020–21,Signing,Liverpool,214285,Konstantinos Tsimikas,Defender,,Liverpool,Signing from outside the Premier League,2,6
2020–21,Signing,Liverpool,197464,Nathaniel Phillips,Defender,,Liverpool,Signing from outside the Premier League,17,1455
2020–21,Signing,Liverpool,438277,Ozan Kabak,Defender,,Liverpool,Signing from outside the Premier League,9,801
2020–21,Signing,Liverpool,219937,Rhys Williams,Defender,,Liverpool,Signing from outside the Premier League,9,659
2020–21,Signing,Liverpool,61558,Thiago Alcántara do Nascimento,Midfielder,,Liverpool,Signing from outside the Premier League,24,1851
2020–21,Departure,Manchester City,33148,Claudio Bravo,Goalkeeper,Manchester City,,Left the Premier League,4,346
2020–21,Departure,Manchester City,20664,David Silva,Midfielder,Manchester City,,Left the Premier League,27,1821
2020–21,Departure,Manchester City,145235,José Ángel Esmorís Tasende,Defender,Manchester City,,Left the Premier League,6,422
2020–21,Departure,Manchester City,182156,Leroy Sané,Midfielder,Manchester City,,Left the Premier League,1,11
2020–21,Departure,Manchester City,57410,Nicolás Otamendi,Defender,Manchester City,,Left the Premier League,24,1710
2020–21,Departure,Manchester City,220394,Tommy Doyle,Midfielder,Manchester City,,Left the Premier League for a time,1,15
2020–21,Signing,Manchester City,224444,Ferran Torres,Midfielder,,Manchester City,Signing from outside the Premier League,24,1297
2020–21,Signing,Manchester City,463034,Liam Delap,Forward,,Manchester City,Signing from outside the Premier League,1,39
2020–21,Signing,Manchester City,126184,Nathan Aké,Defender,AFC Bournemouth,Manchester City,Signing from another Premier League club,10,797
2020–21,Signing,Manchester City,171314,Rúben dos Santos Gato Alves Dias,Defender,,Manchester City,Signing from outside the Premier League,32,2843
2020–21,Signing,Manchester City,17601,Scott Carson,Goalkeeper,,Manchester City,Signing from outside the Premier League,1,90
2020–21,Signing,Manchester City,164484,Zack Steffen,Goalkeeper,,Manchester City,Signing from outside the Premier League,1,90
2020–21,Departure,Manchester United,156689,Andreas Hoelgebaum Pereira,Midfielder,Manchester United,,Left the Premier League for a time,25,1478
2020–21,Departure,Manchester United,209041,Angel Gomes,Midfielder,Manchester United,,Left the Premier League for a time,2,19
2020–21,Departure,Manchester United,18892,Ashley Young,Defender,Manchester United,,Left the Premier League for a time,12,953
2020–21,Departure,Manchester United,216051,Diogo Dalot Teixeira,Defender,Manchester United,,Left the Premier League for a time,4,65
2020–21,Departure,Manchester United,232928,James Garner,Midfielder,Manchester United,,Left the Premier League for a time,1,8
2020–21,Departure,Manchester United,109322,Jesse Lingard,Midfielder,Manchester United,West Ham United,Sold to another Premier League club,22,923
2020–21,Departure,Manchester United,58893,Marcos Rojo,Defender,Manchester United,,Left the Premier League,3,121
2020–21,Departure,Manchester United,76359,Phil Jones,Defender,Manchester United,,Left the Premier League for a time,2,135
2020–21,Departure,Manchester United,222677,Tahith Chong,Midfielder,Manchester United,,Left the Premier League for a time,3,34
2020–21,Signing,Manchester United,152590,Alex Nicolao Telles,Defender,,Manchester United,Signing from outside the Premier League,9,689
2020–21,Signing,Manchester United,493250,Amad Diallo,Midfielder,,Manchester United,Signing from outside the Premier League,3,165
2020–21,Signing,Manchester United,449434,Anthony Elanga,Midfielder,,Manchester United,Signing from outside the Premier League,2,155
2020–21,Signing,Manchester United,172649,Dean Henderson,Goalkeeper,Sheffield United,Manchester United,Signing from another Premier League club,13,1125
2020–21,Signing,Manchester United,180184,Donny van de Beek,Midfielder,,Manchester United,Signing from outside the Premier League,19,511
2020–21,Signing,Manchester United,40720,Edinson Cavani,Forward,,Manchester United,Signing from outside the Premier League,26,1364
2020–21,Signing,Manchester United,465527,Hannibal Mejbri,Midfielder,,Manchester United,Signing from outside the Premier League,1,8
2020–21,Signing,Manchester United,472464,Shola Shoretire,Midfielder,,Manchester United,Signing from outside the Premier League,2,9
2020–21,Signing,Manchester United,461566,William Fish,Defender,,Manchester United,Signing from outside the Premier League,1,1
2020–21,Departure,Newcastle United,104953,Christian Atsu,Midfielder,Newcastle United,,Left the Premier League,19,738
2020–21,Departure,Newcastle United,38290,Danny Rose,Defender,Newcastle United,,Left the Premier League for a time,11,862
2020–21,Departure,Newcastle United,77359,Florian Lejeune,Defender,Newcastle United,,Left the Premier League,6,440
2020–21,Departure,Newcastle United,92159,Jetro Willems,Defender,Newcastle United,,Left the Premier League,19,1492
2020–21,Departure,Newcastle United,232977,Kelland Watts,Defender,Newcastle United,,Left the Premier League,1,16
2020–21,Departure,Newcastle United,126407,Nabil Bentaleb,Midfielder,Newcastle United,,Left the Premier League,12,747
2020–21,Departure,Newcastle United,76542,Sung-yueng Ki,Midfielder,Newcastle United,,Left the Premier League,3,135
2020–21,Departure,Newcastle United,116543,Valentino Lazaro,Midfielder,Newcastle United,,Left the Premier League,13,472
2020–21,Departure,Newcastle United,196118,Yoshinori Muto,Forward,Newcastle United,,Left the Premier League,8,207
2020–21,Signing,Newcastle United,75115,Callum Wilson,Forward,AFC Bournemouth,Newcastle United,Signing from another Premier League club,26,2081
2020–21,Signing,Newcastle United,215379,Elliot Anderson,Midfielder,,Newcastle United,Signing from outside the Premier League,1,3
2020–21,Signing,Newcastle United,114243,Jacob Murphy,Midfielder,Newcastle United,Newcastle United,Returned to the Premier League,26,1617
2020–21,Signing,Newcastle United,194799,Jamal Lewis,Defender,Norwich City,Newcastle United,Signing from another Premier League club,24,1833
2020–21,Signing,Newcastle United,83314,Jeff Hendrick,Midfielder,Burnley,Newcastle United,Signing from another Premier League club,22,1418
2020–21,Signing,Newcastle United,200089,Joe Willock,Midfielder,Arsenal,Newcastle United,Mid-season move,14,976
2020–21,Signing,Newcastle United,59735,Karl Darlow,Goalkeeper,Newcastle United,Newcastle United,Returned to the Premier League,25,2250
2020–21,Signing,Newcastle United,90105,Ryan Fraser,Midfielder,AFC Bournemouth,Newcastle United,Signing from another Premier League club,18,922
2020–21,Departure,Norwich City,432735,Adam Idah,Forward,Norwich City,,Left the Premier League for a time,12,219
2020–21,Departure,Norwich City,232667,Akin Famewo,Defender,Norwich City,,Left the Premier League,1,1
2020–21,Departure,Norwich City,18665,Alexander Tettey,Midfielder,Norwich City,,Left the Premier League,30,2339
2020–21,Departure,Norwich City,198826,Ben Godfrey,Defender,Norwich City,Everton,Sold to another Premier League club,30,2644
2020–21,Departure,Norwich City,192303,Christoph Zimmermann,Defender,Norwich City,,Left the Premier League for a time,17,1430
2020–21,Departure,Norwich City,179587,Dennis Srbeny,Forward,Norwich City,,Left the Premier League,8,41
2020–21,Departure,Norwich City,195546,Emiliano Buendía Stati,Midfielder,Norwich City,,Left the Premier League for a time,36,2458
2020–21,Departure,Norwich City,83428,Grant Hanley,Defender,Norwich City,,Left the Premier League for a time,15,1261
2020–21,Departure,Norwich City,128348,Ibrahim Amadou,Midfielder,Norwich City,,Left the Premier League,11,756
2020–21,Departure,Norwich City,194799,Jamal Lewis,Defender,Norwich City,Newcastle United,Sold to another Premier League club,28,2301
2020–21,Departure,Norwich City,444253,Jordan Thomas,Defender,Norwich City,,Left the Premier League,1,1
2020–21,Departure,Norwich City,439485,Josh Martin,Midfielder,Norwich City,,Left the Premier League,5,32
2020–21,Departure,Norwich City,81048,Josip Drmic,Forward,Norwich City,,Left the Premier League,21,636
2020–21,Departure,Norwich City,78607,Kenny McLean,Midfielder,Norwich City,,Left the Premier League for a time,37,2965
2020–21,Departure,Norwich City,76306,Lukas Rupp,Midfielder,Norwich City,,Left the Premier League for a time,12,692
2020–21,Departure,Norwich City,71738,Marco Stiepermann,Midfielder,Norwich City,,Left the Premier League,24,1173
2020–21,Departure,Norwich City,37614,Mario Vrancic,Midfielder,Norwich City,,Left the Premier League,20,624
2020–21,Departure,Norwich City,232980,Max Aarons,Defender,Norwich City,,Left the Premier League for a time,36,3240
2020–21,Departure,Norwich City,18499,Michael McGovern,Goalkeeper,Norwich City,,Left the Premier League,2,158
2020–21,Departure,Norwich City,87396,Moritz Leitner,Midfielder,Norwich City,,Left the Premier League,9,683
2020–21,Departure,Norwich City,139110,Ondrej Duda,Midfielder,Norwich City,,Left the Premier League,10,723
2020–21,Departure,Norwich City,89470,Onel Hernández,Midfielder,Norwich City,,Left the Premier League,26,1374
2020–21,Departure,Norwich City,124165,Patrick Roberts,Midfielder,Norwich City,,Left the Premier League for a time,3,24
2020–21,Departure,Norwich City,28082,Ralf Fahrmann,Goalkeeper,Norwich City,,Left the Premier League,1,21
2020–21,Departure,Norwich City,113564,Sam Byram,Defender,Norwich City,,Left the Premier League for a time,17,1292
2020–21,Departure,Norwich City,57127,Teemu Pukki,Forward,Norwich City,,Left the Premier League for a time,36,2884
2020–21,Departure,Norwich City,20480,Tim Krul,Goalkeeper,Norwich City,,Left the Premier League for a time,36,3240
2020–21,Departure,Norwich City,84384,Timm Klose,Defender,Norwich City,,Left the Premier League,7,585
2020–21,Departure,Norwich City,193111,Todd Cantwell,Midfielder,Norwich City,,Left the Premier League for a time,37,2484
2020–21,Departure,Norwich City,90440,Tom Trybull,Midfielder,Norwich City,,Left the Premier League,16,1128
2020–21,Departure,Sheffield United,171975,Callum Robinson,Forward,Sheffield United,West Bromwich Albion,Sold to another Premier League club,16,669
2020–21,Departure,Sheffield United,172649,Dean Henderson,Goalkeeper,Sheffield United,Manchester United,Sold to another Premier League club,36,3240
2020–21,Departure,Sheffield United,49384,Jack Rodwell,Midfielder,Sheffield United,,Left the Premier League,1,15
2020–21,Departure,Sheffield United,87121,Kieron Freeman,Defender,Sheffield United,,Left the Premier League,2,6
2020–21,Departure,Sheffield United,18440,Leon Clarke,Forward,Sheffield United,,Left the Premier League,2,33
2020–21,Departure,Sheffield United,49083,Luke Freeman,Midfielder,Sheffield United,,Left the Premier League,11,360
2020–21,Departure,Sheffield United,87447,Muhamed Bešić,Midfielder,Sheffield United,,Left the Premier League,9,243
2020–21,Departure,Sheffield United,90518,Ravel Morrison,Midfielder,Sheffield United,,Left the Premier League,1,12
2020–21,Departure,Sheffield United,147612,Richairo Zivkovic,Forward,Sheffield United,,Left the Premier League,5,107
2020–21,Departure,Sheffield United,74854,Simon Moore,Goalkeeper,Sheffield United,,Left the Premier League,2,180
2020–21,Signing,Sheffield United,225321,Aaron Ramsdale,Goalkeeper,AFC Bournemouth,Sheffield United,Signing from another Premier League club,38,3420
2020–21,Signing,Sheffield United,487836,Antwoine Hackford,Forward,,Sheffield United,Signing from outside the Premier League,1,10
2020–21,Signing,Sheffield United,523700,Daniel Jebbison,Forward,,Sheffield United,Signing from outside the Premier League,4,283
2020–21,Signing,Sheffield United,199598,Ethan Ampadu,Midfielder,Chelsea,Sheffield United,Returned to the Premier League,25,2087
2020–21,Signing,Sheffield United,471848,Femi Seriki,Midfielder,,Sheffield United,Signing from outside the Premier League,1,1
2020–21,Signing,Sheffield United,440993,Iliman Ndiaye,Midfielder,,Sheffield United,Signing from outside the Premier League,1,11
2020–21,Signing,Sheffield United,226182,Jayden Bogle,Defender,,Sheffield United,Signing from outside the Premier League,16,1107
2020–21,Signing,Sheffield United,109638,Kean Bryan,Defender,,Sheffield United,Signing from outside the Premier League,13,1003
2020–21,Signing,Sheffield United,155197,Max Lowe,Defender,,Sheffield United,Signing from outside the Premier League,8,549
2020–21,Signing,Sheffield United,197937,Oliver Burke,Midfielder,West Bromwich Albion,Sheffield United,Returned to the Premier League,25,1260
2020–21,Signing,Sheffield United,195473,Rhian Brewster,Forward,,Sheffield United,Signing from outside the Premier League,27,1113
2020–21,Departure,Southampton,107265,Angus Gunn,Goalkeeper,Southampton,,Left the Premier League for a time,10,900
2020–21,Departure,Southampton,135720,Kevin Danso,Defender,Southampton,,Left the Premier League for a time,6,275
2020–21,Departure,Southampton,80447,Maya Yoshida,Defender,Southampton,,Left the Premier League,8,558
2020–21,Departure,Southampton,132015,Pierre-Emile Højbjerg,Midfielder,Southampton,Tottenham Hotspur,Sold to another Premier League club,33,2750
2020–21,Departure,Southampton,128198,Sofiane Boufal,Midfielder,Southampton,,Left the Premier League,20,753
2020–21,Signing,Southampton,449781,Alexandre Jankewitz,Midfielder,,Southampton,Signing from outside the Premier League,2,2
2020–21,Signing,Southampton,447093,Allan Tchaptchet,Defender,,Southampton,Signing from outside the Premier League,1,12
2020–21,Signing,Southampton,456966,Caleb Watts,Midfielder,,Southampton,Signing from outside the Premier League,3,36
2020–21,Signing,Southampton,200088,Daniel N'Lundulu,Forward,,Southampton,Signing from outside the Premier League,13,102
2020–21,Signing,Southampton,40383,Fraser Forster,Goalkeeper,Southampton,Southampton,Returned to the Premier League,8,720
2020–21,Signing,Southampton,240143,Ibrahima Diallo,Midfielder,,Southampton,Signing from outside the Premier League,22,1010
2020–21,Signing,Southampton,232797,Kayne Ramsay,Defender,Southampton,Southampton,Returned to the Premier League,1,90
2020–21,Signing,Southampton,450527,Mohammed Salisu,Defender,,Southampton,Signing from outside the Premier League,12,841
2020–21,Signing,Southampton,157882,Takumi Minamino,Midfielder,Liverpool,Southampton,Mid-season move,10,710
2020–21,Signing,Southampton,20467,Theo Walcott,Midfielder,Everton,Southampton,Mid-season move,21,1617
2020–21,Departure,Tottenham Hotspur,80607,Christian Eriksen,Midfielder,Tottenham Hotspur,,Left the Premier League for a time,20,1090
2020–21,Departure,Tottenham Hotspur,195774,Gedson Carvalho Fernandes,Midfielder,Tottenham Hotspur,,Left the Premier League,7,62
2020–21,Departure,Tottenham Hotspur,168566,Georges-Kévin Nkoudou,Midfielder,Tottenham Hotspur,,Left the Premier League,1,2
2020–21,Departure,Tottenham Hotspur,39194,Jan Vertonghen,Defender,Tottenham Hotspur,,Left the Premier League,23,1644
2020–21,Departure,Tottenham Hotspur,234908,Juan Foyth,Defender,Tottenham Hotspur,,Left the Premier League,4,66
2020–21,Departure,Tottenham Hotspur,209042,Oliver Skipp,Midfielder,Tottenham Hotspur,,Left the Premier League for a time,7,74
2020–21,Departure,Tottenham Hotspur,102884,Paulo Gazzaniga,Goalkeeper,Tottenham Hotspur,,Left the Premier League,18,1612
2020–21,Departure,Tottenham Hotspur,184349,Ryan Sessegnon,Midfielder,Tottenham Hotspur,,Left the Premier League for a time,6,341
2020–21,Departure,Tottenham Hotspur,447235,Troy Parrott,Forward,Tottenham Hotspur,,Left the Premier League,2,6
2020–21,Departure,Tottenham Hotspur,54756,Victor Wanyama,Midfielder,Tottenham Hotspur,,Left the Premier League,2,24
2020–21,Signing,Tottenham Hotspur,245824,Carlos Vinícius Alves Morais,Forward,,Tottenham Hotspur,Signing from outside the Premier League,9,305
2020–21,Signing,Tottenham Hotspur,490145,Dane Scarlett,Forward,,Tottenham Hotspur,Signing from outside the Premier League,1,1
2020–21,Signing,Tottenham Hotspur,36903,Gareth Bale,Midfielder,,Tottenham Hotspur,Signing from outside the Premier League,20,912
2020–21,Signing,Tottenham Hotspur,214225,Joe Rodon,Defender,,Tottenham Hotspur,Signing from outside the Premier League,12,732
2020–21,Signing,Tottenham Hotspur,87835,Matt Doherty,Defender,Wolverhampton Wanderers,Tottenham Hotspur,Signing from another Premier League club,17,1238
2020–21,Signing,Tottenham Hotspur,132015,Pierre-Emile Højbjerg,Midfielder,Southampton,Tottenham Hotspur,Signing from another Premier League club,38,3420
2020–21,Signing,Tottenham Hotspur,199249,Sergio Reguilón,Defender,,Tottenham Hotspur,Signing from outside the Premier League,27,2244
2020–21,Departure,Watford,121599,Abdoulaye Doucouré,Midfielder,Watford,Everton,Sold to another Premier League club,37,3156
2020–21,Departure,Watford,155651,Adam Masina,Defender,Watford,,Left the Premier League for a time,26,1815
2020–21,Departure,Watford,20145,Adrian Mariappa,Defender,Watford,,Left the Premier League,20,1509
2020–21,Departure,Watford,73426,Andre Gray,Forward,Watford,,Left the Premier League,23,741
2020–21,Departure,Watford,9089,Ben Foster,Goalkeeper,Watford,,Left the Premier League for a time,38,3420
2020–21,Departure,Watford,85624,Christian Kabasele,Defender,Watford,,Left the Premier League for a time,27,2250
2020–21,Departure,Watford,41338,Craig Cathcart,Defender,Watford,,Left the Premier League for a time,29,2488
2020–21,Departure,Watford,60232,Craig Dawson,Defender,Watford,West Ham United,Sold to another Premier League club,29,2359
2020–21,Departure,Watford,50175,Danny Welbeck,Forward,Watford,Brighton & Hove Albion,Sold to another Premier League club,18,813
2020–21,Departure,Watford,52940,Daryl Janmaat,Defender,Watford,,Left the Premier League,8,606
2020–21,Departure,Watford,96767,Dimitri Foulquier,Defender,Watford,,Left the Premier League,3,57
2020–21,Departure,Watford,216058,Domingos Quina,Midfielder,Watford,,Left the Premier League,4,18
2020–21,Departure,Watford,38439,Etienne Capoue,Midfielder,Watford,,Left the Premier League,30,2627
2020–21,Departure,Watford,54484,Francisco Femenía Far,Defender,Watford,,Left the Premier League for a time,28,2236
2020–21,Departure,Watford,94924,Gerard Deulofeu,Forward,Watford,,Left the Premier League,28,2097
2020–21,Departure,Watford,168290,Ignacio Pussetto,Midfielder,Watford,,Left the Premier League,7,67
2020–21,Departure,Watford,173514,Isaac Success Ajayi,Forward,Watford,,Left the Premier League,5,65
2020–21,Departure,Watford,232185,Ismaïla Sarr,Midfielder,Watford,,Left the Premier League for a time,28,2023
2020–21,Departure,Watford,40868,José Holebas,Defender,Watford,,Left the Premier League,14,1022
2020–21,Departure,Watford,475168,João Pedro Junqueira de Jesus,Forward,Watford,,Left the Premier League for a time,3,22
2020–21,Departure,Watford,89085,Nathaniel Chalobah,Midfielder,Watford,,Left the Premier League for a time,22,919
2020–21,Departure,Watford,61566,Roberto Pereyra,Midfielder,Watford,,Left the Premier League,28,1641
2020–21,Departure,Watford,41945,Sebastian Prödl,Defender,Watford,,Left the Premier League,1,56
2020–21,Departure,Watford,43250,Tom Cleverley,Midfielder,Watford,,Left the Premier League for a time,18,964
2020–21,Departure,Watford,41725,Troy Deeney,Forward,Watford,,Left the Premier League for a time,27,2224
2020–21,Departure,Watford,108413,Will Hughes,Midfielder,Watford,,Left the Premier League for a time,30,2249
2020–21,Signing,West Bromwich Albion,77777,Ahmed El-Sayed Hegazy,Defender,West Bromwich Albion,West Bromwich Albion,Returned to the Premier League,1,90
2020–21,Signing,West Bromwich Albion,154043,Ainsley Maitland-Niles,Midfielder,Arsenal,West Bromwich Albion,Mid-season move,15,1229
2020–21,Signing,West Bromwich Albion,41135,Branislav Ivanovic,Defender,Chelsea,West Bromwich Albion,Returned to the Premier League,13,764
2020–21,Signing,West Bromwich Albion,171975,Callum Robinson,Forward,Sheffield United,West Bromwich Albion,Signing from another Premier League club,28,1552
2020–21,Signing,West Bromwich Albion,78356,Charlie Austin,Forward,Southampton,West Bromwich Albion,Returned to the Premier League,5,135
2020–21,Signing,West Bromwich Albion,232787,Conor Gallagher,Midfielder,,West Bromwich Albion,Signing from outside the Premier League,30,2530
2020–21,Signing,West Bromwich Albion,108053,Conor Townsend,Defender,,West Bromwich Albion,Signing from outside the Premier League,25,2234
2020–21,Signing,West Bromwich Albion,216616,Dara O'Shea,Defender,,West Bromwich Albion,Signing from outside the Premier League,28,2099
2020–21,Signing,West Bromwich Albion,176420,Darnell Furlong,Defender,,West Bromwich Albion,Signing from outside the Premier League,35,2931
2020–21,Signing,West Bromwich Albion,50093,David Button,Goalkeeper,Brighton & Hove Albion,West Bromwich Albion,Returned to the Premier League,1,90
2020–21,Signing,West Bromwich Albion,200878,Filip Krovinovic,Midfielder,,West Bromwich Albion,Signing from outside the Premier League,11,541
2020–21,Signing,West Bromwich Albion,179830,Grady Diangana,Midfielder,West Ham United,West Bromwich Albion,Returned to the Premier League,20,1230
2020–21,Signing,West Bromwich Albion,49440,Hal Robson-Kanu,Forward,West Bromwich Albion,West Bromwich Albion,Returned to the Premier League,19,544
2020–21,Signing,West Bromwich Albion,49944,Jake Livermore,Midfielder,West Bromwich Albion,West Bromwich Albion,Returned to the Premier League,18,1241
2020–21,Signing,West Bromwich Albion,49957,Kamil Grosicki,Midfielder,Hull City,West Bromwich Albion,Returned to the Premier League,3,147
2020–21,Signing,West Bromwich Albion,180294,Karlan Grant,Forward,Huddersfield Town,West Bromwich Albion,Returned to the Premier League,21,1120
2020–21,Signing,West Bromwich Albion,42427,Kieran Gibbs,Defender,West Bromwich Albion,West Bromwich Albion,Returned to the Premier League,10,810
2020–21,Signing,West Bromwich Albion,59940,Kyle Bartley,Defender,Swansea City,West Bromwich Albion,Returned to the Premier League,30,2583
2020–21,Signing,West Bromwich Albion,174593,Kyle Edwards,Midfielder,,West Bromwich Albion,Signing from outside the Premier League,5,114
2020–21,Signing,West Bromwich Albion,38716,Lee Peltier,Defender,Cardiff City,West Bromwich Albion,Returned to the Premier League,4,228
2020–21,Signing,West Bromwich Albion,210407,Matheus Pereira,Midfielder,,West Bromwich Albion,Signing from outside the Premier League,33,2574
2020–21,Signing,West Bromwich Albion,50229,Matt Phillips,Midfielder,West Bromwich Albion,West Bromwich Albion,Returned to the Premier League,33,1815
2020–21,Signing,West Bromwich Albion,164011,Mbaye Diagne,Forward,,West Bromwich Albion,Signing from outside the Premier League,16,1188
2020–21,Signing,West Bromwich Albion,101394,Okay Yokuslu,Midfielder,,West Bromwich Albion,Signing from outside the Premier League,16,1316
2020–21,Signing,West Bromwich Albion,146426,Oluwasemilogo Adesewo Ibidapo Ajayi,Defender,,West Bromwich Albion,Signing from outside the Premier League,33,2779
2020–21,Signing,West Bromwich Albion,232427,Rekeem Harper,Midfielder,West Bromwich Albion,West Bromwich Albion,Returned to the Premier League,2,30
2020–21,Signing,West Bromwich Albion,18987,Robert Snodgrass,Midfielder,West Ham United,West Bromwich Albion,Mid-season move,8,524
2020–21,Signing,West Bromwich Albion,61600,Romaine Sawyers,Midfielder,,West Bromwich Albion,Signing from outside the Premier League,19,1486
2020–21,Signing,West Bromwich Albion,195864,Sam Field,Midfielder,West Bromwich Albion,West Bromwich Albion,Returned to the Premier League,3,61
2020–21,Signing,West Bromwich Albion,101982,Sam Johnstone,Goalkeeper,,West Bromwich Albion,Signing from outside the Premier League,37,3330
2020–21,Departure,West Ham United,181008,Albian Ajeti,Forward,West Ham United,,Left the Premier League,9,132
2020–21,Departure,West Ham United,42824,Carlos Sánchez,Midfielder,West Ham United,,Left the Premier League,6,112
2020–21,Departure,West Ham United,19194,David Martin,Goalkeeper,West Ham United,,Left the Premier League,5,435
2020–21,Departure,West Ham United,54102,Jack Wilshere,Midfielder,West Ham United,,Left the Premier League,8,209
2020–21,Departure,West Ham United,43020,Javier Hernández Balcázar,Forward,West Ham United,,Left the Premier League,2,106
2020–21,Departure,West Ham United,232391,Jeremy Ngakia,Defender,West Ham United,,Left the Premier League for a time,5,440
2020–21,Departure,West Ham United,183487,Nathan Holland,Midfielder,West Ham United,,Left the Premier League,2,31
2020–21,Departure,West Ham United,20658,Pablo Zabaleta,Defender,West Ham United,,Left the Premier League,10,588
2020–21,Departure,West Ham United,18987,Robert Snodgrass,Midfielder,West Ham United,West Bromwich Albion,Mid-season move,3,4
2020–21,Departure,West Ham United,40694,Roberto Jimenez Gago,Goalkeeper,West Ham United,,Left the Premier League,8,686
2020–21,Signing,West Ham United,60232,Craig Dawson,Defender,Watford,West Ham United,Signing from another Premier League club,22,1925
2020–21,Signing,West Ham United,109322,Jesse Lingard,Midfielder,Manchester United,West Ham United,Signing from another Premier League club,16,1423
2020–21,Signing,West Ham United,172841,Saïd Benrahma,Midfielder,,West Ham United,Signing from outside the Premier League,30,1376
2020–21,Signing,West Ham United,164555,Vladimír Coufal,Defender,,West Ham United,Signing from outside the Premier League,34,3054
2020–21,Departure,Wolverhampton Wanderers,428610,Bruno André Cavaco Jordao,Midfielder,Wolverhampton Wanderers,,Left the Premier League,1,6
2020–21,Departure,Wolverhampton Wanderers,194634,Diogo Teixeira da Silva,Midfielder,Wolverhampton Wanderers,Liverpool,Sold to another Premier League club,34,2278
2020–21,Departure,Wolverhampton Wanderers,178876,Jesús Vallejo Lázaro,Defender,Wolverhampton Wanderers,,Left the Premier League,2,162
2020–21,Departure,Wolverhampton Wanderers,87835,Matt Doherty,Defender,Wolverhampton Wanderers,Tottenham Hotspur,Sold to another Premier League club,36,2836
2020–21,Signing,Wolverhampton Wanderers,111291,Fernando Marçal,Defender,,Wolverhampton Wanderers,Signing from outside the Premier League,13,618
2020–21,Signing,Wolverhampton Wanderers,449988,Fábio Silva,Forward,,Wolverhampton Wanderers,Signing from outside the Premier League,32,1352
2020–21,Signing,Wolverhampton Wanderers,19236,John Ruddy,Goalkeeper,Wolverhampton Wanderers,Wolverhampton Wanderers,Returned to the Premier League,2,91
2020–21,Signing,Wolverhampton Wanderers,441271,Ki-Jana Hoever,Defender,,Wolverhampton Wanderers,Signing from outside the Premier League,12,573
2020–21,Signing,Wolverhampton Wanderers,200402,Nélson Cabral Semedo,Defender,,Wolverhampton Wanderers,Signing from outside the Premier League,34,2983
2020–21,Signing,Wolverhampton Wanderers,179456,Oskar Buur,Defender,,Wolverhampton Wanderers,Signing from outside the Premier League,1,22
2020–21,Signing,Wolverhampton Wanderers,250604,Owen Otasowie,Midfielder,,Wolverhampton Wanderers,Signing from outside the Premier League,6,185
2020–21,Signing,Wolverhampton Wanderers,448514,Rayan Aït-Nouri,Defender,,Wolverhampton Wanderers,Signing from outside the Premier League,21,1400
2020–21,Signing,Wolverhampton Wanderers,443296,Theo Corbeanu,Midfielder,,Wolverhampton Wanderers,Signing from outside the Premier League,1,8
2020–21,Signing,Wolverhampton Wanderers,437858,Vitor Ferreira,Midfielder,,Wolverhampton Wanderers,Signing from outside the Premier League,19,509
2020–21,Signing,Wolverhampton Wanderers,73314,Willian José Da Silva,Forward,,Wolverhampton Wanderers,Signing from outside the Premier League,17,1106
2021–22,Departure,Arsenal,101184,Calum Chambers,Defender,Arsenal,Aston Villa,Mid-season move,2,170
2021–22,Departure,Arsenal,182539,Daniel Ceballos Fernández,Midfielder,Arsenal,,Left the Premier League,25,1609
2021–22,Departure,Arsenal,41270,David Luiz Moreira Marinho,Defender,Arsenal,,Left the Premier League,20,1396
2021–22,Departure,Arsenal,98745,Héctor Bellerín,Defender,Arsenal,,Left the Premier League,25,2089
2021–22,Departure,Arsenal,131897,Mathew Ryan,Goalkeeper,Arsenal,,Left the Premier League,3,270
2021–22,Departure,Arsenal,115918,Rúnar Alex Rúnarsson,Goalkeeper,Arsenal,,Left the Premier League,1,15
2021–22,Departure,Arsenal,69140,Shkodran Mustafi,Defender,Arsenal,,Left the Premier League,3,45
2021–22,Departure,Arsenal,47431,Willian Borges da Silva,Midfielder,Arsenal,,Left the Premier League for a time,25,1398
2021–22,Signing,Arsenal,225321,Aaron Ramsdale,Goalkeeper,Sheffield United,Arsenal,Signing from another Premier League club,34,3060
2021–22,Signing,Arsenal,154043,Ainsley Maitland-Niles,Midfielder,West Bromwich Albion,Arsenal,Signing from another Premier League club,8,263
2021–22,Signing,Arsenal,437742,Albert Sambi Lokonga,Midfielder,,Arsenal,Signing from outside the Premier League,19,1129
2021–22,Signing,Arsenal,198869,Benjamin White,Defender,Brighton & Hove Albion,Arsenal,Signing from another Premier League club,32,2880
2021–22,Signing,Arsenal,232223,Folarin Balogun,Forward,,Arsenal,Signing from outside the Premier League,2,69
2021–22,Signing,Arsenal,437626,Nuno Varela Tavares,Defender,,Arsenal,Signing from outside the Premier League,22,1169
2021–22,Signing,Arsenal,223723,Tomiyasu Takehiro,Defender,,Arsenal,Signing from outside the Premier League,21,1680
2021–22,Departure,Aston Villa,37339,Ahmed El Mohamady,Defender,Aston Villa,,Left the Premier League,14,833
2021–22,Departure,Aston Villa,193488,Anwar El Ghazi,Midfielder,Aston Villa,Everton,Mid-season move,9,381
2021–22,Departure,Aston Villa,85242,Conor Hourihane,Midfielder,Aston Villa,,Left the Premier League,4,225
2021–22,Departure,Aston Villa,114283,Jack Grealish,Midfielder,Aston Villa,Manchester City,Sold to another Premier League club,26,2183
2021–22,Departure,Aston Villa,169359,Matt Targett,Defender,Aston Villa,Newcastle United,Mid-season move,17,1431
2021–22,Departure,Aston Villa,47390,Neil Taylor,Defender,Aston Villa,,Left the Premier League,1,15
2021–22,Departure,Aston Villa,88894,Ross Barkley,Midfielder,Aston Villa,Chelsea,Sold to another Premier League club,24,1526
2021–22,Signing,Aston Villa,18892,Ashley Young,Defender,Manchester United,Aston Villa,Returned to the Premier League,24,1234
2021–22,Signing,Aston Villa,180804,Axel Tuanzebe,Defender,Manchester United,Aston Villa,Signing from another Premier League club,9,505
2021–22,Signing,Aston Villa,101184,Calum Chambers,Defender,Arsenal,Aston Villa,Mid-season move,11,829
2021–22,Signing,Aston Villa,433979,Cameron Archer,Forward,,Aston Villa,Signing from outside the Premier League,3,24
2021–22,Signing,Aston Villa,84939,Danny Ings,Forward,Southampton,Aston Villa,Signing from another Premier League club,30,1891
2021–22,Signing,Aston Villa,195546,Emiliano Buendía Stati,Midfielder,Norwich City,Aston Villa,Returned to the Premier League,35,1887
2021–22,Signing,Aston Villa,79852,Jed Steer,Goalkeeper,Aston Villa,Aston Villa,Returned to the Premier League,1,90
2021–22,Signing,Aston Villa,215711,Leon Bailey,Midfielder,,Aston Villa,Signing from outside the Premier League,18,750
2021–22,Signing,Aston Villa,101188,Lucas Digne,Defender,Everton,Aston Villa,Mid-season move,16,1270
2021–22,Signing,Aston Villa,84583,Philippe Coutinho Correia,Midfielder,Liverpool,Aston Villa,Returned to the Premier League,19,1327
2021–22,Signing,Aston Villa,111782,Robin Olsen,Goalkeeper,Everton,Aston Villa,Signing from another Premier League club,1,90
2021–22,Signing,Aston Villa,490094,Tim Iroegbunam,Midfielder,,Aston Villa,Signing from outside the Premier League,3,90
2021–22,Signing,Brentford,446008,Bryan Mbeumo,Midfielder,,Brentford,Signing from outside the Premier League,35,2905
2021–22,Signing,Brentford,213687,Charlie Goode,Defender,,Brentford,Signing from outside the Premier League,6,448
2021–22,Signing,Brentford,80607,Christian Eriksen,Midfielder,Tottenham Hotspur,Brentford,Returned to the Premier League,11,938
2021–22,Signing,Brentford,128295,Christian Nørgaard,Midfielder,,Brentford,Signing from outside the Premier League,35,3054
2021–22,Signing,Brentford,154561,David Raya Martín,Goalkeeper,,Brentford,Signing from outside the Premier League,24,2160
2021–22,Signing,Brentford,232247,Dominic Thompson,Defender,,Brentford,Signing from outside the Premier League,2,146
2021–22,Signing,Brentford,231065,Ethan Pinnock,Defender,,Brentford,Signing from outside the Premier League,32,2694
2021–22,Signing,Brentford,450550,Finley Stevens,Defender,,Brentford,Signing from outside the Premier League,1,14
2021–22,Signing,Brentford,428580,Frank Onyeka,Midfielder,,Brentford,Signing from outside the Premier League,20,1040
2021–22,Signing,Brentford,144485,Ivan Toney,Forward,,Brentford,Signing from outside the Premier League,33,2908
2021–22,Signing,Brentford,57513,Jonas Lössl,Goalkeeper,Huddersfield Town,Brentford,Returned to the Premier League,2,180
2021–22,Signing,Brentford,183656,Josh Dasilva,Midfielder,,Brentford,Signing from outside the Premier League,9,250
2021–22,Signing,Brentford,191866,Kristoffer Ajer,Defender,,Brentford,Signing from outside the Premier League,24,1995
2021–22,Signing,Brentford,228044,Mads Bech Sørensen,Defender,,Brentford,Signing from outside the Premier League,11,833
2021–22,Signing,Brentford,481405,Mads Bidstrup,Midfielder,,Brentford,Signing from outside the Premier League,4,36
2021–22,Signing,Brentford,226956,Mads Roerslev Rasmussen,Defender,,Brentford,Signing from outside the Premier League,21,1232
2021–22,Signing,Brentford,216620,Marcus Forss,Forward,,Brentford,Signing from outside the Premier League,7,203
2021–22,Signing,Brentford,207283,Mathias Jensen,Midfielder,,Brentford,Signing from outside the Premier League,31,1590
2021–22,Signing,Brentford,48760,Mathias Jorgensen,Defender,Huddersfield Town,Brentford,Returned to the Premier League,8,516
2021–22,Signing,Brentford,460029,Nathan Young-Coombes,Forward,,Brentford,Signing from outside the Premier League,1,3
2021–22,Signing,Brentford,61810,Pontus Jansson,Defender,,Brentford,Signing from outside the Premier League,37,3321
2021–22,Signing,Brentford,194010,Rico Henry,Defender,,Brentford,Signing from outside the Premier League,34,2775
2021–22,Signing,Brentford,205836,Saman Ghoddos,Midfielder,,Brentford,Signing from outside the Premier League,17,524
2021–22,Signing,Brentford,174932,Sergi Canós Tenés,Defender,,Brentford,Signing from outside the Premier League,31,2077
2021–22,Signing,Brentford,432160,Shandon Baptiste,Midfielder,,Brentford,Signing from outside the Premier League,22,898
2021–22,Signing,Brentford,154138,Tariqe Fosu-Henry,Midfielder,,Brentford,Signing from outside the Premier League,1,16
2021–22,Signing,Brentford,204580,Vitaly Janelt,Midfielder,,Brentford,Signing from outside the Premier League,31,2295
2021–22,Signing,Brentford,216646,Yoane Wissa,Forward,,Brentford,Signing from outside the Premier League,30,1268
2021–22,Signing,Brentford,240796,Álvaro Fernández,Goalkeeper,,Brentford,Signing from outside the Premier League,12,1080
2021–22,Departure,Brighton & Hove Albion,165210,Alireza Jahanbakhsh,Midfielder,Brighton & Hove Albion,,Left the Premier League,21,520
2021–22,Departure,Brighton & Hove Albion,204676,Andi Zeqiri,Forward,Brighton & Hove Albion,,Left the Premier League,9,164
2021–22,Departure,Brighton & Hove Albion,198869,Benjamin White,Defender,Brighton & Hove Albion,Arsenal,Sold to another Premier League club,36,3192
2021–22,Departure,Brighton & Hove Albion,209362,Bernardo Fernandes da Silva Junior,Defender,Brighton & Hove Albion,,Left the Premier League,3,205
2021–22,Departure,Brighton & Hove Albion,78916,Dan Burn,Defender,Brighton & Hove Albion,Newcastle United,Mid-season move,13,1021
2021–22,Departure,Brighton & Hove Albion,66242,Davy Pröpper,Midfielder,Brighton & Hove Albion,,Left the Premier League,7,209
2021–22,Departure,Brighton & Hove Albion,220738,Jayson Molumby,Midfielder,Brighton & Hove Albion,,Left the Premier League,1,1
2021–22,Departure,Brighton & Hove Albion,167473,José Izquierdo,Midfielder,Brighton & Hove Albion,,Left the Premier League,1,8
2021–22,Departure,Brighton & Hove Albion,230127,Percy Tau,Midfielder,Brighton & Hove Albion,,Left the Premier League,3,101
2021–22,Departure,Brighton & Hove Albion,465572,Reda Khadra,Midfielder,Brighton & Hove Albion,,Left the Premier League,1,4
2021–22,Signing,Brighton & Hove Albion,423649,Enock Mwepu,Midfielder,,Brighton & Hove Albion,Signing from outside the Premier League,18,990
2021–22,Signing,Brighton & Hove Albion,487117,Evan Ferguson,Forward,,Brighton & Hove Albion,Signing from outside the Premier League,1,22
2021–22,Signing,Brighton & Hove Albion,49262,Jason Steele,Goalkeeper,,Brighton & Hove Albion,Signing from outside the Premier League,1,90
2021–22,Signing,Brighton & Hove Albion,441192,Jeremy Sarmiento Morante,Midfielder,,Brighton & Hove Albion,Signing from outside the Premier League,5,44
2021–22,Signing,Brighton & Hove Albion,106757,Jürgen Locadia,Forward,Brighton & Hove Albion,Brighton & Hove Albion,Returned to the Premier League,1,22
2021–22,Signing,Brighton & Hove Albion,179268,Marc Cucurella Saseta,Defender,,Brighton & Hove Albion,Signing from outside the Premier League,35,3089
2021–22,Signing,Brighton & Hove Albion,486672,Moisés Caicedo Corozo,Midfielder,,Brighton & Hove Albion,Signing from outside the Premier League,8,660
2021–22,Signing,Brighton & Hove Albion,61933,Shane Duffy,Defender,Brighton & Hove Albion,Brighton & Hove Albion,Returned to the Premier League,18,1434
2021–22,Signing,Brighton & Hove Albion,209045,Taylor Richards,Midfielder,,Brighton & Hove Albion,Signing from outside the Premier League,2,23
2021–22,Departure,Burnley,220037,Bailey Peacock-Farrell,Goalkeeper,Burnley,,Left the Premier League,4,360
2021–22,Departure,Burnley,60689,Chris Wood,Forward,Burnley,Newcastle United,Mid-season move,17,1369
2021–22,Departure,Burnley,218023,Jimmy Dunne,Defender,Burnley,,Left the Premier League,3,270
2021–22,Departure,Burnley,430367,Joel Mumbongo,Forward,Burnley,,Left the Premier League,4,37
2021–22,Departure,Burnley,217401,Josh Benson,Midfielder,Burnley,,Left the Premier League,6,260
2021–22,Departure,Burnley,461096,Lewis Richardson,Forward,Burnley,,Left the Premier League,2,3
2021–22,Departure,Burnley,17997,Phil Bardsley,Defender,Burnley,,Left the Premier League,4,273
2021–22,Departure,Burnley,90517,Robbie Brady,Midfielder,Burnley,,Left the Premier League,19,1047
2021–22,Departure,Burnley,168399,Will Norris,Goalkeeper,Burnley,,Left the Premier League,2,180
2021–22,Signing,Burnley,17349,Aaron Lennon,Midfielder,Burnley,Burnley,Returned to the Premier League,28,1541
2021–22,Signing,Burnley,192290,Connor Roberts,Defender,Swansea City,Burnley,Returned to the Premier League,21,1689
2021–22,Signing,Burnley,149519,Maxwel Cornet,Midfielder,,Burnley,Signing from outside the Premier League,26,1764
2021–22,Signing,Burnley,432830,Nathan Collins,Defender,,Burnley,Signing from outside the Premier League,19,1670
2021–22,Signing,Burnley,20066,Wayne Hennessey,Goalkeeper,Crystal Palace,Burnley,Returned to the Premier League,2,180
2021–22,Signing,Burnley,120202,Wout Weghorst,Forward,,Burnley,Signing from outside the Premier League,20,1448
2021–22,Departure,Chelsea,243568,Billy Gilmour,Midfielder,Chelsea,Norwich City,Sold to another Premier League club,5,259
2021–22,Departure,Chelsea,194794,Fikayo Tomori,Defender,Chelsea,,Left the Premier League,1,45
2021–22,Departure,Chelsea,103192,Kurt Zouma,Defender,Chelsea,West Ham United,Sold to another Premier League club,24,2027
2021–22,Departure,Chelsea,44346,Olivier Giroud,Forward,Chelsea,,Left the Premier League,17,740
2021–22,Departure,Chelsea,173879,Tammy Abraham,Forward,Chelsea,,Left the Premier League for a time,22,1031
2021–22,Departure,Chelsea,20310,Willy Caballero,Goalkeeper,Chelsea,Southampton,Sold to another Premier League club,1,90
2021–22,Signing,Chelsea,204727,Malang Sarr,Defender,,Chelsea,Signing from outside the Premier League,8,544
2021–22,Signing,Chelsea,167767,Robert Kenedy Nunes do Nascimento,Defender,Newcastle United,Chelsea,Returned to the Premier League,1,58
2021–22,Signing,Chelsea,66749,Romelu Lukaku,Forward,Manchester United,Chelsea,Returned to the Premier League,26,1583
2021–22,Signing,Chelsea,88894,Ross Barkley,Midfielder,Aston Villa,Chelsea,Signing from another Premier League club,6,174
2021–22,Signing,Chelsea,126187,Ruben Loftus-Cheek,Midfielder,Fulham,Chelsea,Signing from another Premier League club,24,1384
2021–22,Signing,Chelsea,89335,Saúl Ñíguez,Midfielder,,Chelsea,Signing from outside the Premier League,10,478
2021–22,Signing,Chelsea,180736,Trevoh Chalobah,Defender,,Chelsea,Signing from outside the Premier League,20,1447
2021–22,Departure,Crystal Palace,60252,Andros Townsend,Midfielder,Crystal Palace,Everton,Sold to another Premier League club,34,2250
2021–22,Departure,Crystal Palace,19419,Gary Cahill,Defender,Crystal Palace,,Left the Premier League,20,1800
2021–22,Departure,Crystal Palace,50472,James McCarthy,Midfielder,Crystal Palace,,Left the Premier League,16,816
2021–22,Departure,Crystal Palace,40784,Mamadou Sakho,Defender,Crystal Palace,,Left the Premier League,4,275
2021–22,Departure,Crystal Palace,58786,Martin Kelly,Defender,Crystal Palace,,Left the Premier League,1,1
2021–22,Departure,Crystal Palace,94245,Michy Batshuayi,Forward,Crystal Palace,,Left the Premier League,18,717
2021–22,Departure,Crystal Palace,74230,Patrick van Aanholt,Defender,Crystal Palace,,Left the Premier League,22,1775
2021–22,Departure,Crystal Palace,19188,Scott Dann,Defender,Crystal Palace,,Left the Premier League,15,1350
2021–22,Signing,Crystal Palace,232787,Conor Gallagher,Midfielder,West Bromwich Albion,Crystal Palace,Signing from another Premier League club,34,2843
2021–22,Signing,Crystal Palace,450542,Jesurun Rak-Sakyi,Midfielder,,Crystal Palace,Signing from outside the Premier League,2,79
2021–22,Signing,Crystal Palace,174874,Joachim Andersen,Defender,Fulham,Crystal Palace,Signing from another Premier League club,34,2914
2021–22,Signing,Crystal Palace,209036,Marc Guéhi,Defender,,Crystal Palace,Signing from outside the Premier League,36,3222
2021–22,Signing,Crystal Palace,443661,Michael Olise,Midfielder,,Crystal Palace,Signing from outside the Premier League,26,1127
2021–22,Signing,Crystal Palace,232423,Nathan Ferguson,Defender,,Crystal Palace,Signing from outside the Premier League,1,8
2021–22,Signing,Crystal Palace,199670,Odsonne Édouard,Forward,,Crystal Palace,Signing from outside the Premier League,28,1554
2021–22,Signing,Crystal Palace,108413,Will Hughes,Midfielder,Watford,Crystal Palace,Returned to the Premier League,16,1050
2021–22,Departure,Everton,100649,Bernard Anício Caldeira Duarte,Midfielder,Everton,,Left the Premier League,12,447
2021–22,Departure,Everton,55422,Gylfi Sigurdsson,Midfielder,Everton,,Left the Premier League,36,2244
2021–22,Departure,Everton,60025,James Rodríguez,Midfielder,Everton,,Left the Premier League,23,1763
2021–22,Departure,Everton,78007,Joshua King,Forward,Everton,Watford,Sold to another Premier League club,11,138
2021–22,Departure,Everton,222627,João Virgínia,Goalkeeper,Everton,,Left the Premier League,1,47
2021–22,Departure,Everton,101188,Lucas Digne,Defender,Everton,Aston Villa,Mid-season move,13,1170
2021–22,Departure,Everton,173818,Nathan Broadhead,Midfielder,Everton,,Left the Premier League for a time,1,2
2021–22,Departure,Everton,495542,Niels Nkounkou,Defender,Everton,,Left the Premier League,2,80
2021–22,Departure,Everton,111782,Robin Olsen,Goalkeeper,Everton,Aston Villa,Sold to another Premier League club,7,630
2021–22,Signing,Everton,60252,Andros Townsend,Midfielder,Crystal Palace,Everton,Signing from another Premier League club,21,1452
2021–22,Signing,Everton,193488,Anwar El Ghazi,Midfielder,Aston Villa,Everton,Mid-season move,2,11
2021–22,Signing,Everton,40349,Asmir Begović,Goalkeeper,AFC Bournemouth,Everton,Returned to the Premier League,3,270
2021–22,Signing,Everton,108823,Dele Alli,Midfielder,Tottenham Hotspur,Everton,Mid-season move,11,330
2021–22,Signing,Everton,172632,Demarai Gray,Midfielder,Leicester City,Everton,Signing from another Premier League club,34,2336
2021–22,Signing,Everton,180184,Donny van de Beek,Midfielder,Manchester United,Everton,Mid-season move,7,481
2021–22,Signing,Everton,218997,Ellis Simms,Forward,,Everton,Signing from outside the Premier League,1,61
2021–22,Signing,Everton,491559,Isaac Price,Midfielder,,Everton,Signing from outside the Premier League,1,13
2021–22,Signing,Everton,480455,Jarrad Branthwaite,Defender,Everton,Everton,Returned to the Premier League,6,387
2021–22,Signing,Everton,461421,Lewis Dobbin,Midfielder,,Everton,Signing from outside the Premier League,3,30
2021–22,Signing,Everton,57134,Salomón Rondón,Forward,Newcastle United,Everton,Returned to the Premier League,20,779
2021–22,Signing,Everton,461446,Tyler Onyango,Midfielder,,Everton,Signing from outside the Premier League,3,27
2021–22,Signing,Everton,224967,Vitalii Mykolenko,Defender,,Everton,Signing from outside the Premier League,13,1054
2021–22,Departure,Fulham,197030,Aboubakar Kamara,Midfielder,Fulham,,Left the Premier League,11,307
2021–22,Departure,Fulham,219352,Ademola Lookman,Midfielder,Fulham,Leicester City,Sold to another Premier League club,34,2746
2021–22,Departure,Fulham,128389,Aleksandar Mitrović,Forward,Fulham,,Left the Premier League for a time,27,1389
2021–22,Departure,Fulham,84182,Alphonse Areola,Goalkeeper,Fulham,West Ham United,Sold to another Premier League club,36,3240
2021–22,Departure,Fulham,203325,André-Frank Zambo Anguissa,Midfielder,Fulham,,Left the Premier League,36,2581
2021–22,Departure,Fulham,169528,Antonee Robinson,Defender,Fulham,,Left the Premier League for a time,28,2159
2021–22,Departure,Fulham,96994,Bobby De Cordova-Reid,Midfielder,Fulham,,Left the Premier League for a time,33,2367
2021–22,Departure,Fulham,72681,Denis Odoi,Defender,Fulham,,Left the Premier League,3,270
2021–22,Departure,Fulham,244858,Fábio Freitas Gouveia Carvalho,Midfielder,Fulham,,Left the Premier League for a time,4,254
2021–22,Departure,Fulham,153366,Harrison Reed,Midfielder,Fulham,,Left the Premier League for a time,31,2243
2021–22,Departure,Fulham,166324,Ivan Ricardo Neves Abreu Cavaleiro,Midfielder,Fulham,,Left the Premier League,36,2465
2021–22,Departure,Fulham,174874,Joachim Andersen,Defender,Fulham,Crystal Palace,Sold to another Premier League club,31,2729
2021–22,Departure,Fulham,101105,Joe Bryan,Defender,Fulham,,Left the Premier League,16,663
2021–22,Departure,Fulham,195480,Josh Maja,Forward,Fulham,,Left the Premier League,15,804
2021–22,Departure,Fulham,168765,Josh Onomah,Midfielder,Fulham,,Left the Premier League for a time,11,369
2021–22,Departure,Fulham,167074,Kenny Tete,Defender,Fulham,,Left the Premier League for a time,22,1477
2021–22,Departure,Fulham,155529,Marek Rodák,Goalkeeper,Fulham,,Left the Premier League for a time,2,180
2021–22,Departure,Fulham,151086,Mario Lemina,Midfielder,Fulham,,Left the Premier League for a time,28,1696
2021–22,Departure,Fulham,61739,Maxime Le Marchand,Defender,Fulham,,Left the Premier League,2,122
2021–22,Departure,Fulham,84915,Michael Hector,Defender,Fulham,,Left the Premier League,4,262
2021–22,Departure,Fulham,92259,Neeskens Kebano,Midfielder,Fulham,,Left the Premier League for a time,5,116
2021–22,Departure,Fulham,159506,Ola Aina,Defender,Fulham,,Left the Premier League for a time,31,2664
2021–22,Departure,Fulham,126187,Ruben Loftus-Cheek,Midfielder,Fulham,Chelsea,Sold to another Premier League club,30,1902
2021–22,Departure,Fulham,109434,Terence Kongolo,Defender,Fulham,,Left the Premier League,1,90
2021–22,Departure,Fulham,82514,Tim Ream,Defender,Fulham,,Left the Premier League for a time,7,630
2021–22,Departure,Fulham,76357,Tom Cairney,Midfielder,Fulham,,Left the Premier League for a time,10,758
2021–22,Departure,Fulham,109646,Tosin Adarabioyo,Defender,Fulham,,Left the Premier League for a time,33,2953
2021–22,Departure,Fulham,432931,Tyrese Francois,Midfielder,Fulham,,Left the Premier League for a time,1,14
2021–22,Departure,Leeds United,105377,Ezgjan Alioski,Defender,Leeds United,,Left the Premier League,36,2456
2021–22,Departure,Leeds United,39790,Francisco Casilla Cortés,Goalkeeper,Leeds United,,Left the Premier League,3,270
2021–22,Departure,Leeds United,38588,Gaetano Berardi,Defender,Leeds United,,Left the Premier League,2,113
2021–22,Departure,Leeds United,215460,Ian Carlo Poveda-Ocampo,Midfielder,Leeds United,,Left the Premier League,14,344
2021–22,Departure,Leeds United,455084,Leif Davis,Defender,Leeds United,,Left the Premier League for a time,2,31
2021–22,Departure,Leeds United,492066,Niall Huggins,Forward,Leeds United,,Left the Premier League,1,37
2021–22,Departure,Leeds United,28690,Pablo Hernández Domínguez,Midfielder,Leeds United,,Left the Premier League,16,414
2021–22,Signing,Leeds United,80179,Adam Forshaw,Midfielder,Middlesbrough,Leeds United,Returned to the Premier League,22,1526
2021–22,Signing,Leeds United,492373,Charlie Cresswell,Defender,,Leeds United,Signing from outside the Premier League,5,140
2021–22,Signing,Leeds United,433590,Cody Drameh,Defender,,Leeds United,Signing from outside the Premier League,3,126
2021–22,Signing,Leeds United,450070,Crysencio Summerville,Midfielder,,Leeds United,Signing from outside the Premier League,6,126
2021–22,Signing,Leeds United,200617,Daniel James,Midfielder,Manchester United,Leeds United,Mid-season move,32,2363
2021–22,Signing,Leeds United,462635,Joe Gelhardt,Forward,,Leeds United,Signing from outside the Premier League,20,733
2021–22,Signing,Leeds United,443967,Junior Firpo Adames,Defender,,Leeds United,Signing from outside the Premier League,24,1709
2021–22,Signing,Leeds United,223081,Kristoffer Klaesson,Goalkeeper,,Leeds United,Signing from outside the Premier League,1,35
2021–22,Signing,Leeds United,477547,Leo Fuhr Hjelde,Defender,,Leeds United,Signing from outside the Premier League,2,148
2021–22,Signing,Leeds United,450529,Lewis Bate,Midfielder,,Leeds United,Signing from outside the Premier League,3,145
2021–22,Signing,Leeds United,464618,Liam McCarron,Midfielder,,Leeds United,Signing from outside the Premier League,1,9
2021–22,Signing,Leeds United,248937,Sam Greenwood,Forward,,Leeds United,Signing from outside the Premier League,7,231
2021–22,Signing,Leeds United,473342,Stuart McKinstry,Midfielder,,Leeds United,Signing from outside the Premier League,1,3
2021–22,Departure,Leicester City,228798,Cengiz Ünder,Midfielder,Leicester City,,Left the Premier League,9,275
2021–22,Departure,Leicester City,37402,Christian Fuchs,Defender,Leicester City,,Left the Premier League,9,701
2021–22,Departure,Leicester City,172632,Demarai Gray,Midfielder,Leicester City,Everton,Sold to another Premier League club,1,18
2021–22,Departure,Leicester City,106837,Dennis Praet,Midfielder,Leicester City,,Left the Premier League for a time,15,714
2021–22,Departure,Leicester City,149828,Islam Slimani,Forward,Leicester City,,Left the Premier League,1,19
2021–22,Departure,Leicester City,421796,Sidnei Tavares,Midfielder,Leicester City,,Left the Premier League,2,84
2021–22,Departure,Leicester City,232881,Thakgalo Leshabela,Midfielder,Leicester City,,Left the Premier League,1,9
2021–22,Departure,Leicester City,15033,Wes Morgan,Defender,Leicester City,,Left the Premier League,3,16
2021–22,Signing,Leicester City,219352,Ademola Lookman,Midfielder,Fulham,Leicester City,Signing from another Premier League club,26,1446
2021–22,Signing,Leicester City,225902,Boubakary Soumaré,Midfielder,,Leicester City,Signing from outside the Premier League,19,1095
2021–22,Signing,Leicester City,95463,Danny Ward,Goalkeeper,,Leicester City,Signing from outside the Premier League,1,90
2021–22,Signing,Leicester City,93100,Jannik Vestergaard,Defender,Southampton,Leicester City,Signing from another Premier League club,10,563
2021–22,Signing,Leicester City,461587,Kasey McAteer,Midfielder,,Leicester City,Signing from outside the Premier League,1,2
2021–22,Signing,Leicester City,215413,Kiernan Dewsbury-Hall,Midfielder,,Leicester City,Signing from outside the Premier League,28,2101
2021–22,Signing,Leicester City,232620,Lewis Brunt,Defender,,Leicester City,Signing from outside the Premier League,1,23
2021–22,Signing,Leicester City,245419,Patson Daka,Forward,,Leicester City,Signing from outside the Premier League,23,1152
2021–22,Signing,Leicester City,40146,Ryan Bertrand,Defender,Southampton,Leicester City,Signing from another Premier League club,4,337
2021–22,Departure,Liverpool,60706,Adrián San Miguel del Castillo,Goalkeeper,Liverpool,,Left the Premier League,3,270
2021–22,Departure,Liverpool,41733,Georginio Wijnaldum,Midfielder,Liverpool,,Left the Premier League,38,2938
2021–22,Departure,Liverpool,197464,Nathaniel Phillips,Defender,Liverpool,,Left the Premier League for a time,17,1455
2021–22,Departure,Liverpool,438277,Ozan Kabak,Defender,Liverpool,Norwich City,Sold to another Premier League club,9,801
2021–22,Departure,Liverpool,219937,Rhys Williams,Defender,Liverpool,,Left the Premier League,9,659
2021–22,Departure,Liverpool,68312,Xherdan Shaqiri,Midfielder,Liverpool,,Left the Premier League,14,548
2021–22,Signing,Liverpool,444884,Harvey Elliott,Midfielder,Liverpool,Liverpool,Returned to the Premier League,6,344
2021–22,Signing,Liverpool,204716,Ibrahima Konaté,Defender,,Liverpool,Signing from outside the Premier League,11,990
2021–22,Signing,Liverpool,496185,Kaide Gordon,Midfielder,,Liverpool,Signing from outside the Premier League,1,8
2021–22,Signing,Liverpool,244731,Luis Díaz,Midfielder,,Liverpool,Signing from outside the Premier League,13,957
2021–22,Signing,Liverpool,157882,Takumi Minamino,Midfielder,Southampton,Liverpool,Signing from another Premier League club,11,178
2021–22,Signing,Liverpool,440148,Tyler Morton,Midfielder,,Liverpool,Signing from outside the Premier League,2,65
2021–22,Departure,Manchester City,432656,Eric Garcia,Defender,Manchester City,,Left the Premier League,6,380
2021–22,Departure,Manchester City,17601,Scott Carson,Goalkeeper,Manchester City,,Left the Premier League,1,90
2021–22,Departure,Manchester City,37572,Sergio Agüero,Forward,Manchester City,,Left the Premier League,12,554
2021–22,Signing,Manchester City,244851,Cole Palmer,Midfielder,,Manchester City,Signing from outside the Premier League,4,121
2021–22,Signing,Manchester City,432711,Conrad Egan-Riley,Defender,,Manchester City,Signing from outside the Premier League,1,3
2021–22,Signing,Manchester City,114283,Jack Grealish,Midfielder,Aston Villa,Manchester City,Signing from another Premier League club,26,1910
2021–22,Signing,Manchester City,432714,James McAtee,Midfielder,,Manchester City,Signing from outside the Premier League,2,18
2021–22,Signing,Manchester City,478028,Kayky da Silva Chagas,Forward,,Manchester City,Signing from outside the Premier League,1,6
2021–22,Departure,Manchester United,493250,Amad Diallo,Midfielder,Manchester United,,Left the Premier League for a time,3,165
2021–22,Departure,Manchester United,180804,Axel Tuanzebe,Defender,Manchester United,Aston Villa,Sold to another Premier League club,9,402
2021–22,Departure,Manchester United,232937,Brandon Williams,Defender,Manchester United,Norwich City,Sold to another Premier League club,4,187
2021–22,Departure,Manchester United,200617,Daniel James,Midfielder,Manchester United,Leeds United,Mid-season move,2,126
2021–22,Departure,Manchester United,172649,Dean Henderson,Goalkeeper,Manchester United,,Left the Premier League for a time,13,1125
2021–22,Departure,Manchester United,180184,Donny van de Beek,Midfielder,Manchester United,Everton,Mid-season move,8,69
2021–22,Departure,Manchester United,58498,Odion Ighalo,Forward,Manchester United,,Left the Premier League,1,9
2021–22,Departure,Manchester United,201084,Timothy Fosu-Mensah,Defender,Manchester United,,Left the Premier League,1,80
2021–22,Departure,Manchester United,461566,William Fish,Defender,Manchester United,,Left the Premier League,1,1
2021–22,Signing,Manchester United,493105,Alejandro Garnacho Ferreyra,Midfielder,,Manchester United,Signing from outside the Premier League,2,12
2021–22,Signing,Manchester United,14937,Cristiano Ronaldo dos Santos Aveiro,Forward,,Manchester United,Signing from outside the Premier League,30,2454
2021–22,Signing,Manchester United,216051,Diogo Dalot Teixeira,Defender,Manchester United,Manchester United,Returned to the Premier League,24,1797
2021–22,Signing,Manchester United,209243,Jadon Sancho,Midfielder,,Manchester United,Signing from outside the Premier League,29,1894
2021–22,Signing,Manchester United,109322,Jesse Lingard,Midfielder,West Ham United,Manchester United,Signing from another Premier League club,16,354
2021–22,Signing,Manchester United,76359,Phil Jones,Defender,Manchester United,Manchester United,Returned to the Premier League,4,161
2021–22,Signing,Manchester United,90152,Raphaël Varane,Defender,,Manchester United,Signing from outside the Premier League,22,1829
2021–22,Departure,Newcastle United,40142,Andy Carroll,Forward,Newcastle United,,Left the Premier League,18,380
2021–22,Departure,Newcastle United,151119,DeAndre Yedlin,Defender,Newcastle United,,Left the Premier League,6,435
2021–22,Departure,Newcastle United,215379,Elliot Anderson,Midfielder,Newcastle United,,Left the Premier League for a time,1,3
2021–22,Departure,Newcastle United,223175,Matthew Longstaff,Midfielder,Newcastle United,,Left the Premier League,5,376
2021–22,Signing,Newcastle United,208706,Bruno Guimarães Rodriguez Moura,Midfielder,,Newcastle United,Signing from outside the Premier League,17,1031
2021–22,Signing,Newcastle United,60689,Chris Wood,Forward,Burnley,Newcastle United,Mid-season move,17,1325
2021–22,Signing,Newcastle United,78916,Dan Burn,Defender,Brighton & Hove Albion,Newcastle United,Mid-season move,16,1440
2021–22,Signing,Newcastle United,155503,Freddie Woodman,Goalkeeper,,Newcastle United,Signing from outside the Premier League,4,360
2021–22,Signing,Newcastle United,77794,Kieran Trippier,Defender,Tottenham Hotspur,Newcastle United,Returned to the Premier League,6,429
2021–22,Signing,Newcastle United,169359,Matt Targett,Defender,Aston Villa,Newcastle United,Mid-season move,16,1440
2021–22,Signing,Norwich City,432735,Adam Idah,Forward,Norwich City,Norwich City,Returned to the Premier League,17,617
2021–22,Signing,Norwich City,466404,Andrew Omobamidele,Defender,,Norwich City,Signing from outside the Premier League,5,381
2021–22,Signing,Norwich City,107265,Angus Gunn,Goalkeeper,Southampton,Norwich City,Returned to the Premier League,9,810
2021–22,Signing,Norwich City,220686,Bali Mumba,Defender,,Norwich City,Signing from outside the Premier League,1,45
2021–22,Signing,Norwich City,83312,Ben Gibson,Defender,Burnley,Norwich City,Returned to the Premier League,28,2494
2021–22,Signing,Norwich City,243568,Billy Gilmour,Midfielder,Chelsea,Norwich City,Signing from another Premier League club,24,1852
2021–22,Signing,Norwich City,232937,Brandon Williams,Defender,Manchester United,Norwich City,Signing from another Premier League club,26,2119
2021–22,Signing,Norwich City,192303,Christoph Zimmermann,Defender,Norwich City,Norwich City,Returned to the Premier League,3,156
2021–22,Signing,Norwich City,439509,Christos Tzolis,Midfielder,,Norwich City,Signing from outside the Premier League,14,326
2021–22,Signing,Norwich City,189627,Dimitris Giannoulis,Defender,,Norwich City,Signing from outside the Premier League,18,1165
2021–22,Signing,Norwich City,83428,Grant Hanley,Defender,Norwich City,Norwich City,Returned to the Premier League,33,2897
2021–22,Signing,Norwich City,235546,Jacob Sørensen,Defender,,Norwich City,Signing from outside the Premier League,10,600
2021–22,Signing,Norwich City,483365,Jonathan Rowe,Midfielder,,Norwich City,Signing from outside the Premier League,13,208
2021–22,Signing,Norwich City,215476,Joshua Sargent,Forward,,Norwich City,Signing from outside the Premier League,26,1566
2021–22,Signing,Norwich City,78607,Kenny McLean,Midfielder,Norwich City,Norwich City,Returned to the Premier League,31,2707
2021–22,Signing,Norwich City,171270,Kieran Dowell,Midfielder,,Norwich City,Signing from outside the Premier League,19,905
2021–22,Signing,Norwich City,76306,Lukas Rupp,Midfielder,Norwich City,Norwich City,Returned to the Premier League,19,759
2021–22,Signing,Norwich City,179276,Mathias Normann,Midfielder,,Norwich City,Signing from outside the Premier League,23,1643
2021–22,Signing,Norwich City,232980,Max Aarons,Defender,Norwich City,Norwich City,Returned to the Premier League,34,2879
2021–22,Signing,Norwich City,212723,Milot Rashica,Midfielder,,Norwich City,Signing from outside the Premier League,31,2228
2021–22,Signing,Norwich City,438277,Ozan Kabak,Defender,Liverpool,Norwich City,Signing from another Premier League club,11,923
2021–22,Signing,Norwich City,212325,Pierre Lees-Melou,Midfielder,,Norwich City,Signing from outside the Premier League,33,2261
2021–22,Signing,Norwich City,428626,Przemyslaw Placheta,Midfielder,,Norwich City,Signing from outside the Premier League,12,499
2021–22,Signing,Norwich City,113564,Sam Byram,Defender,Norwich City,Norwich City,Returned to the Premier League,15,1023
2021–22,Signing,Norwich City,57127,Teemu Pukki,Forward,Norwich City,Norwich City,Returned to the Premier League,37,3253
2021–22,Signing,Norwich City,20480,Tim Krul,Goalkeeper,Norwich City,Norwich City,Returned to the Premier League,29,2610
2021–22,Signing,Norwich City,193111,Todd Cantwell,Midfielder,Norwich City,Norwich City,Returned to the Premier League,8,438
2021–22,Signing,Norwich City,446281,Tony Springett,Midfielder,,Norwich City,Signing from outside the Premier League,3,140
2021–22,Departure,Sheffield United,225321,Aaron Ramsdale,Goalkeeper,Sheffield United,Arsenal,Sold to another Premier League club,38,3420
2021–22,Departure,Sheffield United,487836,Antwoine Hackford,Forward,Sheffield United,,Left the Premier League for a time,1,10
2021–22,Departure,Sheffield United,167878,Ben Osborn,Midfielder,Sheffield United,,Left the Premier League for a time,24,1599
2021–22,Departure,Sheffield United,18867,Billy Sharp,Forward,Sheffield United,,Left the Premier League,16,725
2021–22,Departure,Sheffield United,40386,Chris Basham,Defender,Sheffield United,,Left the Premier League for a time,31,2576
2021–22,Departure,Sheffield United,523700,Daniel Jebbison,Forward,Sheffield United,,Left the Premier League for a time,4,283
2021–22,Departure,Sheffield United,27436,David McGoldrick,Forward,Sheffield United,,Left the Premier League,35,2391
2021–22,Departure,Sheffield United,63426,Enda Stevens,Defender,Sheffield United,,Left the Premier League,30,2700
2021–22,Departure,Sheffield United,199598,Ethan Ampadu,Midfielder,Sheffield United,,Left the Premier League for a time,25,2087
2021–22,Departure,Sheffield United,471848,Femi Seriki,Midfielder,Sheffield United,,Left the Premier League,1,1
2021–22,Departure,Sheffield United,82691,George Baldock,Defender,Sheffield United,,Left the Premier League for a time,32,2787
2021–22,Departure,Sheffield United,440993,Iliman Ndiaye,Midfielder,Sheffield United,,Left the Premier League for a time,1,11
2021–22,Departure,Sheffield United,146610,Jack O'Connell,Defender,Sheffield United,,Left the Premier League,2,180
2021–22,Departure,Sheffield United,83427,Jack Robinson,Defender,Sheffield United,,Left the Premier League for a time,11,875
2021–22,Departure,Sheffield United,226182,Jayden Bogle,Defender,Sheffield United,,Left the Premier League for a time,16,1107
2021–22,Departure,Sheffield United,108416,John Egan,Defender,Sheffield United,,Left the Premier League for a time,31,2628
2021–22,Departure,Sheffield United,47247,John Fleck,Midfielder,Sheffield United,,Left the Premier League for a time,31,2573
2021–22,Departure,Sheffield United,153723,John Lundstram,Midfielder,Sheffield United,,Left the Premier League,28,2027
2021–22,Departure,Sheffield United,109638,Kean Bryan,Defender,Sheffield United,,Left the Premier League,13,1003
2021–22,Departure,Sheffield United,178304,Lys Mousset,Forward,Sheffield United,,Left the Premier League,11,287
2021–22,Departure,Sheffield United,155197,Max Lowe,Defender,Sheffield United,,Left the Premier League for a time,8,549
2021–22,Departure,Sheffield United,197937,Oliver Burke,Midfielder,Sheffield United,,Left the Premier League,25,1260
2021–22,Departure,Sheffield United,169432,Oliver McBurnie,Forward,Sheffield United,,Left the Premier League for a time,23,1316
2021–22,Departure,Sheffield United,79934,Oliver Norwood,Midfielder,Sheffield United,,Left the Premier League for a time,32,2214
2021–22,Departure,Sheffield United,7645,Phil Jagielka,Defender,Sheffield United,,Left the Premier League,10,524
2021–22,Departure,Sheffield United,195473,Rhian Brewster,Forward,Sheffield United,,Left the Premier League for a time,27,1113
2021–22,Departure,Sheffield United,207189,Sander Berge,Midfielder,Sheffield United,,Left the Premier League for a time,15,1119
2021–22,Departure,Southampton,449781,Alexandre Jankewitz,Midfielder,Southampton,,Left the Premier League,2,2
2021–22,Departure,Southampton,447093,Allan Tchaptchet,Defender,Southampton,,Left the Premier League,1,12
2021–22,Departure,Southampton,456966,Caleb Watts,Midfielder,Southampton,,Left the Premier League,3,36
2021–22,Departure,Southampton,200088,Daniel N'Lundulu,Forward,Southampton,,Left the Premier League,13,102
2021–22,Departure,Southampton,84939,Danny Ings,Forward,Southampton,Aston Villa,Sold to another Premier League club,29,2172
2021–22,Departure,Southampton,214470,Jake Vokins,Defender,Southampton,,Left the Premier League,1,66
2021–22,Departure,Southampton,93100,Jannik Vestergaard,Defender,Southampton,Leicester City,Sold to another Premier League club,30,2574
2021–22,Departure,Southampton,232797,Kayne Ramsay,Defender,Southampton,,Left the Premier League,1,90
2021–22,Departure,Southampton,220598,Michael Obafemi,Forward,Southampton,,Left the Premier League for a time,4,57
2021–22,Departure,Southampton,40146,Ryan Bertrand,Defender,Southampton,Leicester City,Sold to another Premier League club,29,2598
2021–22,Departure,Southampton,157882,Takumi Minamino,Midfielder,Southampton,Liverpool,Sold to another Premier League club,10,710
2021–22,Signing,Southampton,155511,Adam Armstrong,Forward,,Southampton,Signing from outside the Premier League,23,1409
2021–22,Signing,Southampton,440323,Armando Broja,Forward,Chelsea,Southampton,Returned to the Premier League,32,1969
2021–22,Signing,Southampton,212721,Lyanco Silveira Neves Vojnovic,Defender,,Southampton,Signing from outside the Premier League,15,906
2021–22,Signing,Southampton,96787,Mohamed Elyounoussi,Midfielder,Southampton,Southampton,Returned to the Premier League,30,2039
2021–22,Signing,Southampton,244560,Romain Perraud,Defender,,Southampton,Signing from outside the Premier League,20,1621
2021–22,Signing,Southampton,441191,Tino Livramento,Defender,,Southampton,Signing from outside the Premier League,28,2200
2021–22,Signing,Southampton,20310,Willy Caballero,Goalkeeper,Chelsea,Southampton,Signing from another Premier League club,2,180
2021–22,Departure,Tottenham Hotspur,245824,Carlos Vinícius Alves Morais,Forward,Tottenham Hotspur,,Left the Premier League for a time,9,305
2021–22,Departure,Tottenham Hotspur,108823,Dele Alli,Midfielder,Tottenham Hotspur,Everton,Mid-season move,10,655
2021–22,Departure,Tottenham Hotspur,62974,Erik Lamela,Midfielder,Tottenham Hotspur,,Left the Premier League,23,700
2021–22,Departure,Tottenham Hotspur,36903,Gareth Bale,Midfielder,Tottenham Hotspur,,Left the Premier League,20,912
2021–22,Departure,Tottenham Hotspur,45268,Moussa Sissoko,Midfielder,Tottenham Hotspur,Watford,Sold to another Premier League club,25,1576
2021–22,Departure,Tottenham Hotspur,80226,Serge Aurier,Defender,Tottenham Hotspur,,Left the Premier League for a time,19,1605
2021–22,Departure,Tottenham Hotspur,55605,Toby Alderweireld,Defender,Tottenham Hotspur,,Left the Premier League,25,2240
2021–22,Signing,Tottenham Hotspur,436234,Bryan Gil Salvatierra,Midfielder,,Tottenham Hotspur,Signing from outside the Premier League,9,86
2021–22,Signing,Tottenham Hotspur,221632,Cristian Romero,Defender,,Tottenham Hotspur,Signing from outside the Premier League,22,1844
2021–22,Signing,Tottenham Hotspur,445044,Dejan Kulusevski,Midfielder,,Tottenham Hotspur,Signing from outside the Premier League,18,1259
2021–22,Signing,Tottenham Hotspur,241157,Emerson Leite de Souza Junior,Defender,,Tottenham Hotspur,Signing from outside the Premier League,31,2282
2021–22,Signing,Tottenham Hotspur,209042,Oliver Skipp,Midfielder,Tottenham Hotspur,Tottenham Hotspur,Returned to the Premier League,18,1346
2021–22,Signing,Tottenham Hotspur,202993,Rodrigo Bentancur,Midfielder,,Tottenham Hotspur,Signing from outside the Premier League,17,1360
2021–22,Signing,Tottenham Hotspur,184349,Ryan Sessegnon,Midfielder,Tottenham Hotspur,Tottenham Hotspur,Returned to the Premier League,15,1046
2021–22,Signing,Watford,155651,Adam Masina,Defender,Watford,Watford,Returned to the Premier League,15,1075
2021–22,Signing,Watford,176296,Ashley Fletcher,Forward,West Ham United,Watford,Returned to the Premier League,3,28
2021–22,Signing,Watford,9089,Ben Foster,Goalkeeper,Watford,Watford,Returned to the Premier League,26,2340
2021–22,Signing,Watford,85624,Christian Kabasele,Defender,Watford,Watford,Returned to the Premier League,16,1190
2021–22,Signing,Watford,41338,Craig Cathcart,Defender,Watford,Watford,Returned to the Premier League,31,2394
2021–22,Signing,Watford,40387,Dan Gosling,Midfielder,AFC Bournemouth,Watford,Returned to the Premier League,4,164
2021–22,Signing,Watford,154506,Daniel Bachmann,Goalkeeper,,Watford,Signing from outside the Premier League,12,1080
2021–22,Signing,Watford,38290,Danny Rose,Defender,Newcastle United,Watford,Returned to the Premier League,8,688
2021–22,Signing,Watford,442335,Edo Kayembe,Midfielder,,Watford,Signing from outside the Premier League,13,795
2021–22,Signing,Watford,230251,Emmanuel Dennis,Forward,,Watford,Signing from outside the Premier League,33,2579
2021–22,Signing,Watford,54484,Francisco Femenía Far,Defender,Watford,Watford,Returned to the Premier League,27,2143
2021–22,Signing,Watford,208973,Francisco Sierralta,Defender,,Watford,Signing from outside the Premier League,5,427
2021–22,Signing,Watford,171099,Hassane Kamara,Defender,,Watford,Signing from outside the Premier League,19,1622
2021–22,Signing,Watford,471471,Imrân Louza,Midfielder,,Watford,Signing from outside the Premier League,20,1415
2021–22,Signing,Watford,232185,Ismaïla Sarr,Midfielder,Watford,Watford,Returned to the Premier League,22,1862
2021–22,Signing,Watford,232391,Jeremy Ngakia,Defender,West Ham United,Watford,Returned to the Premier League,16,896
2021–22,Signing,Watford,78007,Joshua King,Forward,Everton,Watford,Signing from another Premier League club,32,2244
2021–22,Signing,Watford,475168,João Pedro Junqueira de Jesus,Forward,Watford,Watford,Returned to the Premier League,28,1634
2021–22,Signing,Watford,244716,Juan Camilo Hernández Suárez,Forward,,Watford,Signing from outside the Premier League,25,1138
2021–22,Signing,Watford,69143,Juraj Kucka,Midfielder,,Watford,Signing from outside the Premier League,26,1917
2021–22,Signing,Watford,157775,Ken Sema,Midfielder,Watford,Watford,Returned to the Premier League,18,844
2021–22,Signing,Watford,45268,Moussa Sissoko,Midfielder,Tottenham Hotspur,Watford,Signing from another Premier League club,36,3220
2021–22,Signing,Watford,52775,Nicolas Nkoulou,Defender,,Watford,Signing from outside the Premier League,3,167
2021–22,Signing,Watford,227560,Oghenekaro Peter Etebo,Midfielder,,Watford,Signing from outside the Premier League,9,396
2021–22,Signing,Watford,130036,Ozan Tufan,Midfielder,,Watford,Signing from outside the Premier League,7,334
2021–22,Signing,Watford,162651,Samir Caetano de Souza Santos,Defender,,Watford,Signing from outside the Premier League,19,1674
2021–22,Signing,Watford,225702,Samuel Kalu,Midfielder,,Watford,Signing from outside the Premier League,4,221
2021–22,Signing,Watford,43250,Tom Cleverley,Midfielder,Watford,Watford,Returned to the Premier League,28,1611
2021–22,Signing,Watford,41725,Troy Deeney,Forward,Watford,Watford,Returned to the Premier League,2,23
2021–22,Signing,Watford,131304,William Troost-Ekong,Defender,,Watford,Signing from outside the Premier League,17,1388
2021–22,Departure,West Bromwich Albion,77777,Ahmed El-Sayed Hegazy,Defender,West Bromwich Albion,,Left the Premier League,1,90
2021–22,Departure,West Bromwich Albion,154043,Ainsley Maitland-Niles,Midfielder,West Bromwich Albion,Arsenal,Sold to another Premier League club,15,1229
2021–22,Departure,West Bromwich Albion,41135,Branislav Ivanovic,Defender,West Bromwich Albion,,Left the Premier League,13,764
2021–22,Departure,West Bromwich Albion,171975,Callum Robinson,Forward,West Bromwich Albion,,Left the Premier League,28,1552
2021–22,Departure,West Bromwich Albion,78356,Charlie Austin,Forward,West Bromwich Albion,,Left the Premier League,5,135
2021–22,Departure,West Bromwich Albion,232787,Conor Gallagher,Midfielder,West Bromwich Albion,Crystal Palace,Sold to another Premier League club,30,2530
2021–22,Departure,West Bromwich Albion,108053,Conor Townsend,Defender,West Bromwich Albion,,Left the Premier League for a time,25,2234
2021–22,Departure,West Bromwich Albion,216616,Dara O'Shea,Defender,West Bromwich Albion,,Left the Premier League for a time,28,2099
2021–22,Departure,West Bromwich Albion,176420,Darnell Furlong,Defender,West Bromwich Albion,,Left the Premier League,35,2931
2021–22,Departure,West Bromwich Albion,50093,David Button,Goalkeeper,West Bromwich Albion,,Left the Premier League,1,90
2021–22,Departure,West Bromwich Albion,200878,Filip Krovinovic,Midfielder,West Bromwich Albion,,Left the Premier League,11,541
2021–22,Departure,West Bromwich Albion,179830,Grady Diangana,Midfielder,West Bromwich Albion,,Left the Premier League,20,1230
2021–22,Departure,West Bromwich Albion,49440,Hal Robson-Kanu,Forward,West Bromwich Albion,,Left the Premier League,19,544
2021–22,Departure,West Bromwich Albion,49944,Jake Livermore,Midfielder,West Bromwich Albion,,Left the Premier League,18,1241
2021–22,Departure,West Bromwich Albion,49957,Kamil Grosicki,Midfielder,West Bromwich Albion,,Left the Premier League,3,147
2021–22,Departure,West Bromwich Albion,180294,Karlan Grant,Forward,West Bromwich Albion,,Left the Premier League,21,1120
2021–22,Departure,West Bromwich Albion,42427,Kieran Gibbs,Defender,West Bromwich Albion,,Left the Premier League,10,810
2021–22,Departure,West Bromwich Albion,59940,Kyle Bartley,Defender,West Bromwich Albion,,Left the Premier League,30,2583
2021–22,Departure,West Bromwich Albion,174593,Kyle Edwards,Midfielder,West Bromwich Albion,,Left the Premier League,5,114
2021–22,Departure,West Bromwich Albion,38716,Lee Peltier,Defender,West Bromwich Albion,,Left the Premier League,4,228
2021–22,Departure,West Bromwich Albion,210407,Matheus Pereira,Midfielder,West Bromwich Albion,,Left the Premier League,33,2574
2021–22,Departure,West Bromwich Albion,50229,Matt Phillips,Midfielder,West Bromwich Albion,,Left the Premier League,33,1815
2021–22,Departure,West Bromwich Albion,164011,Mbaye Diagne,Forward,West Bromwich Albion,,Left the Premier League,16,1188
2021–22,Departure,West Bromwich Albion,101394,Okay Yokuslu,Midfielder,West Bromwich Albion,,Left the Premier League,16,1316
2021–22,Departure,West Bromwich Albion,146426,Oluwasemilogo Adesewo Ibidapo Ajayi,Defender,West Bromwich Albion,,Left the Premier League,33,2779
2021–22,Departure,West Bromwich Albion,232427,Rekeem Harper,Midfielder,West Bromwich Albion,,Left the Premier League,2,30
2021–22,Departure,West Bromwich Albion,18987,Robert Snodgrass,Midfielder,West Bromwich Albion,,Left the Premier League,8,524
2021–22,Departure,West Bromwich Albion,61600,Romaine Sawyers,Midfielder,West Bromwich Albion,,Left the Premier League,19,1486
2021–22,Departure,West Bromwich Albion,195864,Sam Field,Midfielder,West Bromwich Albion,,Left the Premier League,3,61
2021–22,Departure,West Bromwich Albion,101982,Sam Johnstone,Goalkeeper,West Bromwich Albion,,Left the Premier League for a time,37,3330
2021–22,Departure,West Ham United,32259,Darren Randolph,Goalkeeper,West Ham United,,Left the Premier League,3,270
2021–22,Departure,West Ham United,166640,Fabián Balbuena,Defender,West Ham United,,Left the Premier League,14,1197
2021–22,Departure,West Ham United,101537,Felipe Anderson Pereira Gomes,Midfielder,West Ham United,,Left the Premier League,2,2
2021–22,Departure,West Ham United,109322,Jesse Lingard,Midfielder,West Ham United,Manchester United,Sold to another Premier League club,16,1423
2021–22,Departure,West Ham United,103123,Sébastien Haller,Forward,West Ham United,,Left the Premier League,16,932
2021–22,Signing,West Ham United,195728,Alex Kral,Midfielder,,West Ham United,Signing from outside the Premier League,1,1
2021–22,Signing,West Ham United,84182,Alphonse Areola,Goalkeeper,Fulham,West Ham United,Signing from another Premier League club,1,90
2021–22,Signing,West Ham United,440120,Daniel Chesters,Midfielder,,West Ham United,Signing from outside the Premier League,1,1
2021–22,Signing,West Ham United,441024,Harrison Ashby,Defender,,West Ham United,Signing from outside the Premier League,1,6
2021–22,Signing,West Ham United,103192,Kurt Zouma,Defender,Chelsea,West Ham United,Signing from another Premier League club,24,2078
2021–22,Signing,West Ham United,180151,Nikola Vlasic,Midfielder,Everton,West Ham United,Returned to the Premier League,19,549
2021–22,Signing,West Ham United,496228,Sonny Perkins,Midfielder,,West Ham United,Signing from outside the Premier League,1,3
2021–22,Departure,Wolverhampton Wanderers,179456,Oskar Buur,Defender,Wolverhampton Wanderers,,Left the Premier League,1,22
2021–22,Departure,Wolverhampton Wanderers,250604,Owen Otasowie,Midfielder,Wolverhampton Wanderers,,Left the Premier League,6,185
2021–22,Departure,Wolverhampton Wanderers,209353,Patrick Cutrone,Forward,Wolverhampton Wanderers,,Left the Premier League,2,23
2021–22,Departure,Wolverhampton Wanderers,38533,Rui Pedro dos Santos Patrício,Goalkeeper,Wolverhampton Wanderers,,Left the Premier League,37,3330
2021–22,Departure,Wolverhampton Wanderers,216054,Rúben Nascimento Vinagre,Defender,Wolverhampton Wanderers,,Left the Premier League for a time,2,172
2021–22,Departure,Wolverhampton Wanderers,443296,Theo Corbeanu,Midfielder,Wolverhampton Wanderers,,Left the Premier League,1,8
2021–22,Departure,Wolverhampton Wanderers,437858,Vitor Ferreira,Midfielder,Wolverhampton Wanderers,,Left the Premier League,19,509
2021–22,Departure,Wolverhampton Wanderers,73314,Willian José Da Silva,Forward,Wolverhampton Wanderers,,Left the Premier League,17,1106
2021–22,Signing,Wolverhampton Wanderers,461026,Chem Campbell,Midfielder,,Wolverhampton Wanderers,Signing from outside the Premier League,1,12
2021–22,Signing,Wolverhampton Wanderers,510363,Francisco Jorge Tomás Oliveira,Midfielder,,Wolverhampton Wanderers,Signing from outside the Premier League,8,203
2021–22,Signing,Wolverhampton Wanderers,222564,Francisco Machado Mota de Castro Trincão,Midfielder,,Wolverhampton Wanderers,Signing from outside the Premier League,28,1328
2021–22,Signing,Wolverhampton Wanderers,184754,Hwang Hee-chan,Midfielder,,Wolverhampton Wanderers,Signing from outside the Premier League,30,1811
2021–22,Signing,Wolverhampton Wanderers,149065,José Malheiro de Sá,Goalkeeper,,Wolverhampton Wanderers,Signing from outside the Premier League,37,3285
2021–22,Signing,Wolverhampton Wanderers,245923,Luke Cundle,Midfielder,,Wolverhampton Wanderers,Signing from outside the Premier League,4,179
2021–22,Signing,Wolverhampton Wanderers,510362,Toti Gomes,Defender,,Wolverhampton Wanderers,Signing from outside the Premier League,4,360
2022–23,Signing,AFC Bournemouth,54469,Adam Smith,Defender,AFC Bournemouth,AFC Bournemouth,Returned to the Premier League,37,2940
2022–23,Signing,AFC Bournemouth,437730,Antoine Semenyo,Midfielder,,AFC Bournemouth,Signing from outside the Premier League,11,250
2022–23,Signing,AFC Bournemouth,156687,Ben Pearson,Midfielder,,AFC Bournemouth,Signing from outside the Premier League,7,282
2022–23,Signing,AFC Bournemouth,223911,Chris Mepham,Defender,AFC Bournemouth,AFC Bournemouth,Returned to the Premier League,26,2197
2022–23,Signing,AFC Bournemouth,533463,Dango Ouattara,Midfielder,,AFC Bournemouth,Signing from outside the Premier League,19,1239
2022–23,Signing,AFC Bournemouth,111317,David Brooks,Midfielder,AFC Bournemouth,AFC Bournemouth,Returned to the Premier League,6,170
2022–23,Signing,AFC Bournemouth,154566,Dominic Solanke-Mitchell,Forward,AFC Bournemouth,AFC Bournemouth,Returned to the Premier League,33,2865
2022–23,Signing,AFC Bournemouth,133845,Emiliano Marcondes,Midfielder,,AFC Bournemouth,Signing from outside the Premier League,1,8
2022–23,Signing,AFC Bournemouth,424044,Hamed Traorè,Midfielder,,AFC Bournemouth,Signing from outside the Premier League,7,425
2022–23,Signing,AFC Bournemouth,477580,Illia Zabarnyi,Defender,,AFC Bournemouth,Signing from outside the Premier League,5,297
2022–23,Signing,AFC Bournemouth,154131,Jack Stacey,Defender,AFC Bournemouth,AFC Bournemouth,Returned to the Premier League,10,293
2022–23,Signing,AFC Bournemouth,88900,Jack Stephens,Defender,Southampton,AFC Bournemouth,Mid-season move,15,1172
2022–23,Signing,AFC Bournemouth,444180,Jaidon Anthony,Midfielder,,AFC Bournemouth,Signing from outside the Premier League,30,1241
2022–23,Signing,AFC Bournemouth,128309,Jamal Lowe,Midfielder,,AFC Bournemouth,Signing from outside the Premier League,2,11
2022–23,Signing,AFC Bournemouth,152551,Jefferson Lerma Solís,Midfielder,AFC Bournemouth,AFC Bournemouth,Returned to the Premier League,37,3252
2022–23,Signing,AFC Bournemouth,156685,Joe Rothwell,Midfielder,,AFC Bournemouth,Signing from outside the Premier League,20,1010
2022–23,Signing,AFC Bournemouth,447932,Jordan Zemura,Defender,,AFC Bournemouth,Signing from outside the Premier League,19,1452
2022–23,Signing,AFC Bournemouth,56872,Junior Stanislas,Midfielder,AFC Bournemouth,AFC Bournemouth,Returned to the Premier League,4,58
2022–23,Signing,AFC Bournemouth,128340,Kieffer Moore,Forward,,AFC Bournemouth,Signing from outside the Premier League,27,1269
2022–23,Signing,AFC Bournemouth,155408,Lewis Cook,Midfielder,AFC Bournemouth,AFC Bournemouth,Returned to the Premier League,28,1712
2022–23,Signing,AFC Bournemouth,235530,Lloyd Kelly,Defender,AFC Bournemouth,AFC Bournemouth,Returned to the Premier League,23,2040
2022–23,Signing,AFC Bournemouth,221466,Marcos Senesi Barón,Defender,,AFC Bournemouth,Signing from outside the Premier League,31,2489
2022–23,Signing,AFC Bournemouth,201658,Marcus Tavernier,Midfielder,,AFC Bournemouth,Signing from outside the Premier League,23,1740
2022–23,Signing,AFC Bournemouth,229600,Mark Travers,Goalkeeper,AFC Bournemouth,AFC Bournemouth,Returned to the Premier League,12,1035
2022–23,Signing,AFC Bournemouth,244704,Matías Viña,Defender,,AFC Bournemouth,Signing from outside the Premier League,12,452
2022–23,Signing,AFC Bournemouth,69752,Norberto Murara Neto,Goalkeeper,,AFC Bournemouth,Signing from outside the Premier League,27,2385
2022–23,Signing,AFC Bournemouth,518906,Owen Bevan,Defender,,AFC Bournemouth,Signing from outside the Premier League,1,8
2022–23,Signing,AFC Bournemouth,168991,Philip Billing,Midfielder,AFC Bournemouth,AFC Bournemouth,Returned to the Premier League,36,2766
2022–23,Signing,AFC Bournemouth,158499,Ryan Christie,Midfielder,,AFC Bournemouth,Signing from outside the Premier League,32,1825
2022–23,Signing,AFC Bournemouth,81012,Ryan Fredericks,Defender,West Ham United,AFC Bournemouth,Signing from another Premier League club,12,527
2022–23,Signing,AFC Bournemouth,244085,Siriki Dembélé,Midfielder,,AFC Bournemouth,Signing from outside the Premier League,6,104
2022–23,Departure,Arsenal,154043,Ainsley Maitland-Niles,Midfielder,Arsenal,Southampton,Sold to another Premier League club,8,263
2022–23,Departure,Arsenal,437742,Albert Sambi Lokonga,Midfielder,Arsenal,Crystal Palace,Mid-season move,6,195
2022–23,Departure,Arsenal,59966,Alexandre Lacazette,Forward,Arsenal,,Left the Premier League,30,1773
2022–23,Departure,Arsenal,80201,Bernd Leno,Goalkeeper,Arsenal,Fulham,Sold to another Premier League club,4,360
2022–23,Departure,Arsenal,58822,Cédric Alves Soares,Defender,Arsenal,Fulham,Mid-season move,2,28
2022–23,Departure,Arsenal,232223,Folarin Balogun,Forward,Arsenal,,Left the Premier League,2,69
2022–23,Departure,Arsenal,195735,Nicolas Pépé,Midfielder,Arsenal,,Left the Premier League,20,681
2022–23,Departure,Arsenal,437626,Nuno Varela Tavares,Defender,Arsenal,,Left the Premier League for a time,22,1169
2022–23,Departure,Arsenal,92371,Pablo Marí,Defender,Arsenal,,Left the Premier League,2,180
2022–23,Departure,Arsenal,54694,Pierre-Emerick Aubameyang,Forward,Arsenal,Chelsea,Sold to another Premier League club,14,1036
2022–23,Departure,Arsenal,111457,Sead Kolasinac,Defender,Arsenal,,Left the Premier League,2,91
2022–23,Signing,Arsenal,499175,Ethan Nwaneri,Midfielder,,Arsenal,Signing from outside the Premier League,1,1
2022–23,Signing,Arsenal,438098,Fábio Ferreira Vieira,Midfielder,,Arsenal,Signing from outside the Premier League,22,500
2022–23,Signing,Arsenal,205651,Gabriel Fernando de Jesus,Forward,Manchester City,Arsenal,Signing from another Premier League club,26,2064
2022–23,Signing,Arsenal,440854,Jakub Kiwior,Defender,,Arsenal,Signing from outside the Premier League,7,425
2022–23,Signing,Arsenal,85955,Jorge Luiz Frello Filho,Midfielder,Chelsea,Arsenal,Mid-season move,14,850
2022–23,Signing,Arsenal,116216,Leandro Trossard,Midfielder,Brighton & Hove Albion,Arsenal,Mid-season move,20,921
2022–23,Signing,Arsenal,479683,Marcus Oliveira Alencar,Midfielder,,Arsenal,Signing from outside the Premier League,1,1
2022–23,Signing,Arsenal,206325,Oleksandr Zinchenko,Defender,Manchester City,Arsenal,Signing from another Premier League club,27,2122
2022–23,Signing,Arsenal,462424,William Saliba,Defender,,Arsenal,Signing from outside the Premier League,27,2415
2022–23,Departure,Aston Villa,180804,Axel Tuanzebe,Defender,Aston Villa,,Left the Premier League for a time,9,505
2022–23,Departure,Aston Villa,478912,Carney Chukwuemeka,Midfielder,Aston Villa,Chelsea,Sold to another Premier League club,12,291
2022–23,Departure,Aston Villa,84939,Danny Ings,Forward,Aston Villa,West Ham United,Mid-season move,18,813
2022–23,Departure,Aston Villa,481624,Jaden Philogene,Midfielder,Aston Villa,,Left the Premier League for a time,1,4
2022–23,Departure,Aston Villa,79852,Jed Steer,Goalkeeper,Aston Villa,,Left the Premier League,1,90
2022–23,Departure,Aston Villa,221239,Keinan Davis,Forward,Aston Villa,,Left the Premier League,1,11
2022–23,Departure,Aston Villa,123354,Kortney Hause,Defender,Aston Villa,,Left the Premier League,7,397
2022–23,Departure,Aston Villa,148508,Mahmoud Ahmed Ibrahim Hassan,Midfielder,Aston Villa,,Left the Premier League,1,10
2022–23,Departure,Aston Villa,184704,Marvelous Nakamba,Midfielder,Aston Villa,,Left the Premier League for a time,16,899
2022–23,Departure,Aston Villa,490094,Tim Iroegbunam,Midfielder,Aston Villa,,Left the Premier League for a time,3,90
2022–23,Departure,Aston Villa,213345,Wesley Moraes,Forward,Aston Villa,,Left the Premier League,1,1
2022–23,Signing,Aston Villa,226944,Boubacar Kamara,Midfielder,,Aston Villa,Signing from outside the Premier League,24,1773
2022–23,Signing,Aston Villa,165659,Diego Carlos Santos Silva,Defender,,Aston Villa,Signing from outside the Premier League,3,205
2022–23,Signing,Aston Villa,171771,Jan Bednarek,Defender,Southampton,Aston Villa,Mid-season move,3,98
2022–23,Signing,Aston Villa,476344,Jhon Durán,Forward,,Aston Villa,Signing from outside the Premier League,12,126
2022–23,Signing,Aston Villa,151589,Leander Dendoncker,Midfielder,Wolverhampton Wanderers,Aston Villa,Mid-season move,20,684
2022–23,Signing,Aston Villa,155561,Ludwig Augustinsson,Defender,,Aston Villa,Signing from outside the Premier League,3,76
2022–23,Signing,Aston Villa,106468,Álex Moreno Lopera,Defender,,Aston Villa,Signing from outside the Premier League,19,1325
2022–23,Departure,Brentford,213687,Charlie Goode,Defender,Brentford,,Left the Premier League,6,448
2022–23,Departure,Brentford,80607,Christian Eriksen,Midfielder,Brentford,Manchester United,Sold to another Premier League club,11,938
2022–23,Departure,Brentford,232247,Dominic Thompson,Defender,Brentford,,Left the Premier League,2,146
2022–23,Departure,Brentford,450550,Finley Stevens,Defender,Brentford,,Left the Premier League,1,14
2022–23,Departure,Brentford,57513,Jonas Lössl,Goalkeeper,Brentford,,Left the Premier League,2,180
2022–23,Departure,Brentford,481405,Mads Bidstrup,Midfielder,Brentford,,Left the Premier League,4,36
2022–23,Departure,Brentford,216620,Marcus Forss,Forward,Brentford,,Left the Premier League,7,203
2022–23,Departure,Brentford,460029,Nathan Young-Coombes,Forward,Brentford,,Left the Premier League,1,3
2022–23,Departure,Brentford,154138,Tariqe Fosu-Henry,Midfielder,Brentford,,Left the Premier League,1,16
2022–23,Departure,Brentford,240796,Álvaro Fernández,Goalkeeper,Brentford,,Left the Premier League,12,1080
2022–23,Signing,Brentford,472713,Aaron Hickey,Defender,,Brentford,Signing from outside the Premier League,26,1918
2022–23,Signing,Brentford,51927,Ben Mee,Defender,Burnley,Brentford,Signing from another Premier League club,37,3269
2022–23,Signing,Brentford,434662,Halil Dervişoğlu,Forward,,Brentford,Signing from outside the Premier League,1,6
2022–23,Signing,Brentford,249231,Keane Lewis-Potter,Defender,,Brentford,Signing from outside the Premier League,10,313
2022–23,Signing,Brentford,513418,Kevin Schade,Midfielder,,Brentford,Signing from outside the Premier League,18,723
2022–23,Signing,Brentford,440089,Mikkel Damsgaard,Midfielder,,Brentford,Signing from outside the Premier League,26,970
2022–23,Departure,Brighton & Hove Albion,233425,Aaron Connolly,Forward,Brighton & Hove Albion,,Left the Premier League,4,154
2022–23,Departure,Brighton & Hove Albion,243505,Jakub Moder,Midfielder,Brighton & Hove Albion,,Left the Premier League for a time,28,1694
2022–23,Departure,Brighton & Hove Albion,106757,Jürgen Locadia,Forward,Brighton & Hove Albion,,Left the Premier League,1,22
2022–23,Departure,Brighton & Hove Albion,116216,Leandro Trossard,Midfielder,Brighton & Hove Albion,Arsenal,Mid-season move,16,1316
2022–23,Departure,Brighton & Hove Albion,179268,Marc Cucurella Saseta,Defender,Brighton & Hove Albion,Chelsea,Sold to another Premier League club,35,3089
2022–23,Departure,Brighton & Hove Albion,115382,Neal Maupay,Forward,Brighton & Hove Albion,Everton,Sold to another Premier League club,32,2269
2022–23,Departure,Brighton & Hove Albion,61933,Shane Duffy,Defender,Brighton & Hove Albion,Fulham,Sold to another Premier League club,18,1434
2022–23,Departure,Brighton & Hove Albion,235382,Steven Alzate,Midfielder,Brighton & Hove Albion,,Left the Premier League,9,401
2022–23,Departure,Brighton & Hove Albion,209045,Taylor Richards,Midfielder,Brighton & Hove Albion,,Left the Premier League,2,23
2022–23,Departure,Brighton & Hove Albion,227127,Yves Bissouma,Midfielder,Brighton & Hove Albion,Tottenham Hotspur,Sold to another Premier League club,26,2110
2022–23,Signing,Brighton & Hove Albion,513834,Andrew Moran,Midfielder,,Brighton & Hove Albion,Signing from outside the Premier League,1,11
2022–23,Signing,Brighton & Hove Albion,243568,Billy Gilmour,Midfielder,Norwich City,Brighton & Hove Albion,Signing from another Premier League club,14,502
2022–23,Signing,Brighton & Hove Albion,491598,Cameron Peupion,Midfielder,,Brighton & Hove Albion,Signing from outside the Premier League,1,5
2022–23,Signing,Brighton & Hove Albion,450434,Deniz Undav,Forward,,Brighton & Hove Albion,Signing from outside the Premier League,22,614
2022–23,Signing,Brighton & Hove Albion,536916,Facundo Buonanotte,Midfielder,,Brighton & Hove Albion,Signing from outside the Premier League,13,558
2022–23,Signing,Brighton & Hove Albion,532529,Jack Hinshelwood,Midfielder,,Brighton & Hove Albion,Signing from outside the Premier League,1,1
2022–23,Signing,Brighton & Hove Albion,469142,Jan Paul van Hecke,Defender,,Brighton & Hove Albion,Signing from outside the Premier League,8,291
2022–23,Signing,Brighton & Hove Albion,474120,Julio Enciso,Midfielder,,Brighton & Hove Albion,Signing from outside the Premier League,20,794
2022–23,Signing,Brighton & Hove Albion,460028,Levi Samuels Colwill,Defender,,Brighton & Hove Albion,Signing from outside the Premier League,17,1218
2022–23,Signing,Brighton & Hove Albion,451340,Mitoma Kaoru,Midfielder,,Brighton & Hove Albion,Signing from outside the Premier League,33,2311
2022–23,Signing,Brighton & Hove Albion,445548,Odeluga Offiah,Defender,,Brighton & Hove Albion,Signing from outside the Premier League,2,23
2022–23,Signing,Brighton & Hove Albion,204214,Pervis Estupiñán,Defender,,Brighton & Hove Albion,Signing from outside the Premier League,35,2674
2022–23,Signing,Brighton & Hove Albion,509416,Yasin Ayari,Midfielder,,Brighton & Hove Albion,Signing from outside the Premier League,3,65
2022–23,Departure,Burnley,17349,Aaron Lennon,Midfielder,Burnley,,Left the Premier League,28,1541
2022–23,Departure,Burnley,44699,Ashley Barnes,Forward,Burnley,,Left the Premier League for a time,23,793
2022–23,Departure,Burnley,60551,Ashley Westwood,Midfielder,Burnley,,Left the Premier League,27,2286
2022–23,Departure,Burnley,51927,Ben Mee,Defender,Burnley,Brentford,Sold to another Premier League club,21,1839
2022–23,Departure,Burnley,103914,Charlie Taylor,Defender,Burnley,,Left the Premier League for a time,31,2730
2022–23,Departure,Burnley,192290,Connor Roberts,Defender,Burnley,,Left the Premier League for a time,21,1689
2022–23,Departure,Burnley,40845,Dale Stephens,Midfielder,Burnley,,Left the Premier League,3,123
2022–23,Departure,Burnley,433154,Dwight McNeil,Midfielder,Burnley,Everton,Sold to another Premier League club,38,3104
2022–23,Departure,Burnley,39487,Erik Pieters,Defender,Burnley,,Left the Premier League,12,726
2022–23,Departure,Burnley,40145,Jack Cork,Midfielder,Burnley,,Left the Premier League for a time,20,1670
2022–23,Departure,Burnley,17761,James Tarkowski,Defender,Burnley,Everton,Sold to another Premier League club,35,3106
2022–23,Departure,Burnley,44683,Jay Rodriguez,Forward,Burnley,,Left the Premier League for a time,29,1365
2022–23,Departure,Burnley,172782,Josh Brownhill,Midfielder,Burnley,,Left the Premier League for a time,35,2952
2022–23,Departure,Burnley,60586,Jóhann Berg Gudmundsson,Midfielder,Burnley,,Left the Premier League for a time,18,1097
2022–23,Departure,Burnley,41674,Kevin Long,Defender,Burnley,,Left the Premier League,6,408
2022–23,Departure,Burnley,81183,Matej Vydra,Forward,Burnley,,Left the Premier League,22,665
2022–23,Departure,Burnley,68983,Matthew Lowton,Defender,Burnley,,Left the Premier League,25,1771
2022–23,Departure,Burnley,149519,Maxwel Cornet,Midfielder,Burnley,West Ham United,Sold to another Premier League club,26,1764
2022–23,Departure,Burnley,432830,Nathan Collins,Defender,Burnley,Wolverhampton Wanderers,Sold to another Premier League club,19,1670
2022–23,Departure,Burnley,98747,Nick Pope,Goalkeeper,Burnley,Newcastle United,Sold to another Premier League club,36,3240
2022–23,Departure,Burnley,20066,Wayne Hennessey,Goalkeeper,Burnley,Nottingham Forest,Sold to another Premier League club,2,180
2022–23,Departure,Burnley,120202,Wout Weghorst,Forward,Burnley,Manchester United,Sold to another Premier League club,20,1448
2022–23,Departure,Chelsea,135363,Andreas Christensen,Defender,Chelsea,,Left the Premier League,19,1494
2022–23,Departure,Chelsea,102380,Antonio Rüdiger,Defender,Chelsea,,Left the Premier League,34,3035
2022–23,Departure,Chelsea,209046,Callum Hudson-Odoi,Midfielder,Chelsea,,Left the Premier League for a time,15,958
2022–23,Departure,Chelsea,109533,Emerson Palmieri dos Santos,Defender,Chelsea,West Ham United,Sold to another Premier League club,1,4
2022–23,Departure,Chelsea,85955,Jorge Luiz Frello Filho,Midfielder,Chelsea,Arsenal,Mid-season move,18,1277
2022–23,Departure,Chelsea,204727,Malang Sarr,Defender,Chelsea,,Left the Premier League,8,544
2022–23,Departure,Chelsea,82263,Marcos Alonso,Defender,Chelsea,,Left the Premier League,28,2164
2022–23,Departure,Chelsea,167767,Robert Kenedy Nunes do Nascimento,Defender,Chelsea,,Left the Premier League,1,58
2022–23,Departure,Chelsea,66749,Romelu Lukaku,Forward,Chelsea,,Left the Premier League,26,1583
2022–23,Departure,Chelsea,88894,Ross Barkley,Midfielder,Chelsea,,Left the Premier League for a time,6,174
2022–23,Departure,Chelsea,89335,Saúl Ñíguez,Midfielder,Chelsea,,Left the Premier League,10,478
2022–23,Departure,Chelsea,165153,Timo Werner,Midfielder,Chelsea,,Left the Premier League for a time,21,1278
2022–23,Signing,Chelsea,440323,Armando Broja,Forward,Southampton,Chelsea,Signing from another Premier League club,12,285
2022–23,Signing,Chelsea,242880,Benoît Badiashile Mukinayi,Defender,,Chelsea,Signing from outside the Premier League,11,904
2022–23,Signing,Chelsea,478912,Carney Chukwuemeka,Midfielder,Aston Villa,Chelsea,Signing from another Premier League club,14,342
2022–23,Signing,Chelsea,232787,Conor Gallagher,Midfielder,Crystal Palace,Chelsea,Signing from another Premier League club,35,1608
2022–23,Signing,Chelsea,520295,David Datro Fofana,Forward,,Chelsea,Signing from outside the Premier League,3,68
2022–23,Signing,Chelsea,212701,Denis Zakaria,Midfielder,,Chelsea,Signing from outside the Premier League,7,409
2022–23,Signing,Chelsea,448047,Enzo Fernández,Midfielder,,Chelsea,Signing from outside the Premier League,18,1547
2022–23,Signing,Chelsea,428399,João Félix Sequeira,Midfielder,,Chelsea,Signing from outside the Premier League,16,936
2022–23,Signing,Chelsea,86129,Kalidou Koulibaly,Defender,,Chelsea,Signing from outside the Premier League,23,1798
2022–23,Signing,Chelsea,487838,Lewis Hall,Defender,,Chelsea,Signing from outside the Premier League,9,653
2022–23,Signing,Chelsea,179268,Marc Cucurella Saseta,Defender,Brighton & Hove Albion,Chelsea,Signing from another Premier League club,24,1669
2022–23,Signing,Chelsea,465920,Mykhailo Mudryk,Midfielder,,Chelsea,Signing from outside the Premier League,15,650
2022–23,Signing,Chelsea,248857,Noni Madueke,Midfielder,,Chelsea,Signing from outside the Premier League,12,639
2022–23,Signing,Chelsea,503301,Omari Hutchinson,Midfielder,,Chelsea,Signing from outside the Premier League,1,22
2022–23,Signing,Chelsea,54694,Pierre-Emerick Aubameyang,Forward,Arsenal,Chelsea,Signing from another Premier League club,15,546
2022–23,Signing,Chelsea,103955,Raheem Sterling,Midfielder,Manchester City,Chelsea,Signing from another Premier League club,28,1886
2022–23,Signing,Chelsea,444463,Wesley Fofana,Defender,Leicester City,Chelsea,Mid-season move,15,1182
2022–23,Departure,Crystal Palace,55037,Cheikhou Kouyaté,Midfielder,Crystal Palace,Nottingham Forest,Sold to another Premier League club,27,1970
2022–23,Departure,Crystal Palace,54861,Christian Benteke,Forward,Crystal Palace,,Left the Premier League,25,1132
2022–23,Departure,Crystal Palace,232787,Conor Gallagher,Midfielder,Crystal Palace,Chelsea,Sold to another Premier League club,34,2843
2022–23,Departure,Crystal Palace,105666,Jack Butland,Goalkeeper,Crystal Palace,,Left the Premier League,9,765
2022–23,Departure,Crystal Palace,450542,Jesurun Rak-Sakyi,Midfielder,Crystal Palace,,Left the Premier League for a time,2,79
2022–23,Departure,Crystal Palace,232423,Nathan Ferguson,Defender,Crystal Palace,,Left the Premier League,1,8
2022–23,Signing,Crystal Palace,437742,Albert Sambi Lokonga,Midfielder,Arsenal,Crystal Palace,Mid-season move,9,533
2022–23,Signing,Crystal Palace,438464,Cheick Doucouré,Midfielder,,Crystal Palace,Signing from outside the Premier League,34,2770
2022–23,Signing,Crystal Palace,427623,Chris Richards,Defender,,Crystal Palace,Signing from outside the Premier League,9,443
2022–23,Signing,Crystal Palace,531989,David Ozoh,Midfielder,,Crystal Palace,Signing from outside the Premier League,1,1
2022–23,Signing,Crystal Palace,487818,Joseph Whitworth,Goalkeeper,,Crystal Palace,Signing from outside the Premier League,2,180
2022–23,Signing,Crystal Palace,450535,Malcolm Ebiowei,Midfielder,,Crystal Palace,Signing from outside the Premier League,3,31
2022–23,Signing,Crystal Palace,466117,Naouirou Ahamada,Midfielder,,Crystal Palace,Signing from outside the Premier League,8,87
2022–23,Signing,Crystal Palace,101982,Sam Johnstone,Goalkeeper,West Bromwich Albion,Crystal Palace,Returned to the Premier League,9,810
2022–23,Departure,Everton,119765,Allan Marques Loureiro,Midfielder,Everton,,Left the Premier League,28,2181
2022–23,Departure,Everton,60252,Andros Townsend,Midfielder,Everton,,Left the Premier League for a time,21,1452
2022–23,Departure,Everton,120250,André Tavares Gomes,Midfielder,Everton,,Left the Premier League for a time,14,614
2022–23,Departure,Everton,232826,Anthony Gordon,Midfielder,Everton,Newcastle United,Mid-season move,16,1092
2022–23,Departure,Everton,193488,Anwar El Ghazi,Midfielder,Everton,,Left the Premier League,2,11
2022–23,Departure,Everton,66838,Cenk Tosun,Forward,Everton,,Left the Premier League,1,5
2022–23,Departure,Everton,180184,Donny van de Beek,Midfielder,Everton,Manchester United,Sold to another Premier League club,7,481
2022–23,Departure,Everton,41823,Fabian Delph,Midfielder,Everton,,Left the Premier League,11,660
2022–23,Departure,Everton,480455,Jarrad Branthwaite,Defender,Everton,,Left the Premier League for a time,6,387
2022–23,Departure,Everton,160987,Jean-Philippe Gbamin,Midfielder,Everton,,Left the Premier League,3,65
2022–23,Departure,Everton,153673,Jonjoe Kenny,Defender,Everton,,Left the Premier League,15,1015
2022–23,Departure,Everton,461421,Lewis Dobbin,Midfielder,Everton,,Left the Premier League for a time,3,30
2022–23,Departure,Everton,242058,Moise Kean,Forward,Everton,,Left the Premier League,1,1
2022–23,Departure,Everton,212319,Richarlison de Andrade,Forward,Everton,Tottenham Hotspur,Sold to another Premier League club,30,2522
2022–23,Departure,Everton,461446,Tyler Onyango,Midfielder,Everton,,Left the Premier League for a time,3,27
2022–23,Signing,Everton,449871,Amadou Onana,Midfielder,,Everton,Signing from outside the Premier League,33,2486
2022–23,Signing,Everton,94147,Conor Coady,Defender,Wolverhampton Wanderers,Everton,Signing from another Premier League club,24,2094
2022–23,Signing,Everton,433154,Dwight McNeil,Midfielder,Burnley,Everton,Signing from another Premier League club,36,2490
2022–23,Signing,Everton,80801,Idrissa Gana Gueye,Midfielder,Everton,Everton,Returned to the Premier League,33,2577
2022–23,Signing,Everton,232928,James Garner,Midfielder,Manchester United,Everton,Returned to the Premier League,16,796
2022–23,Signing,Everton,17761,James Tarkowski,Defender,Burnley,Everton,Signing from another Premier League club,38,3420
2022–23,Signing,Everton,243571,Nathan Patterson,Defender,,Everton,Signing from outside the Premier League,19,1274
2022–23,Signing,Everton,115382,Neal Maupay,Forward,Brighton & Hove Albion,Everton,Signing from another Premier League club,27,1104
2022–23,Signing,Everton,216054,Rúben Nascimento Vinagre,Defender,Wolverhampton Wanderers,Everton,Returned to the Premier League,2,24
2022–23,Signing,Everton,461416,Thomas Cannon,Forward,,Everton,Signing from outside the Premier League,2,23
2022–23,Signing,Fulham,128389,Aleksandar Mitrović,Forward,Fulham,Fulham,Returned to the Premier League,24,2010
2022–23,Signing,Fulham,156689,Andreas Hoelgebaum Pereira,Midfielder,Manchester United,Fulham,Returned to the Premier League,33,2696
2022–23,Signing,Fulham,169528,Antonee Robinson,Defender,Fulham,Fulham,Returned to the Premier League,35,3088
2022–23,Signing,Fulham,80201,Bernd Leno,Goalkeeper,Arsenal,Fulham,Signing from another Premier League club,36,3240
2022–23,Signing,Fulham,96994,Bobby De Cordova-Reid,Midfielder,Fulham,Fulham,Returned to the Premier League,36,2473
2022–23,Signing,Fulham,245824,Carlos Vinícius Alves Morais,Forward,Tottenham Hotspur,Fulham,Returned to the Premier League,28,1098
2022–23,Signing,Fulham,58822,Cédric Alves Soares,Defender,Arsenal,Fulham,Mid-season move,6,195
2022–23,Signing,Fulham,200617,Daniel James,Midfielder,Leeds United,Fulham,Mid-season move,20,605
2022–23,Signing,Fulham,153366,Harrison Reed,Midfielder,Fulham,Fulham,Returned to the Premier League,37,2868
2022–23,Signing,Fulham,153682,Harry Wilson,Midfielder,AFC Bournemouth,Fulham,Returned to the Premier League,29,1085
2022–23,Signing,Fulham,219924,Issa Diop,Defender,West Ham United,Fulham,Signing from another Premier League club,25,2008
2022–23,Signing,Fulham,490146,Jay Stansfield,Forward,,Fulham,Signing from outside the Premier League,3,85
2022–23,Signing,Fulham,168765,Josh Onomah,Midfielder,Fulham,Fulham,Returned to the Premier League,2,14
2022–23,Signing,Fulham,154296,João Maria Lobo Alves Palhares Costa Palhinha Gonçalves,Midfielder,,Fulham,Signing from outside the Premier League,35,3108
2022–23,Signing,Fulham,167074,Kenny Tete,Defender,Fulham,Fulham,Returned to the Premier League,31,2569
2022–23,Signing,Fulham,120721,Kevin Mbabu,Defender,,Fulham,Signing from outside the Premier League,6,141
2022–23,Signing,Fulham,89068,Layvin Kurzawa,Defender,,Fulham,Signing from outside the Premier League,3,136
2022–23,Signing,Fulham,515024,Luke Harris,Midfielder,,Fulham,Signing from outside the Premier League,3,10
2022–23,Signing,Fulham,235674,Manor Solomon,Midfielder,,Fulham,Signing from outside the Premier League,19,560
2022–23,Signing,Fulham,155529,Marek Rodák,Goalkeeper,Fulham,Fulham,Returned to the Premier League,2,180
2022–23,Signing,Fulham,89085,Nathaniel Chalobah,Midfielder,Watford,Fulham,Returned to the Premier League,4,11
2022–23,Signing,Fulham,92259,Neeskens Kebano,Midfielder,Fulham,Fulham,Returned to the Premier League,17,758
2022–23,Signing,Fulham,212314,Saša Lukić,Midfielder,,Fulham,Signing from outside the Premier League,12,406
2022–23,Signing,Fulham,61933,Shane Duffy,Defender,Brighton & Hove Albion,Fulham,Signing from another Premier League club,5,17
2022–23,Signing,Fulham,82514,Tim Ream,Defender,Fulham,Fulham,Returned to the Premier League,33,2898
2022–23,Signing,Fulham,76357,Tom Cairney,Midfielder,Fulham,Fulham,Returned to the Premier League,33,968
2022–23,Signing,Fulham,109646,Tosin Adarabioyo,Defender,Fulham,Fulham,Returned to the Premier League,25,2084
2022–23,Signing,Fulham,432931,Tyrese Francois,Midfielder,Fulham,Fulham,Returned to the Premier League,1,1
2022–23,Signing,Fulham,47431,Willian Borges da Silva,Midfielder,Arsenal,Fulham,Returned to the Premier League,27,2127
2022–23,Departure,Leeds United,492373,Charlie Cresswell,Defender,Leeds United,,Left the Premier League,5,140
2022–23,Departure,Leeds United,200617,Daniel James,Midfielder,Leeds United,Fulham,Mid-season move,4,197
2022–23,Departure,Leeds United,165808,Hélder Wander Sousa de Azevedo e Costa,Midfielder,Leeds United,,Left the Premier League,1,21
2022–23,Departure,Leeds United,221610,Jamie Shackleton,Midfielder,Leeds United,,Left the Premier League,14,704
2022–23,Departure,Leeds United,155405,Kalvin Phillips,Midfielder,Leeds United,Manchester City,Sold to another Premier League club,20,1594
2022–23,Departure,Leeds United,223081,Kristoffer Klaesson,Goalkeeper,Leeds United,,Left the Premier League,1,35
2022–23,Departure,Leeds United,477547,Leo Fuhr Hjelde,Defender,Leeds United,,Left the Premier League,2,148
2022–23,Departure,Leeds United,450529,Lewis Bate,Midfielder,Leeds United,,Left the Premier League,3,145
2022–23,Departure,Leeds United,464618,Liam McCarron,Midfielder,Leeds United,,Left the Premier League,1,9
2022–23,Departure,Leeds United,219961,Raphael Dias Belloli,Midfielder,Leeds United,,Left the Premier League,35,2916
2022–23,Departure,Leeds United,87873,Stuart Dallas,Midfielder,Leeds United,,Left the Premier League,34,2920
2022–23,Departure,Leeds United,473342,Stuart McKinstry,Midfielder,Leeds United,,Left the Premier League,1,3
2022–23,Departure,Leeds United,173821,Tyler Roberts,Midfielder,Leeds United,,Left the Premier League,23,976
2022–23,Signing,Leeds United,427637,Brenden Aaronson,Midfielder,,Leeds United,Signing from outside the Premier League,36,2365
2022–23,Signing,Leeds United,470294,Darko Gyabi,Midfielder,,Leeds United,Signing from outside the Premier League,1,7
2022–23,Signing,Leeds United,463067,Georginio Rutter,Midfielder,,Leeds United,Signing from outside the Premier League,11,263
2022–23,Signing,Leeds United,78315,Joel Robles,Goalkeeper,Everton,Leeds United,Returned to the Premier League,4,360
2022–23,Signing,Leeds United,224995,Luis Sinisterra,Midfielder,,Leeds United,Signing from outside the Premier League,19,863
2022–23,Signing,Leeds United,234370,Marc Roca Junqué,Midfielder,,Leeds United,Signing from outside the Premier League,32,2316
2022–23,Signing,Leeds United,565297,Mateo Joseph Fernández,Forward,,Leeds United,Signing from outside the Premier League,3,24
2022–23,Signing,Leeds United,220087,Maximilian Wöber,Defender,,Leeds United,Signing from outside the Premier League,16,1264
2022–23,Signing,Leeds United,224209,Rasmus Kristensen,Defender,,Leeds United,Signing from outside the Premier League,26,1957
2022–23,Signing,Leeds United,200785,Tyler Adams,Midfielder,,Leeds United,Signing from outside the Premier League,24,2156
2022–23,Signing,Leeds United,241519,Weston McKennie,Midfielder,,Leeds United,Signing from outside the Premier League,19,1434
2022–23,Signing,Leeds United,492859,Wilfried Gnonto,Midfielder,,Leeds United,Signing from outside the Premier League,24,1346
2022–23,Departure,Leicester City,219352,Ademola Lookman,Midfielder,Leicester City,,Left the Premier League,26,1446
2022–23,Departure,Leicester City,197469,Hamza Choudhury,Midfielder,Leicester City,,Left the Premier League for a time,6,284
2022–23,Departure,Leicester City,93100,Jannik Vestergaard,Defender,Leicester City,,Left the Premier League for a time,10,563
2022–23,Departure,Leicester City,461587,Kasey McAteer,Midfielder,Leicester City,,Left the Premier League for a time,1,2
2022–23,Departure,Leicester City,17745,Kasper Schmeichel,Goalkeeper,Leicester City,,Left the Premier League,37,3330
2022–23,Departure,Leicester City,40146,Ryan Bertrand,Defender,Leicester City,,Left the Premier League,4,337
2022–23,Departure,Leicester City,444463,Wesley Fofana,Defender,Leicester City,Chelsea,Mid-season move,2,180
2022–23,Signing,Leicester City,207270,Daniel Iversen,Goalkeeper,,Leicester City,Signing from outside the Premier League,12,1080
2022–23,Signing,Leicester City,106837,Dennis Praet,Midfielder,Leicester City,Leicester City,Returned to the Premier League,22,635
2022–23,Signing,Leicester City,194190,Harry Souttar,Defender,,Leicester City,Signing from outside the Premier League,12,991
2022–23,Signing,Leicester City,225295,Mateus Cardoso Lemos Martins,Midfielder,,Leicester City,Signing from outside the Premier League,13,732
2022–23,Signing,Leicester City,481510,Victor Kristiansen,Defender,,Leicester City,Signing from outside the Premier League,12,891
2022–23,Signing,Leicester City,218218,Wout Faes,Defender,,Leicester City,Signing from outside the Premier League,31,2786
2022–23,Departure,Liverpool,152760,Divock Origi,Forward,Liverpool,,Left the Premier League for a time,7,126
2022–23,Departure,Liverpool,496185,Kaide Gordon,Midfielder,Liverpool,,Left the Premier League for a time,1,8
2022–23,Departure,Liverpool,215136,Neco Williams,Defender,Liverpool,Nottingham Forest,Sold to another Premier League club,1,7
2022–23,Departure,Liverpool,110979,Sadio Mané,Midfielder,Liverpool,,Left the Premier League,34,2818
2022–23,Departure,Liverpool,157882,Takumi Minamino,Midfielder,Liverpool,,Left the Premier League,11,178
2022–23,Departure,Liverpool,440148,Tyler Morton,Midfielder,Liverpool,,Left the Premier League,2,65
2022–23,Signing,Liverpool,496208,Ben Gannon-Doak,Midfielder,,Liverpool,Signing from outside the Premier League,2,23
2022–23,Signing,Liverpool,491970,Bobby Clark,Midfielder,,Liverpool,Signing from outside the Premier League,1,7
2022–23,Signing,Liverpool,243298,Cody Gakpo,Midfielder,,Liverpool,Signing from outside the Premier League,21,1455
2022–23,Signing,Liverpool,447203,Darwin Núñez Ribeiro,Forward,,Liverpool,Signing from outside the Premier League,29,1684
2022–23,Signing,Liverpool,244858,Fábio Freitas Gouveia Carvalho,Midfielder,Fulham,Liverpool,Returned to the Premier League,13,339
2022–23,Signing,Liverpool,197464,Nathaniel Phillips,Defender,Liverpool,Liverpool,Returned to the Premier League,2,65
2022–23,Signing,Liverpool,535928,Stefan Bajcetic,Midfielder,,Liverpool,Signing from outside the Premier League,11,522
2022–23,Departure,Manchester City,102826,Benjamin Mendy,Defender,Manchester City,,Left the Premier League,1,78
2022–23,Departure,Manchester City,432711,Conrad Egan-Riley,Defender,Manchester City,,Left the Premier League,1,3
2022–23,Departure,Manchester City,27789,Fernando Luiz Rosa,Midfielder,Manchester City,,Left the Premier League,19,956
2022–23,Departure,Manchester City,224444,Ferran Torres,Midfielder,Manchester City,,Left the Premier League,4,303
2022–23,Departure,Manchester City,205651,Gabriel Fernando de Jesus,Forward,Manchester City,Arsenal,Sold to another Premier League club,28,1871
2022–23,Departure,Manchester City,432714,James McAtee,Midfielder,Manchester City,,Left the Premier League for a time,2,18
2022–23,Departure,Manchester City,478028,Kayky da Silva Chagas,Forward,Manchester City,,Left the Premier League,1,6
2022–23,Departure,Manchester City,463034,Liam Delap,Forward,Manchester City,,Left the Premier League for a time,1,8
2022–23,Departure,Manchester City,206325,Oleksandr Zinchenko,Defender,Manchester City,Arsenal,Sold to another Premier League club,15,1044
2022–23,Departure,Manchester City,103955,Raheem Sterling,Midfielder,Manchester City,Chelsea,Sold to another Premier League club,30,2121
2022–23,Departure,Manchester City,164484,Zack Steffen,Goalkeeper,Manchester City,,Left the Premier League,1,90
2022–23,Signing,Manchester City,223094,Erling Haaland,Forward,,Manchester City,Signing from outside the Premier League,35,2767
2022–23,Signing,Manchester City,461358,Julián Álvarez,Forward,,Manchester City,Signing from outside the Premier League,31,1448
2022–23,Signing,Manchester City,155405,Kalvin Phillips,Midfielder,Leeds United,Manchester City,Signing from another Premier League club,12,291
2022–23,Signing,Manchester City,211975,Manuel Akanji,Defender,,Manchester City,Signing from outside the Premier League,29,2284
2022–23,Signing,Manchester City,482769,Máximo Perrone,Midfielder,,Manchester City,Signing from outside the Premier League,1,18
2022–23,Signing,Manchester City,477064,Rico Lewis,Defender,,Manchester City,Signing from outside the Premier League,14,900
2022–23,Signing,Manchester City,437468,Sergio Gómez,Defender,,Manchester City,Signing from outside the Premier League,12,340
2022–23,Signing,Manchester City,463210,Shea Charles,Midfielder,,Manchester City,Signing from outside the Premier League,1,27
2022–23,Signing,Manchester City,88248,Stefan Ortega Moreno,Goalkeeper,,Manchester City,Signing from outside the Premier League,3,270
2022–23,Departure,Manchester United,152590,Alex Nicolao Telles,Defender,Manchester United,,Left the Premier League,21,1658
2022–23,Departure,Manchester United,40720,Edinson Cavani,Forward,Manchester United,,Left the Premier League,15,760
2022–23,Departure,Manchester United,197365,Eric Bailly,Defender,Manchester United,,Left the Premier League,4,216
2022–23,Departure,Manchester United,465527,Hannibal Mejbri,Midfielder,Manchester United,,Left the Premier League for a time,2,67
2022–23,Departure,Manchester United,109322,Jesse Lingard,Midfielder,Manchester United,Nottingham Forest,Sold to another Premier League club,16,354
2022–23,Departure,Manchester United,43670,Juan Mata,Midfielder,Manchester United,,Left the Premier League,7,230
2022–23,Departure,Manchester United,220688,Mason Greenwood,Midfielder,Manchester United,,Left the Premier League,18,1269
2022–23,Departure,Manchester United,62398,Nemanja Matic,Midfielder,Manchester United,,Left the Premier League,23,1375
2022–23,Departure,Manchester United,74208,Paul Pogba,Midfielder,Manchester United,,Left the Premier League,20,1347
2022–23,Departure,Manchester United,76359,Phil Jones,Defender,Manchester United,,Left the Premier League,4,161
2022–23,Departure,Manchester United,472464,Shola Shoretire,Midfielder,Manchester United,,Left the Premier League,1,15
2022–23,Signing,Manchester United,467169,Antony Matheus dos Santos,Midfielder,,Manchester United,Signing from outside the Premier League,25,1803
2022–23,Signing,Manchester United,61256,Carlos Henrique Casimiro,Midfielder,,Manchester United,Signing from outside the Premier League,28,2122
2022–23,Signing,Manchester United,80607,Christian Eriksen,Midfielder,Brentford,Manchester United,Signing from another Premier League club,28,2046
2022–23,Signing,Manchester United,180184,Donny van de Beek,Midfielder,Everton,Manchester United,Signing from another Premier League club,7,162
2022–23,Signing,Manchester United,488404,Facundo Pellistri Rebollo,Midfielder,,Manchester United,Signing from outside the Premier League,4,60
2022–23,Signing,Manchester United,516895,Kobbie Mainoo,Midfielder,,Manchester United,Signing from outside the Premier League,1,10
2022–23,Signing,Manchester United,221820,Lisandro Martínez,Defender,,Manchester United,Signing from outside the Premier League,27,2113
2022–23,Signing,Manchester United,101338,Marcel Sabitzer,Midfielder,,Manchester United,Signing from outside the Premier League,11,622
2022–23,Signing,Manchester United,222690,Tyrell Malacia,Defender,,Manchester United,Signing from outside the Premier League,22,1391
2022–23,Signing,Manchester United,120202,Wout Weghorst,Forward,Burnley,Manchester United,Signing from another Premier League club,17,790
2022–23,Departure,Newcastle United,60689,Chris Wood,Forward,Newcastle United,Nottingham Forest,Mid-season move,18,437
2022–23,Departure,Newcastle United,58845,Ciaran Clark,Defender,Newcastle United,,Left the Premier League,13,1012
2022–23,Departure,Newcastle United,104547,Dwight Gayle,Forward,Newcastle United,,Left the Premier League,8,34
2022–23,Departure,Newcastle United,57145,Federico Fernández,Defender,Newcastle United,,Left the Premier League,7,521
2022–23,Departure,Newcastle United,155503,Freddie Woodman,Goalkeeper,Newcastle United,,Left the Premier League for a time,4,360
2022–23,Departure,Newcastle United,153127,Isaac Hayden,Midfielder,Newcastle United,,Left the Premier League,14,1000
2022–23,Departure,Newcastle United,83314,Jeff Hendrick,Midfielder,Newcastle United,,Left the Premier League,3,69
2022–23,Departure,Newcastle United,50232,Jonjo Shelvey,Midfielder,Newcastle United,Nottingham Forest,Mid-season move,3,34
2022–23,Departure,Newcastle United,59735,Karl Darlow,Goalkeeper,Newcastle United,,Left the Premier League for a time,8,720
2022–23,Departure,Newcastle United,106618,Paul Dummett,Defender,Newcastle United,,Left the Premier League for a time,3,197
2022–23,Signing,Newcastle United,219168,Alexander Isak,Forward,,Newcastle United,Signing from outside the Premier League,22,1520
2022–23,Signing,Newcastle United,232826,Anthony Gordon,Midfielder,Everton,Newcastle United,Mid-season move,16,482
2022–23,Signing,Newcastle United,215379,Elliot Anderson,Midfielder,Newcastle United,Newcastle United,Returned to the Premier League,22,395
2022–23,Signing,Newcastle United,547719,Lewis Miley,Midfielder,,Newcastle United,Signing from outside the Premier League,1,14
2022–23,Signing,Newcastle United,98747,Nick Pope,Goalkeeper,Burnley,Newcastle United,Signing from another Premier League club,37,3261
2022–23,Signing,Newcastle United,220237,Sven Botman,Defender,,Newcastle United,Signing from outside the Premier League,36,3127
2022–23,Departure,Norwich City,432735,Adam Idah,Forward,Norwich City,,Left the Premier League,17,617
2022–23,Departure,Norwich City,466404,Andrew Omobamidele,Defender,Norwich City,,Left the Premier League for a time,5,381
2022–23,Departure,Norwich City,107265,Angus Gunn,Goalkeeper,Norwich City,,Left the Premier League for a time,9,810
2022–23,Departure,Norwich City,220686,Bali Mumba,Defender,Norwich City,,Left the Premier League,1,45
2022–23,Departure,Norwich City,83312,Ben Gibson,Defender,Norwich City,,Left the Premier League,28,2494
2022–23,Departure,Norwich City,243568,Billy Gilmour,Midfielder,Norwich City,Brighton & Hove Albion,Sold to another Premier League club,24,1852
2022–23,Departure,Norwich City,232937,Brandon Williams,Defender,Norwich City,,Left the Premier League,26,2119
2022–23,Departure,Norwich City,192303,Christoph Zimmermann,Defender,Norwich City,,Left the Premier League,3,156
2022–23,Departure,Norwich City,439509,Christos Tzolis,Midfielder,Norwich City,,Left the Premier League,14,326
2022–23,Departure,Norwich City,189627,Dimitris Giannoulis,Defender,Norwich City,,Left the Premier League,18,1165
2022–23,Departure,Norwich City,83428,Grant Hanley,Defender,Norwich City,,Left the Premier League,33,2897
2022–23,Departure,Norwich City,235546,Jacob Sørensen,Defender,Norwich City,,Left the Premier League,10,600
2022–23,Departure,Norwich City,483365,Jonathan Rowe,Midfielder,Norwich City,,Left the Premier League,13,208
2022–23,Departure,Norwich City,215476,Joshua Sargent,Forward,Norwich City,,Left the Premier League,26,1566
2022–23,Departure,Norwich City,78607,Kenny McLean,Midfielder,Norwich City,,Left the Premier League,31,2707
2022–23,Departure,Norwich City,171270,Kieran Dowell,Midfielder,Norwich City,,Left the Premier League,19,905
2022–23,Departure,Norwich City,76306,Lukas Rupp,Midfielder,Norwich City,,Left the Premier League,19,759
2022–23,Departure,Norwich City,179276,Mathias Normann,Midfielder,Norwich City,,Left the Premier League,23,1643
2022–23,Departure,Norwich City,232980,Max Aarons,Defender,Norwich City,,Left the Premier League for a time,34,2879
2022–23,Departure,Norwich City,212723,Milot Rashica,Midfielder,Norwich City,,Left the Premier League,31,2228
2022–23,Departure,Norwich City,438277,Ozan Kabak,Defender,Norwich City,,Left the Premier League,11,923
2022–23,Departure,Norwich City,212325,Pierre Lees-Melou,Midfielder,Norwich City,,Left the Premier League,33,2261
2022–23,Departure,Norwich City,428626,Przemyslaw Placheta,Midfielder,Norwich City,,Left the Premier League,12,499
2022–23,Departure,Norwich City,113564,Sam Byram,Defender,Norwich City,,Left the Premier League for a time,15,1023
2022–23,Departure,Norwich City,57127,Teemu Pukki,Forward,Norwich City,,Left the Premier League,37,3253
2022–23,Departure,Norwich City,20480,Tim Krul,Goalkeeper,Norwich City,,Left the Premier League,29,2610
2022–23,Departure,Norwich City,193111,Todd Cantwell,Midfielder,Norwich City,,Left the Premier League,8,438
2022–23,Departure,Norwich City,446281,Tony Springett,Midfielder,Norwich City,,Left the Premier League,3,140
2022–23,Signing,Nottingham Forest,244930,Alex Mighten,Midfielder,,Nottingham Forest,Signing from outside the Premier League,1,7
2022–23,Signing,Nottingham Forest,45124,André Ayew,Midfielder,Swansea City,Nottingham Forest,Returned to the Premier League,13,306
2022–23,Signing,Nottingham Forest,242898,Brennan Johnson,Midfielder,,Nottingham Forest,Signing from outside the Premier League,38,2930
2022–23,Signing,Nottingham Forest,166325,Carlos Ribeiro Dias,Midfielder,,Nottingham Forest,Signing from outside the Premier League,1,6
2022–23,Signing,Nottingham Forest,55037,Cheikhou Kouyaté,Midfielder,Crystal Palace,Nottingham Forest,Signing from another Premier League club,21,871
2022–23,Signing,Nottingham Forest,60689,Chris Wood,Forward,Newcastle United,Nottingham Forest,Mid-season move,7,370
2022–23,Signing,Nottingham Forest,513046,Danilo dos Santos de Oliveira,Midfielder,,Nottingham Forest,Signing from outside the Premier League,13,976
2022–23,Signing,Nottingham Forest,172649,Dean Henderson,Goalkeeper,Manchester United,Nottingham Forest,Returned to the Premier League,18,1620
2022–23,Signing,Nottingham Forest,230251,Emmanuel Dennis,Forward,Watford,Nottingham Forest,Signing from another Premier League club,19,709
2022–23,Signing,Nottingham Forest,116404,Felipe Augusto de Almeida Monteiro,Defender,,Nottingham Forest,Signing from outside the Premier League,16,1417
2022–23,Signing,Nottingham Forest,437753,Giulian Biancone,Defender,,Nottingham Forest,Signing from outside the Premier League,2,15
2022–23,Signing,Nottingham Forest,185253,Gustavo Henrique Furtado Scarpa,Midfielder,,Nottingham Forest,Signing from outside the Premier League,6,177
2022–23,Signing,Nottingham Forest,114241,Harry Toffolo,Defender,,Nottingham Forest,Signing from outside the Premier League,19,933
2022–23,Signing,Nottingham Forest,58771,Jack Colback,Midfielder,,Nottingham Forest,Signing from outside the Premier League,11,492
2022–23,Signing,Nottingham Forest,109322,Jesse Lingard,Midfielder,Manchester United,Nottingham Forest,Signing from another Premier League club,17,918
2022–23,Signing,Nottingham Forest,208912,Joe Worrall,Defender,,Nottingham Forest,Signing from outside the Premier League,30,2215
2022–23,Signing,Nottingham Forest,50232,Jonjo Shelvey,Midfielder,Newcastle United,Nottingham Forest,Mid-season move,8,539
2022–23,Signing,Nottingham Forest,28411,Keylor Navas,Goalkeeper,,Nottingham Forest,Signing from outside the Premier League,17,1530
2022–23,Signing,Nottingham Forest,243345,Lewis O'Brien,Midfielder,,Nottingham Forest,Signing from outside the Premier League,13,578
2022–23,Signing,Nottingham Forest,222531,Morgan Gibbs-White,Midfielder,Wolverhampton Wanderers,Nottingham Forest,Mid-season move,35,2971
2022–23,Signing,Nottingham Forest,199170,Moussa Niakhaté,Defender,,Nottingham Forest,Signing from outside the Premier League,14,1163
2022–23,Signing,Nottingham Forest,215136,Neco Williams,Defender,Liverpool,Nottingham Forest,Signing from another Premier League club,31,1872
2022–23,Signing,Nottingham Forest,179519,Orel Mangala,Midfielder,,Nottingham Forest,Signing from outside the Premier League,27,1543
2022–23,Signing,Nottingham Forest,89076,Remo Freuler,Midfielder,,Nottingham Forest,Signing from outside the Premier League,28,2157
2022–23,Signing,Nottingham Forest,233420,Renan Augusto Lodi dos Santos,Defender,,Nottingham Forest,Signing from outside the Premier League,28,2211
2022–23,Signing,Nottingham Forest,204968,Ryan Yates,Midfielder,,Nottingham Forest,Signing from outside the Premier League,26,1833
2022–23,Signing,Nottingham Forest,217331,Sam Surridge,Forward,AFC Bournemouth,Nottingham Forest,Returned to the Premier League,20,306
2022–23,Signing,Nottingham Forest,168281,Scott McKenna,Defender,,Nottingham Forest,Signing from outside the Premier League,20,1570
2022–23,Signing,Nottingham Forest,80226,Serge Aurier,Defender,Tottenham Hotspur,Nottingham Forest,Returned to the Premier League,24,1943
2022–23,Signing,Nottingham Forest,56917,Steve Cook,Defender,AFC Bournemouth,Nottingham Forest,Returned to the Premier League,12,956
2022–23,Signing,Nottingham Forest,210156,Taiwo Awoniyi,Forward,,Nottingham Forest,Signing from outside the Premier League,27,1395
2022–23,Signing,Nottingham Forest,20066,Wayne Hennessey,Goalkeeper,Burnley,Nottingham Forest,Signing from another Premier League club,4,271
2022–23,Signing,Nottingham Forest,90585,Willy Boly,Defender,Wolverhampton Wanderers,Nottingham Forest,Signing from another Premier League club,11,684
2022–23,Departure,Southampton,440323,Armando Broja,Forward,Southampton,Chelsea,Sold to another Premier League club,32,1969
2022–23,Departure,Southampton,40383,Fraser Forster,Goalkeeper,Southampton,Tottenham Hotspur,Sold to another Premier League club,19,1710
2022–23,Departure,Southampton,88900,Jack Stephens,Defender,Southampton,AFC Bournemouth,Mid-season move,2,46
2022–23,Departure,Southampton,171771,Jan Bednarek,Defender,Southampton,Aston Villa,Mid-season move,20,1672
2022–23,Departure,Southampton,203389,Nathan Tella,Midfielder,Southampton,,Left the Premier League,14,802
2022–23,Departure,Southampton,20452,Shane Long,Forward,Southampton,,Left the Premier League,13,300
2022–23,Departure,Southampton,214466,Will Smallbone,Midfielder,Southampton,,Left the Premier League for a time,4,132
2022–23,Departure,Southampton,20310,Willy Caballero,Goalkeeper,Southampton,,Left the Premier League,2,180
2022–23,Signing,Southampton,154043,Ainsley Maitland-Niles,Midfielder,Arsenal,Southampton,Signing from another Premier League club,22,1400
2022–23,Signing,Southampton,477386,Armel Bella-Kotchap,Defender,,Southampton,Signing from outside the Premier League,24,1881
2022–23,Signing,Southampton,502697,Carlos Alcaraz Durán,Midfielder,,Southampton,Signing from outside the Premier League,18,1024
2022–23,Signing,Southampton,494543,Dominic Ballard,Forward,,Southampton,Signing from outside the Premier League,2,24
2022–23,Signing,Southampton,173271,Duje Caleta-Car,Defender,,Southampton,Signing from outside the Premier League,13,942
2022–23,Signing,Southampton,456350,Gavin Bazunu,Goalkeeper,,Southampton,Signing from outside the Premier League,32,2880
2022–23,Signing,Southampton,184386,James Bree,Defender,,Southampton,Signing from outside the Premier League,5,366
2022–23,Signing,Southampton,193204,Joe Aribo,Midfielder,,Southampton,Signing from outside the Premier League,21,1219
2022–23,Signing,Southampton,515571,Juan Larios López,Defender,,Southampton,Signing from outside the Premier League,5,150
2022–23,Signing,Southampton,504783,Kamaldeen Sulemana,Midfielder,,Southampton,Signing from outside the Premier League,18,959
2022–23,Signing,Southampton,494541,Kamari Doyle,Midfielder,,Southampton,Signing from outside the Premier League,1,6
2022–23,Signing,Southampton,81205,Mislav Orsic,Midfielder,,Southampton,Signing from outside the Premier League,1,6
2022–23,Signing,Southampton,147611,Paul Onuachu,Forward,,Southampton,Signing from outside the Premier League,11,401
2022–23,Signing,Southampton,514356,Roméo Lavia,Midfielder,,Southampton,Signing from outside the Premier League,29,2219
2022–23,Signing,Southampton,499724,Samuel Amo-Ameyaw,Midfielder,,Southampton,Signing from outside the Premier League,1,3
2022–23,Signing,Southampton,490503,Samuel Edozie,Midfielder,,Southampton,Signing from outside the Premier League,17,554
2022–23,Signing,Southampton,476888,Sékou Mara,Forward,,Southampton,Signing from outside the Premier League,22,538
2022–23,Departure,Tottenham Hotspur,490145,Dane Scarlett,Forward,Tottenham Hotspur,,Left the Premier League for a time,1,3
2022–23,Departure,Tottenham Hotspur,200826,Giovani Lo Celso,Midfielder,Tottenham Hotspur,,Left the Premier League for a time,9,231
2022–23,Departure,Tottenham Hotspur,157668,Harry Winks,Midfielder,Tottenham Hotspur,,Left the Premier League for a time,19,904
2022–23,Departure,Tottenham Hotspur,214225,Joe Rodon,Defender,Tottenham Hotspur,,Left the Premier League for a time,3,87
2022–23,Departure,Tottenham Hotspur,199249,Sergio Reguilón,Defender,Tottenham Hotspur,,Left the Premier League for a time,25,1914
2022–23,Departure,Tottenham Hotspur,194252,Steven Bergwijn,Midfielder,Tottenham Hotspur,,Left the Premier League,25,548
2022–23,Departure,Tottenham Hotspur,231372,Tanguy Ndombele,Midfielder,Tottenham Hotspur,,Left the Premier League,9,481
2022–23,Signing,Tottenham Hotspur,220307,Arnaut Danjuma Groeneveld,Midfielder,AFC Bournemouth,Tottenham Hotspur,Returned to the Premier League,9,162
2022–23,Signing,Tottenham Hotspur,171101,Clément Lenglet,Defender,,Tottenham Hotspur,Signing from outside the Premier League,26,2018
2022–23,Signing,Tottenham Hotspur,232859,Djed Spence,Defender,,Tottenham Hotspur,Signing from outside the Premier League,4,5
2022–23,Signing,Tottenham Hotspur,40383,Fraser Forster,Goalkeeper,Southampton,Tottenham Hotspur,Signing from another Premier League club,14,1215
2022–23,Signing,Tottenham Hotspur,519327,George Abbott,Midfielder,,Tottenham Hotspur,Signing from outside the Premier League,1,1
2022–23,Signing,Tottenham Hotspur,448791,Harvey White,Midfielder,,Tottenham Hotspur,Signing from outside the Premier League,1,4
2022–23,Signing,Tottenham Hotspur,45034,Ivan Perišić,Defender,,Tottenham Hotspur,Signing from outside the Premier League,34,2099
2022–23,Signing,Tottenham Hotspur,461201,Matthew Craig,Midfielder,,Tottenham Hotspur,Signing from outside the Premier League,1,13
2022–23,Signing,Tottenham Hotspur,482442,Pape Matar Sarr,Midfielder,,Tottenham Hotspur,Signing from outside the Premier League,11,211
2022–23,Signing,Tottenham Hotspur,441164,Pedro Porro Sauceda,Defender,,Tottenham Hotspur,Signing from outside the Premier League,15,1132
2022–23,Signing,Tottenham Hotspur,212319,Richarlison de Andrade,Forward,Everton,Tottenham Hotspur,Signing from another Premier League club,27,995
2022–23,Signing,Tottenham Hotspur,227127,Yves Bissouma,Midfielder,Brighton & Hove Albion,Tottenham Hotspur,Signing from another Premier League club,23,998
2022–23,Departure,Watford,155651,Adam Masina,Defender,Watford,,Left the Premier League,15,1075
2022–23,Departure,Watford,176296,Ashley Fletcher,Forward,Watford,,Left the Premier League,3,28
2022–23,Departure,Watford,9089,Ben Foster,Goalkeeper,Watford,,Left the Premier League,26,2340
2022–23,Departure,Watford,85624,Christian Kabasele,Defender,Watford,,Left the Premier League,16,1190
2022–23,Departure,Watford,41338,Craig Cathcart,Defender,Watford,,Left the Premier League,31,2394
2022–23,Departure,Watford,40387,Dan Gosling,Midfielder,Watford,,Left the Premier League,4,164
2022–23,Departure,Watford,154506,Daniel Bachmann,Goalkeeper,Watford,,Left the Premier League,12,1080
2022–23,Departure,Watford,38290,Danny Rose,Defender,Watford,,Left the Premier League,8,688
2022–23,Departure,Watford,442335,Edo Kayembe,Midfielder,Watford,,Left the Premier League,13,795
2022–23,Departure,Watford,230251,Emmanuel Dennis,Forward,Watford,Nottingham Forest,Sold to another Premier League club,33,2579
2022–23,Departure,Watford,54484,Francisco Femenía Far,Defender,Watford,,Left the Premier League,27,2143
2022–23,Departure,Watford,208973,Francisco Sierralta,Defender,Watford,,Left the Premier League,5,427
2022–23,Departure,Watford,171099,Hassane Kamara,Defender,Watford,,Left the Premier League,19,1622
2022–23,Departure,Watford,471471,Imrân Louza,Midfielder,Watford,,Left the Premier League,20,1415
2022–23,Departure,Watford,232185,Ismaïla Sarr,Midfielder,Watford,,Left the Premier League for a time,22,1862
2022–23,Departure,Watford,232391,Jeremy Ngakia,Defender,Watford,,Left the Premier League,16,896
2022–23,Departure,Watford,78007,Joshua King,Forward,Watford,,Left the Premier League,32,2244
2022–23,Departure,Watford,475168,João Pedro Junqueira de Jesus,Forward,Watford,,Left the Premier League for a time,28,1634
2022–23,Departure,Watford,244716,Juan Camilo Hernández Suárez,Forward,Watford,,Left the Premier League,25,1138
2022–23,Departure,Watford,69143,Juraj Kucka,Midfielder,Watford,,Left the Premier League,26,1917
2022–23,Departure,Watford,157775,Ken Sema,Midfielder,Watford,,Left the Premier League,18,844
2022–23,Departure,Watford,45268,Moussa Sissoko,Midfielder,Watford,,Left the Premier League,36,3220
2022–23,Departure,Watford,52775,Nicolas Nkoulou,Defender,Watford,,Left the Premier League,3,167
2022–23,Departure,Watford,227560,Oghenekaro Peter Etebo,Midfielder,Watford,,Left the Premier League,9,396
2022–23,Departure,Watford,130036,Ozan Tufan,Midfielder,Watford,,Left the Premier League,7,334
2022–23,Departure,Watford,162651,Samir Caetano de Souza Santos,Defender,Watford,,Left the Premier League,19,1674
2022–23,Departure,Watford,225702,Samuel Kalu,Midfielder,Watford,,Left the Premier League,4,221
2022–23,Departure,Watford,43250,Tom Cleverley,Midfielder,Watford,,Left the Premier League,28,1611
2022–23,Departure,Watford,41725,Troy Deeney,Forward,Watford,,Left the Premier League,2,23
2022–23,Departure,Watford,131304,William Troost-Ekong,Defender,Watford,,Left the Premier League,17,1388
2022–23,Departure,West Ham United,195728,Alex Kral,Midfielder,West Ham United,,Left the Premier League,1,1
2022–23,Departure,West Ham United,56377,Andriy Yarmolenko,Midfielder,West Ham United,,Left the Premier League,19,303
2022–23,Departure,West Ham United,105717,Arthur Masuaku,Defender,West Ham United,,Left the Premier League for a time,13,645
2022–23,Departure,West Ham United,60232,Craig Dawson,Defender,West Ham United,Wolverhampton Wanderers,Mid-season move,8,720
2022–23,Departure,West Ham United,440120,Daniel Chesters,Midfielder,West Ham United,,Left the Premier League,1,1
2022–23,Departure,West Ham United,441024,Harrison Ashby,Defender,West Ham United,,Left the Premier League,1,6
2022–23,Departure,West Ham United,219924,Issa Diop,Defender,West Ham United,Fulham,Sold to another Premier League club,13,961
2022–23,Departure,West Ham United,18073,Mark Noble,Midfielder,West Ham United,,Left the Premier League,11,325
2022–23,Departure,West Ham United,180151,Nikola Vlasic,Midfielder,West Ham United,,Left the Premier League,19,549
2022–23,Departure,West Ham United,81012,Ryan Fredericks,Defender,West Ham United,AFC Bournemouth,Sold to another Premier League club,7,303
2022–23,Departure,West Ham United,496228,Sonny Perkins,Midfielder,West Ham United,,Left the Premier League,1,3
2022–23,Signing,West Ham United,222017,Conor Coventry,Midfielder,,West Ham United,Signing from outside the Premier League,1,1
2022–23,Signing,West Ham United,84939,Danny Ings,Forward,Aston Villa,West Ham United,Mid-season move,17,766
2022–23,Signing,West Ham United,487837,Divin Mubama,Forward,,West Ham United,Signing from outside the Premier League,3,36
2022–23,Signing,West Ham United,109533,Emerson Palmieri dos Santos,Defender,Chelsea,West Ham United,Signing from another Premier League club,22,1317
2022–23,Signing,West Ham United,220585,Flynn Downes,Midfielder,,West Ham United,Signing from outside the Premier League,21,752
2022–23,Signing,West Ham United,195899,Gianluca Scamacca,Forward,,West Ham United,Signing from outside the Premier League,16,921
2022–23,Signing,West Ham United,224024,Lucas Tolentino Coelho de Lima,Midfielder,,West Ham United,Signing from outside the Premier League,28,2154
2022–23,Signing,West Ham United,149519,Maxwel Cornet,Midfielder,Burnley,West Ham United,Signing from another Premier League club,14,232
2022–23,Signing,West Ham United,210494,Nayef Aguerd,Defender,,West Ham United,Signing from outside the Premier League,18,1594
2022–23,Signing,West Ham United,201057,Thilo Kehrer,Defender,,West Ham United,Signing from outside the Premier League,27,2229
2022–23,Departure,Wolverhampton Wanderers,94147,Conor Coady,Defender,Wolverhampton Wanderers,Everton,Sold to another Premier League club,38,3361
2022–23,Departure,Wolverhampton Wanderers,111291,Fernando Marçal,Defender,Wolverhampton Wanderers,,Left the Premier League,18,1448
2022–23,Departure,Wolverhampton Wanderers,510363,Francisco Jorge Tomás Oliveira,Midfielder,Wolverhampton Wanderers,,Left the Premier League for a time,8,203
2022–23,Departure,Wolverhampton Wanderers,222564,Francisco Machado Mota de Castro Trincão,Midfielder,Wolverhampton Wanderers,,Left the Premier League,28,1328
2022–23,Departure,Wolverhampton Wanderers,449988,Fábio Silva,Forward,Wolverhampton Wanderers,,Left the Premier League for a time,22,562
2022–23,Departure,Wolverhampton Wanderers,19236,John Ruddy,Goalkeeper,Wolverhampton Wanderers,,Left the Premier League,2,135
2022–23,Departure,Wolverhampton Wanderers,441271,Ki-Jana Hoever,Defender,Wolverhampton Wanderers,,Left the Premier League for a time,8,306
2022–23,Departure,Wolverhampton Wanderers,151589,Leander Dendoncker,Midfielder,Wolverhampton Wanderers,Aston Villa,Mid-season move,4,213
2022–23,Departure,Wolverhampton Wanderers,245923,Luke Cundle,Midfielder,Wolverhampton Wanderers,,Left the Premier League,4,179
2022–23,Departure,Wolverhampton Wanderers,222531,Morgan Gibbs-White,Midfielder,Wolverhampton Wanderers,Nottingham Forest,Mid-season move,2,180
2022–23,Departure,Wolverhampton Wanderers,107613,Romain Saïss,Defender,Wolverhampton Wanderers,,Left the Premier League,31,2706
2022–23,Departure,Wolverhampton Wanderers,90585,Willy Boly,Defender,Wolverhampton Wanderers,Nottingham Forest,Sold to another Premier League club,10,900
2022–23,Signing,Wolverhampton Wanderers,476502,Boubacar Traoré,Midfielder,,Wolverhampton Wanderers,Signing from outside the Premier League,10,405
2022–23,Signing,Wolverhampton Wanderers,198842,Connor Ronan,Midfielder,,Wolverhampton Wanderers,Signing from outside the Premier League,1,1
2022–23,Signing,Wolverhampton Wanderers,60232,Craig Dawson,Defender,West Ham United,Wolverhampton Wanderers,Mid-season move,17,1414
2022–23,Signing,Wolverhampton Wanderers,79602,Daniel Bentley,Goalkeeper,,Wolverhampton Wanderers,Signing from outside the Premier League,2,180
2022–23,Signing,Wolverhampton Wanderers,492776,Dexter Lembikisa,Defender,,Wolverhampton Wanderers,Signing from outside the Premier League,1,22
2022–23,Signing,Wolverhampton Wanderers,18507,Diego Da Silva Costa,Forward,Chelsea,Wolverhampton Wanderers,Returned to the Premier League,23,1235
2022–23,Signing,Wolverhampton Wanderers,181284,Gonçalo Manuel Ganchinho Guedes,Midfielder,,Wolverhampton Wanderers,Signing from outside the Premier League,13,703
2022–23,Signing,Wolverhampton Wanderers,490721,Hugo Bueno López,Defender,,Wolverhampton Wanderers,Signing from outside the Premier League,21,1307
2022–23,Signing,Wolverhampton Wanderers,240299,Joseph Hodge,Midfielder,,Wolverhampton Wanderers,Signing from outside the Premier League,6,172
2022–23,Signing,Wolverhampton Wanderers,448089,João Victor Gomes da Silva,Midfielder,,Wolverhampton Wanderers,Signing from outside the Premier League,11,649
2022–23,Signing,Wolverhampton Wanderers,151086,Mario Lemina,Midfielder,Fulham,Wolverhampton Wanderers,Returned to the Premier League,19,1297
2022–23,Signing,Wolverhampton Wanderers,465351,Matheus Nunes,Defender,,Wolverhampton Wanderers,Signing from outside the Premier League,34,2467
2022–23,Signing,Wolverhampton Wanderers,430871,Matheus Santos Carneiro da Cunha,Midfielder,,Wolverhampton Wanderers,Signing from outside the Premier League,17,961
2022–23,Signing,Wolverhampton Wanderers,432830,Nathan Collins,Defender,Burnley,Wolverhampton Wanderers,Signing from another Premier League club,26,1811
2022–23,Signing,Wolverhampton Wanderers,88484,Pablo Sarabia,Midfielder,,Wolverhampton Wanderers,Signing from outside the Premier League,13,764
2022–23,Signing,Wolverhampton Wanderers,429414,Saša Kalajdžić,Forward,,Wolverhampton Wanderers,Signing from outside the Premier League,1,45
2023–24,Departure,AFC Bournemouth,156687,Ben Pearson,Midfielder,AFC Bournemouth,,Left the Premier League,7,282
2023–24,Departure,AFC Bournemouth,133845,Emiliano Marcondes,Midfielder,AFC Bournemouth,,Left the Premier League,1,8
2023–24,Departure,AFC Bournemouth,154131,Jack Stacey,Defender,AFC Bournemouth,,Left the Premier League,10,293
2023–24,Departure,AFC Bournemouth,88900,Jack Stephens,Defender,AFC Bournemouth,,Left the Premier League for a time,15,1172
2023–24,Departure,AFC Bournemouth,128309,Jamal Lowe,Midfielder,AFC Bournemouth,,Left the Premier League,2,11
2023–24,Departure,AFC Bournemouth,152551,Jefferson Lerma Solís,Midfielder,AFC Bournemouth,Crystal Palace,Sold to another Premier League club,37,3252
2023–24,Departure,AFC Bournemouth,447932,Jordan Zemura,Defender,AFC Bournemouth,,Left the Premier League,19,1452
2023–24,Departure,AFC Bournemouth,56872,Junior Stanislas,Midfielder,AFC Bournemouth,,Left the Premier League,4,58
2023–24,Departure,AFC Bournemouth,244704,Matías Viña,Defender,AFC Bournemouth,,Left the Premier League,12,452
2023–24,Departure,AFC Bournemouth,518906,Owen Bevan,Defender,AFC Bournemouth,,Left the Premier League,1,8
2023–24,Departure,AFC Bournemouth,81012,Ryan Fredericks,Defender,AFC Bournemouth,,Left the Premier League,12,527
2023–24,Departure,AFC Bournemouth,244085,Siriki Dembélé,Midfielder,AFC Bournemouth,,Left the Premier League,6,104
2023–24,Signing,AFC Bournemouth,503139,Alex Scott,Midfielder,,AFC Bournemouth,Signing from outside the Premier League,23,1003
2023–24,Signing,AFC Bournemouth,550596,Dominic Sadi,Midfielder,,AFC Bournemouth,Signing from outside the Premier League,1,1
2023–24,Signing,AFC Bournemouth,168636,Enes Ünal,Forward,,AFC Bournemouth,Signing from outside the Premier League,16,317
2023–24,Signing,AFC Bournemouth,215531,Ionuț Radu,Goalkeeper,,AFC Bournemouth,Signing from outside the Premier League,2,180
2023–24,Signing,AFC Bournemouth,463981,James Hill,Defender,,AFC Bournemouth,Signing from outside the Premier League,5,74
2023–24,Signing,AFC Bournemouth,222683,Justin Kluivert,Midfielder,,AFC Bournemouth,Signing from outside the Premier League,32,1910
2023–24,Signing,AFC Bournemouth,224995,Luis Sinisterra,Midfielder,Leeds United,AFC Bournemouth,Signing from another Premier League club,20,685
2023–24,Signing,AFC Bournemouth,232980,Max Aarons,Defender,Norwich City,AFC Bournemouth,Returned to the Premier League,20,1233
2023–24,Signing,AFC Bournemouth,544877,Milos Kerkez,Defender,,AFC Bournemouth,Signing from outside the Premier League,28,1966
2023–24,Signing,AFC Bournemouth,441240,Romain Faivre,Midfielder,,AFC Bournemouth,Signing from outside the Premier League,5,37
2023–24,Signing,AFC Bournemouth,200785,Tyler Adams,Midfielder,Leeds United,AFC Bournemouth,Signing from another Premier League club,3,118
2023–24,Departure,Arsenal,84450,Granit Xhaka,Midfielder,Arsenal,,Left the Premier League for a time,37,2992
2023–24,Departure,Arsenal,192895,Kieran Tierney,Defender,Arsenal,,Left the Premier League for a time,27,774
2023–24,Departure,Arsenal,479683,Marcus Oliveira Alencar,Midfielder,Arsenal,,Left the Premier League,1,1
2023–24,Departure,Arsenal,156074,Rob Holding,Defender,Arsenal,,Left the Premier League,14,562
2023–24,Signing,Arsenal,58822,Cédric Alves Soares,Defender,Fulham,Arsenal,Signing from another Premier League club,3,59
2023–24,Signing,Arsenal,154561,David Raya Martín,Goalkeeper,Brentford,Arsenal,Signing from another Premier League club,32,2880
2023–24,Signing,Arsenal,204480,Declan Rice,Midfielder,West Ham United,Arsenal,Signing from another Premier League club,38,3225
2023–24,Signing,Arsenal,445122,Jurriën Timber,Defender,,Arsenal,Signing from outside the Premier League,2,70
2023–24,Signing,Arsenal,219847,Kai Havertz,Forward,Chelsea,Arsenal,Signing from another Premier League club,37,2627
2023–24,Departure,Aston Villa,18892,Ashley Young,Defender,Aston Villa,Everton,Sold to another Premier League club,29,2031
2023–24,Departure,Aston Villa,433979,Cameron Archer,Forward,Aston Villa,Sheffield United,Mid-season move,1,5
2023–24,Departure,Aston Villa,195546,Emiliano Buendía Stati,Midfielder,Aston Villa,,Left the Premier League for a time,38,2404
2023–24,Departure,Aston Villa,171771,Jan Bednarek,Defender,Aston Villa,,Left the Premier League for a time,3,98
2023–24,Departure,Aston Villa,155561,Ludwig Augustinsson,Defender,Aston Villa,,Left the Premier League,3,76
2023–24,Departure,Aston Villa,122775,Morgan Sanson,Midfielder,Aston Villa,,Left the Premier League,2,10
2023–24,Signing,Aston Villa,171101,Clément Lenglet,Defender,Tottenham Hotspur,Aston Villa,Signing from another Premier League club,14,1153
2023–24,Signing,Aston Villa,521966,Finley Munroe,Defender,,Aston Villa,Signing from outside the Premier League,1,3
2023–24,Signing,Aston Villa,481624,Jaden Philogene,Midfielder,Aston Villa,Aston Villa,Returned to the Premier League,1,3
2023–24,Signing,Aston Villa,465390,Kaine Kesler-Hayden,Defender,,Aston Villa,Signing from outside the Premier League,3,5
2023–24,Signing,Aston Villa,244850,Morgan Rogers,Midfielder,,Aston Villa,Signing from outside the Premier League,11,636
2023–24,Signing,Aston Villa,243557,Moussa Diaby,Midfielder,,Aston Villa,Signing from outside the Premier League,38,2168
2023–24,Signing,Aston Villa,245414,Nicolò Zaniolo,Midfielder,,Aston Villa,Signing from outside the Premier League,25,824
2023–24,Signing,Aston Villa,549068,Omari Kellyman,Midfielder,,Aston Villa,Signing from outside the Premier League,2,35
2023–24,Signing,Aston Villa,244954,Pau Torres,Defender,,Aston Villa,Signing from outside the Premier League,29,2462
2023–24,Signing,Aston Villa,490094,Tim Iroegbunam,Midfielder,Aston Villa,Aston Villa,Returned to the Premier League,9,157
2023–24,Signing,Aston Villa,166989,Youri Tielemans,Midfielder,Leicester City,Aston Villa,Signing from another Premier League club,32,1613
2023–24,Departure,Brentford,154561,David Raya Martín,Goalkeeper,Brentford,Arsenal,Sold to another Premier League club,38,3420
2023–24,Departure,Brentford,434662,Halil Dervişoğlu,Forward,Brentford,,Left the Premier League,1,6
2023–24,Departure,Brentford,228044,Mads Bech Sørensen,Defender,Brentford,,Left the Premier League,4,18
2023–24,Departure,Brentford,61810,Pontus Jansson,Defender,Brentford,,Left the Premier League,12,722
2023–24,Departure,Brentford,174932,Sergi Canós Tenés,Defender,Brentford,,Left the Premier League,5,73
2023–24,Signing,Brentford,118342,Mark Flekken,Goalkeeper,,Brentford,Signing from outside the Premier League,37,3285
2023–24,Signing,Brentford,501284,Michael Olakigbe,Midfielder,,Brentford,Signing from outside the Premier League,8,51
2023–24,Signing,Brentford,450539,Myles Peart-Harris,Midfielder,,Brentford,Signing from outside the Premier League,3,11
2023–24,Signing,Brentford,432830,Nathan Collins,Defender,Wolverhampton Wanderers,Brentford,Signing from another Premier League club,32,2649
2023–24,Signing,Brentford,115382,Neal Maupay,Forward,Everton,Brentford,Mid-season move,29,1307
2023–24,Signing,Brentford,199249,Sergio Reguilón,Defender,Manchester United,Brentford,Mid-season move,16,1115
2023–24,Signing,Brentford,140200,Thomas Strakosha,Goalkeeper,,Brentford,Signing from outside the Premier League,2,135
2023–24,Signing,Brentford,508395,Yehor Yarmoliuk,Midfielder,,Brentford,Signing from outside the Premier League,27,670
2023–24,Departure,Brighton & Hove Albion,243016,Alexis Mac Allister,Midfielder,Brighton & Hove Albion,Liverpool,Sold to another Premier League club,35,2882
2023–24,Departure,Brighton & Hove Albion,513834,Andrew Moran,Midfielder,Brighton & Hove Albion,,Left the Premier League,1,11
2023–24,Departure,Brighton & Hove Albion,491598,Cameron Peupion,Midfielder,Brighton & Hove Albion,,Left the Premier League,1,5
2023–24,Departure,Brighton & Hove Albion,450434,Deniz Undav,Forward,Brighton & Hove Albion,,Left the Premier League,22,614
2023–24,Departure,Brighton & Hove Albion,423649,Enock Mwepu,Midfielder,Brighton & Hove Albion,,Left the Premier League,6,209
2023–24,Departure,Brighton & Hove Albion,441192,Jeremy Sarmiento Morante,Midfielder,Brighton & Hove Albion,,Left the Premier League for a time,9,168
2023–24,Departure,Brighton & Hove Albion,460028,Levi Samuels Colwill,Defender,Brighton & Hove Albion,Chelsea,Sold to another Premier League club,17,1218
2023–24,Departure,Brighton & Hove Albion,486672,Moisés Caicedo Corozo,Midfielder,Brighton & Hove Albion,Chelsea,Sold to another Premier League club,37,3138
2023–24,Departure,Brighton & Hove Albion,215059,Robert Lynch Sánchez,Goalkeeper,Brighton & Hove Albion,Chelsea,Sold to another Premier League club,23,2070
2023–24,Departure,Brighton & Hove Albion,509416,Yasin Ayari,Midfielder,Brighton & Hove Albion,,Left the Premier League for a time,3,65
2023–24,Signing,Brighton & Hove Albion,465607,Anssumane Fati Vieira,Midfielder,,Brighton & Hove Albion,Signing from outside the Premier League,19,509
2023–24,Signing,Brighton & Hove Albion,489639,Bart Verbruggen,Goalkeeper,,Brighton & Hove Albion,Signing from outside the Premier League,21,1890
2023–24,Signing,Brighton & Hove Albion,475480,Benicio Baker-Boaitey,Midfielder,,Brighton & Hove Albion,Signing from outside the Premier League,5,37
2023–24,Signing,Brighton & Hove Albion,535301,Carlos Baleba,Midfielder,,Brighton & Hove Albion,Signing from outside the Premier League,27,1314
2023–24,Signing,Brighton & Hove Albion,223434,Igor Julio dos Santos de Paulo,Defender,,Brighton & Hove Albion,Signing from outside the Premier League,24,1631
2023–24,Signing,Brighton & Hove Albion,243505,Jakub Moder,Midfielder,Brighton & Hove Albion,Brighton & Hove Albion,Returned to the Premier League,17,608
2023–24,Signing,Brighton & Hove Albion,15157,James Milner,Midfielder,Liverpool,Brighton & Hove Albion,Signing from another Premier League club,15,770
2023–24,Signing,Brighton & Hove Albion,475168,João Pedro Junqueira de Jesus,Forward,Watford,Brighton & Hove Albion,Returned to the Premier League,31,2037
2023–24,Signing,Brighton & Hove Albion,168090,Mahmoud Dahoud,Midfielder,,Brighton & Hove Albion,Signing from outside the Premier League,9,449
2023–24,Signing,Brighton & Hove Albion,574402,Mark O’Mahony,Forward,,Brighton & Hove Albion,Signing from outside the Premier League,3,61
2023–24,Signing,Brighton & Hove Albion,535818,Simon Adingra,Midfielder,,Brighton & Hove Albion,Signing from outside the Premier League,31,2220
2023–24,Signing,Brighton & Hove Albion,543158,Valentín Barco,Defender,,Brighton & Hove Albion,Signing from outside the Premier League,6,307
2023–24,Signing,Burnley,447715,Aaron Ramsey,Midfielder,,Burnley,Signing from outside the Premier League,14,522
2023–24,Signing,Burnley,487968,Ameen Al-Dakhil,Defender,,Burnley,Signing from outside the Premier League,13,1055
2023–24,Signing,Burnley,511783,Anass Zaroury,Midfielder,,Burnley,Signing from outside the Premier League,6,149
2023–24,Signing,Burnley,232917,Arijanet Muric,Goalkeeper,,Burnley,Signing from outside the Premier League,10,900
2023–24,Signing,Burnley,103914,Charlie Taylor,Defender,Burnley,Burnley,Returned to the Premier League,28,2329
2023–24,Signing,Burnley,192290,Connor Roberts,Defender,Burnley,Burnley,Returned to the Premier League,14,817
2023–24,Signing,Burnley,216616,Dara O'Shea,Defender,West Bromwich Albion,Burnley,Returned to the Premier League,33,2892
2023–24,Signing,Burnley,520295,David Datro Fofana,Forward,Chelsea,Burnley,Signing from another Premier League club,15,876
2023–24,Signing,Burnley,437757,Han-Noah Massengo,Midfielder,,Burnley,Signing from outside the Premier League,3,14
2023–24,Signing,Burnley,247245,Hannes Delcroix,Defender,,Burnley,Signing from outside the Premier League,12,584
2023–24,Signing,Burnley,478969,Hjalmar Ekdal,Defender,,Burnley,Signing from outside the Premier League,8,436
2023–24,Signing,Burnley,40145,Jack Cork,Midfielder,Burnley,Burnley,Returned to the Premier League,4,25
2023–24,Signing,Burnley,179458,Jacob Bruun Larsen,Midfielder,,Burnley,Signing from outside the Premier League,32,1235
2023–24,Signing,Burnley,432720,James Trafford,Goalkeeper,,Burnley,Signing from outside the Premier League,28,2520
2023–24,Signing,Burnley,44683,Jay Rodriguez,Forward,Burnley,Burnley,Returned to the Premier League,21,811
2023–24,Signing,Burnley,241231,Jordan Beyer,Defender,,Burnley,Signing from outside the Premier League,15,1234
2023–24,Signing,Burnley,172782,Josh Brownhill,Midfielder,Burnley,Burnley,Returned to the Premier League,33,2248
2023–24,Signing,Burnley,172567,Josh Cullen,Midfielder,West Ham United,Burnley,Returned to the Premier League,25,2055
2023–24,Signing,Burnley,60586,Jóhann Berg Gudmundsson,Midfielder,Burnley,Burnley,Returned to the Premier League,26,1185
2023–24,Signing,Burnley,503724,Lorenz Assignon,Defender,,Burnley,Signing from outside the Premier League,15,1235
2023–24,Signing,Burnley,487702,Luca Koleosho,Midfielder,,Burnley,Signing from outside the Premier League,15,972
2023–24,Signing,Burnley,435973,Lyle Foster,Forward,,Burnley,Signing from outside the Premier League,24,1898
2023–24,Signing,Burnley,183751,Manuel Benson Hedilazio,Midfielder,,Burnley,Signing from outside the Premier League,8,110
2023–24,Signing,Burnley,477717,Maxime Estève,Defender,,Burnley,Signing from outside the Premier League,16,1310
2023–24,Signing,Burnley,220598,Michael Obafemi,Forward,Southampton,Burnley,Returned to the Premier League,2,19
2023–24,Signing,Burnley,437748,Mike Trésor Ndayishimiye,Midfielder,,Burnley,Signing from outside the Premier League,16,410
2023–24,Signing,Burnley,83283,Nathan Redmond,Midfielder,Southampton,Burnley,Signing from another Premier League club,12,132
2023–24,Signing,Burnley,207189,Sander Berge,Midfielder,Sheffield United,Burnley,Returned to the Premier League,37,3002
2023–24,Signing,Burnley,441455,Victor da Silva,Defender,,Burnley,Signing from outside the Premier League,32,2311
2023–24,Signing,Burnley,550839,Wilson Odobert,Midfielder,,Burnley,Signing from outside the Premier League,29,2095
2023–24,Signing,Burnley,492831,Zeki Amdouni,Forward,,Burnley,Signing from outside the Premier League,34,1953
2023–24,Departure,Chelsea,440323,Armando Broja,Forward,Chelsea,Fulham,Mid-season move,13,448
2023–24,Departure,Chelsea,176413,Christian Pulisic,Midfielder,Chelsea,,Left the Premier League,24,805
2023–24,Departure,Chelsea,41328,César Azpilicueta,Defender,Chelsea,,Left the Premier League,25,1521
2023–24,Departure,Chelsea,520295,David Datro Fofana,Forward,Chelsea,Burnley,Sold to another Premier League club,3,68
2023–24,Departure,Chelsea,212701,Denis Zakaria,Midfielder,Chelsea,,Left the Premier League,7,409
2023–24,Departure,Chelsea,228286,Edouard Mendy,Goalkeeper,Chelsea,,Left the Premier League,10,855
2023–24,Departure,Chelsea,124183,Hakim Ziyech,Midfielder,Chelsea,,Left the Premier League,18,649
2023–24,Departure,Chelsea,428399,João Félix Sequeira,Midfielder,Chelsea,,Left the Premier League for a time,16,936
2023–24,Departure,Chelsea,219847,Kai Havertz,Forward,Chelsea,Arsenal,Sold to another Premier League club,35,2565
2023–24,Departure,Chelsea,86129,Kalidou Koulibaly,Defender,Chelsea,,Left the Premier League,23,1798
2023–24,Departure,Chelsea,109745,Kepa Arrizabalaga Revuelta,Goalkeeper,Chelsea,,Left the Premier League for a time,29,2565
2023–24,Departure,Chelsea,487838,Lewis Hall,Defender,Chelsea,Newcastle United,Sold to another Premier League club,9,653
2023–24,Departure,Chelsea,184341,Mason Mount,Midfielder,Chelsea,Manchester United,Sold to another Premier League club,24,1644
2023–24,Departure,Chelsea,91651,Mateo Kovačić,Midfielder,Chelsea,Manchester City,Sold to another Premier League club,27,1699
2023–24,Departure,Chelsea,116594,N'Golo Kanté,Midfielder,Chelsea,,Left the Premier League,7,517
2023–24,Departure,Chelsea,503301,Omari Hutchinson,Midfielder,Chelsea,,Left the Premier League for a time,1,22
2023–24,Departure,Chelsea,54694,Pierre-Emerick Aubameyang,Forward,Chelsea,,Left the Premier League,15,546
2023–24,Departure,Chelsea,126187,Ruben Loftus-Cheek,Midfielder,Chelsea,,Left the Premier League,25,1530
2023–24,Departure,Chelsea,444463,Wesley Fofana,Defender,Chelsea,,Left the Premier League for a time,15,1182
2023–24,Signing,Chelsea,519198,Alex Matos,Midfielder,,Chelsea,Signing from outside the Premier League,1,1
2023–24,Signing,Chelsea,514280,Alfie Gilchrist,Defender,,Chelsea,Signing from outside the Premier League,11,200
2023–24,Signing,Chelsea,220362,Axel Disasi,Defender,,Chelsea,Signing from outside the Premier League,31,2579
2023–24,Signing,Chelsea,505187,Cesare Casadei,Midfielder,,Chelsea,Signing from outside the Premier League,11,71
2023–24,Signing,Chelsea,213198,Christopher Nkunku,Midfielder,,Chelsea,Signing from outside the Premier League,11,437
2023–24,Signing,Chelsea,244851,Cole Palmer,Midfielder,Manchester City,Chelsea,Mid-season move,33,2607
2023–24,Signing,Chelsea,617054,Deivid Washington de Souza Eugênio,Forward,,Chelsea,Signing from outside the Premier League,2,11
2023–24,Signing,Chelsea,441302,Ian Maatsen,Defender,,Chelsea,Signing from outside the Premier League,12,200
2023–24,Signing,Chelsea,514277,Jimi Tauriainen,Midfielder,,Chelsea,Signing from outside the Premier League,1,1
2023–24,Signing,Chelsea,577016,Josh Acheampong,Defender,,Chelsea,Signing from outside the Premier League,1,5
2023–24,Signing,Chelsea,503714,Lesley Ugochukwu,Midfielder,,Chelsea,Signing from outside the Premier League,12,296
2023–24,Signing,Chelsea,460028,Levi Samuels Colwill,Defender,Brighton & Hove Albion,Chelsea,Signing from another Premier League club,23,1794
2023–24,Signing,Chelsea,482609,Malo Gusto,Defender,,Chelsea,Signing from outside the Premier League,27,1746
2023–24,Signing,Chelsea,534392,Mason Burstow,Forward,,Chelsea,Signing from outside the Premier League,2,8
2023–24,Signing,Chelsea,486672,Moisés Caicedo Corozo,Midfielder,Brighton & Hove Albion,Chelsea,Signing from another Premier League club,35,2865
2023–24,Signing,Chelsea,517052,Nicolas Jackson,Forward,,Chelsea,Signing from outside the Premier League,35,2801
2023–24,Signing,Chelsea,215059,Robert Lynch Sánchez,Goalkeeper,Brighton & Hove Albion,Chelsea,Signing from another Premier League club,16,1433
2023–24,Signing,Chelsea,514356,Roméo Lavia,Midfielder,Southampton,Chelsea,Signing from another Premier League club,1,32
2023–24,Signing,Chelsea,457569,Đorđe Petrović,Goalkeeper,,Chelsea,Signing from outside the Premier League,23,1986
2023–24,Departure,Crystal Palace,437742,Albert Sambi Lokonga,Midfielder,Crystal Palace,Luton Town,Sold to another Premier League club,9,533
2023–24,Departure,Crystal Palace,50471,James McArthur,Midfielder,Crystal Palace,,Left the Premier League,4,50
2023–24,Departure,Crystal Palace,487818,Joseph Whitworth,Goalkeeper,Crystal Palace,,Left the Premier League,2,180
2023–24,Departure,Crystal Palace,66975,Luka Milivojevic,Midfielder,Crystal Palace,,Left the Premier League,18,500
2023–24,Departure,Crystal Palace,450535,Malcolm Ebiowei,Midfielder,Crystal Palace,,Left the Premier League,3,31
2023–24,Departure,Crystal Palace,40836,Vicente Guaita,Goalkeeper,Crystal Palace,,Left the Premier League,27,2430
2023–24,Departure,Crystal Palace,82403,Wilfried Zaha,Midfielder,Crystal Palace,,Left the Premier League,27,2289
2023–24,Signing,Crystal Palace,496221,Adam Wharton,Midfielder,,Crystal Palace,Signing from outside the Premier League,16,1296
2023–24,Signing,Crystal Palace,247348,Daniel Muñoz Mejía,Defender,,Crystal Palace,Signing from outside the Premier League,16,1440
2023–24,Signing,Crystal Palace,172649,Dean Henderson,Goalkeeper,Nottingham Forest,Crystal Palace,Signing from another Premier League club,18,1620
2023–24,Signing,Crystal Palace,152551,Jefferson Lerma Solís,Midfielder,AFC Bournemouth,Crystal Palace,Signing from another Premier League club,28,2399
2023–24,Signing,Crystal Palace,450542,Jesurun Rak-Sakyi,Midfielder,Crystal Palace,Crystal Palace,Returned to the Premier League,6,132
2023–24,Signing,Crystal Palace,536694,Matheus França de Oliveira,Midfielder,,Crystal Palace,Signing from outside the Premier League,10,224
2023–24,Signing,Crystal Palace,169593,Remi Matthews,Goalkeeper,,Crystal Palace,Signing from outside the Premier League,1,3
2023–24,Departure,Everton,153133,Alex Iwobi,Midfielder,Everton,Fulham,Mid-season move,2,140
2023–24,Departure,Everton,40349,Asmir Begović,Goalkeeper,Everton,,Left the Premier League,1,90
2023–24,Departure,Everton,94147,Conor Coady,Defender,Everton,,Left the Premier League for a time,24,2094
2023–24,Departure,Everton,108823,Dele Alli,Midfielder,Everton,,Left the Premier League,2,38
2023–24,Departure,Everton,172632,Demarai Gray,Midfielder,Everton,,Left the Premier League,33,2501
2023–24,Departure,Everton,218997,Ellis Simms,Forward,Everton,,Left the Premier League,11,219
2023–24,Departure,Everton,491559,Isaac Price,Midfielder,Everton,,Left the Premier League,1,32
2023–24,Departure,Everton,194164,Mason Holgate,Defender,Everton,Sheffield United,Sold to another Premier League club,8,506
2023–24,Departure,Everton,115382,Neal Maupay,Forward,Everton,Brentford,Mid-season move,2,110
2023–24,Departure,Everton,216054,Rúben Nascimento Vinagre,Defender,Everton,,Left the Premier League,2,24
2023–24,Departure,Everton,57134,Salomón Rondón,Forward,Everton,,Left the Premier League,7,103
2023–24,Departure,Everton,173807,Tom Davies,Midfielder,Everton,Sheffield United,Sold to another Premier League club,19,524
2023–24,Departure,Everton,164511,Yerry Mina,Defender,Everton,,Left the Premier League,7,594
2023–24,Signing,Everton,120250,André Tavares Gomes,Midfielder,Everton,Everton,Returned to the Premier League,12,505
2023–24,Signing,Everton,220307,Arnaut Danjuma Groeneveld,Midfielder,Tottenham Hotspur,Everton,Signing from another Premier League club,14,587
2023–24,Signing,Everton,18892,Ashley Young,Defender,Aston Villa,Everton,Signing from another Premier League club,31,2277
2023–24,Signing,Everton,221399,Jack Harrison,Midfielder,Leeds United,Everton,Signing from another Premier League club,29,2212
2023–24,Signing,Everton,480455,Jarrad Branthwaite,Defender,Everton,Everton,Returned to the Premier League,35,3116
2023–24,Signing,Everton,461421,Lewis Dobbin,Midfielder,Everton,Everton,Returned to the Premier League,12,226
2023–24,Signing,Everton,461453,Lewis Warrington,Midfielder,,Everton,Signing from outside the Premier League,1,1
2023–24,Signing,Everton,486385,Norberto Bercique Gomes Betuncal,Forward,,Everton,Signing from outside the Premier League,30,943
2023–24,Signing,Everton,461446,Tyler Onyango,Midfielder,Everton,Everton,Returned to the Premier League,1,1
2023–24,Signing,Everton,491012,Youssef Ramalho Chermiti,Forward,,Everton,Signing from outside the Premier League,18,196
2023–24,Departure,Fulham,58822,Cédric Alves Soares,Defender,Fulham,Arsenal,Sold to another Premier League club,6,195
2023–24,Departure,Fulham,200617,Daniel James,Midfielder,Fulham,,Left the Premier League for a time,20,605
2023–24,Departure,Fulham,490146,Jay Stansfield,Forward,Fulham,,Left the Premier League for a time,3,85
2023–24,Departure,Fulham,168765,Josh Onomah,Midfielder,Fulham,,Left the Premier League,2,14
2023–24,Departure,Fulham,120721,Kevin Mbabu,Defender,Fulham,,Left the Premier League,6,141
2023–24,Departure,Fulham,89068,Layvin Kurzawa,Defender,Fulham,,Left the Premier League,3,136
2023–24,Departure,Fulham,235674,Manor Solomon,Midfielder,Fulham,Tottenham Hotspur,Sold to another Premier League club,19,560
2023–24,Departure,Fulham,155529,Marek Rodák,Goalkeeper,Fulham,,Left the Premier League,2,180
2023–24,Departure,Fulham,89085,Nathaniel Chalobah,Midfielder,Fulham,,Left the Premier League,4,11
2023–24,Departure,Fulham,92259,Neeskens Kebano,Midfielder,Fulham,,Left the Premier League,17,758
2023–24,Departure,Fulham,61933,Shane Duffy,Defender,Fulham,,Left the Premier League,5,17
2023–24,Departure,Fulham,432931,Tyrese Francois,Midfielder,Fulham,,Left the Premier League,1,1
2023–24,Signing,Fulham,159533,Adama Traoré Diarra,Midfielder,Wolverhampton Wanderers,Fulham,Signing from another Premier League club,17,363
2023–24,Signing,Fulham,153133,Alex Iwobi,Midfielder,Everton,Fulham,Mid-season move,30,2191
2023–24,Signing,Fulham,440323,Armando Broja,Forward,Chelsea,Fulham,Mid-season move,8,81
2023–24,Signing,Fulham,232892,Calvin Bassey,Defender,,Fulham,Signing from outside the Premier League,29,2299
2023–24,Signing,Fulham,225897,Fodé Ballo-Touré,Defender,,Fulham,Signing from outside the Premier League,6,65
2023–24,Signing,Fulham,102057,Raúl Jiménez Rodríguez,Forward,Wolverhampton Wanderers,Fulham,Signing from another Premier League club,24,1390
2023–24,Signing,Fulham,244042,Rodrigo Muniz Carvalho,Forward,,Fulham,Signing from outside the Premier League,26,1589
2023–24,Signing,Fulham,166477,Timothy Castagne,Defender,Leicester City,Fulham,Signing from another Premier League club,34,2630
2023–24,Departure,Leeds United,80179,Adam Forshaw,Midfielder,Leeds United,,Left the Premier League,12,473
2023–24,Departure,Leeds United,427637,Brenden Aaronson,Midfielder,Leeds United,,Left the Premier League for a time,36,2365
2023–24,Departure,Leeds United,433590,Cody Drameh,Defender,Leeds United,,Left the Premier League,1,70
2023–24,Departure,Leeds United,450070,Crysencio Summerville,Midfielder,Leeds United,,Left the Premier League for a time,28,1411
2023–24,Departure,Leeds United,470294,Darko Gyabi,Midfielder,Leeds United,,Left the Premier League,1,7
2023–24,Departure,Leeds United,149915,Diego Llorente,Defender,Leeds United,,Left the Premier League,8,648
2023–24,Departure,Leeds United,463067,Georginio Rutter,Midfielder,Leeds United,,Left the Premier League for a time,11,263
2023–24,Departure,Leeds United,437495,Illan Meslier,Goalkeeper,Leeds United,,Left the Premier League,34,3060
2023–24,Departure,Leeds United,221399,Jack Harrison,Midfielder,Leeds United,Everton,Sold to another Premier League club,36,2707
2023–24,Departure,Leeds United,462635,Joe Gelhardt,Forward,Leeds United,,Left the Premier League,15,201
2023–24,Departure,Leeds United,78315,Joel Robles,Goalkeeper,Leeds United,,Left the Premier League,4,360
2023–24,Departure,Leeds United,443967,Junior Firpo Adames,Defender,Leeds United,,Left the Premier League,19,1364
2023–24,Departure,Leeds United,55914,Liam Cooper,Defender,Leeds United,,Left the Premier League,18,1425
2023–24,Departure,Leeds United,224995,Luis Sinisterra,Midfielder,Leeds United,AFC Bournemouth,Sold to another Premier League club,19,863
2023–24,Departure,Leeds United,66588,Luke Ayling,Defender,Leeds United,,Left the Premier League,29,2048
2023–24,Departure,Leeds United,234370,Marc Roca Junqué,Midfielder,Leeds United,,Left the Premier League,32,2316
2023–24,Departure,Leeds United,565297,Mateo Joseph Fernández,Forward,Leeds United,,Left the Premier League,3,24
2023–24,Departure,Leeds United,72222,Mateusz Klich,Midfielder,Leeds United,,Left the Premier League,14,266
2023–24,Departure,Leeds United,220087,Maximilian Wöber,Defender,Leeds United,,Left the Premier League,16,1264
2023–24,Departure,Leeds United,222694,Pascal Struijk,Defender,Leeds United,,Left the Premier League for a time,29,2198
2023–24,Departure,Leeds United,106617,Patrick Bamford,Forward,Leeds United,,Left the Premier League,28,1510
2023–24,Departure,Leeds United,224209,Rasmus Kristensen,Defender,Leeds United,,Left the Premier League,26,1957
2023–24,Departure,Leeds United,193645,Robin Koch,Defender,Leeds United,,Left the Premier League,36,3175
2023–24,Departure,Leeds United,80954,Rodrigo Moreno,Midfielder,Leeds United,,Left the Premier League,31,1928
2023–24,Departure,Leeds United,248937,Sam Greenwood,Forward,Leeds United,,Left the Premier League,18,410
2023–24,Departure,Leeds United,200785,Tyler Adams,Midfielder,Leeds United,AFC Bournemouth,Sold to another Premier League club,24,2156
2023–24,Departure,Leeds United,241519,Weston McKennie,Midfielder,Leeds United,,Left the Premier League,19,1434
2023–24,Departure,Leeds United,492859,Wilfried Gnonto,Midfielder,Leeds United,,Left the Premier League for a time,24,1346
2023–24,Departure,Leicester City,168580,Ayoze Pérez,Midfielder,Leicester City,,Left the Premier League,8,378
2023–24,Departure,Leicester City,225902,Boubakary Soumaré,Midfielder,Leicester City,,Left the Premier League for a time,26,1624
2023–24,Departure,Leicester City,155569,Daniel Amartey,Defender,Leicester City,,Left the Premier League,20,1608
2023–24,Departure,Leicester City,207270,Daniel Iversen,Goalkeeper,Leicester City,,Left the Premier League,12,1080
2023–24,Departure,Leicester City,95463,Danny Ward,Goalkeeper,Leicester City,,Left the Premier League for a time,26,2340
2023–24,Departure,Leicester City,106837,Dennis Praet,Midfielder,Leicester City,,Left the Premier League,22,635
2023–24,Departure,Leicester City,194190,Harry Souttar,Defender,Leicester City,,Left the Premier League,12,991
2023–24,Departure,Leicester City,201666,Harvey Barnes,Midfielder,Leicester City,Newcastle United,Sold to another Premier League club,34,2709
2023–24,Departure,Leicester City,220627,James Justin,Defender,Leicester City,,Left the Premier League for a time,14,1252
2023–24,Departure,Leicester City,172780,James Maddison,Midfielder,Leicester City,Tottenham Hotspur,Sold to another Premier League club,30,2479
2023–24,Departure,Leicester City,101668,Jamie Vardy,Forward,Leicester City,,Left the Premier League for a time,37,1841
2023–24,Departure,Leicester City,37642,Jonny Evans,Defender,Leicester City,Manchester United,Sold to another Premier League club,13,1051
2023–24,Departure,Leicester City,173515,Kelechi Iheanacho,Forward,Leicester City,,Left the Premier League,28,1112
2023–24,Departure,Leicester City,215413,Kiernan Dewsbury-Hall,Midfielder,Leicester City,,Left the Premier League for a time,31,2305
2023–24,Departure,Leicester City,232620,Lewis Brunt,Defender,Leicester City,,Left the Premier League,1,22
2023–24,Departure,Leicester City,244619,Luke Thomas,Defender,Leicester City,Sheffield United,Sold to another Premier League club,17,1068
2023–24,Departure,Leicester City,51938,Marc Albrighton,Midfielder,Leicester City,,Left the Premier League,6,232
2023–24,Departure,Leicester City,225295,Mateus Cardoso Lemos Martins,Midfielder,Leicester City,,Left the Premier League,13,732
2023–24,Departure,Leicester City,86881,Nampalys Mendy,Midfielder,Leicester City,,Left the Premier League,19,746
2023–24,Departure,Leicester City,245419,Patson Daka,Forward,Leicester City,,Left the Premier League for a time,30,1169
2023–24,Departure,Leicester City,111931,Ricardo Barbosa Pereira,Defender,Leicester City,,Left the Premier League for a time,10,451
2023–24,Departure,Leicester City,166477,Timothy Castagne,Defender,Leicester City,Fulham,Sold to another Premier League club,37,3255
2023–24,Departure,Leicester City,481510,Victor Kristiansen,Defender,Leicester City,,Left the Premier League for a time,12,891
2023–24,Departure,Leicester City,203341,Wilfred Ndidi,Midfielder,Leicester City,,Left the Premier League for a time,27,1672
2023–24,Departure,Leicester City,218218,Wout Faes,Defender,Leicester City,,Left the Premier League for a time,31,2786
2023–24,Departure,Leicester City,166989,Youri Tielemans,Midfielder,Leicester City,Aston Villa,Sold to another Premier League club,31,2341
2023–24,Departure,Leicester City,218031,Çaglar Söyüncü,Defender,Leicester City,,Left the Premier League,7,528
2023–24,Departure,Liverpool,81880,Alex Oxlade-Chamberlain,Midfielder,Liverpool,,Left the Premier League,9,332
2023–24,Departure,Liverpool,116643,Fabio Henrique Tavares,Midfielder,Liverpool,,Left the Premier League,36,2666
2023–24,Departure,Liverpool,244858,Fábio Freitas Gouveia Carvalho,Midfielder,Liverpool,,Left the Premier League for a time,13,339
2023–24,Departure,Liverpool,15157,James Milner,Midfielder,Liverpool,Brighton & Hove Albion,Sold to another Premier League club,31,889
2023–24,Departure,Liverpool,56979,Jordan Henderson,Midfielder,Liverpool,,Left the Premier League for a time,35,2060
2023–24,Departure,Liverpool,175592,Naby Keita,Midfielder,Liverpool,,Left the Premier League,8,290
2023–24,Departure,Liverpool,197464,Nathaniel Phillips,Defender,Liverpool,,Left the Premier League,2,65
2023–24,Departure,Liverpool,92217,Roberto Firmino,Forward,Liverpool,,Left the Premier League,25,1202
2023–24,Signing,Liverpool,243016,Alexis Mac Allister,Midfielder,Brighton & Hove Albion,Liverpool,Signing from another Premier League club,33,2600
2023–24,Signing,Liverpool,492777,Conor Bradley,Defender,,Liverpool,Signing from outside the Premier League,11,752
2023–24,Signing,Liverpool,424876,Dominik Szoboszlai,Midfielder,,Liverpool,Signing from outside the Premier League,33,2102
2023–24,Signing,Liverpool,158983,Endo Wataru,Midfielder,,Liverpool,Signing from outside the Premier League,29,1714
2023–24,Signing,Liverpool,491501,James McConnell,Midfielder,,Liverpool,Signing from outside the Premier League,3,3
2023–24,Signing,Liverpool,441428,Jarell Quansah,Defender,,Liverpool,Signing from outside the Premier League,17,1188
2023–24,Signing,Liverpool,500058,Jayden Danns,Forward,,Liverpool,Signing from outside the Premier League,2,7
2023–24,Signing,Liverpool,496185,Kaide Gordon,Midfielder,Liverpool,Liverpool,Returned to the Premier League,1,1
2023–24,Signing,Liverpool,430992,Owen Beck,Defender,,Liverpool,Signing from outside the Premier League,1,7
2023–24,Signing,Liverpool,441266,Ryan Gravenberch,Midfielder,,Liverpool,Signing from outside the Premier League,26,1110
2023–24,Signing,Luton Town,437742,Albert Sambi Lokonga,Midfielder,Crystal Palace,Luton Town,Signing from another Premier League club,17,1304
2023–24,Signing,Luton Town,244262,Alfie Doughty,Defender,,Luton Town,Signing from outside the Premier League,37,2923
2023–24,Signing,Luton Town,165183,Amari'i Bell,Defender,,Luton Town,Signing from outside the Premier League,21,1720
2023–24,Signing,Luton Town,60252,Andros Townsend,Midfielder,Everton,Luton Town,Returned to the Premier League,27,1197
2023–24,Signing,Luton Town,156700,Carlton Morris,Forward,,Luton Town,Signing from outside the Premier League,38,2859
2023–24,Signing,Luton Town,91046,Cauley Woodrow,Forward,,Luton Town,Signing from outside the Premier League,24,406
2023–24,Signing,Luton Town,229164,Chiedozie Ogbene,Midfielder,,Luton Town,Signing from outside the Premier League,30,1987
2023–24,Signing,Luton Town,209293,Daiki Hashioka,Defender,,Luton Town,Signing from outside the Premier League,10,592
2023–24,Signing,Luton Town,174310,Elijah Adebayo,Forward,,Luton Town,Signing from outside the Premier League,27,1405
2023–24,Signing,Luton Town,168035,Fred Onyedinma,Midfielder,,Luton Town,Signing from outside the Premier League,8,403
2023–24,Signing,Luton Town,199056,Gabriel Osho,Defender,,Luton Town,Signing from outside the Premier League,21,1846
2023–24,Signing,Luton Town,476369,Issa Kaboré,Defender,,Luton Town,Signing from outside the Premier League,24,1727
2023–24,Signing,Luton Town,242453,Jacob Brown,Forward,,Luton Town,Signing from outside the Premier League,19,1013
2023–24,Signing,Luton Town,77818,James Shea,Goalkeeper,,Luton Town,Signing from outside the Premier League,1,14
2023–24,Signing,Luton Town,96784,Jordan Clark,Midfielder,,Luton Town,Signing from outside the Premier League,23,1297
2023–24,Signing,Luton Town,611011,Joseph Johnson,Defender,,Luton Town,Signing from outside the Premier League,2,75
2023–24,Signing,Luton Town,82738,Luke Berry,Midfielder,,Luton Town,Signing from outside the Premier League,17,309
2023–24,Signing,Luton Town,208904,Mads Juel Andersen,Defender,,Luton Town,Signing from outside the Premier League,8,397
2023–24,Signing,Luton Town,184704,Marvelous Nakamba,Midfielder,Aston Villa,Luton Town,Returned to the Premier League,13,1131
2023–24,Signing,Luton Town,104047,Pelly Ruddock Mpanzu,Midfielder,,Luton Town,Signing from outside the Premier League,27,1085
2023–24,Signing,Luton Town,156658,Reece Burke,Defender,,Luton Town,Signing from outside the Premier League,22,1659
2023–24,Signing,Luton Town,88894,Ross Barkley,Midfielder,Chelsea,Luton Town,Returned to the Premier League,32,2616
2023–24,Signing,Luton Town,232351,Ryan Giles,Defender,,Luton Town,Signing from outside the Premier League,11,498
2023–24,Signing,Luton Town,222677,Tahith Chong,Midfielder,Manchester United,Luton Town,Returned to the Premier League,33,1972
2023–24,Signing,Luton Town,244856,Teden Mengi,Defender,,Luton Town,Signing from outside the Premier League,30,2467
2023–24,Signing,Luton Town,54738,Thomas Kaminski,Goalkeeper,,Luton Town,Signing from outside the Premier League,38,3405
2023–24,Signing,Luton Town,108796,Tom Lockyer,Defender,,Luton Town,Signing from outside the Premier League,14,1169
2023–24,Signing,Luton Town,589114,Zack Nelson,Midfielder,,Luton Town,Signing from outside the Premier League,2,4
2023–24,Departure,Manchester City,244851,Cole Palmer,Midfielder,Manchester City,Chelsea,Mid-season move,1,10
2023–24,Departure,Manchester City,59859,Ilkay Gündogan,Midfielder,Manchester City,,Left the Premier League for a time,31,2351
2023–24,Departure,Manchester City,432714,James McAtee,Midfielder,Manchester City,Sheffield United,Mid-season move,1,1
2023–24,Departure,Manchester City,121145,João Cancelo,Defender,Manchester City,,Left the Premier League,17,1273
2023–24,Departure,Manchester City,155405,Kalvin Phillips,Midfielder,Manchester City,West Ham United,Mid-season move,4,89
2023–24,Departure,Manchester City,482769,Máximo Perrone,Midfielder,Manchester City,,Left the Premier League,1,18
2023–24,Departure,Manchester City,103025,Riyad Mahrez,Midfielder,Manchester City,,Left the Premier League,30,1913
2023–24,Departure,Manchester City,463210,Shea Charles,Midfielder,Manchester City,,Left the Premier League,1,27
2023–24,Signing,Manchester City,432714,James McAtee,Midfielder,Manchester City,Manchester City,Returned to the Premier League,1,1
2023–24,Signing,Manchester City,477424,Joško Gvardiol,Defender,,Manchester City,Signing from outside the Premier League,28,2327
2023–24,Signing,Manchester City,248875,Jérémy Doku,Midfielder,,Manchester City,Signing from outside the Premier League,29,1585
2023–24,Signing,Manchester City,91651,Mateo Kovačić,Midfielder,Chelsea,Manchester City,Signing from another Premier League club,30,1539
2023–24,Signing,Manchester City,465351,Matheus Nunes,Defender,Wolverhampton Wanderers,Manchester City,Mid-season move,17,651
2023–24,Signing,Manchester City,477555,Oscar Bobb,Midfielder,,Manchester City,Signing from outside the Premier League,14,294
2023–24,Departure,Manchester United,449434,Anthony Elanga,Midfielder,Manchester United,Nottingham Forest,Sold to another Premier League club,16,417
2023–24,Departure,Manchester United,14937,Cristiano Ronaldo dos Santos Aveiro,Forward,Manchester United,,Left the Premier League,10,519
2023–24,Departure,Manchester United,51940,David De Gea Quintana,Goalkeeper,Manchester United,,Left the Premier League,38,3420
2023–24,Departure,Manchester United,101582,Frederico Rodrigues de Paula Santos,Midfielder,Manchester United,,Left the Premier League,35,1228
2023–24,Departure,Manchester United,101338,Marcel Sabitzer,Midfielder,Manchester United,,Left the Premier League,11,622
2023–24,Departure,Manchester United,199249,Sergio Reguilón,Defender,Manchester United,Brentford,Mid-season move,9,409
2023–24,Departure,Manchester United,222690,Tyrell Malacia,Defender,Manchester United,,Left the Premier League for a time,22,1391
2023–24,Departure,Manchester United,120202,Wout Weghorst,Forward,Manchester United,,Left the Premier League,17,790
2023–24,Signing,Manchester United,493250,Amad Diallo,Midfielder,Manchester United,Manchester United,Returned to the Premier League,9,385
2023–24,Signing,Manchester United,202641,André Onana,Goalkeeper,,Manchester United,Signing from outside the Premier League,38,3420
2023–24,Signing,Manchester United,504598,Daniel Gore,Midfielder,,Manchester United,Signing from outside the Premier League,1,1
2023–24,Signing,Manchester United,575034,Ethan Wheatley,Forward,,Manchester United,Signing from outside the Premier League,3,13
2023–24,Signing,Manchester United,465527,Hannibal Mejbri,Midfielder,Manchester United,Manchester United,Returned to the Premier League,5,131
2023–24,Signing,Manchester United,37642,Jonny Evans,Defender,Leicester City,Manchester United,Signing from another Premier League club,23,1389
2023–24,Signing,Manchester United,184341,Mason Mount,Midfielder,Chelsea,Manchester United,Signing from another Premier League club,14,509
2023–24,Signing,Manchester United,487828,Omari Forson,Midfielder,,Manchester United,Signing from outside the Premier League,4,67
2023–24,Signing,Manchester United,497894,Rasmus Højlund,Forward,,Manchester United,Signing from outside the Premier League,30,2156
2023–24,Signing,Manchester United,199249,Sergio Reguilón,Defender,Tottenham Hotspur,Manchester United,Returned to the Premier League,9,409
2023–24,Signing,Manchester United,172912,Sofyan Amrabat,Midfielder,,Manchester United,Signing from outside the Premier League,21,929
2023–24,Signing,Manchester United,518466,Willy Kambwala,Defender,,Manchester United,Signing from outside the Premier League,8,325
2023–24,Departure,Newcastle United,170137,Allan Saint-Maximin,Midfielder,Newcastle United,,Left the Premier League,25,1109
2023–24,Departure,Newcastle United,194799,Jamal Lewis,Defender,Newcastle United,,Left the Premier League,2,9
2023–24,Departure,Newcastle United,109528,Javier Manquillo Gaitán,Defender,Newcastle United,,Left the Premier League,4,34
2023–24,Departure,Newcastle United,90105,Ryan Fraser,Midfielder,Newcastle United,,Left the Premier League for a time,8,308
2023–24,Signing,Newcastle United,545477,Alex Murphy,Defender,,Newcastle United,Signing from outside the Premier League,2,11
2023–24,Signing,Newcastle United,248859,Amadou Diallo,Midfielder,,Newcastle United,Signing from outside the Premier League,1,1
2023–24,Signing,Newcastle United,547716,Ben Parkinson,Forward,,Newcastle United,Signing from outside the Premier League,1,24
2023–24,Signing,Newcastle United,201666,Harvey Barnes,Midfielder,Leicester City,Newcastle United,Signing from another Premier League club,21,788
2023–24,Signing,Newcastle United,461484,Joe White,Midfielder,,Newcastle United,Signing from outside the Premier League,4,12
2023–24,Signing,Newcastle United,487838,Lewis Hall,Defender,Chelsea,Newcastle United,Signing from another Premier League club,18,773
2023–24,Signing,Newcastle United,104542,Loris Karius,Goalkeeper,Liverpool,Newcastle United,Returned to the Premier League,1,90
2023–24,Signing,Newcastle United,490150,Michael Ndiweni,Forward,,Newcastle United,Signing from outside the Premier League,1,1
2023–24,Signing,Newcastle United,106618,Paul Dummett,Defender,Newcastle United,Newcastle United,Returned to the Premier League,5,18
2023–24,Signing,Newcastle United,432422,Sandro Tonali,Midfielder,,Newcastle United,Signing from outside the Premier League,8,437
2023–24,Signing,Newcastle United,441191,Tino Livramento,Defender,Southampton,Newcastle United,Signing from another Premier League club,26,1302
2023–24,Departure,Nottingham Forest,244930,Alex Mighten,Midfielder,Nottingham Forest,,Left the Premier League,1,7
2023–24,Departure,Nottingham Forest,45124,André Ayew,Midfielder,Nottingham Forest,,Left the Premier League,13,306
2023–24,Departure,Nottingham Forest,242898,Brennan Johnson,Midfielder,Nottingham Forest,Tottenham Hotspur,Mid-season move,3,238
2023–24,Departure,Nottingham Forest,166325,Carlos Ribeiro Dias,Midfielder,Nottingham Forest,,Left the Premier League,1,6
2023–24,Departure,Nottingham Forest,172649,Dean Henderson,Goalkeeper,Nottingham Forest,Crystal Palace,Sold to another Premier League club,18,1620
2023–24,Departure,Nottingham Forest,230251,Emmanuel Dennis,Forward,Nottingham Forest,,Left the Premier League,19,709
2023–24,Departure,Nottingham Forest,437753,Giulian Biancone,Defender,Nottingham Forest,,Left the Premier League,2,15
2023–24,Departure,Nottingham Forest,185253,Gustavo Henrique Furtado Scarpa,Midfielder,Nottingham Forest,,Left the Premier League,6,177
2023–24,Departure,Nottingham Forest,58771,Jack Colback,Midfielder,Nottingham Forest,,Left the Premier League,11,492
2023–24,Departure,Nottingham Forest,109322,Jesse Lingard,Midfielder,Nottingham Forest,,Left the Premier League,17,918
2023–24,Departure,Nottingham Forest,50232,Jonjo Shelvey,Midfielder,Nottingham Forest,,Left the Premier League,8,539
2023–24,Departure,Nottingham Forest,28411,Keylor Navas,Goalkeeper,Nottingham Forest,,Left the Premier League,17,1530
2023–24,Departure,Nottingham Forest,243345,Lewis O'Brien,Midfielder,Nottingham Forest,,Left the Premier League,13,578
2023–24,Departure,Nottingham Forest,89076,Remo Freuler,Midfielder,Nottingham Forest,,Left the Premier League,28,2157
2023–24,Departure,Nottingham Forest,233420,Renan Augusto Lodi dos Santos,Defender,Nottingham Forest,,Left the Premier League,28,2211
2023–24,Departure,Nottingham Forest,217331,Sam Surridge,Forward,Nottingham Forest,,Left the Premier League,20,306
2023–24,Departure,Nottingham Forest,56917,Steve Cook,Defender,Nottingham Forest,,Left the Premier League,12,956
2023–24,Departure,Nottingham Forest,20066,Wayne Hennessey,Goalkeeper,Nottingham Forest,,Left the Premier League,4,271
2023–24,Signing,Nottingham Forest,466404,Andrew Omobamidele,Defender,Norwich City,Nottingham Forest,Returned to the Premier League,11,782
2023–24,Signing,Nottingham Forest,532605,Andrey Nascimento dos Santos,Midfielder,,Nottingham Forest,Signing from outside the Premier League,1,7
2023–24,Signing,Nottingham Forest,449434,Anthony Elanga,Midfielder,Manchester United,Nottingham Forest,Signing from another Premier League club,36,2424
2023–24,Signing,Nottingham Forest,461682,Brandon Aguilera Zamora,Midfielder,,Nottingham Forest,Signing from outside the Premier League,1,4
2023–24,Signing,Nottingham Forest,209046,Callum Hudson-Odoi,Midfielder,Chelsea,Nottingham Forest,Returned to the Premier League,29,1846
2023–24,Signing,Nottingham Forest,152760,Divock Origi,Forward,Liverpool,Nottingham Forest,Returned to the Premier League,20,594
2023–24,Signing,Nottingham Forest,427420,Giovanni Reyna,Midfielder,,Nottingham Forest,Signing from outside the Premier League,9,228
2023–24,Signing,Nottingham Forest,218430,Gonzalo Montiel,Defender,,Nottingham Forest,Signing from outside the Premier League,14,796
2023–24,Signing,Nottingham Forest,210462,Ibrahim Sangaré,Midfielder,,Nottingham Forest,Signing from outside the Premier League,17,1031
2023–24,Signing,Nottingham Forest,224068,Matt Turner,Goalkeeper,,Nottingham Forest,Signing from outside the Premier League,17,1530
2023–24,Signing,Nottingham Forest,85633,Matz Sels,Goalkeeper,,Nottingham Forest,Signing from outside the Premier League,16,1440
2023–24,Signing,Nottingham Forest,575476,Murillo Costa dos Santos,Defender,,Nottingham Forest,Signing from outside the Premier League,32,2790
2023–24,Signing,Nottingham Forest,250199,Nicolás Domínguez,Midfielder,,Nottingham Forest,Signing from outside the Premier League,26,1489
2023–24,Signing,Nottingham Forest,437626,Nuno Varela Tavares,Defender,Arsenal,Nottingham Forest,Returned to the Premier League,8,454
2023–24,Signing,Nottingham Forest,111452,Odysseas Vlachodimos,Goalkeeper,,Nottingham Forest,Signing from outside the Premier League,5,450
2023–24,Signing,Nottingham Forest,159506,Ola Aina,Defender,Fulham,Nottingham Forest,Returned to the Premier League,22,1690
2023–24,Signing,Nottingham Forest,551232,Rodrigo Duarte Ribeiro,Forward,,Nottingham Forest,Signing from outside the Premier League,4,14
2023–24,Signing,Sheffield United,538210,Andre Brooks,Midfielder,,Sheffield United,Signing from outside the Premier League,20,932
2023–24,Signing,Sheffield United,233821,Anel Ahmedhodžić,Defender,,Sheffield United,Signing from outside the Premier League,31,2649
2023–24,Signing,Sheffield United,504198,Anis Slimane,Midfielder,,Sheffield United,Signing from outside the Premier League,15,409
2023–24,Signing,Sheffield United,487836,Antwoine Hackford,Forward,Sheffield United,Sheffield United,Returned to the Premier League,2,11
2023–24,Signing,Sheffield United,201410,Auston Trusty,Defender,,Sheffield United,Signing from outside the Premier League,32,2568
2023–24,Signing,Sheffield United,204814,Ben Brereton Díaz,Midfielder,,Sheffield United,Signing from outside the Premier League,14,1105
2023–24,Signing,Sheffield United,167878,Ben Osborn,Midfielder,Sheffield United,Sheffield United,Returned to the Premier League,24,1359
2023–24,Signing,Sheffield United,523957,Bénie Traoré,Forward,,Sheffield United,Signing from outside the Premier League,8,383
2023–24,Signing,Sheffield United,433979,Cameron Archer,Forward,Aston Villa,Sheffield United,Mid-season move,29,1824
2023–24,Signing,Sheffield United,40386,Chris Basham,Defender,Sheffield United,Sheffield United,Returned to the Premier League,8,316
2023–24,Signing,Sheffield United,523700,Daniel Jebbison,Forward,Sheffield United,Sheffield United,Returned to the Premier League,1,20
2023–24,Signing,Sheffield United,82691,George Baldock,Defender,Sheffield United,Sheffield United,Returned to the Premier League,13,968
2023–24,Signing,Sheffield United,196100,Gustavo Hamer,Midfielder,,Sheffield United,Signing from outside the Premier League,36,2908
2023–24,Signing,Sheffield United,173268,Ivo Grbic,Goalkeeper,,Sheffield United,Signing from outside the Premier League,9,771
2023–24,Signing,Sheffield United,83427,Jack Robinson,Defender,Sheffield United,Sheffield United,Returned to the Premier League,34,2883
2023–24,Signing,Sheffield United,432714,James McAtee,Midfielder,Manchester City,Sheffield United,Mid-season move,30,1814
2023–24,Signing,Sheffield United,226182,Jayden Bogle,Defender,Sheffield United,Sheffield United,Returned to the Premier League,34,2787
2023–24,Signing,Sheffield United,108416,John Egan,Defender,Sheffield United,Sheffield United,Returned to the Premier League,6,482
2023–24,Signing,Sheffield United,47247,John Fleck,Midfielder,Sheffield United,Sheffield United,Returned to the Premier League,4,89
2023–24,Signing,Sheffield United,244619,Luke Thomas,Defender,Leicester City,Sheffield United,Signing from another Premier League club,12,916
2023–24,Signing,Sheffield United,194164,Mason Holgate,Defender,Everton,Sheffield United,Signing from another Premier League club,10,711
2023–24,Signing,Sheffield United,155197,Max Lowe,Defender,Sheffield United,Sheffield United,Returned to the Premier League,10,498
2023–24,Signing,Sheffield United,532372,Oliver Arblaster,Midfielder,,Sheffield United,Signing from outside the Premier League,12,942
2023–24,Signing,Sheffield United,169432,Oliver McBurnie,Forward,Sheffield United,Sheffield United,Returned to the Premier League,21,1279
2023–24,Signing,Sheffield United,79934,Oliver Norwood,Midfielder,Sheffield United,Sheffield United,Returned to the Premier League,27,1429
2023–24,Signing,Sheffield United,195473,Rhian Brewster,Forward,Sheffield United,Sheffield United,Returned to the Premier League,13,338
2023–24,Signing,Sheffield United,443211,Rhys Norrington-Davies,Defender,,Sheffield United,Signing from outside the Premier League,5,109
2023–24,Signing,Sheffield United,585472,Ryan Oné,Midfielder,,Sheffield United,Signing from outside the Premier League,1,7
2023–24,Signing,Sheffield United,549344,Sam Curtis,Defender,,Sheffield United,Signing from outside the Premier League,1,27
2023–24,Signing,Sheffield United,552425,Sydie Peck,Midfielder,,Sheffield United,Signing from outside the Premier League,1,9
2023–24,Signing,Sheffield United,173807,Tom Davies,Midfielder,Everton,Sheffield United,Signing from another Premier League club,9,214
2023–24,Signing,Sheffield United,424001,Vini de Souza Costa,Midfielder,,Sheffield United,Signing from outside the Premier League,36,2664
2023–24,Signing,Sheffield United,82143,Wes Foderingham,Goalkeeper,,Sheffield United,Signing from outside the Premier League,30,2648
2023–24,Signing,Sheffield United,538207,William Osula,Forward,,Sheffield United,Signing from outside the Premier League,21,778
2023–24,Signing,Sheffield United,432990,Yasser Larouci,Defender,,Sheffield United,Signing from outside the Premier League,11,527
2023–24,Departure,Southampton,155511,Adam Armstrong,Forward,Southampton,,Left the Premier League for a time,30,1321
2023–24,Departure,Southampton,154043,Ainsley Maitland-Niles,Midfielder,Southampton,,Left the Premier League,22,1400
2023–24,Departure,Southampton,58376,Alex McCarthy,Goalkeeper,Southampton,,Left the Premier League for a time,6,540
2023–24,Departure,Southampton,477386,Armel Bella-Kotchap,Defender,Southampton,,Left the Premier League for a time,24,1881
2023–24,Departure,Southampton,502697,Carlos Alcaraz Durán,Midfielder,Southampton,,Left the Premier League for a time,18,1024
2023–24,Departure,Southampton,200439,Che Adams,Forward,Southampton,,Left the Premier League,28,1987
2023–24,Departure,Southampton,494543,Dominic Ballard,Forward,Southampton,,Left the Premier League,2,24
2023–24,Departure,Southampton,173271,Duje Caleta-Car,Defender,Southampton,,Left the Premier League,13,942
2023–24,Departure,Southampton,456350,Gavin Bazunu,Goalkeeper,Southampton,,Left the Premier League,32,2880
2023–24,Departure,Southampton,240143,Ibrahima Diallo,Midfielder,Southampton,,Left the Premier League,18,813
2023–24,Departure,Southampton,184386,James Bree,Defender,Southampton,,Left the Premier League for a time,5,366
2023–24,Departure,Southampton,101178,James Ward-Prowse,Midfielder,Southampton,West Ham United,Sold to another Premier League club,38,3371
2023–24,Departure,Southampton,193204,Joe Aribo,Midfielder,Southampton,,Left the Premier League for a time,21,1219
2023–24,Departure,Southampton,515571,Juan Larios López,Defender,Southampton,,Left the Premier League,5,150
2023–24,Departure,Southampton,504783,Kamaldeen Sulemana,Midfielder,Southampton,,Left the Premier League for a time,18,959
2023–24,Departure,Southampton,494541,Kamari Doyle,Midfielder,Southampton,,Left the Premier League,1,6
2023–24,Departure,Southampton,158534,Kyle Walker-Peters,Defender,Southampton,,Left the Premier League for a time,31,2650
2023–24,Departure,Southampton,212721,Lyanco Silveira Neves Vojnovic,Defender,Southampton,,Left the Premier League,21,1173
2023–24,Departure,Southampton,81205,Mislav Orsic,Midfielder,Southampton,,Left the Premier League,1,6
2023–24,Departure,Southampton,96787,Mohamed Elyounoussi,Midfielder,Southampton,,Left the Premier League,33,2162
2023–24,Departure,Southampton,450527,Mohammed Salisu,Defender,Southampton,,Left the Premier League,22,1971
2023–24,Departure,Southampton,431131,Moussa Djenepo,Midfielder,Southampton,,Left the Premier League,16,702
2023–24,Departure,Southampton,83283,Nathan Redmond,Midfielder,Southampton,Burnley,Sold to another Premier League club,1,1
2023–24,Departure,Southampton,78056,Oriol Romeu Vidal,Midfielder,Southampton,,Left the Premier League,1,74
2023–24,Departure,Southampton,147611,Paul Onuachu,Forward,Southampton,,Left the Premier League for a time,11,401
2023–24,Departure,Southampton,244560,Romain Perraud,Defender,Southampton,,Left the Premier League,29,1828
2023–24,Departure,Southampton,514356,Roméo Lavia,Midfielder,Southampton,Chelsea,Sold to another Premier League club,29,2219
2023–24,Departure,Southampton,499724,Samuel Amo-Ameyaw,Midfielder,Southampton,,Left the Premier League for a time,1,3
2023–24,Departure,Southampton,490503,Samuel Edozie,Midfielder,Southampton,,Left the Premier League for a time,17,554
2023–24,Departure,Southampton,91047,Stuart Armstrong,Midfielder,Southampton,,Left the Premier League,32,1391
2023–24,Departure,Southampton,476888,Sékou Mara,Forward,Southampton,,Left the Premier League,22,538
2023–24,Departure,Southampton,20467,Theo Walcott,Midfielder,Southampton,,Left the Premier League,20,1123
2023–24,Departure,Southampton,441191,Tino Livramento,Defender,Southampton,Newcastle United,Sold to another Premier League club,2,26
2023–24,Departure,Southampton,213482,Yan Valery,Defender,Southampton,,Left the Premier League,1,45
2023–24,Departure,Tottenham Hotspur,220307,Arnaut Danjuma Groeneveld,Midfielder,Tottenham Hotspur,Everton,Sold to another Premier League club,9,162
2023–24,Departure,Tottenham Hotspur,171101,Clément Lenglet,Defender,Tottenham Hotspur,Aston Villa,Sold to another Premier League club,26,2018
2023–24,Departure,Tottenham Hotspur,232859,Djed Spence,Defender,Tottenham Hotspur,,Left the Premier League for a time,4,5
2023–24,Departure,Tottenham Hotspur,40383,Fraser Forster,Goalkeeper,Tottenham Hotspur,,Left the Premier League for a time,14,1215
2023–24,Departure,Tottenham Hotspur,519327,George Abbott,Midfielder,Tottenham Hotspur,,Left the Premier League,1,1
2023–24,Departure,Tottenham Hotspur,78830,Harry Kane,Forward,Tottenham Hotspur,,Left the Premier League,38,3406
2023–24,Departure,Tottenham Hotspur,448791,Harvey White,Midfielder,Tottenham Hotspur,,Left the Premier League,1,4
2023–24,Departure,Tottenham Hotspur,37915,Hugo Lloris,Goalkeeper,Tottenham Hotspur,,Left the Premier League,25,2205
2023–24,Departure,Tottenham Hotspur,199584,Japhet Tanganga,Defender,Tottenham Hotspur,,Left the Premier League,4,145
2023–24,Departure,Tottenham Hotspur,95715,Lucas Rodrigues Moura da Silva,Midfielder,Tottenham Hotspur,,Left the Premier League,15,145
2023–24,Departure,Tottenham Hotspur,87835,Matt Doherty,Defender,Tottenham Hotspur,Wolverhampton Wanderers,Sold to another Premier League club,12,663
2023–24,Departure,Tottenham Hotspur,461201,Matthew Craig,Midfielder,Tottenham Hotspur,,Left the Premier League,1,13
2023–24,Departure,Tottenham Hotspur,184349,Ryan Sessegnon,Midfielder,Tottenham Hotspur,,Left the Premier League for a time,17,805
2023–24,Signing,Tottenham Hotspur,536908,Alejo Véliz,Forward,,Tottenham Hotspur,Signing from outside the Premier League,8,45
2023–24,Signing,Tottenham Hotspur,242898,Brennan Johnson,Midfielder,Nottingham Forest,Tottenham Hotspur,Mid-season move,32,2079
2023–24,Signing,Tottenham Hotspur,490145,Dane Scarlett,Forward,Tottenham Hotspur,Tottenham Hotspur,Returned to the Premier League,4,19
2023–24,Signing,Tottenham Hotspur,487053,Destiny Udogie,Defender,,Tottenham Hotspur,Signing from outside the Premier League,28,2391
2023–24,Signing,Tottenham Hotspur,200826,Giovani Lo Celso,Midfielder,Tottenham Hotspur,Tottenham Hotspur,Returned to the Premier League,22,491
2023–24,Signing,Tottenham Hotspur,184254,Guglielmo Vicario,Goalkeeper,,Tottenham Hotspur,Signing from outside the Premier League,38,3420
2023–24,Signing,Tottenham Hotspur,172780,James Maddison,Midfielder,Leicester City,Tottenham Hotspur,Signing from another Premier League club,28,2137
2023–24,Signing,Tottenham Hotspur,513588,Jamie Donley,Forward,,Tottenham Hotspur,Signing from outside the Premier League,3,3
2023–24,Signing,Tottenham Hotspur,235674,Manor Solomon,Midfielder,Fulham,Tottenham Hotspur,Signing from another Premier League club,5,196
2023–24,Signing,Tottenham Hotspur,491279,Micky van de Ven,Defender,,Tottenham Hotspur,Signing from outside the Premier League,27,2341
2023–24,Signing,Tottenham Hotspur,499721,Mikey Moore,Midfielder,,Tottenham Hotspur,Signing from outside the Premier League,2,3
2023–24,Signing,Tottenham Hotspur,493125,Radu Drăgușin,Defender,,Tottenham Hotspur,Signing from outside the Premier League,9,424
2023–24,Signing,Tottenham Hotspur,165153,Timo Werner,Midfielder,Chelsea,Tottenham Hotspur,Returned to the Premier League,13,808
2023–24,Departure,West Ham United,222017,Conor Coventry,Midfielder,West Ham United,,Left the Premier League,1,1
2023–24,Departure,West Ham United,204480,Declan Rice,Midfielder,West Ham United,Arsenal,Sold to another Premier League club,37,3272
2023–24,Departure,West Ham United,220585,Flynn Downes,Midfielder,West Ham United,,Left the Premier League for a time,21,752
2023–24,Departure,West Ham United,195899,Gianluca Scamacca,Forward,West Ham United,,Left the Premier League,16,921
2023–24,Departure,West Ham United,86934,Manuel Lanzini,Midfielder,West Ham United,,Left the Premier League,10,243
2023–24,Signing,West Ham United,213999,Edson Álvarez Velázquez,Midfielder,,West Ham United,Signing from outside the Premier League,31,2375
2023–24,Signing,West Ham United,490885,George Earthy,Midfielder,,West Ham United,Signing from outside the Premier League,3,33
2023–24,Signing,West Ham United,101178,James Ward-Prowse,Midfielder,Southampton,West Ham United,Signing from another Premier League club,37,3000
2023–24,Signing,West Ham United,518438,Kaelan Casey,Defender,,West Ham United,Signing from outside the Premier League,1,1
2023–24,Signing,West Ham United,155405,Kalvin Phillips,Midfielder,Manchester City,West Ham United,Mid-season move,8,305
2023–24,Signing,West Ham United,233963,Konstantinos Mavropanos,Defender,Arsenal,West Ham United,Returned to the Premier League,19,1500
2023–24,Signing,West Ham United,460842,Mohammed Kudus,Midfielder,,West Ham United,Signing from outside the Premier League,33,2485
2023–24,Departure,Wolverhampton Wanderers,159533,Adama Traoré Diarra,Midfielder,Wolverhampton Wanderers,Fulham,Sold to another Premier League club,34,1477
2023–24,Departure,Wolverhampton Wanderers,461026,Chem Campbell,Midfielder,Wolverhampton Wanderers,,Left the Premier League,5,68
2023–24,Departure,Wolverhampton Wanderers,198842,Connor Ronan,Midfielder,Wolverhampton Wanderers,,Left the Premier League,1,1
2023–24,Departure,Wolverhampton Wanderers,200600,Daniel Castelo Podence,Midfielder,Wolverhampton Wanderers,,Left the Premier League for a time,32,1760
2023–24,Departure,Wolverhampton Wanderers,492776,Dexter Lembikisa,Defender,Wolverhampton Wanderers,,Left the Premier League,1,22
2023–24,Departure,Wolverhampton Wanderers,18507,Diego Da Silva Costa,Forward,Wolverhampton Wanderers,,Left the Premier League,23,1235
2023–24,Departure,Wolverhampton Wanderers,181284,Gonçalo Manuel Ganchinho Guedes,Midfielder,Wolverhampton Wanderers,,Left the Premier League for a time,13,703
2023–24,Departure,Wolverhampton Wanderers,240299,Joseph Hodge,Midfielder,Wolverhampton Wanderers,,Left the Premier League,6,172
2023–24,Departure,Wolverhampton Wanderers,19624,João Filipe Iria Santos Moutinho,Midfielder,Wolverhampton Wanderers,,Left the Premier League,31,1773
2023–24,Departure,Wolverhampton Wanderers,465351,Matheus Nunes,Defender,Wolverhampton Wanderers,Manchester City,Mid-season move,2,180
2023–24,Departure,Wolverhampton Wanderers,432830,Nathan Collins,Defender,Wolverhampton Wanderers,Brentford,Sold to another Premier League club,26,1811
2023–24,Departure,Wolverhampton Wanderers,102057,Raúl Jiménez Rodríguez,Forward,Wolverhampton Wanderers,Fulham,Sold to another Premier League club,15,839
2023–24,Departure,Wolverhampton Wanderers,171317,Rúben da Silva Neves,Midfielder,Wolverhampton Wanderers,,Left the Premier League,35,3020
2023–24,Signing,Wolverhampton Wanderers,593001,Enso González,Midfielder,,Wolverhampton Wanderers,Signing from outside the Premier League,1,1
2023–24,Signing,Wolverhampton Wanderers,449988,Fábio Silva,Forward,Wolverhampton Wanderers,Wolverhampton Wanderers,Returned to the Premier League,8,259
2023–24,Signing,Wolverhampton Wanderers,231057,Jean-Ricner Bellegarde,Midfielder,,Wolverhampton Wanderers,Signing from outside the Premier League,22,948
2023–24,Signing,Wolverhampton Wanderers,589507,Leon Chiwome,Forward,,Wolverhampton Wanderers,Signing from outside the Premier League,3,173
2023–24,Signing,Wolverhampton Wanderers,87835,Matt Doherty,Defender,Tottenham Hotspur,Wolverhampton Wanderers,Signing from another Premier League club,30,1136
2023–24,Signing,Wolverhampton Wanderers,531363,Nathan Fraser,Forward,,Wolverhampton Wanderers,Signing from outside the Premier League,7,183
2023–24,Signing,Wolverhampton Wanderers,231480,Santiago Ignacio Bueno,Defender,,Wolverhampton Wanderers,Signing from outside the Premier League,12,819
2023–24,Signing,Wolverhampton Wanderers,497606,Tawanda Chirewa,Midfielder,,Wolverhampton Wanderers,Signing from outside the Premier League,8,138
2023–24,Signing,Wolverhampton Wanderers,220394,Tommy Doyle,Midfielder,Manchester City,Wolverhampton Wanderers,Returned to the Premier League,26,1209
2024–25,Departure,AFC Bournemouth,223911,Chris Mepham,Defender,AFC Bournemouth,,Left the Premier League,10,613
2024–25,Departure,AFC Bournemouth,550596,Dominic Sadi,Midfielder,AFC Bournemouth,,Left the Premier League,1,1
2024–25,Departure,AFC Bournemouth,154566,Dominic Solanke-Mitchell,Forward,AFC Bournemouth,Tottenham Hotspur,Sold to another Premier League club,38,3325
2024–25,Departure,AFC Bournemouth,424044,Hamed Traorè,Midfielder,AFC Bournemouth,,Left the Premier League for a time,3,44
2024–25,Departure,AFC Bournemouth,215531,Ionuț Radu,Goalkeeper,AFC Bournemouth,,Left the Premier League,2,180
2024–25,Departure,AFC Bournemouth,444180,Jaidon Anthony,Midfielder,AFC Bournemouth,,Left the Premier League for a time,3,151
2024–25,Departure,AFC Bournemouth,156685,Joe Rothwell,Midfielder,AFC Bournemouth,,Left the Premier League,11,380
2024–25,Departure,AFC Bournemouth,128340,Kieffer Moore,Forward,AFC Bournemouth,,Left the Premier League,8,100
2024–25,Departure,AFC Bournemouth,235530,Lloyd Kelly,Defender,AFC Bournemouth,Newcastle United,Sold to another Premier League club,23,1553
2024–25,Departure,AFC Bournemouth,441240,Romain Faivre,Midfielder,AFC Bournemouth,,Left the Premier League,5,37
2024–25,Signing,AFC Bournemouth,606775,Ben Winterburn,Midfielder,,AFC Bournemouth,Signing from outside the Premier League,4,22
2024–25,Signing,AFC Bournemouth,523700,Daniel Jebbison,Forward,Sheffield United,AFC Bournemouth,Signing from another Premier League club,16,105
2024–25,Signing,AFC Bournemouth,554605,Dean Huijsen,Defender,,AFC Bournemouth,Signing from outside the Premier League,32,2422
2024–25,Signing,AFC Bournemouth,444102,Francisco Evanilson de Lima Barbosa,Forward,,AFC Bournemouth,Signing from outside the Premier League,31,2317
2024–25,Signing,AFC Bournemouth,575901,Julio Soler Barreto,Defender,,AFC Bournemouth,Signing from outside the Premier League,3,9
2024–25,Signing,AFC Bournemouth,436893,Julián Araujo Zúñiga,Defender,,AFC Bournemouth,Signing from outside the Premier League,12,492
2024–25,Signing,AFC Bournemouth,109745,Kepa Arrizabalaga Revuelta,Goalkeeper,Chelsea,AFC Bournemouth,Returned to the Premier League,31,2790
2024–25,Signing,AFC Bournemouth,606774,Remy Rees-Dottin,Forward,,AFC Bournemouth,Signing from outside the Premier League,1,1
2024–25,Signing,AFC Bournemouth,530121,Zain Silcott-Duberry,Midfielder,,AFC Bournemouth,Signing from outside the Premier League,1,1
2024–25,Departure,Arsenal,225321,Aaron Ramsdale,Goalkeeper,Arsenal,Southampton,Sold to another Premier League club,6,540
2024–25,Departure,Arsenal,58822,Cédric Alves Soares,Defender,Arsenal,,Left the Premier League,3,59
2024–25,Departure,Arsenal,205533,Eddie Nketiah,Forward,Arsenal,Crystal Palace,Sold to another Premier League club,27,1065
2024–25,Departure,Arsenal,209289,Emile Smith Rowe,Midfielder,Arsenal,Fulham,Sold to another Premier League club,13,343
2024–25,Departure,Arsenal,438098,Fábio Ferreira Vieira,Midfielder,Arsenal,,Left the Premier League,11,290
2024–25,Departure,Arsenal,153256,Mohamed Elneny,Midfielder,Arsenal,,Left the Premier League,3,25
2024–25,Departure,Arsenal,200641,Reiss Nelson,Midfielder,Arsenal,Fulham,Mid-season move,1,2
2024–25,Signing,Arsenal,192895,Kieran Tierney,Defender,Arsenal,Arsenal,Returned to the Premier League,13,250
2024–25,Signing,Arsenal,195384,Mikel Merino Zazón,Midfielder,Newcastle United,Arsenal,Returned to the Premier League,28,1575
2024–25,Signing,Arsenal,499169,Myles Lewis-Skelly,Defender,,Arsenal,Signing from outside the Premier League,23,1362
2024–25,Signing,Arsenal,461025,Nathan Butler-Oyedeji,Forward,,Arsenal,Signing from outside the Premier League,1,6
2024–25,Signing,Arsenal,103955,Raheem Sterling,Midfielder,Chelsea,Arsenal,Signing from another Premier League club,17,490
2024–25,Signing,Arsenal,466075,Riccardo Calafiori,Defender,,Arsenal,Signing from outside the Premier League,19,978
2024–25,Departure,Aston Villa,110504,Bertrand Traoré,Midfielder,Aston Villa,,Left the Premier League for a time,2,10
2024–25,Departure,Aston Villa,101184,Calum Chambers,Defender,Aston Villa,,Left the Premier League,5,149
2024–25,Departure,Aston Villa,171101,Clément Lenglet,Defender,Aston Villa,,Left the Premier League,14,1153
2024–25,Departure,Aston Villa,230046,Douglas Luiz Soares de Paulo,Midfielder,Aston Villa,,Left the Premier League for a time,35,2994
2024–25,Departure,Aston Villa,521966,Finley Munroe,Defender,Aston Villa,,Left the Premier League,1,3
2024–25,Departure,Aston Villa,481624,Jaden Philogene,Midfielder,Aston Villa,Ipswich Town,Mid-season move,11,325
2024–25,Departure,Aston Villa,465390,Kaine Kesler-Hayden,Defender,Aston Villa,,Left the Premier League,3,5
2024–25,Departure,Aston Villa,151589,Leander Dendoncker,Midfielder,Aston Villa,,Left the Premier League,8,118
2024–25,Departure,Aston Villa,243557,Moussa Diaby,Midfielder,Aston Villa,,Left the Premier League,38,2168
2024–25,Departure,Aston Villa,245414,Nicolò Zaniolo,Midfielder,Aston Villa,,Left the Premier League,25,824
2024–25,Departure,Aston Villa,549068,Omari Kellyman,Midfielder,Aston Villa,,Left the Premier League,2,35
2024–25,Departure,Aston Villa,84583,Philippe Coutinho Correia,Midfielder,Aston Villa,,Left the Premier League,2,24
2024–25,Departure,Aston Villa,490094,Tim Iroegbunam,Midfielder,Aston Villa,Everton,Sold to another Premier League club,9,157
2024–25,Departure,Aston Villa,106468,Álex Moreno Lopera,Defender,Aston Villa,Nottingham Forest,Sold to another Premier League club,21,1024
2024–25,Signing,Aston Villa,449871,Amadou Onana,Midfielder,Everton,Aston Villa,Signing from another Premier League club,26,1613
2024–25,Signing,Aston Villa,606798,Andrés García,Defender,,Aston Villa,Signing from outside the Premier League,7,316
2024–25,Signing,Aston Villa,220362,Axel Disasi,Defender,Chelsea,Aston Villa,Mid-season move,7,488
2024–25,Signing,Aston Villa,204646,Donyell Malen,Midfielder,,Aston Villa,Signing from outside the Premier League,14,296
2024–25,Signing,Aston Villa,195546,Emiliano Buendía Stati,Midfielder,Aston Villa,Aston Villa,Returned to the Premier League,12,89
2024–25,Signing,Aston Villa,441302,Ian Maatsen,Defender,Chelsea,Aston Villa,Signing from another Premier League club,29,1125
2024–25,Signing,Aston Villa,578545,Kosta Nedeljković,Defender,,Aston Villa,Signing from outside the Premier League,5,121
2024–25,Signing,Aston Villa,515597,Lamare Bogarde,Defender,,Aston Villa,Signing from outside the Premier League,8,473
2024–25,Signing,Aston Villa,174292,Marco Asensio,Midfielder,,Aston Villa,Signing from outside the Premier League,13,740
2024–25,Signing,Aston Villa,176297,Marcus Rashford,Midfielder,Manchester United,Aston Villa,Mid-season move,10,439
2024–25,Signing,Aston Villa,88894,Ross Barkley,Midfielder,Luton Town,Aston Villa,Signing from another Premier League club,20,567
2024–25,Departure,Brentford,472713,Aaron Hickey,Defender,Brentford,,Left the Premier League for a time,9,713
2024–25,Departure,Brentford,144485,Ivan Toney,Forward,Brentford,,Left the Premier League,17,1449
2024–25,Departure,Brentford,183656,Josh Dasilva,Midfielder,Brentford,,Left the Premier League for a time,3,22
2024–25,Departure,Brentford,48760,Mathias Jorgensen,Defender,Brentford,,Left the Premier League,14,1086
2024–25,Departure,Brentford,501284,Michael Olakigbe,Midfielder,Brentford,,Left the Premier League,8,51
2024–25,Departure,Brentford,450539,Myles Peart-Harris,Midfielder,Brentford,,Left the Premier League for a time,3,11
2024–25,Departure,Brentford,115382,Neal Maupay,Forward,Brentford,,Left the Premier League,29,1307
2024–25,Departure,Brentford,205836,Saman Ghoddos,Midfielder,Brentford,,Left the Premier League,19,728
2024–25,Departure,Brentford,199249,Sergio Reguilón,Defender,Brentford,Tottenham Hotspur,Sold to another Premier League club,16,1115
2024–25,Departure,Brentford,432160,Shandon Baptiste,Midfielder,Brentford,,Left the Premier League,10,222
2024–25,Departure,Brentford,140200,Thomas Strakosha,Goalkeeper,Brentford,,Left the Premier League,2,135
2024–25,Signing,Brentford,244858,Fábio Freitas Gouveia Carvalho,Midfielder,Liverpool,Brentford,Returned to the Premier League,19,443
2024–25,Signing,Brentford,626464,Gustavo Nunes Fernandes Gomes,Midfielder,,Brentford,Signing from outside the Premier League,3,11
2024–25,Signing,Brentford,507433,Hákon Rafn Valdimarsson,Goalkeeper,,Brentford,Signing from outside the Premier League,2,144
2024–25,Signing,Brentford,502500,Igor Thiago Nascimento Rodrigues,Forward,,Brentford,Signing from outside the Premier League,8,167
2024–25,Signing,Brentford,499717,Jayden Meghoma,Defender,,Brentford,Signing from outside the Premier League,1,4
2024–25,Signing,Brentford,570241,Kim Ji-soo,Defender,,Brentford,Signing from outside the Premier League,3,28
2024–25,Signing,Brentford,607464,Michael Kayode,Defender,,Brentford,Signing from outside the Premier League,12,523
2024–25,Signing,Brentford,220695,Paris Maghoma,Midfielder,,Brentford,Signing from outside the Premier League,8,112
2024–25,Signing,Brentford,591357,Ryan Trevitt,Midfielder,,Brentford,Signing from outside the Premier League,1,3
2024–25,Signing,Brentford,444765,Sepp van den Berg,Defender,,Brentford,Signing from outside the Premier League,31,2584
2024–25,Signing,Brentford,628204,Yunus Emre Konak,Midfielder,,Brentford,Signing from outside the Premier League,10,53
2024–25,Departure,Brighton & Hove Albion,39155,Adam Lallana,Midfielder,Brighton & Hove Albion,Southampton,Sold to another Premier League club,25,839
2024–25,Departure,Brighton & Hove Albion,465607,Anssumane Fati Vieira,Midfielder,Brighton & Hove Albion,,Left the Premier League,19,509
2024–25,Departure,Brighton & Hove Albion,475480,Benicio Baker-Boaitey,Midfielder,Brighton & Hove Albion,,Left the Premier League,5,37
2024–25,Departure,Brighton & Hove Albion,487117,Evan Ferguson,Forward,Brighton & Hove Albion,West Ham United,Mid-season move,12,217
2024–25,Departure,Brighton & Hove Albion,536916,Facundo Buonanotte,Midfielder,Brighton & Hove Albion,Leicester City,Sold to another Premier League club,27,1356
2024–25,Departure,Brighton & Hove Albion,474120,Julio Enciso,Midfielder,Brighton & Hove Albion,Ipswich Town,Mid-season move,12,286
2024–25,Departure,Brighton & Hove Albion,168090,Mahmoud Dahoud,Midfielder,Brighton & Hove Albion,,Left the Premier League,9,449
2024–25,Departure,Brighton & Hove Albion,574402,Mark O’Mahony,Forward,Brighton & Hove Albion,,Left the Premier League,3,61
2024–25,Departure,Brighton & Hove Albion,445548,Odeluga Offiah,Defender,Brighton & Hove Albion,,Left the Premier League,4,126
2024–25,Departure,Brighton & Hove Albion,60307,Pascal Groß,Midfielder,Brighton & Hove Albion,,Left the Premier League for a time,36,3112
2024–25,Departure,Brighton & Hove Albion,543158,Valentín Barco,Defender,Brighton & Hove Albion,,Left the Premier League,6,307
2024–25,Signing,Brighton & Hove Albion,513433,Brajan Gruda,Midfielder,,Brighton & Hove Albion,Signing from outside the Premier League,21,676
2024–25,Signing,Brighton & Hove Albion,514254,Diego Gómez Amarilla,Midfielder,,Brighton & Hove Albion,Signing from outside the Premier League,16,507
2024–25,Signing,Brighton & Hove Albion,439135,Eiran Cashin,Defender,,Brighton & Hove Albion,Signing from outside the Premier League,2,19
2024–25,Signing,Brighton & Hove Albion,231416,Ferdi Kadıoğlu,Defender,,Brighton & Hove Albion,Signing from outside the Premier League,6,385
2024–25,Signing,Brighton & Hove Albion,463067,Georginio Rutter,Midfielder,Leeds United,Brighton & Hove Albion,Returned to the Premier League,28,1651
2024–25,Signing,Brighton & Hove Albion,597320,Harry Howell,Midfielder,,Brighton & Hove Albion,Signing from outside the Premier League,1,6
2024–25,Signing,Brighton & Hove Albion,441192,Jeremy Sarmiento Morante,Midfielder,Brighton & Hove Albion,Brighton & Hove Albion,Returned to the Premier League,1,8
2024–25,Signing,Brighton & Hove Albion,467779,Mats Wieffer,Midfielder,,Brighton & Hove Albion,Signing from outside the Premier League,25,1003
2024–25,Signing,Brighton & Hove Albion,219249,Matt O'Riley,Midfielder,,Brighton & Hove Albion,Signing from outside the Premier League,21,929
2024–25,Signing,Brighton & Hove Albion,592031,Yankuba Minteh,Midfielder,,Brighton & Hove Albion,Signing from outside the Premier League,32,1831
2024–25,Signing,Brighton & Hove Albion,509416,Yasin Ayari,Midfielder,Brighton & Hove Albion,Brighton & Hove Albion,Returned to the Premier League,34,1958
2024–25,Departure,Burnley,447715,Aaron Ramsey,Midfielder,Burnley,,Left the Premier League,14,522
2024–25,Departure,Burnley,487968,Ameen Al-Dakhil,Defender,Burnley,,Left the Premier League,13,1055
2024–25,Departure,Burnley,511783,Anass Zaroury,Midfielder,Burnley,,Left the Premier League,6,149
2024–25,Departure,Burnley,232917,Arijanet Muric,Goalkeeper,Burnley,Ipswich Town,Sold to another Premier League club,10,900
2024–25,Departure,Burnley,103914,Charlie Taylor,Defender,Burnley,Southampton,Sold to another Premier League club,28,2329
2024–25,Departure,Burnley,192290,Connor Roberts,Defender,Burnley,,Left the Premier League,14,817
2024–25,Departure,Burnley,216616,Dara O'Shea,Defender,Burnley,Ipswich Town,Sold to another Premier League club,33,2892
2024–25,Departure,Burnley,520295,David Datro Fofana,Forward,Burnley,,Left the Premier League,15,876
2024–25,Departure,Burnley,437757,Han-Noah Massengo,Midfielder,Burnley,,Left the Premier League,3,14
2024–25,Departure,Burnley,247245,Hannes Delcroix,Defender,Burnley,,Left the Premier League,12,584
2024–25,Departure,Burnley,478969,Hjalmar Ekdal,Defender,Burnley,,Left the Premier League for a time,8,436
2024–25,Departure,Burnley,40145,Jack Cork,Midfielder,Burnley,,Left the Premier League,4,25
2024–25,Departure,Burnley,179458,Jacob Bruun Larsen,Midfielder,Burnley,,Left the Premier League for a time,32,1235
2024–25,Departure,Burnley,432720,James Trafford,Goalkeeper,Burnley,,Left the Premier League for a time,28,2520
2024–25,Departure,Burnley,44683,Jay Rodriguez,Forward,Burnley,,Left the Premier League,21,811
2024–25,Departure,Burnley,241231,Jordan Beyer,Defender,Burnley,,Left the Premier League,15,1234
2024–25,Departure,Burnley,172782,Josh Brownhill,Midfielder,Burnley,,Left the Premier League,33,2248
2024–25,Departure,Burnley,172567,Josh Cullen,Midfielder,Burnley,,Left the Premier League for a time,25,2055
2024–25,Departure,Burnley,60586,Jóhann Berg Gudmundsson,Midfielder,Burnley,,Left the Premier League,26,1185
2024–25,Departure,Burnley,503724,Lorenz Assignon,Defender,Burnley,,Left the Premier League,15,1235
2024–25,Departure,Burnley,487702,Luca Koleosho,Midfielder,Burnley,,Left the Premier League,15,972
2024–25,Departure,Burnley,435973,Lyle Foster,Forward,Burnley,,Left the Premier League for a time,24,1898
2024–25,Departure,Burnley,183751,Manuel Benson Hedilazio,Midfielder,Burnley,,Left the Premier League,8,110
2024–25,Departure,Burnley,477717,Maxime Estève,Defender,Burnley,,Left the Premier League for a time,16,1310
2024–25,Departure,Burnley,220598,Michael Obafemi,Forward,Burnley,,Left the Premier League,2,19
2024–25,Departure,Burnley,437748,Mike Trésor Ndayishimiye,Midfielder,Burnley,,Left the Premier League for a time,16,410
2024–25,Departure,Burnley,83283,Nathan Redmond,Midfielder,Burnley,,Left the Premier League,12,132
2024–25,Departure,Burnley,207189,Sander Berge,Midfielder,Burnley,Fulham,Sold to another Premier League club,37,3002
2024–25,Departure,Burnley,441455,Victor da Silva,Defender,Burnley,,Left the Premier League,32,2311
2024–25,Departure,Burnley,550839,Wilson Odobert,Midfielder,Burnley,Tottenham Hotspur,Sold to another Premier League club,29,2095
2024–25,Departure,Burnley,492831,Zeki Amdouni,Forward,Burnley,,Left the Premier League for a time,34,1953
2024–25,Departure,Chelsea,519198,Alex Matos,Midfielder,Chelsea,,Left the Premier League,1,1
2024–25,Departure,Chelsea,514280,Alfie Gilchrist,Defender,Chelsea,,Left the Premier League,11,200
2024–25,Departure,Chelsea,220362,Axel Disasi,Defender,Chelsea,Aston Villa,Mid-season move,6,363
2024–25,Departure,Chelsea,172850,Ben Chilwell,Defender,Chelsea,Crystal Palace,Sold to another Premier League club,13,752
2024–25,Departure,Chelsea,478912,Carney Chukwuemeka,Midfielder,Chelsea,,Left the Premier League,9,222
2024–25,Departure,Chelsea,505187,Cesare Casadei,Midfielder,Chelsea,,Left the Premier League,11,71
2024–25,Departure,Chelsea,232787,Conor Gallagher,Midfielder,Chelsea,,Left the Premier League for a time,37,3129
2024–25,Departure,Chelsea,617054,Deivid Washington de Souza Eugênio,Forward,Chelsea,,Left the Premier League,2,11
2024–25,Departure,Chelsea,441302,Ian Maatsen,Defender,Chelsea,Aston Villa,Sold to another Premier League club,12,200
2024–25,Departure,Chelsea,514277,Jimi Tauriainen,Midfielder,Chelsea,,Left the Premier League,1,1
2024–25,Departure,Chelsea,503714,Lesley Ugochukwu,Midfielder,Chelsea,Southampton,Sold to another Premier League club,12,296
2024–25,Departure,Chelsea,534392,Mason Burstow,Forward,Chelsea,,Left the Premier League,2,8
2024–25,Departure,Chelsea,103955,Raheem Sterling,Midfielder,Chelsea,Arsenal,Sold to another Premier League club,31,1972
2024–25,Departure,Chelsea,51090,Thiago Emiliano da Silva,Defender,Chelsea,,Left the Premier League,31,2525
2024–25,Departure,Chelsea,180736,Trevoh Chalobah,Defender,Chelsea,Crystal Palace,Sold to another Premier League club,13,949
2024–25,Departure,Chelsea,457569,Đorđe Petrović,Goalkeeper,Chelsea,,Left the Premier League for a time,23,1986
2024–25,Signing,Chelsea,508479,Filip Jörgensen,Goalkeeper,,Chelsea,Signing from outside the Premier League,6,540
2024–25,Signing,Chelsea,209243,Jadon Sancho,Midfielder,Manchester United,Chelsea,Signing from another Premier League club,31,1754
2024–25,Signing,Chelsea,428399,João Félix Sequeira,Midfielder,Chelsea,Chelsea,Returned to the Premier League,12,362
2024–25,Signing,Chelsea,215413,Kiernan Dewsbury-Hall,Midfielder,Leicester City,Chelsea,Returned to the Premier League,13,257
2024–25,Signing,Chelsea,499309,Marc Guiu Paz,Forward,,Chelsea,Signing from outside the Premier League,3,71
2024–25,Signing,Chelsea,609640,Mathis Amougou,Midfielder,,Chelsea,Signing from outside the Premier League,1,7
2024–25,Signing,Chelsea,247632,Pedro Lomba Neto,Midfielder,Wolverhampton Wanderers,Chelsea,Signing from another Premier League club,35,2262
2024–25,Signing,Chelsea,551230,Renato Palma Veiga,Midfielder,,Chelsea,Signing from outside the Premier League,7,176
2024–25,Signing,Chelsea,567119,Shumaira Mheuka,Forward,,Chelsea,Signing from outside the Premier League,1,1
2024–25,Signing,Chelsea,109646,Tosin Adarabioyo,Defender,Fulham,Chelsea,Signing from another Premier League club,22,1403
2024–25,Signing,Chelsea,180736,Trevoh Chalobah,Defender,Crystal Palace,Chelsea,Mid-season move,13,909
2024–25,Signing,Chelsea,550615,Tyrique George,Midfielder,,Chelsea,Signing from outside the Premier League,8,177
2024–25,Signing,Chelsea,444463,Wesley Fofana,Defender,Chelsea,Chelsea,Returned to the Premier League,14,1172
2024–25,Departure,Crystal Palace,531989,David Ozoh,Midfielder,Crystal Palace,,Left the Premier League,9,148
2024–25,Departure,Crystal Palace,173954,Jairo Riedewald,Midfielder,Crystal Palace,,Left the Premier League,9,228
2024–25,Departure,Crystal Palace,49413,James Tomkins,Defender,Crystal Palace,,Left the Premier League,4,8
2024–25,Departure,Crystal Palace,450542,Jesurun Rak-Sakyi,Midfielder,Crystal Palace,,Left the Premier League,6,132
2024–25,Departure,Crystal Palace,174874,Joachim Andersen,Defender,Crystal Palace,Fulham,Mid-season move,1,90
2024–25,Departure,Crystal Palace,80146,Jordan Ayew,Midfielder,Crystal Palace,Leicester City,Mid-season move,1,20
2024–25,Departure,Crystal Palace,443661,Michael Olise,Midfielder,Crystal Palace,,Left the Premier League,19,1272
2024–25,Departure,Crystal Palace,466117,Naouirou Ahamada,Midfielder,Crystal Palace,,Left the Premier League,20,332
2024–25,Departure,Crystal Palace,199670,Odsonne Édouard,Forward,Crystal Palace,Leicester City,Mid-season move,2,115
2024–25,Departure,Crystal Palace,169593,Remi Matthews,Goalkeeper,Crystal Palace,,Left the Premier League,1,3
2024–25,Departure,Crystal Palace,101982,Sam Johnstone,Goalkeeper,Crystal Palace,Wolverhampton Wanderers,Sold to another Premier League club,20,1796
2024–25,Departure,Crystal Palace,180736,Trevoh Chalobah,Defender,Crystal Palace,Chelsea,Mid-season move,12,1060
2024–25,Signing,Crystal Palace,579075,Asher Agbinone,Midfielder,,Crystal Palace,Signing from outside the Premier League,2,4
2024–25,Signing,Crystal Palace,172850,Ben Chilwell,Defender,Chelsea,Crystal Palace,Signing from another Premier League club,8,254
2024–25,Signing,Crystal Palace,590012,Caleb Kporha,Defender,,Crystal Palace,Signing from outside the Premier League,2,11
2024–25,Signing,Crystal Palace,515621,Chadi Riad Dnanou,Defender,,Crystal Palace,Signing from outside the Premier League,1,90
2024–25,Signing,Crystal Palace,209400,Daichi Kamada,Midfielder,,Crystal Palace,Signing from outside the Premier League,34,1545
2024–25,Signing,Crystal Palace,205533,Eddie Nketiah,Forward,Arsenal,Crystal Palace,Signing from another Premier League club,29,1018
2024–25,Signing,Crystal Palace,232185,Ismaïla Sarr,Midfielder,Watford,Crystal Palace,Returned to the Premier League,38,2708
2024–25,Signing,Crystal Palace,489706,Justin Devenny,Midfielder,,Crystal Palace,Signing from outside the Premier League,23,494
2024–25,Signing,Crystal Palace,437499,Maxence Lacroix,Defender,,Crystal Palace,Signing from outside the Premier League,35,3116
2024–25,Signing,Crystal Palace,606921,Romain Esse,Midfielder,,Crystal Palace,Signing from outside the Premier League,7,138
2024–25,Signing,Crystal Palace,180736,Trevoh Chalobah,Defender,Chelsea,Crystal Palace,Signing from another Premier League club,12,1060
2024–25,Departure,Everton,449871,Amadou Onana,Midfielder,Everton,Aston Villa,Sold to another Premier League club,30,2085
2024–25,Departure,Everton,120250,André Tavares Gomes,Midfielder,Everton,,Left the Premier League,12,505
2024–25,Departure,Everton,220307,Arnaut Danjuma Groeneveld,Midfielder,Everton,,Left the Premier League,14,587
2024–25,Departure,Everton,198826,Ben Godfrey,Defender,Everton,Ipswich Town,Sold to another Premier League club,15,1120
2024–25,Departure,Everton,461421,Lewis Dobbin,Midfielder,Everton,,Left the Premier League,12,226
2024–25,Departure,Everton,461453,Lewis Warrington,Midfielder,Everton,,Left the Premier League,1,1
2024–25,Departure,Everton,461416,Thomas Cannon,Forward,Everton,,Left the Premier League,1,1
2024–25,Departure,Everton,461446,Tyler Onyango,Midfielder,Everton,,Left the Premier League,1,1
2024–25,Signing,Everton,440323,Armando Broja,Forward,Fulham,Everton,Signing from another Premier League club,10,327
2024–25,Signing,Everton,502697,Carlos Alcaraz Durán,Midfielder,Southampton,Everton,Mid-season move,15,757
2024–25,Signing,Everton,609873,Harrison Armstrong,Midfielder,,Everton,Signing from outside the Premier League,3,47
2024–25,Signing,Everton,440993,Iliman Ndiaye,Midfielder,Sheffield United,Everton,Returned to the Premier League,33,2426
2024–25,Signing,Everton,512462,Jake O'Brien,Defender,,Everton,Signing from outside the Premier League,20,1568
2024–25,Signing,Everton,463903,Jesper Lindstrøm,Midfielder,,Everton,Signing from outside the Premier League,25,1229
2024–25,Signing,Everton,194164,Mason Holgate,Defender,Sheffield United,Everton,Signing from another Premier League club,1,5
2024–25,Signing,Everton,179519,Orel Mangala,Midfielder,Nottingham Forest,Everton,Signing from another Premier League club,19,1257
2024–25,Signing,Everton,496178,Roman Dixon,Defender,,Everton,Signing from outside the Premier League,1,90
2024–25,Signing,Everton,490094,Tim Iroegbunam,Midfielder,Aston Villa,Everton,Signing from another Premier League club,18,562
2024–25,Departure,Fulham,128389,Aleksandar Mitrović,Forward,Fulham,,Left the Premier League,1,32
2024–25,Departure,Fulham,440323,Armando Broja,Forward,Fulham,Everton,Sold to another Premier League club,8,81
2024–25,Departure,Fulham,96994,Bobby De Cordova-Reid,Midfielder,Fulham,Leicester City,Sold to another Premier League club,33,1410
2024–25,Departure,Fulham,225897,Fodé Ballo-Touré,Defender,Fulham,,Left the Premier League,6,65
2024–25,Departure,Fulham,154296,João Maria Lobo Alves Palhares Costa Palhinha Gonçalves,Midfielder,Fulham,,Left the Premier League for a time,33,2698
2024–25,Departure,Fulham,515024,Luke Harris,Midfielder,Fulham,,Left the Premier League,1,74
2024–25,Departure,Fulham,82514,Tim Ream,Defender,Fulham,,Left the Premier League,18,1503
2024–25,Departure,Fulham,109646,Tosin Adarabioyo,Defender,Fulham,Chelsea,Sold to another Premier League club,20,1616
2024–25,Signing,Fulham,209289,Emile Smith Rowe,Midfielder,Arsenal,Fulham,Signing from another Premier League club,34,2036
2024–25,Signing,Fulham,490146,Jay Stansfield,Forward,Fulham,Fulham,Returned to the Premier League,1,1
2024–25,Signing,Fulham,174874,Joachim Andersen,Defender,Crystal Palace,Fulham,Mid-season move,29,2583
2024–25,Signing,Fulham,246301,Jorge Cuenca Barreno,Defender,,Fulham,Signing from outside the Premier League,8,349
2024–25,Signing,Fulham,577725,Josh King,Midfielder,,Fulham,Signing from outside the Premier League,8,126
2024–25,Signing,Fulham,573062,Martial Godo,Midfielder,,Fulham,Signing from outside the Premier League,2,21
2024–25,Signing,Fulham,200641,Reiss Nelson,Midfielder,Arsenal,Fulham,Mid-season move,11,481
2024–25,Signing,Fulham,184349,Ryan Sessegnon,Midfielder,Tottenham Hotspur,Fulham,Returned to the Premier League,16,574
2024–25,Signing,Fulham,207189,Sander Berge,Midfielder,Burnley,Fulham,Signing from another Premier League club,31,2221
2024–25,Signing,Ipswich Town,112520,Alex Palmer,Goalkeeper,,Ipswich Town,Signing from outside the Premier League,13,1170
2024–25,Signing,Ipswich Town,462387,Ali Al-Hamadi,Forward,,Ipswich Town,Signing from outside the Premier League,11,125
2024–25,Signing,Ipswich Town,232917,Arijanet Muric,Goalkeeper,Burnley,Ipswich Town,Signing from another Premier League club,18,1620
2024–25,Signing,Ipswich Town,180804,Axel Tuanzebe,Defender,Aston Villa,Ipswich Town,Returned to the Premier League,22,1710
2024–25,Signing,Ipswich Town,198826,Ben Godfrey,Defender,Everton,Ipswich Town,Signing from another Premier League club,3,158
2024–25,Signing,Ipswich Town,222018,Ben Johnson,Defender,West Ham United,Ipswich Town,Signing from another Premier League club,23,1346
2024–25,Signing,Ipswich Town,122411,Cameron Burgess,Defender,,Ipswich Town,Signing from outside the Premier League,18,1540
2024–25,Signing,Ipswich Town,229164,Chiedozie Ogbene,Midfielder,Luton Town,Ipswich Town,Signing from another Premier League club,5,237
2024–25,Signing,Ipswich Town,108813,Christian Walton,Goalkeeper,,Ipswich Town,Signing from outside the Premier League,7,630
2024–25,Signing,Ipswich Town,196411,Conor Chaplin,Midfielder,,Ipswich Town,Signing from outside the Premier League,22,845
2024–25,Signing,Ipswich Town,108053,Conor Townsend,Defender,West Bromwich Albion,Ipswich Town,Returned to the Premier League,6,334
2024–25,Signing,Ipswich Town,216616,Dara O'Shea,Defender,Burnley,Ipswich Town,Signing from another Premier League club,35,3122
2024–25,Signing,Ipswich Town,214964,George Edmundson,Defender,,Ipswich Town,Signing from outside the Premier League,1,1
2024–25,Signing,Ipswich Town,222625,George Hirst,Forward,Leicester City,Ipswich Town,Returned to the Premier League,26,645
2024–25,Signing,Ipswich Town,232228,Harry Clarke,Defender,,Ipswich Town,Signing from outside the Premier League,7,377
2024–25,Signing,Ipswich Town,443261,Jack Clarke,Midfielder,,Ipswich Town,Signing from outside the Premier League,32,1161
2024–25,Signing,Ipswich Town,231899,Jack Taylor,Midfielder,,Ipswich Town,Signing from outside the Premier League,32,837
2024–25,Signing,Ipswich Town,449429,Jacob Greaves,Defender,,Ipswich Town,Signing from outside the Premier League,25,2205
2024–25,Signing,Ipswich Town,481624,Jaden Philogene,Midfielder,Aston Villa,Ipswich Town,Mid-season move,10,471
2024–25,Signing,Ipswich Town,454667,Jens Cajuste,Midfielder,,Ipswich Town,Signing from outside the Premier League,30,1960
2024–25,Signing,Ipswich Town,474120,Julio Enciso,Midfielder,Brighton & Hove Albion,Ipswich Town,Mid-season move,13,869
2024–25,Signing,Ipswich Town,155405,Kalvin Phillips,Midfielder,West Ham United,Ipswich Town,Signing from another Premier League club,19,1231
2024–25,Signing,Ipswich Town,455084,Leif Davis,Defender,Leeds United,Ipswich Town,Returned to the Premier League,33,2742
2024–25,Signing,Ipswich Town,463034,Liam Delap,Forward,Manchester City,Ipswich Town,Returned to the Premier League,37,2587
2024–25,Signing,Ipswich Town,220583,Luke Woolfenden,Defender,,Ipswich Town,Signing from outside the Premier League,15,1187
2024–25,Signing,Ipswich Town,167191,Marcus Myers-Harness,Midfielder,,Ipswich Town,Signing from outside the Premier League,2,43
2024–25,Signing,Ipswich Town,106606,Massimo Luongo,Midfielder,,Ipswich Town,Signing from outside the Premier League,11,195
2024–25,Signing,Ipswich Town,173818,Nathan Broadhead,Midfielder,Everton,Ipswich Town,Returned to the Premier League,18,690
2024–25,Signing,Ipswich Town,503301,Omari Hutchinson,Midfielder,Chelsea,Ipswich Town,Returned to the Premier League,31,2585
2024–25,Signing,Ipswich Town,74944,Sam Morsy,Midfielder,,Ipswich Town,Signing from outside the Premier League,33,2749
2024–25,Signing,Ipswich Town,172453,Sam Szmodics,Midfielder,,Ipswich Town,Signing from outside the Premier League,20,988
2024–25,Signing,Ipswich Town,149929,Wes Burns,Midfielder,,Ipswich Town,Signing from outside the Premier League,18,922
2024–25,Signing,Leicester City,531442,Abdul Fatawu,Midfielder,,Leicester City,Signing from outside the Premier League,11,576
2024–25,Signing,Leicester City,513527,Bilal El Khannouss,Midfielder,,Leicester City,Signing from outside the Premier League,32,2179
2024–25,Signing,Leicester City,96994,Bobby De Cordova-Reid,Midfielder,Fulham,Leicester City,Signing from another Premier League club,23,734
2024–25,Signing,Leicester City,225902,Boubakary Soumaré,Midfielder,Leicester City,Leicester City,Returned to the Premier League,31,2165
2024–25,Signing,Leicester City,473341,Caleb Okoli,Defender,,Leicester City,Signing from outside the Premier League,19,1122
2024–25,Signing,Leicester City,94147,Conor Coady,Defender,Everton,Leicester City,Returned to the Premier League,22,1712
2024–25,Signing,Leicester City,95463,Danny Ward,Goalkeeper,Leicester City,Leicester City,Returned to the Premier League,2,135
2024–25,Signing,Leicester City,536916,Facundo Buonanotte,Midfielder,Brighton & Hove Albion,Leicester City,Signing from another Premier League club,31,1508
2024–25,Signing,Leicester City,197469,Hamza Choudhury,Midfielder,Leicester City,Leicester City,Returned to the Premier League,4,129
2024–25,Signing,Leicester City,157668,Harry Winks,Midfielder,Tottenham Hotspur,Leicester City,Returned to the Premier League,22,1536
2024–25,Signing,Leicester City,630664,Jake Evans,Midfielder,,Leicester City,Signing from outside the Premier League,4,21
2024–25,Signing,Leicester City,436680,Jakub Stolarczyk,Goalkeeper,,Leicester City,Signing from outside the Premier League,10,900
2024–25,Signing,Leicester City,220627,James Justin,Defender,Leicester City,Leicester City,Returned to the Premier League,36,2912
2024–25,Signing,Leicester City,101668,Jamie Vardy,Forward,Leicester City,Leicester City,Returned to the Premier League,35,2825
2024–25,Signing,Leicester City,93100,Jannik Vestergaard,Defender,Leicester City,Leicester City,Returned to the Premier League,18,1390
2024–25,Signing,Leicester City,649208,Jeremy Monga,Midfielder,,Leicester City,Signing from outside the Premier League,7,105
2024–25,Signing,Leicester City,80146,Jordan Ayew,Midfielder,Crystal Palace,Leicester City,Mid-season move,30,1629
2024–25,Signing,Leicester City,461587,Kasey McAteer,Midfielder,Leicester City,Leicester City,Returned to the Premier League,18,846
2024–25,Signing,Leicester City,244619,Luke Thomas,Defender,Sheffield United,Leicester City,Signing from another Premier League club,14,1109
2024–25,Signing,Leicester City,467189,Mads Hermansen,Goalkeeper,,Leicester City,Signing from outside the Premier League,27,2385
2024–25,Signing,Leicester City,549640,Michael Golding,Midfielder,,Leicester City,Signing from outside the Premier League,1,1
2024–25,Signing,Leicester City,199670,Odsonne Édouard,Forward,Crystal Palace,Leicester City,Mid-season move,4,26
2024–25,Signing,Leicester City,619146,Olabade Aluko,Defender,,Leicester City,Signing from outside the Premier League,1,1
2024–25,Signing,Leicester City,209042,Oliver Skipp,Midfielder,Tottenham Hotspur,Leicester City,Signing from another Premier League club,24,1118
2024–25,Signing,Leicester City,245419,Patson Daka,Forward,Leicester City,Leicester City,Returned to the Premier League,23,717
2024–25,Signing,Leicester City,111931,Ricardo Barbosa Pereira,Defender,Leicester City,Leicester City,Returned to the Premier League,10,382
2024–25,Signing,Leicester City,154048,Stephy Mavididi,Midfielder,,Leicester City,Signing from outside the Premier League,30,1606
2024–25,Signing,Leicester City,481510,Victor Kristiansen,Defender,Leicester City,Leicester City,Returned to the Premier League,30,2481
2024–25,Signing,Leicester City,203341,Wilfred Ndidi,Midfielder,Leicester City,Leicester City,Returned to the Premier League,28,2325
2024–25,Signing,Leicester City,532534,Will Alves,Midfielder,,Leicester City,Signing from outside the Premier League,1,1
2024–25,Signing,Leicester City,218218,Wout Faes,Defender,Leicester City,Leicester City,Returned to the Premier League,34,2812
2024–25,Signing,Leicester City,488439,Woyo Coulibaly,Defender,,Leicester City,Signing from outside the Premier League,4,107
2024–25,Departure,Liverpool,496208,Ben Gannon-Doak,Midfielder,Liverpool,,Left the Premier League for a time,1,13
2024–25,Departure,Liverpool,491970,Bobby Clark,Midfielder,Liverpool,,Left the Premier League,5,86
2024–25,Departure,Liverpool,491501,James McConnell,Midfielder,Liverpool,,Left the Premier League,3,3
2024–25,Departure,Liverpool,60914,Joel Matip,Defender,Liverpool,,Left the Premier League,10,779
2024–25,Departure,Liverpool,496185,Kaide Gordon,Midfielder,Liverpool,,Left the Premier League,1,1
2024–25,Departure,Liverpool,430992,Owen Beck,Defender,Liverpool,,Left the Premier League,1,7
2024–25,Departure,Liverpool,535928,Stefan Bajcetic,Midfielder,Liverpool,,Left the Premier League,1,25
2024–25,Departure,Liverpool,61558,Thiago Alcántara do Nascimento,Midfielder,Liverpool,,Left the Premier League,1,5
2024–25,Signing,Liverpool,223541,Federico Chiesa,Midfielder,,Liverpool,Signing from outside the Premier League,6,103
2024–25,Signing,Liverpool,432987,Vítezslav Jaros,Goalkeeper,,Liverpool,Signing from outside the Premier League,1,11
2024–25,Departure,Luton Town,437742,Albert Sambi Lokonga,Midfielder,Luton Town,,Left the Premier League,17,1304
2024–25,Departure,Luton Town,244262,Alfie Doughty,Defender,Luton Town,,Left the Premier League,37,2923
2024–25,Departure,Luton Town,165183,Amari'i Bell,Defender,Luton Town,,Left the Premier League,21,1720
2024–25,Departure,Luton Town,60252,Andros Townsend,Midfielder,Luton Town,,Left the Premier League,27,1197
2024–25,Departure,Luton Town,156700,Carlton Morris,Forward,Luton Town,,Left the Premier League,38,2859
2024–25,Departure,Luton Town,91046,Cauley Woodrow,Forward,Luton Town,,Left the Premier League,24,406
2024–25,Departure,Luton Town,229164,Chiedozie Ogbene,Midfielder,Luton Town,Ipswich Town,Sold to another Premier League club,30,1987
2024–25,Departure,Luton Town,209293,Daiki Hashioka,Defender,Luton Town,,Left the Premier League,10,592
2024–25,Departure,Luton Town,174310,Elijah Adebayo,Forward,Luton Town,,Left the Premier League,27,1405
2024–25,Departure,Luton Town,168035,Fred Onyedinma,Midfielder,Luton Town,,Left the Premier League,8,403
2024–25,Departure,Luton Town,199056,Gabriel Osho,Defender,Luton Town,,Left the Premier League,21,1846
2024–25,Departure,Luton Town,476369,Issa Kaboré,Defender,Luton Town,,Left the Premier League,24,1727
2024–25,Departure,Luton Town,242453,Jacob Brown,Forward,Luton Town,,Left the Premier League,19,1013
2024–25,Departure,Luton Town,77818,James Shea,Goalkeeper,Luton Town,,Left the Premier League,1,14
2024–25,Departure,Luton Town,96784,Jordan Clark,Midfielder,Luton Town,,Left the Premier League,23,1297
2024–25,Departure,Luton Town,611011,Joseph Johnson,Defender,Luton Town,,Left the Premier League,2,75
2024–25,Departure,Luton Town,82738,Luke Berry,Midfielder,Luton Town,,Left the Premier League,17,309
2024–25,Departure,Luton Town,208904,Mads Juel Andersen,Defender,Luton Town,,Left the Premier League,8,397
2024–25,Departure,Luton Town,184704,Marvelous Nakamba,Midfielder,Luton Town,,Left the Premier League,13,1131
2024–25,Departure,Luton Town,104047,Pelly Ruddock Mpanzu,Midfielder,Luton Town,,Left the Premier League,27,1085
2024–25,Departure,Luton Town,156658,Reece Burke,Defender,Luton Town,,Left the Premier League,22,1659
2024–25,Departure,Luton Town,88894,Ross Barkley,Midfielder,Luton Town,Aston Villa,Sold to another Premier League club,32,2616
2024–25,Departure,Luton Town,232351,Ryan Giles,Defender,Luton Town,,Left the Premier League,11,498
2024–25,Departure,Luton Town,222677,Tahith Chong,Midfielder,Luton Town,,Left the Premier League,33,1972
2024–25,Departure,Luton Town,244856,Teden Mengi,Defender,Luton Town,,Left the Premier League,30,2467
2024–25,Departure,Luton Town,54738,Thomas Kaminski,Goalkeeper,Luton Town,,Left the Premier League,38,3405
2024–25,Departure,Luton Town,108796,Tom Lockyer,Defender,Luton Town,,Left the Premier League,14,1169
2024–25,Departure,Luton Town,589114,Zack Nelson,Midfielder,Luton Town,,Left the Premier League,2,4
2024–25,Departure,Manchester City,146941,Aymeric Laporte,Defender,Manchester City,,Left the Premier League,1,11
2024–25,Departure,Manchester City,461358,Julián Álvarez,Forward,Manchester City,,Left the Premier League,36,2644
2024–25,Departure,Manchester City,437468,Sergio Gómez,Defender,Manchester City,,Left the Premier League,6,48
2024–25,Signing,Manchester City,578153,Abdukodir Khusanov,Defender,,Manchester City,Signing from outside the Premier League,6,503
2024–25,Signing,Manchester City,575204,Claudio Echeverri,Midfielder,,Manchester City,Signing from outside the Premier League,1,5
2024–25,Signing,Manchester City,487837,Divin Mubama,Forward,West Ham United,Manchester City,Signing from another Premier League club,1,27
2024–25,Signing,Manchester City,59859,Ilkay Gündogan,Midfielder,Manchester City,Manchester City,Returned to the Premier League,33,2218
2024–25,Signing,Manchester City,554194,Jahmai Simpson-Pusey,Defender,,Manchester City,Signing from outside the Premier League,2,95
2024–25,Signing,Manchester City,432714,James McAtee,Midfielder,Sheffield United,Manchester City,Signing from another Premier League club,15,340
2024–25,Signing,Manchester City,465694,Nico González Iglesias,Midfielder,,Manchester City,Signing from outside the Premier League,11,760
2024–25,Signing,Manchester City,472769,Nico O'Reilly,Defender,,Manchester City,Signing from outside the Premier League,9,525
2024–25,Signing,Manchester City,438234,Omar Marmoush,Midfielder,,Manchester City,Signing from outside the Premier League,16,1174
2024–25,Signing,Manchester City,510281,Sávio Moreira de Oliveira,Midfielder,,Manchester City,Signing from outside the Premier League,29,1760
2024–25,Signing,Manchester City,616222,Vitor de Oliveira Nunes dos Reis,Defender,,Manchester City,Signing from outside the Premier League,1,1
2024–25,Departure,Manchester United,214590,Aaron Wan-Bissaka,Defender,Manchester United,West Ham United,Sold to another Premier League club,22,1778
2024–25,Departure,Manchester United,148225,Anthony Martial,Forward,Manchester United,,Left the Premier League,13,439
2024–25,Departure,Manchester United,504598,Daniel Gore,Midfielder,Manchester United,,Left the Premier League,1,1
2024–25,Departure,Manchester United,180184,Donny van de Beek,Midfielder,Manchester United,,Left the Premier League,1,2
2024–25,Departure,Manchester United,575034,Ethan Wheatley,Forward,Manchester United,,Left the Premier League,3,13
2024–25,Departure,Manchester United,488404,Facundo Pellistri Rebollo,Midfielder,Manchester United,,Left the Premier League,9,164
2024–25,Departure,Manchester United,465527,Hannibal Mejbri,Midfielder,Manchester United,,Left the Premier League for a time,5,131
2024–25,Departure,Manchester United,209243,Jadon Sancho,Midfielder,Manchester United,Chelsea,Sold to another Premier League club,3,76
2024–25,Departure,Manchester United,176297,Marcus Rashford,Midfielder,Manchester United,Aston Villa,Mid-season move,15,975
2024–25,Departure,Manchester United,487828,Omari Forson,Midfielder,Manchester United,,Left the Premier League,4,67
2024–25,Departure,Manchester United,90152,Raphaël Varane,Defender,Manchester United,,Left the Premier League,22,1370
2024–25,Departure,Manchester United,172912,Sofyan Amrabat,Midfielder,Manchester United,,Left the Premier League,21,929
2024–25,Departure,Manchester United,518466,Willy Kambwala,Defender,Manchester United,,Left the Premier League,8,325
2024–25,Signing,Manchester United,451302,Altay Bayındır,Goalkeeper,,Manchester United,Signing from outside the Premier League,4,360
2024–25,Signing,Manchester United,606745,Ayden Heaven,Defender,,Manchester United,Signing from outside the Premier League,4,169
2024–25,Signing,Manchester United,596047,Chido Obi-Martin,Forward,,Manchester United,Signing from outside the Premier League,7,160
2024–25,Signing,Manchester United,577974,Harry Amass,Defender,,Manchester United,Signing from outside the Premier League,5,345
2024–25,Signing,Manchester United,458249,Joshua Zirkzee,Forward,,Manchester United,Signing from outside the Premier League,32,1385
2024–25,Signing,Manchester United,550864,Leny Yoro,Defender,,Manchester United,Signing from outside the Premier League,21,1160
2024–25,Signing,Manchester United,232112,Manuel Ugarte Ribeiro,Midfielder,,Manchester United,Signing from outside the Premier League,29,1777
2024–25,Signing,Manchester United,209365,Matthijs de Ligt,Defender,,Manchester United,Signing from outside the Premier League,29,2119
2024–25,Signing,Manchester United,230001,Noussair Mazraoui,Defender,,Manchester United,Signing from outside the Premier League,37,2836
2024–25,Signing,Manchester United,596777,Patrick Dorgu,Defender,,Manchester United,Signing from outside the Premier League,12,840
2024–25,Signing,Manchester United,490881,Toby Collyer,Midfielder,,Manchester United,Signing from outside the Premier League,6,174
2024–25,Signing,Manchester United,547676,Tyler Fredricson,Defender,,Manchester United,Signing from outside the Premier League,2,166
2024–25,Signing,Manchester United,222690,Tyrell Malacia,Defender,Manchester United,Manchester United,Returned to the Premier League,3,99
2024–25,Departure,Newcastle United,545477,Alex Murphy,Defender,Newcastle United,,Left the Premier League for a time,2,11
2024–25,Departure,Newcastle United,248859,Amadou Diallo,Midfielder,Newcastle United,,Left the Premier League,1,1
2024–25,Departure,Newcastle United,547716,Ben Parkinson,Forward,Newcastle United,,Left the Premier League,1,24
2024–25,Departure,Newcastle United,215379,Elliot Anderson,Midfielder,Newcastle United,Nottingham Forest,Sold to another Premier League club,21,1018
2024–25,Departure,Newcastle United,101148,Jamaal Lascelles,Defender,Newcastle United,,Left the Premier League for a time,16,1077
2024–25,Departure,Newcastle United,461484,Joe White,Midfielder,Newcastle United,,Left the Premier League,4,12
2024–25,Departure,Newcastle United,104542,Loris Karius,Goalkeeper,Newcastle United,,Left the Premier League,1,90
2024–25,Departure,Newcastle United,56983,Matt Ritchie,Midfielder,Newcastle United,,Left the Premier League,13,120
2024–25,Departure,Newcastle United,490150,Michael Ndiweni,Forward,Newcastle United,,Left the Premier League,1,1
2024–25,Departure,Newcastle United,106618,Paul Dummett,Defender,Newcastle United,,Left the Premier League,5,18
2024–25,Signing,Newcastle United,235530,Lloyd Kelly,Defender,AFC Bournemouth,Newcastle United,Signing from another Premier League club,10,299
2024–25,Signing,Newcastle United,538207,William Osula,Forward,Sheffield United,Newcastle United,Signing from another Premier League club,14,124
2024–25,Departure,Nottingham Forest,466404,Andrew Omobamidele,Defender,Nottingham Forest,,Left the Premier League,11,782
2024–25,Departure,Nottingham Forest,532605,Andrey Nascimento dos Santos,Midfielder,Nottingham Forest,,Left the Premier League for a time,1,7
2024–25,Departure,Nottingham Forest,461682,Brandon Aguilera Zamora,Midfielder,Nottingham Forest,,Left the Premier League,1,4
2024–25,Departure,Nottingham Forest,55037,Cheikhou Kouyaté,Midfielder,Nottingham Forest,,Left the Premier League,12,206
2024–25,Departure,Nottingham Forest,152760,Divock Origi,Forward,Nottingham Forest,,Left the Premier League,20,594
2024–25,Departure,Nottingham Forest,116404,Felipe Augusto de Almeida Monteiro,Defender,Nottingham Forest,,Left the Premier League,7,372
2024–25,Departure,Nottingham Forest,427420,Giovanni Reyna,Midfielder,Nottingham Forest,,Left the Premier League,9,228
2024–25,Departure,Nottingham Forest,218430,Gonzalo Montiel,Defender,Nottingham Forest,,Left the Premier League,14,796
2024–25,Departure,Nottingham Forest,208912,Joe Worrall,Defender,Nottingham Forest,,Left the Premier League for a time,7,438
2024–25,Departure,Nottingham Forest,224068,Matt Turner,Goalkeeper,Nottingham Forest,,Left the Premier League,17,1530
2024–25,Departure,Nottingham Forest,199170,Moussa Niakhaté,Defender,Nottingham Forest,,Left the Premier League,21,1456
2024–25,Departure,Nottingham Forest,437626,Nuno Varela Tavares,Defender,Nottingham Forest,,Left the Premier League,8,454
2024–25,Departure,Nottingham Forest,111452,Odysseas Vlachodimos,Goalkeeper,Nottingham Forest,,Left the Premier League,5,450
2024–25,Departure,Nottingham Forest,179519,Orel Mangala,Midfielder,Nottingham Forest,Everton,Sold to another Premier League club,20,1562
2024–25,Departure,Nottingham Forest,551232,Rodrigo Duarte Ribeiro,Forward,Nottingham Forest,,Left the Premier League,4,14
2024–25,Departure,Nottingham Forest,168281,Scott McKenna,Defender,Nottingham Forest,,Left the Premier League,5,416
2024–25,Departure,Nottingham Forest,80226,Serge Aurier,Defender,Nottingham Forest,,Left the Premier League,12,831
2024–25,Signing,Nottingham Forest,215379,Elliot Anderson,Midfielder,Newcastle United,Nottingham Forest,Signing from another Premier League club,37,2726
2024–25,Signing,Nottingham Forest,569014,Eric da Silva Moreira,Midfielder,,Nottingham Forest,Signing from outside the Premier League,2,28
2024–25,Signing,Nottingham Forest,485047,Felipe Rodrigues da Silva,Defender,,Nottingham Forest,Signing from outside the Premier League,26,891
2024–25,Signing,Nottingham Forest,101178,James Ward-Prowse,Midfielder,West Ham United,Nottingham Forest,Mid-season move,9,396
2024–25,Signing,Nottingham Forest,510500,João Pedro Ferreira da Silva,Midfielder,,Nottingham Forest,Signing from outside the Premier League,31,835
2024–25,Signing,Nottingham Forest,227444,Nikola Milenković,Defender,,Nottingham Forest,Signing from outside the Premier League,37,3330
2024–25,Signing,Nottingham Forest,502222,Ramón Sosa,Midfielder,,Nottingham Forest,Signing from outside the Premier League,19,280
2024–25,Signing,Nottingham Forest,106468,Álex Moreno Lopera,Defender,Aston Villa,Nottingham Forest,Signing from another Premier League club,15,952
2024–25,Departure,Sheffield United,538210,Andre Brooks,Midfielder,Sheffield United,,Left the Premier League,20,932
2024–25,Departure,Sheffield United,233821,Anel Ahmedhodžić,Defender,Sheffield United,,Left the Premier League,31,2649
2024–25,Departure,Sheffield United,504198,Anis Slimane,Midfielder,Sheffield United,,Left the Premier League,15,409
2024–25,Departure,Sheffield United,487836,Antwoine Hackford,Forward,Sheffield United,,Left the Premier League,2,11
2024–25,Departure,Sheffield United,201410,Auston Trusty,Defender,Sheffield United,,Left the Premier League,32,2568
2024–25,Departure,Sheffield United,204814,Ben Brereton Díaz,Midfielder,Sheffield United,Southampton,Sold to another Premier League club,14,1105
2024–25,Departure,Sheffield United,167878,Ben Osborn,Midfielder,Sheffield United,,Left the Premier League,24,1359
2024–25,Departure,Sheffield United,523957,Bénie Traoré,Forward,Sheffield United,,Left the Premier League,8,383
2024–25,Departure,Sheffield United,433979,Cameron Archer,Forward,Sheffield United,Southampton,Sold to another Premier League club,29,1824
2024–25,Departure,Sheffield United,40386,Chris Basham,Defender,Sheffield United,,Left the Premier League,8,316
2024–25,Departure,Sheffield United,523700,Daniel Jebbison,Forward,Sheffield United,AFC Bournemouth,Sold to another Premier League club,1,20
2024–25,Departure,Sheffield United,82691,George Baldock,Defender,Sheffield United,,Left the Premier League,13,968
2024–25,Departure,Sheffield United,196100,Gustavo Hamer,Midfielder,Sheffield United,,Left the Premier League,36,2908
2024–25,Departure,Sheffield United,173268,Ivo Grbic,Goalkeeper,Sheffield United,,Left the Premier League,9,771
2024–25,Departure,Sheffield United,83427,Jack Robinson,Defender,Sheffield United,,Left the Premier League,34,2883
2024–25,Departure,Sheffield United,432714,James McAtee,Midfielder,Sheffield United,Manchester City,Sold to another Premier League club,30,1814
2024–25,Departure,Sheffield United,226182,Jayden Bogle,Defender,Sheffield United,,Left the Premier League for a time,34,2787
2024–25,Departure,Sheffield United,108416,John Egan,Defender,Sheffield United,,Left the Premier League,6,482
2024–25,Departure,Sheffield United,47247,John Fleck,Midfielder,Sheffield United,,Left the Premier League,4,89
2024–25,Departure,Sheffield United,244619,Luke Thomas,Defender,Sheffield United,Leicester City,Sold to another Premier League club,12,916
2024–25,Departure,Sheffield United,194164,Mason Holgate,Defender,Sheffield United,Everton,Sold to another Premier League club,10,711
2024–25,Departure,Sheffield United,155197,Max Lowe,Defender,Sheffield United,,Left the Premier League,10,498
2024–25,Departure,Sheffield United,532372,Oliver Arblaster,Midfielder,Sheffield United,,Left the Premier League,12,942
2024–25,Departure,Sheffield United,169432,Oliver McBurnie,Forward,Sheffield United,,Left the Premier League,21,1279
2024–25,Departure,Sheffield United,79934,Oliver Norwood,Midfielder,Sheffield United,,Left the Premier League,27,1429
2024–25,Departure,Sheffield United,195473,Rhian Brewster,Forward,Sheffield United,,Left the Premier League,13,338
2024–25,Departure,Sheffield United,443211,Rhys Norrington-Davies,Defender,Sheffield United,,Left the Premier League,5,109
2024–25,Departure,Sheffield United,585472,Ryan Oné,Midfielder,Sheffield United,,Left the Premier League,1,7
2024–25,Departure,Sheffield United,549344,Sam Curtis,Defender,Sheffield United,,Left the Premier League,1,27
2024–25,Departure,Sheffield United,552425,Sydie Peck,Midfielder,Sheffield United,,Left the Premier League,1,9
2024–25,Departure,Sheffield United,173807,Tom Davies,Midfielder,Sheffield United,,Left the Premier League,9,214
2024–25,Departure,Sheffield United,424001,Vini de Souza Costa,Midfielder,Sheffield United,,Left the Premier League,36,2664
2024–25,Departure,Sheffield United,82143,Wes Foderingham,Goalkeeper,Sheffield United,,Left the Premier League,30,2648
2024–25,Departure,Sheffield United,538207,William Osula,Forward,Sheffield United,Newcastle United,Sold to another Premier League club,21,778
2024–25,Departure,Sheffield United,432990,Yasser Larouci,Defender,Sheffield United,,Left the Premier League,11,527
2024–25,Departure,Southampton,502697,Carlos Alcaraz Durán,Midfielder,Southampton,Everton,Mid-season move,1,9
2024–25,Signing,Southampton,225321,Aaron Ramsdale,Goalkeeper,Arsenal,Southampton,Signing from another Premier League club,30,2700
2024–25,Signing,Southampton,155511,Adam Armstrong,Forward,Southampton,Southampton,Returned to the Premier League,20,1246
2024–25,Signing,Southampton,39155,Adam Lallana,Midfielder,Brighton & Hove Albion,Southampton,Signing from another Premier League club,14,352
2024–25,Signing,Southampton,494779,Albert Grønbæk,Midfielder,,Southampton,Signing from outside the Premier League,4,141
2024–25,Signing,Southampton,58376,Alex McCarthy,Goalkeeper,Southampton,Southampton,Returned to the Premier League,5,450
2024–25,Signing,Southampton,477386,Armel Bella-Kotchap,Defender,Southampton,Southampton,Returned to the Premier League,4,329
2024–25,Signing,Southampton,204814,Ben Brereton Díaz,Midfielder,Sheffield United,Southampton,Signing from another Premier League club,10,446
2024–25,Signing,Southampton,433979,Cameron Archer,Forward,Sheffield United,Southampton,Signing from another Premier League club,35,1421
2024–25,Signing,Southampton,502697,Carlos Alcaraz Durán,Midfielder,Southampton,Southampton,Returned to the Premier League,1,9
2024–25,Signing,Southampton,103914,Charlie Taylor,Defender,Burnley,Southampton,Signing from another Premier League club,8,353
2024–25,Signing,Southampton,220585,Flynn Downes,Midfielder,West Ham United,Southampton,Returned to the Premier League,27,2149
2024–25,Signing,Southampton,88900,Jack Stephens,Defender,AFC Bournemouth,Southampton,Returned to the Premier League,19,1389
2024–25,Signing,Southampton,184386,James Bree,Defender,Southampton,Southampton,Returned to the Premier League,17,1070
2024–25,Signing,Southampton,171771,Jan Bednarek,Defender,Aston Villa,Southampton,Returned to the Premier League,30,2531
2024–25,Signing,Southampton,495024,Jay Robinson,Forward,,Southampton,Signing from outside the Premier League,4,134
2024–25,Signing,Southampton,620408,Joachim Kayi-Sanda,Defender,,Southampton,Signing from outside the Premier League,2,12
2024–25,Signing,Southampton,193204,Joe Aribo,Midfielder,Southampton,Southampton,Returned to the Premier League,32,2007
2024–25,Signing,Southampton,167888,Joe Lumley,Goalkeeper,,Southampton,Signing from outside the Premier League,3,270
2024–25,Signing,Southampton,504783,Kamaldeen Sulemana,Midfielder,Southampton,Southampton,Returned to the Premier League,26,1394
2024–25,Signing,Southampton,158534,Kyle Walker-Peters,Defender,Southampton,Southampton,Returned to the Premier League,33,2918
2024–25,Signing,Southampton,503714,Lesley Ugochukwu,Midfielder,Chelsea,Southampton,Signing from another Premier League club,26,1652
2024–25,Signing,Southampton,551226,Mateus Gonçalo Espanha Fernandes,Midfielder,,Southampton,Signing from outside the Premier League,36,2911
2024–25,Signing,Southampton,149519,Maxwel Cornet,Midfielder,West Ham United,Southampton,Signing from another Premier League club,2,71
2024–25,Signing,Southampton,244845,Nathan Wood-Gordon,Defender,,Southampton,Signing from outside the Premier League,11,771
2024–25,Signing,Southampton,147611,Paul Onuachu,Forward,Southampton,Southampton,Returned to the Premier League,25,1038
2024–25,Signing,Southampton,500926,Ronnie Edwards,Defender,,Southampton,Signing from outside the Premier League,1,12
2024–25,Signing,Southampton,230348,Ross Stewart,Forward,,Southampton,Signing from outside the Premier League,12,382
2024–25,Signing,Southampton,90105,Ryan Fraser,Midfielder,Newcastle United,Southampton,Returned to the Premier League,8,303
2024–25,Signing,Southampton,204863,Ryan Manning,Defender,,Southampton,Signing from outside the Premier League,24,1458
2024–25,Signing,Southampton,499724,Samuel Amo-Ameyaw,Midfielder,Southampton,Southampton,Returned to the Premier League,2,26
2024–25,Signing,Southampton,490503,Samuel Edozie,Midfielder,Southampton,Southampton,Returned to the Premier League,2,64
2024–25,Signing,Southampton,219279,Sugawara Yukinari,Defender,,Southampton,Signing from outside the Premier League,30,1548
2024–25,Signing,Southampton,245719,Taylor Harwood-Bellis,Defender,,Southampton,Signing from outside the Premier League,34,2824
2024–25,Signing,Southampton,496661,Tyler Dibling,Midfielder,,Southampton,Signing from outside the Premier League,33,1863
2024–25,Signing,Southampton,500016,Welington Damascena Santos,Defender,,Southampton,Signing from outside the Premier League,10,478
2024–25,Signing,Southampton,214466,Will Smallbone,Midfielder,Southampton,Southampton,Returned to the Premier League,18,679
2024–25,Departure,Tottenham Hotspur,536908,Alejo Véliz,Forward,Tottenham Hotspur,,Left the Premier League,8,45
2024–25,Departure,Tottenham Hotspur,436234,Bryan Gil Salvatierra,Midfielder,Tottenham Hotspur,,Left the Premier League,11,200
2024–25,Departure,Tottenham Hotspur,173904,Davinson Sánchez,Defender,Tottenham Hotspur,,Left the Premier League,1,76
2024–25,Departure,Tottenham Hotspur,241157,Emerson Leite de Souza Junior,Defender,Tottenham Hotspur,,Left the Premier League,22,1152
2024–25,Departure,Tottenham Hotspur,93264,Eric Dier,Defender,Tottenham Hotspur,,Left the Premier League,4,199
2024–25,Departure,Tottenham Hotspur,200826,Giovani Lo Celso,Midfielder,Tottenham Hotspur,,Left the Premier League,22,491
2024–25,Departure,Tottenham Hotspur,45034,Ivan Perišić,Defender,Tottenham Hotspur,,Left the Premier League,5,98
2024–25,Departure,Tottenham Hotspur,513588,Jamie Donley,Forward,Tottenham Hotspur,,Left the Premier League,3,3
2024–25,Departure,Tottenham Hotspur,235674,Manor Solomon,Midfielder,Tottenham Hotspur,,Left the Premier League,5,196
2024–25,Departure,Tottenham Hotspur,209042,Oliver Skipp,Midfielder,Tottenham Hotspur,Leicester City,Sold to another Premier League club,21,691
2024–25,Departure,Tottenham Hotspur,132015,Pierre-Emile Højbjerg,Midfielder,Tottenham Hotspur,,Left the Premier League,36,1289
2024–25,Signing,Tottenham Hotspur,519321,Alfie Dorrington,Defender,,Tottenham Hotspur,Signing from outside the Premier League,1,13
2024–25,Signing,Tottenham Hotspur,485055,Antonín Kinský,Goalkeeper,,Tottenham Hotspur,Signing from outside the Premier League,6,540
2024–25,Signing,Tottenham Hotspur,547701,Archie Gray,Midfielder,,Tottenham Hotspur,Signing from outside the Premier League,28,1750
2024–25,Signing,Tottenham Hotspur,214572,Brandon Austin,Goalkeeper,,Tottenham Hotspur,Signing from outside the Premier League,1,90
2024–25,Signing,Tottenham Hotspur,232859,Djed Spence,Defender,Tottenham Hotspur,Tottenham Hotspur,Returned to the Premier League,25,1790
2024–25,Signing,Tottenham Hotspur,154566,Dominic Solanke-Mitchell,Forward,AFC Bournemouth,Tottenham Hotspur,Signing from another Premier League club,27,2199
2024–25,Signing,Tottenham Hotspur,40383,Fraser Forster,Goalkeeper,Tottenham Hotspur,Tottenham Hotspur,Returned to the Premier League,7,630
2024–25,Signing,Tottenham Hotspur,135720,Kevin Danso,Defender,Southampton,Tottenham Hotspur,Returned to the Premier League,10,842
2024–25,Signing,Tottenham Hotspur,570526,Lucas Bergvall,Midfielder,,Tottenham Hotspur,Signing from outside the Premier League,27,1200
2024–25,Signing,Tottenham Hotspur,511499,Mathys Tel,Midfielder,,Tottenham Hotspur,Signing from outside the Premier League,13,908
2024–25,Signing,Tottenham Hotspur,199249,Sergio Reguilón,Defender,Brentford,Tottenham Hotspur,Signing from another Premier League club,4,194
2024–25,Signing,Tottenham Hotspur,552427,Will Lankshear,Forward,,Tottenham Hotspur,Signing from outside the Premier League,3,10
2024–25,Signing,Tottenham Hotspur,550839,Wilson Odobert,Midfielder,Burnley,Tottenham Hotspur,Signing from another Premier League club,16,843
2024–25,Departure,West Ham United,40669,Angelo Ogbonna,Defender,West Ham United,,Left the Premier League,11,634
2024–25,Departure,West Ham United,222018,Ben Johnson,Defender,West Ham United,Ipswich Town,Sold to another Premier League club,14,538
2024–25,Departure,West Ham United,487837,Divin Mubama,Forward,West Ham United,Manchester City,Sold to another Premier League club,5,75
2024–25,Departure,West Ham United,490885,George Earthy,Midfielder,West Ham United,,Left the Premier League for a time,3,33
2024–25,Departure,West Ham United,101178,James Ward-Prowse,Midfielder,West Ham United,Nottingham Forest,Mid-season move,15,1037
2024–25,Departure,West Ham United,155405,Kalvin Phillips,Midfielder,West Ham United,Ipswich Town,Sold to another Premier League club,8,305
2024–25,Departure,West Ham United,103192,Kurt Zouma,Defender,West Ham United,,Left the Premier League,33,2838
2024–25,Departure,West Ham United,149519,Maxwel Cornet,Midfielder,West Ham United,Southampton,Sold to another Premier League club,7,109
2024–25,Departure,West Ham United,210494,Nayef Aguerd,Defender,West Ham United,,Left the Premier League for a time,21,1857
2024–25,Departure,West Ham United,217593,Pablo Fornals Malla,Midfielder,West Ham United,,Left the Premier League,15,418
2024–25,Departure,West Ham United,172841,Saïd Benrahma,Midfielder,West Ham United,,Left the Premier League,13,611
2024–25,Departure,West Ham United,201057,Thilo Kehrer,Defender,West Ham United,,Left the Premier League,4,19
2024–25,Signing,West Ham United,214590,Aaron Wan-Bissaka,Defender,Manchester United,West Ham United,Signing from another Premier League club,36,3154
2024–25,Signing,West Ham United,229384,Andy Irving,Midfielder,,West Ham United,Signing from outside the Premier League,10,161
2024–25,Signing,West Ham United,224860,Carlos Soler,Midfielder,,West Ham United,Signing from outside the Premier League,31,1394
2024–25,Signing,West Ham United,450070,Crysencio Summerville,Midfielder,Leeds United,West Ham United,Returned to the Premier League,19,776
2024–25,Signing,West Ham United,487117,Evan Ferguson,Forward,Brighton & Hove Albion,West Ham United,Mid-season move,8,151
2024–25,Signing,West Ham United,197024,Guido Rodríguez,Midfielder,,West Ham United,Signing from outside the Premier League,23,1147
2024–25,Signing,West Ham United,462116,Jean-Clair Todibo,Defender,,West Ham United,Signing from outside the Premier League,27,1824
2024–25,Signing,West Ham United,518442,Lewis Orford,Midfielder,,West Ham United,Signing from outside the Premier League,2,47
2024–25,Signing,West Ham United,577114,Luis Guilherme Lira dos Santos,Midfielder,,West Ham United,Signing from outside the Premier League,12,139
2024–25,Signing,West Ham United,214048,Maximilian Kilman,Defender,Wolverhampton Wanderers,West Ham United,Signing from another Premier League club,38,3348
2024–25,Signing,West Ham United,91889,Niclas Füllkrug,Forward,,West Ham United,Signing from outside the Premier League,18,783
2024–25,Signing,West Ham United,536109,Ollie Scarles,Defender,,West Ham United,Signing from outside the Premier League,15,659
2024–25,Departure,Wolverhampton Wanderers,593001,Enso González,Midfielder,Wolverhampton Wanderers,,Left the Premier League,1,1
2024–25,Departure,Wolverhampton Wanderers,449988,Fábio Silva,Forward,Wolverhampton Wanderers,,Left the Premier League,8,259
2024–25,Departure,Wolverhampton Wanderers,490721,Hugo Bueno López,Defender,Wolverhampton Wanderers,,Left the Premier League for a time,22,727
2024–25,Departure,Wolverhampton Wanderers,114128,Jonathan Castro Otto,Defender,Wolverhampton Wanderers,,Left the Premier League,1,4
2024–25,Departure,Wolverhampton Wanderers,589507,Leon Chiwome,Forward,Wolverhampton Wanderers,,Left the Premier League,3,173
2024–25,Departure,Wolverhampton Wanderers,214048,Maximilian Kilman,Defender,Wolverhampton Wanderers,West Ham United,Sold to another Premier League club,38,3420
2024–25,Departure,Wolverhampton Wanderers,531363,Nathan Fraser,Forward,Wolverhampton Wanderers,,Left the Premier League,7,183
2024–25,Departure,Wolverhampton Wanderers,247632,Pedro Lomba Neto,Midfielder,Wolverhampton Wanderers,Chelsea,Sold to another Premier League club,20,1516
2024–25,Departure,Wolverhampton Wanderers,429414,Saša Kalajdžić,Forward,Wolverhampton Wanderers,,Left the Premier League for a time,11,158
2024–25,Departure,Wolverhampton Wanderers,497606,Tawanda Chirewa,Midfielder,Wolverhampton Wanderers,,Left the Premier League for a time,8,138
2024–25,Signing,Wolverhampton Wanderers,517179,Alfie Pond,Defender,,Wolverhampton Wanderers,Signing from outside the Premier League,1,1
2024–25,Signing,Wolverhampton Wanderers,509291,André Trindade da Costa Neto,Midfielder,,Wolverhampton Wanderers,Signing from outside the Premier League,33,2472
2024–25,Signing,Wolverhampton Wanderers,463212,Carlos Roberto Forbs Borges,Midfielder,,Wolverhampton Wanderers,Signing from outside the Premier League,10,236
2024–25,Signing,Wolverhampton Wanderers,200600,Daniel Castelo Podence,Midfielder,Wolverhampton Wanderers,Wolverhampton Wanderers,Returned to the Premier League,2,46
2024–25,Signing,Wolverhampton Wanderers,516939,Emmanuel Agbadou,Defender,,Wolverhampton Wanderers,Signing from outside the Premier League,16,1410
2024–25,Signing,Wolverhampton Wanderers,510363,Francisco Jorge Tomás Oliveira,Midfielder,Wolverhampton Wanderers,Wolverhampton Wanderers,Returned to the Premier League,1,6
2024–25,Signing,Wolverhampton Wanderers,181284,Gonçalo Manuel Ganchinho Guedes,Midfielder,Wolverhampton Wanderers,Wolverhampton Wanderers,Returned to the Premier League,29,979
2024–25,Signing,Wolverhampton Wanderers,247412,Jørgen Strand Larsen,Forward,,Wolverhampton Wanderers,Signing from outside the Premier League,35,2587
2024–25,Signing,Wolverhampton Wanderers,433312,Marshall Munetsi,Midfielder,,Wolverhampton Wanderers,Signing from outside the Premier League,14,1077
2024–25,Signing,Wolverhampton Wanderers,647671,Mateus Mané,Forward,,Wolverhampton Wanderers,Signing from outside the Premier League,1,1
2024–25,Signing,Wolverhampton Wanderers,531170,Nasser Djiga,Defender,,Wolverhampton Wanderers,Signing from outside the Premier League,5,65
2024–25,Signing,Wolverhampton Wanderers,641221,Pedro Cardoso de Lima,Defender,,Wolverhampton Wanderers,Signing from outside the Premier League,3,69
2024–25,Signing,Wolverhampton Wanderers,483081,Rodrigo Martins Gomes,Defender,,Wolverhampton Wanderers,Signing from outside the Premier League,25,794
2024–25,Signing,Wolverhampton Wanderers,101982,Sam Johnstone,Goalkeeper,Crystal Palace,Wolverhampton Wanderers,Signing from another Premier League club,7,630
2024–25,Signing,Wolverhampton Wanderers,138001,Tom King,Goalkeeper,,Wolverhampton Wanderers,Signing from outside the Premier League,1,1
2024–25,Signing,Wolverhampton Wanderers,501837,Yerson Mosquera Valdelamar,Defender,,Wolverhampton Wanderers,Signing from outside the Premier League,5,441
2025–26,Departure,AFC Bournemouth,437730,Antoine Semenyo,Midfielder,AFC Bournemouth,Manchester City,Mid-season move,20,1800
2025–26,Departure,AFC Bournemouth,533463,Dango Ouattara,Midfielder,AFC Bournemouth,Brentford,Sold to another Premier League club,32,1998
2025–26,Departure,AFC Bournemouth,523700,Daniel Jebbison,Forward,AFC Bournemouth,,Left the Premier League,16,105
2025–26,Departure,AFC Bournemouth,554605,Dean Huijsen,Defender,AFC Bournemouth,,Left the Premier League,32,2422
2025–26,Departure,AFC Bournemouth,477580,Illia Zabarnyi,Defender,AFC Bournemouth,,Left the Premier League,36,3109
2025–26,Departure,AFC Bournemouth,436893,Julián Araujo Zúñiga,Defender,AFC Bournemouth,,Left the Premier League,12,492
2025–26,Departure,AFC Bournemouth,109745,Kepa Arrizabalaga Revuelta,Goalkeeper,AFC Bournemouth,Arsenal,Sold to another Premier League club,31,2790
2025–26,Departure,AFC Bournemouth,224995,Luis Sinisterra,Midfielder,AFC Bournemouth,,Left the Premier League,12,229
2025–26,Departure,AFC Bournemouth,229600,Mark Travers,Goalkeeper,AFC Bournemouth,,Left the Premier League,5,450
2025–26,Departure,AFC Bournemouth,232980,Max Aarons,Defender,AFC Bournemouth,,Left the Premier League,3,84
2025–26,Departure,AFC Bournemouth,544877,Milos Kerkez,Defender,AFC Bournemouth,Liverpool,Sold to another Premier League club,38,3336
2025–26,Departure,AFC Bournemouth,69752,Norberto Murara Neto,Goalkeeper,AFC Bournemouth,,Left the Premier League,2,180
2025–26,Departure,AFC Bournemouth,168991,Philip Billing,Midfielder,AFC Bournemouth,,Left the Premier League,10,176
2025–26,Departure,AFC Bournemouth,606774,Remy Rees-Dottin,Forward,AFC Bournemouth,,Left the Premier League,1,1
2025–26,Departure,AFC Bournemouth,530121,Zain Silcott-Duberry,Midfielder,AFC Bournemouth,,Left the Premier League,1,1
2025–26,Signing,AFC Bournemouth,494521,Adrien Truffert,Defender,,AFC Bournemouth,Signing from outside the Premier League,38,3378
2025–26,Signing,AFC Bournemouth,614574,Alex Tóth,Midfielder,,AFC Bournemouth,Signing from outside the Premier League,9,135
2025–26,Signing,AFC Bournemouth,489888,Amine Adli,Midfielder,,AFC Bournemouth,Signing from outside the Premier League,31,1074
2025–26,Signing,AFC Bournemouth,242882,Bafodé Diakité,Defender,,AFC Bournemouth,Signing from outside the Premier League,18,1275
2025–26,Signing,AFC Bournemouth,496208,Ben Gannon-Doak,Midfielder,Liverpool,AFC Bournemouth,Returned to the Premier League,8,105
2025–26,Signing,AFC Bournemouth,424044,Hamed Traorè,Midfielder,AFC Bournemouth,AFC Bournemouth,Returned to the Premier League,1,16
2025–26,Signing,AFC Bournemouth,560262,Junior Kroupi,Forward,,AFC Bournemouth,Signing from outside the Premier League,33,1663
2025–26,Signing,AFC Bournemouth,499604,Rayan Vitor Simplício Rocha,Midfielder,,AFC Bournemouth,Signing from outside the Premier League,15,1110
2025–26,Signing,AFC Bournemouth,620487,Veljko Milosavljevic,Defender,,AFC Bournemouth,Signing from outside the Premier League,7,367
2025–26,Signing,AFC Bournemouth,551483,Álex Jiménez Sánchez,Defender,,AFC Bournemouth,Signing from outside the Premier League,31,2315
2025–26,Signing,AFC Bournemouth,457569,Đorđe Petrović,Goalkeeper,Chelsea,AFC Bournemouth,Returned to the Premier League,38,3420
2025–26,Departure,Arsenal,440854,Jakub Kiwior,Defender,Arsenal,,Left the Premier League,17,1117
2025–26,Departure,Arsenal,85955,Jorge Luiz Frello Filho,Midfielder,Arsenal,,Left the Premier League,15,701
2025–26,Departure,Arsenal,192895,Kieran Tierney,Defender,Arsenal,,Left the Premier League,13,250
2025–26,Departure,Arsenal,461025,Nathan Butler-Oyedeji,Forward,Arsenal,,Left the Premier League,1,6
2025–26,Departure,Arsenal,206325,Oleksandr Zinchenko,Defender,Arsenal,Nottingham Forest,Sold to another Premier League club,15,518
2025–26,Departure,Arsenal,103955,Raheem Sterling,Midfielder,Arsenal,,Left the Premier League,17,490
2025–26,Departure,Arsenal,167199,Thomas Partey,Midfielder,Arsenal,,Left the Premier League,35,2793
2025–26,Departure,Arsenal,223723,Tomiyasu Takehiro,Defender,Arsenal,,Left the Premier League,1,6
2025–26,Signing,Arsenal,128295,Christian Nørgaard,Midfielder,Brentford,Arsenal,Signing from another Premier League club,7,101
2025–26,Signing,Arsenal,500040,Cristhian Mosquera,Defender,,Arsenal,Signing from outside the Premier League,20,986
2025–26,Signing,Arsenal,232413,Eberechi Eze,Midfielder,Crystal Palace,Arsenal,Mid-season move,32,1802
2025–26,Signing,Arsenal,109745,Kepa Arrizabalaga Revuelta,Goalkeeper,AFC Bournemouth,Arsenal,Signing from another Premier League club,1,90
2025–26,Signing,Arsenal,481655,Martín Zubimendi Ibáñez,Midfielder,,Arsenal,Signing from outside the Premier League,38,2991
2025–26,Signing,Arsenal,616077,Max Dowman,Midfielder,,Arsenal,Signing from outside the Premier League,6,152
2025–26,Signing,Arsenal,248857,Noni Madueke,Midfielder,Chelsea,Arsenal,Signing from another Premier League club,26,1205
2025–26,Signing,Arsenal,448104,Piero Hincapié,Defender,,Arsenal,Signing from outside the Premier League,25,1787
2025–26,Signing,Arsenal,224117,Viktor Gyökeres,Forward,,Arsenal,Signing from outside the Premier League,36,2217
2025–26,Departure,Aston Villa,220362,Axel Disasi,Defender,Aston Villa,West Ham United,Sold to another Premier League club,7,488
2025–26,Departure,Aston Villa,165659,Diego Carlos Santos Silva,Defender,Aston Villa,,Left the Premier League,10,828
2025–26,Departure,Aston Villa,485337,Evann Guessand,Midfielder,Aston Villa,Crystal Palace,Mid-season move,13,583
2025–26,Departure,Aston Villa,232653,Jacob Ramsey,Midfielder,Aston Villa,Newcastle United,Sold to another Premier League club,29,1616
2025–26,Departure,Aston Villa,476344,Jhon Durán,Forward,Aston Villa,,Left the Premier League,20,622
2025–26,Departure,Aston Villa,578545,Kosta Nedeljković,Defender,Aston Villa,,Left the Premier League,5,121
2025–26,Departure,Aston Villa,174292,Marco Asensio,Midfielder,Aston Villa,,Left the Premier League,13,740
2025–26,Departure,Aston Villa,176297,Marcus Rashford,Midfielder,Aston Villa,,Left the Premier League,10,439
2025–26,Departure,Aston Villa,111782,Robin Olsen,Goalkeeper,Aston Villa,,Left the Premier League,4,225
2025–26,Signing,Aston Villa,653481,Alysson Edward Franco da Rocha dos Santos,Midfielder,,Aston Villa,Signing from outside the Premier League,3,47
2025–26,Signing,Aston Villa,645618,Bradley Burrowes,Midfielder,,Aston Villa,Signing from outside the Premier League,1,16
2025–26,Signing,Aston Villa,230046,Douglas Luiz Soares de Paulo,Midfielder,Nottingham Forest,Aston Villa,Mid-season move,13,599
2025–26,Signing,Aston Villa,485337,Evann Guessand,Midfielder,,Aston Villa,Signing from outside the Premier League,13,583
2025–26,Signing,Aston Villa,577285,George Hemmings,Midfielder,,Aston Villa,Signing from outside the Premier League,2,25
2025–26,Signing,Aston Villa,444884,Harvey Elliott,Midfielder,Liverpool,Aston Villa,Mid-season move,4,109
2025–26,Signing,Aston Villa,209243,Jadon Sancho,Midfielder,Chelsea,Aston Villa,Signing from another Premier League club,23,863
2025–26,Signing,Aston Villa,559962,Jamaldeen Jimoh-Aloba,Midfielder,,Aston Villa,Signing from outside the Premier League,1,8
2025–26,Signing,Aston Villa,72147,Marco Bizot,Goalkeeper,,Aston Villa,Signing from outside the Premier League,7,585
2025–26,Signing,Aston Villa,173879,Tammy Abraham,Forward,Chelsea,Aston Villa,Returned to the Premier League,12,278
2025–26,Signing,Aston Villa,184667,Victor Lindelöf,Defender,Manchester United,Aston Villa,Signing from another Premier League club,17,942
2025–26,Departure,Brentford,51927,Ben Mee,Defender,Brentford,,Left the Premier League,7,180
2025–26,Departure,Brentford,446008,Bryan Mbeumo,Midfielder,Brentford,Manchester United,Sold to another Premier League club,38,3415
2025–26,Departure,Brentford,128295,Christian Nørgaard,Midfielder,Brentford,Arsenal,Sold to another Premier League club,34,2820
2025–26,Departure,Brentford,626464,Gustavo Nunes Fernandes Gomes,Midfielder,Brentford,,Left the Premier League,3,11
2025–26,Departure,Brentford,499717,Jayden Meghoma,Defender,Brentford,,Left the Premier League,1,4
2025–26,Departure,Brentford,570241,Kim Ji-soo,Defender,Brentford,,Left the Premier League,3,28
2025–26,Departure,Brentford,226956,Mads Roerslev Rasmussen,Defender,Brentford,,Left the Premier League,19,1100
2025–26,Departure,Brentford,118342,Mark Flekken,Goalkeeper,Brentford,,Left the Premier League,37,3275
2025–26,Departure,Brentford,220695,Paris Maghoma,Midfielder,Brentford,,Left the Premier League,8,112
2025–26,Departure,Brentford,591357,Ryan Trevitt,Midfielder,Brentford,,Left the Premier League,1,3
2025–26,Departure,Brentford,216646,Yoane Wissa,Forward,Brentford,Newcastle United,Sold to another Premier League club,35,2921
2025–26,Departure,Brentford,628204,Yunus Emre Konak,Midfielder,Brentford,,Left the Premier League,10,53
2025–26,Signing,Brentford,472713,Aaron Hickey,Defender,Brentford,Brentford,Returned to the Premier League,21,679
2025–26,Signing,Brentford,543295,Antoni Milambo,Midfielder,,Brentford,Signing from outside the Premier League,1,45
2025–26,Signing,Brentford,200720,Caoimhín Kelleher,Goalkeeper,Liverpool,Brentford,Signing from another Premier League club,37,3330
2025–26,Signing,Brentford,533463,Dango Ouattara,Midfielder,AFC Bournemouth,Brentford,Signing from another Premier League club,32,2271
2025–26,Signing,Brentford,56979,Jordan Henderson,Midfielder,Liverpool,Brentford,Returned to the Premier League,32,1911
2025–26,Signing,Brentford,183656,Josh Dasilva,Midfielder,Brentford,Brentford,Returned to the Premier League,2,2
2025–26,Signing,Brentford,593174,Kaye Furo,Forward,,Brentford,Signing from outside the Premier League,1,1
2025–26,Signing,Brentford,450539,Myles Peart-Harris,Midfielder,Brentford,Brentford,Returned to the Premier League,1,1
2025–26,Signing,Brentford,200641,Reiss Nelson,Midfielder,Fulham,Brentford,Signing from another Premier League club,10,118
2025–26,Signing,Brentford,606689,Romelle Donovan,Midfielder,,Brentford,Signing from outside the Premier League,4,38
2025–26,Departure,Brighton & Hove Albion,110735,Adam Webster,Defender,Brighton & Hove Albion,,Left the Premier League,14,885
2025–26,Departure,Brighton & Hove Albion,243568,Billy Gilmour,Midfielder,Brighton & Hove Albion,,Left the Premier League,2,97
2025–26,Departure,Brighton & Hove Albion,439135,Eiran Cashin,Defender,Brighton & Hove Albion,,Left the Premier League,2,19
2025–26,Departure,Brighton & Hove Albion,223434,Igor Julio dos Santos de Paulo,Defender,Brighton & Hove Albion,West Ham United,Sold to another Premier League club,13,959
2025–26,Departure,Brighton & Hove Albion,243505,Jakub Moder,Midfielder,Brighton & Hove Albion,,Left the Premier League,4,9
2025–26,Departure,Brighton & Hove Albion,49262,Jason Steele,Goalkeeper,Brighton & Hove Albion,,Left the Premier League,2,180
2025–26,Departure,Brighton & Hove Albion,441192,Jeremy Sarmiento Morante,Midfielder,Brighton & Hove Albion,,Left the Premier League,1,8
2025–26,Departure,Brighton & Hove Albion,475168,João Pedro Junqueira de Jesus,Forward,Brighton & Hove Albion,Chelsea,Sold to another Premier League club,27,1946
2025–26,Departure,Brighton & Hove Albion,204214,Pervis Estupiñán,Defender,Brighton & Hove Albion,,Left the Premier League,30,2399
2025–26,Departure,Brighton & Hove Albion,535818,Simon Adingra,Midfielder,Brighton & Hove Albion,Sunderland,Sold to another Premier League club,29,1081
2025–26,Departure,Brighton & Hove Albion,232792,Tariq Lamptey,Defender,Brighton & Hove Albion,,Left the Premier League,15,856
2025–26,Signing,Brighton & Hove Albion,647850,Charalampos Kostoulas,Forward,,Brighton & Hove Albion,Signing from outside the Premier League,21,351
2025–26,Signing,Brighton & Hove Albion,550090,Diego Coppola,Defender,,Brighton & Hove Albion,Signing from outside the Premier League,5,193
2025–26,Signing,Brighton & Hove Albion,567121,Joe Knight,Midfielder,,Brighton & Hove Albion,Signing from outside the Premier League,1,1
2025–26,Signing,Brighton & Hove Albion,465730,Maxim De Cuyper,Defender,,Brighton & Hove Albion,Signing from outside the Premier League,30,1404
2025–26,Signing,Brighton & Hove Albion,556637,Nehemiah Oriola,Midfielder,,Brighton & Hove Albion,Signing from outside the Premier League,1,1
2025–26,Signing,Brighton & Hove Albion,204120,Olivier Boscagli,Defender,,Brighton & Hove Albion,Signing from outside the Premier League,12,799
2025–26,Signing,Brighton & Hove Albion,60307,Pascal Groß,Midfielder,Brighton & Hove Albion,Brighton & Hove Albion,Returned to the Premier League,19,1636
2025–26,Signing,Brighton & Hove Albion,608181,Stefanos Tzimas,Forward,,Brighton & Hove Albion,Signing from outside the Premier League,9,132
2025–26,Signing,Brighton & Hove Albion,549074,Tom Watson,Midfielder,,Brighton & Hove Albion,Signing from outside the Premier League,6,57
2025–26,Signing,Burnley,440323,Armando Broja,Forward,Everton,Burnley,Signing from another Premier League club,24,843
2025–26,Signing,Burnley,44699,Ashley Barnes,Forward,Burnley,Burnley,Returned to the Premier League,7,40
2025–26,Signing,Burnley,180804,Axel Tuanzebe,Defender,Ipswich Town,Burnley,Signing from another Premier League club,14,1201
2025–26,Signing,Burnley,461188,Bashir Humphreys,Defender,,Burnley,Signing from outside the Premier League,20,1574
2025–26,Signing,Burnley,216055,Florentino Ibrain Morris Luís,Midfielder,,Burnley,Signing from outside the Premier League,31,2100
2025–26,Signing,Burnley,465527,Hannibal Mejbri,Midfielder,Manchester United,Burnley,Returned to the Premier League,27,1219
2025–26,Signing,Burnley,478969,Hjalmar Ekdal,Defender,Burnley,Burnley,Returned to the Premier League,19,1539
2025–26,Signing,Burnley,179458,Jacob Bruun Larsen,Midfielder,Burnley,Burnley,Returned to the Premier League,28,1014
2025–26,Signing,Burnley,444180,Jaidon Anthony,Midfielder,AFC Bournemouth,Burnley,Returned to the Premier League,37,2717
2025–26,Signing,Burnley,101178,James Ward-Prowse,Midfielder,West Ham United,Burnley,Mid-season move,13,678
2025–26,Signing,Burnley,551206,Jaydon Banel,Midfielder,,Burnley,Signing from outside the Premier League,1,9
2025–26,Signing,Burnley,208912,Joe Worrall,Defender,Nottingham Forest,Burnley,Returned to the Premier League,11,496
2025–26,Signing,Burnley,172567,Josh Cullen,Midfielder,Burnley,Burnley,Returned to the Premier League,18,1513
2025–26,Signing,Burnley,167887,Josh Laurent,Midfielder,,Burnley,Signing from outside the Premier League,33,1752
2025–26,Signing,Burnley,58621,Kyle Walker,Defender,Manchester City,Burnley,Signing from another Premier League club,36,3095
2025–26,Signing,Burnley,503714,Lesley Ugochukwu,Midfielder,Southampton,Burnley,Signing from another Premier League club,35,2330
2025–26,Signing,Burnley,469272,Loum Tchaouna,Midfielder,,Burnley,Signing from outside the Premier League,29,1259
2025–26,Signing,Burnley,549329,Lucas Pires Silva,Defender,,Burnley,Signing from outside the Premier League,20,1405
2025–26,Signing,Burnley,435973,Lyle Foster,Forward,Burnley,Burnley,Returned to the Premier League,26,1361
2025–26,Signing,Burnley,174592,Marcus Edwards,Midfielder,,Burnley,Signing from outside the Premier League,23,1058
2025–26,Signing,Burnley,67089,Martin Dúbravka,Goalkeeper,Newcastle United,Burnley,Signing from another Premier League club,35,3150
2025–26,Signing,Burnley,518030,Max Weiß,Goalkeeper,,Burnley,Signing from outside the Premier League,3,270
2025–26,Signing,Burnley,477717,Maxime Estève,Defender,Burnley,Burnley,Returned to the Premier League,34,2933
2025–26,Signing,Burnley,437748,Mike Trésor Ndayishimiye,Midfielder,Burnley,Burnley,Returned to the Premier League,6,37
2025–26,Signing,Burnley,519895,Oliver Sonne,Defender,,Burnley,Signing from outside the Premier League,7,164
2025–26,Signing,Burnley,494960,Quilindschy Hartman,Defender,,Burnley,Signing from outside the Premier League,21,1825
2025–26,Signing,Burnley,492831,Zeki Amdouni,Forward,Burnley,Burnley,Returned to the Premier League,4,69
2025–26,Signing,Burnley,431639,Zian Flemming,Forward,,Burnley,Signing from outside the Premier League,29,1764
2025–26,Departure,Chelsea,213198,Christopher Nkunku,Midfielder,Chelsea,,Left the Premier League,27,904
2025–26,Departure,Chelsea,536916,Facundo Buonanotte,Midfielder,Chelsea,Leeds United,Mid-season move,1,45
2025–26,Departure,Chelsea,209243,Jadon Sancho,Midfielder,Chelsea,Aston Villa,Sold to another Premier League club,31,1754
2025–26,Departure,Chelsea,428399,João Félix Sequeira,Midfielder,Chelsea,,Left the Premier League,12,362
2025–26,Departure,Chelsea,215413,Kiernan Dewsbury-Hall,Midfielder,Chelsea,Everton,Sold to another Premier League club,13,257
2025–26,Departure,Chelsea,499309,Marc Guiu Paz,Forward,Chelsea,Sunderland,Sold to another Premier League club,3,71
2025–26,Departure,Chelsea,609640,Mathis Amougou,Midfielder,Chelsea,,Left the Premier League,1,7
2025–26,Departure,Chelsea,465920,Mykhailo Mudryk,Midfielder,Chelsea,,Left the Premier League,7,145
2025–26,Departure,Chelsea,517052,Nicolas Jackson,Forward,Chelsea,,Left the Premier League,30,2220
2025–26,Departure,Chelsea,248857,Noni Madueke,Midfielder,Chelsea,Arsenal,Sold to another Premier League club,32,2028
2025–26,Departure,Chelsea,551230,Renato Palma Veiga,Midfielder,Chelsea,,Left the Premier League,7,176
2025–26,Departure,Chelsea,550615,Tyrique George,Midfielder,Chelsea,Everton,Mid-season move,4,142
2025–26,Signing,Chelsea,493105,Alejandro Garnacho Ferreyra,Midfielder,Manchester United,Chelsea,Signing from another Premier League club,24,1261
2025–26,Signing,Chelsea,532605,Andrey Nascimento dos Santos,Midfielder,Nottingham Forest,Chelsea,Returned to the Premier League,27,1247
2025–26,Signing,Chelsea,491007,Dário Luís Essugo,Midfielder,,Chelsea,Signing from outside the Premier League,3,26
2025–26,Signing,Chelsea,624773,Estêvão Almeida de Oliveira Gonçalves,Midfielder,,Chelsea,Signing from outside the Premier League,22,839
2025–26,Signing,Chelsea,536916,Facundo Buonanotte,Midfielder,Leicester City,Chelsea,Signing from another Premier League club,1,45
2025–26,Signing,Chelsea,463936,Jamie Bynoe-Gittens,Midfielder,,Chelsea,Signing from outside the Premier League,16,486
2025–26,Signing,Chelsea,619734,Jesse Derry,Midfielder,,Chelsea,Signing from outside the Premier League,1,45
2025–26,Signing,Chelsea,551210,Jorrel Hato,Defender,,Chelsea,Signing from outside the Premier League,22,1139
2025–26,Signing,Chelsea,475168,João Pedro Junqueira de Jesus,Forward,Brighton & Hove Albion,Chelsea,Signing from another Premier League club,35,2658
2025–26,Signing,Chelsea,463034,Liam Delap,Forward,Ipswich Town,Chelsea,Signing from another Premier League club,28,1092
2025–26,Signing,Chelsea,574458,Mamadou Sarr,Defender,,Chelsea,Signing from outside the Premier League,3,100
2025–26,Signing,Chelsea,499309,Marc Guiu Paz,Forward,Sunderland,Chelsea,Mid-season move,8,252
2025–26,Departure,Crystal Palace,579075,Asher Agbinone,Midfielder,Crystal Palace,,Left the Premier League,2,4
2025–26,Departure,Crystal Palace,172850,Ben Chilwell,Defender,Crystal Palace,,Left the Premier League,8,254
2025–26,Departure,Crystal Palace,590012,Caleb Kporha,Defender,Crystal Palace,,Left the Premier League,2,11
2025–26,Departure,Crystal Palace,438464,Cheick Doucouré,Midfielder,Crystal Palace,,Left the Premier League,13,443
2025–26,Departure,Crystal Palace,232413,Eberechi Eze,Midfielder,Crystal Palace,Arsenal,Mid-season move,1,83
2025–26,Departure,Crystal Palace,86417,Jeffrey Schlupp,Midfielder,Crystal Palace,,Left the Premier League,12,95
2025–26,Departure,Crystal Palace,55494,Joel Ward,Defender,Crystal Palace,,Left the Premier League,2,71
2025–26,Departure,Crystal Palace,209036,Marc Guéhi,Defender,Crystal Palace,Manchester City,Mid-season move,20,1800
2025–26,Departure,Crystal Palace,536694,Matheus França de Oliveira,Midfielder,Crystal Palace,,Left the Premier League,4,52
2025–26,Signing,Crystal Palace,218364,Borna Sosa,Defender,,Crystal Palace,Signing from outside the Premier League,7,99
2025–26,Signing,Crystal Palace,242898,Brennan Johnson,Midfielder,Tottenham Hotspur,Crystal Palace,Mid-season move,18,1108
2025–26,Signing,Crystal Palace,660392,Christantus Uche,Forward,,Crystal Palace,Signing from outside the Premier League,14,159
2025–26,Signing,Crystal Palace,485337,Evann Guessand,Midfielder,Aston Villa,Crystal Palace,Mid-season move,8,326
2025–26,Signing,Crystal Palace,651426,Jaydee Canvot,Defender,,Crystal Palace,Signing from outside the Premier League,20,1331
2025–26,Signing,Crystal Palace,672492,Joél Drakes-Thomas,Midfielder,,Crystal Palace,Signing from outside the Premier League,2,7
2025–26,Signing,Crystal Palace,247412,Jørgen Strand Larsen,Forward,Wolverhampton Wanderers,Crystal Palace,Mid-season move,14,902
2025–26,Signing,Crystal Palace,530318,Kaden Rodney,Midfielder,,Crystal Palace,Signing from outside the Premier League,1,3
2025–26,Signing,Crystal Palace,199670,Odsonne Édouard,Forward,Leicester City,Crystal Palace,Signing from another Premier League club,1,2
2025–26,Signing,Crystal Palace,590014,Rio Cardines,Midfielder,,Crystal Palace,Signing from outside the Premier League,1,90
2025–26,Signing,Crystal Palace,121709,Walter Benítez,Goalkeeper,,Crystal Palace,Signing from outside the Premier League,1,90
2025–26,Signing,Crystal Palace,488024,Yéremy Pino Santos,Midfielder,,Crystal Palace,Signing from outside the Premier League,34,2074
2025–26,Departure,Everton,121599,Abdoulaye Doucouré,Midfielder,Everton,,Left the Premier League,33,2563
2025–26,Departure,Everton,440323,Armando Broja,Forward,Everton,Burnley,Sold to another Premier League club,10,327
2025–26,Departure,Everton,18892,Ashley Young,Defender,Everton,,Left the Premier League,32,1864
2025–26,Departure,Everton,177815,Dominic Calvert-Lewin,Forward,Everton,Leeds United,Sold to another Premier League club,26,1602
2025–26,Departure,Everton,221399,Jack Harrison,Midfielder,Everton,Leeds United,Sold to another Premier League club,34,2068
2025–26,Departure,Everton,463903,Jesper Lindstrøm,Midfielder,Everton,,Left the Premier League,25,1229
2025–26,Departure,Everton,194164,Mason Holgate,Defender,Everton,,Left the Premier League,1,5
2025–26,Departure,Everton,179519,Orel Mangala,Midfielder,Everton,,Left the Premier League,19,1257
2025–26,Departure,Everton,496178,Roman Dixon,Defender,Everton,,Left the Premier League,1,90
2025–26,Departure,Everton,491012,Youssef Ramalho Chermiti,Forward,Everton,,Left the Premier League,4,42
2025–26,Signing,Everton,114283,Jack Grealish,Midfielder,Manchester City,Everton,Signing from another Premier League club,20,1627
2025–26,Signing,Everton,215413,Kiernan Dewsbury-Hall,Midfielder,Chelsea,Everton,Signing from another Premier League club,31,2629
2025–26,Signing,Everton,513466,Merlin Röhl,Midfielder,,Everton,Signing from outside the Premier League,16,675
2025–26,Signing,Everton,586309,Thierno Barry,Forward,,Everton,Signing from outside the Premier League,38,1898
2025–26,Signing,Everton,496661,Tyler Dibling,Midfielder,Southampton,Everton,Signing from another Premier League club,14,349
2025–26,Signing,Everton,550615,Tyrique George,Midfielder,Chelsea,Everton,Mid-season move,11,209
2025–26,Departure,Fulham,159533,Adama Traoré Diarra,Midfielder,Fulham,West Ham United,Mid-season move,15,261
2025–26,Departure,Fulham,156689,Andreas Hoelgebaum Pereira,Midfielder,Fulham,,Left the Premier League,33,2004
2025–26,Departure,Fulham,245824,Carlos Vinícius Alves Morais,Forward,Fulham,,Left the Premier League,3,13
2025–26,Departure,Fulham,490146,Jay Stansfield,Forward,Fulham,,Left the Premier League,1,1
2025–26,Departure,Fulham,573062,Martial Godo,Midfielder,Fulham,,Left the Premier League,2,21
2025–26,Departure,Fulham,200641,Reiss Nelson,Midfielder,Fulham,Brentford,Sold to another Premier League club,11,481
2025–26,Departure,Fulham,47431,Willian Borges da Silva,Midfielder,Fulham,,Left the Premier League,10,251
2025–26,Signing,Fulham,631786,Jonah Kusi-Asare,Forward,,Fulham,Signing from outside the Premier League,7,49
2025–26,Signing,Fulham,560552,Kevin Santos Lopes de Macedo,Midfielder,,Fulham,Signing from outside the Premier League,26,1030
2025–26,Signing,Fulham,477555,Oscar Bobb,Midfielder,Manchester City,Fulham,Mid-season move,14,566
2025–26,Signing,Fulham,218328,Samuel Chukwueze,Midfielder,,Fulham,Signing from outside the Premier League,23,1067
2025–26,Departure,Ipswich Town,112520,Alex Palmer,Goalkeeper,Ipswich Town,,Left the Premier League,13,1170
2025–26,Departure,Ipswich Town,462387,Ali Al-Hamadi,Forward,Ipswich Town,,Left the Premier League,11,125
2025–26,Departure,Ipswich Town,232917,Arijanet Muric,Goalkeeper,Ipswich Town,,Left the Premier League,18,1620
2025–26,Departure,Ipswich Town,180804,Axel Tuanzebe,Defender,Ipswich Town,Burnley,Sold to another Premier League club,22,1710
2025–26,Departure,Ipswich Town,198826,Ben Godfrey,Defender,Ipswich Town,,Left the Premier League,3,158
2025–26,Departure,Ipswich Town,222018,Ben Johnson,Defender,Ipswich Town,,Left the Premier League,23,1346
2025–26,Departure,Ipswich Town,122411,Cameron Burgess,Defender,Ipswich Town,,Left the Premier League,18,1540
2025–26,Departure,Ipswich Town,229164,Chiedozie Ogbene,Midfielder,Ipswich Town,,Left the Premier League,5,237
2025–26,Departure,Ipswich Town,108813,Christian Walton,Goalkeeper,Ipswich Town,,Left the Premier League,7,630
2025–26,Departure,Ipswich Town,196411,Conor Chaplin,Midfielder,Ipswich Town,,Left the Premier League,22,845
2025–26,Departure,Ipswich Town,108053,Conor Townsend,Defender,Ipswich Town,,Left the Premier League,6,334
2025–26,Departure,Ipswich Town,216616,Dara O'Shea,Defender,Ipswich Town,,Left the Premier League,35,3122
2025–26,Departure,Ipswich Town,214964,George Edmundson,Defender,Ipswich Town,,Left the Premier League,1,1
2025–26,Departure,Ipswich Town,222625,George Hirst,Forward,Ipswich Town,,Left the Premier League,26,645
2025–26,Departure,Ipswich Town,232228,Harry Clarke,Defender,Ipswich Town,,Left the Premier League,7,377
2025–26,Departure,Ipswich Town,443261,Jack Clarke,Midfielder,Ipswich Town,,Left the Premier League,32,1161
2025–26,Departure,Ipswich Town,231899,Jack Taylor,Midfielder,Ipswich Town,,Left the Premier League,32,837
2025–26,Departure,Ipswich Town,449429,Jacob Greaves,Defender,Ipswich Town,,Left the Premier League,25,2205
2025–26,Departure,Ipswich Town,481624,Jaden Philogene,Midfielder,Ipswich Town,,Left the Premier League,10,471
2025–26,Departure,Ipswich Town,454667,Jens Cajuste,Midfielder,Ipswich Town,,Left the Premier League,30,1960
2025–26,Departure,Ipswich Town,474120,Julio Enciso,Midfielder,Ipswich Town,,Left the Premier League,13,869
2025–26,Departure,Ipswich Town,155405,Kalvin Phillips,Midfielder,Ipswich Town,,Left the Premier League,19,1231
2025–26,Departure,Ipswich Town,455084,Leif Davis,Defender,Ipswich Town,,Left the Premier League,33,2742
2025–26,Departure,Ipswich Town,463034,Liam Delap,Forward,Ipswich Town,Chelsea,Sold to another Premier League club,37,2587
2025–26,Departure,Ipswich Town,220583,Luke Woolfenden,Defender,Ipswich Town,,Left the Premier League,15,1187
2025–26,Departure,Ipswich Town,167191,Marcus Myers-Harness,Midfielder,Ipswich Town,,Left the Premier League,2,43
2025–26,Departure,Ipswich Town,106606,Massimo Luongo,Midfielder,Ipswich Town,,Left the Premier League,11,195
2025–26,Departure,Ipswich Town,173818,Nathan Broadhead,Midfielder,Ipswich Town,,Left the Premier League,18,690
2025–26,Departure,Ipswich Town,503301,Omari Hutchinson,Midfielder,Ipswich Town,Nottingham Forest,Sold to another Premier League club,31,2585
2025–26,Departure,Ipswich Town,74944,Sam Morsy,Midfielder,Ipswich Town,,Left the Premier League,33,2749
2025–26,Departure,Ipswich Town,172453,Sam Szmodics,Midfielder,Ipswich Town,,Left the Premier League,20,988
2025–26,Departure,Ipswich Town,149929,Wes Burns,Midfielder,Ipswich Town,,Left the Premier League,18,922
2025–26,Signing,Leeds United,466525,Anton Stach,Midfielder,,Leeds United,Signing from outside the Premier League,29,2369
2025–26,Signing,Leeds United,427637,Brenden Aaronson,Midfielder,Leeds United,Leeds United,Returned to the Premier League,37,2449
2025–26,Signing,Leeds United,200617,Daniel James,Midfielder,Fulham,Leeds United,Returned to the Premier League,19,547
2025–26,Signing,Leeds United,177815,Dominic Calvert-Lewin,Forward,Everton,Leeds United,Signing from another Premier League club,35,2721
2025–26,Signing,Leeds United,199598,Ethan Ampadu,Midfielder,Sheffield United,Leeds United,Returned to the Premier League,35,3119
2025–26,Signing,Leeds United,536916,Facundo Buonanotte,Midfielder,Chelsea,Leeds United,Mid-season move,3,36
2025–26,Signing,Leeds United,243526,Gabriel Gudmundsson,Defender,,Leeds United,Signing from outside the Premier League,32,2637
2025–26,Signing,Leeds United,486520,Ilia Gruev,Midfielder,,Leeds United,Signing from outside the Premier League,23,1318
2025–26,Signing,Leeds United,221399,Jack Harrison,Midfielder,Everton,Leeds United,Signing from another Premier League club,11,262
2025–26,Signing,Leeds United,434752,Jaka Bijol,Defender,,Leeds United,Signing from outside the Premier League,25,1888
2025–26,Signing,Leeds United,220627,James Justin,Defender,Leicester City,Leeds United,Signing from another Premier League club,29,1893
2025–26,Signing,Leeds United,226182,Jayden Bogle,Defender,Sheffield United,Leeds United,Returned to the Premier League,34,2795
2025–26,Signing,Leeds United,214225,Joe Rodon,Defender,Tottenham Hotspur,Leeds United,Returned to the Premier League,35,2952
2025–26,Signing,Leeds United,235826,Joël Piroe,Forward,,Leeds United,Signing from outside the Premier League,16,244
2025–26,Signing,Leeds United,59735,Karl Darlow,Goalkeeper,Newcastle United,Leeds United,Returned to the Premier League,22,1980
2025–26,Signing,Leeds United,201595,Lucas Estella Perri,Goalkeeper,,Leeds United,Signing from outside the Premier League,16,1440
2025–26,Signing,Leeds United,174594,Lukas Nmecha,Forward,Manchester City,Leeds United,Returned to the Premier League,31,1065
2025–26,Signing,Leeds United,435997,Noah Okafor,Midfielder,,Leeds United,Signing from outside the Premier League,28,1553
2025–26,Signing,Leeds United,222694,Pascal Struijk,Defender,Leeds United,Leeds United,Returned to the Premier League,34,2935
2025–26,Signing,Leeds United,113564,Sam Byram,Defender,Norwich City,Leeds United,Returned to the Premier League,2,8
2025–26,Signing,Leeds United,180135,Sean Longstaff,Midfielder,Newcastle United,Leeds United,Signing from another Premier League club,23,1003
2025–26,Signing,Leeds United,437738,Sebastiaan Bornauw,Defender,,Leeds United,Signing from outside the Premier League,12,429
2025–26,Signing,Leeds United,248056,Tanaka Ao,Midfielder,,Leeds United,Signing from outside the Premier League,28,1307
2025–26,Signing,Leeds United,492859,Wilfried Gnonto,Midfielder,Leeds United,Leeds United,Returned to the Premier League,23,521
2025–26,Departure,Leicester City,531442,Abdul Fatawu,Midfielder,Leicester City,,Left the Premier League,11,576
2025–26,Departure,Leicester City,513527,Bilal El Khannouss,Midfielder,Leicester City,,Left the Premier League,32,2179
2025–26,Departure,Leicester City,96994,Bobby De Cordova-Reid,Midfielder,Leicester City,,Left the Premier League,23,734
2025–26,Departure,Leicester City,225902,Boubakary Soumaré,Midfielder,Leicester City,,Left the Premier League,31,2165
2025–26,Departure,Leicester City,473341,Caleb Okoli,Defender,Leicester City,,Left the Premier League,19,1122
2025–26,Departure,Leicester City,94147,Conor Coady,Defender,Leicester City,,Left the Premier League,22,1712
2025–26,Departure,Leicester City,95463,Danny Ward,Goalkeeper,Leicester City,,Left the Premier League,2,135
2025–26,Departure,Leicester City,536916,Facundo Buonanotte,Midfielder,Leicester City,Chelsea,Sold to another Premier League club,31,1508
2025–26,Departure,Leicester City,197469,Hamza Choudhury,Midfielder,Leicester City,,Left the Premier League,4,129
2025–26,Departure,Leicester City,157668,Harry Winks,Midfielder,Leicester City,,Left the Premier League,22,1536
2025–26,Departure,Leicester City,630664,Jake Evans,Midfielder,Leicester City,,Left the Premier League,4,21
2025–26,Departure,Leicester City,436680,Jakub Stolarczyk,Goalkeeper,Leicester City,,Left the Premier League,10,900
2025–26,Departure,Leicester City,220627,James Justin,Defender,Leicester City,Leeds United,Sold to another Premier League club,36,2912
2025–26,Departure,Leicester City,101668,Jamie Vardy,Forward,Leicester City,,Left the Premier League,35,2825
2025–26,Departure,Leicester City,93100,Jannik Vestergaard,Defender,Leicester City,,Left the Premier League,18,1390
2025–26,Departure,Leicester City,649208,Jeremy Monga,Midfielder,Leicester City,,Left the Premier League,7,105
2025–26,Departure,Leicester City,80146,Jordan Ayew,Midfielder,Leicester City,,Left the Premier League,30,1629
2025–26,Departure,Leicester City,461587,Kasey McAteer,Midfielder,Leicester City,,Left the Premier League,18,846
2025–26,Departure,Leicester City,244619,Luke Thomas,Defender,Leicester City,,Left the Premier League,14,1109
2025–26,Departure,Leicester City,467189,Mads Hermansen,Goalkeeper,Leicester City,West Ham United,Sold to another Premier League club,27,2385
2025–26,Departure,Leicester City,549640,Michael Golding,Midfielder,Leicester City,,Left the Premier League,1,1
2025–26,Departure,Leicester City,199670,Odsonne Édouard,Forward,Leicester City,Crystal Palace,Sold to another Premier League club,4,26
2025–26,Departure,Leicester City,619146,Olabade Aluko,Defender,Leicester City,,Left the Premier League,1,1
2025–26,Departure,Leicester City,209042,Oliver Skipp,Midfielder,Leicester City,,Left the Premier League,24,1118
2025–26,Departure,Leicester City,245419,Patson Daka,Forward,Leicester City,,Left the Premier League,23,717
2025–26,Departure,Leicester City,111931,Ricardo Barbosa Pereira,Defender,Leicester City,,Left the Premier League,10,382
2025–26,Departure,Leicester City,154048,Stephy Mavididi,Midfielder,Leicester City,,Left the Premier League,30,1606
2025–26,Departure,Leicester City,481510,Victor Kristiansen,Defender,Leicester City,,Left the Premier League,30,2481
2025–26,Departure,Leicester City,203341,Wilfred Ndidi,Midfielder,Leicester City,,Left the Premier League,28,2325
2025–26,Departure,Leicester City,532534,Will Alves,Midfielder,Leicester City,,Left the Premier League,1,1
2025–26,Departure,Leicester City,218218,Wout Faes,Defender,Leicester City,,Left the Premier League,34,2812
2025–26,Departure,Leicester City,488439,Woyo Coulibaly,Defender,Leicester City,,Left the Premier League,4,107
2025–26,Departure,Liverpool,200720,Caoimhín Kelleher,Goalkeeper,Liverpool,Brentford,Sold to another Premier League club,10,900
2025–26,Departure,Liverpool,447203,Darwin Núñez Ribeiro,Forward,Liverpool,,Left the Premier League,30,1113
2025–26,Departure,Liverpool,194634,Diogo Teixeira da Silva,Midfielder,Liverpool,,Left the Premier League,26,1182
2025–26,Departure,Liverpool,444884,Harvey Elliott,Midfielder,Liverpool,Aston Villa,Mid-season move,1,1
2025–26,Departure,Liverpool,441428,Jarell Quansah,Defender,Liverpool,,Left the Premier League,13,488
2025–26,Departure,Liverpool,500058,Jayden Danns,Forward,Liverpool,,Left the Premier League,1,10
2025–26,Departure,Liverpool,214285,Konstantinos Tsimikas,Defender,Liverpool,,Left the Premier League,18,829
2025–26,Departure,Liverpool,244731,Luis Díaz,Midfielder,Liverpool,,Left the Premier League,36,2393
2025–26,Departure,Liverpool,169187,Trent Alexander-Arnold,Defender,Liverpool,,Left the Premier League,33,2362
2025–26,Departure,Liverpool,432987,Vítezslav Jaros,Goalkeeper,Liverpool,,Left the Premier League,1,11
2025–26,Signing,Liverpool,219168,Alexander Isak,Forward,Newcastle United,Liverpool,Signing from another Premier League club,14,694
2025–26,Signing,Liverpool,494595,Florian Wirtz,Midfielder,,Liverpool,Signing from outside the Premier League,33,2374
2025–26,Signing,Liverpool,155503,Freddie Woodman,Goalkeeper,Newcastle United,Liverpool,Returned to the Premier League,3,212
2025–26,Signing,Liverpool,449027,Giorgi Mamardashvili,Goalkeeper,,Liverpool,Signing from outside the Premier League,10,867
2025–26,Signing,Liverpool,510663,Hugo Ekitiké,Forward,,Liverpool,Signing from outside the Premier League,28,1797
2025–26,Signing,Liverpool,216094,Jeremie Frimpong,Defender,,Liverpool,Signing from outside the Premier League,21,1032
2025–26,Signing,Liverpool,544877,Milos Kerkez,Defender,AFC Bournemouth,Liverpool,Signing from another Premier League club,34,2251
2025–26,Signing,Liverpool,611922,Rio Ngumoha,Midfielder,,Liverpool,Signing from outside the Premier League,19,547
2025–26,Signing,Liverpool,591386,Trey Nyoni,Midfielder,,Liverpool,Signing from outside the Premier League,6,21
2025–26,Departure,Manchester City,575204,Claudio Echeverri,Midfielder,Manchester City,,Left the Premier League,1,5
2025–26,Departure,Manchester City,487837,Divin Mubama,Forward,Manchester City,,Left the Premier League,1,27
2025–26,Departure,Manchester City,121160,Ederson Santana de Moraes,Goalkeeper,Manchester City,,Left the Premier League,26,2320
2025–26,Departure,Manchester City,59859,Ilkay Gündogan,Midfielder,Manchester City,,Left the Premier League,33,2218
2025–26,Departure,Manchester City,114283,Jack Grealish,Midfielder,Manchester City,Everton,Sold to another Premier League club,20,710
2025–26,Departure,Manchester City,554194,Jahmai Simpson-Pusey,Defender,Manchester City,,Left the Premier League,2,95
2025–26,Departure,Manchester City,432714,James McAtee,Midfielder,Manchester City,Nottingham Forest,Sold to another Premier League club,15,340
2025–26,Departure,Manchester City,61366,Kevin De Bruyne,Midfielder,Manchester City,,Left the Premier League,28,1694
2025–26,Departure,Manchester City,58621,Kyle Walker,Defender,Manchester City,Burnley,Sold to another Premier League club,15,966
2025–26,Departure,Manchester City,211975,Manuel Akanji,Defender,Manchester City,,Left the Premier League,26,2012
2025–26,Departure,Manchester City,477555,Oscar Bobb,Midfielder,Manchester City,Fulham,Mid-season move,9,464
2025–26,Departure,Manchester City,88248,Stefan Ortega Moreno,Goalkeeper,Manchester City,Nottingham Forest,Sold to another Premier League club,13,1099
2025–26,Departure,Manchester City,616222,Vitor de Oliveira Nunes dos Reis,Defender,Manchester City,,Left the Premier League,1,1
2025–26,Signing,Manchester City,437730,Antoine Semenyo,Midfielder,AFC Bournemouth,Manchester City,Mid-season move,17,1400
2025–26,Signing,Manchester City,590039,Divine Mukasa,Midfielder,,Manchester City,Signing from outside the Premier League,2,25
2025–26,Signing,Manchester City,204936,Gianluigi Donnarumma,Goalkeeper,,Manchester City,Signing from outside the Premier League,34,3060
2025–26,Signing,Manchester City,432720,James Trafford,Goalkeeper,Burnley,Manchester City,Returned to the Premier League,4,360
2025–26,Signing,Manchester City,209036,Marc Guéhi,Defender,Crystal Palace,Manchester City,Mid-season move,15,1350
2025–26,Signing,Manchester City,494307,Max Alleyne,Defender,,Manchester City,Signing from outside the Premier League,2,135
2025–26,Signing,Manchester City,448514,Rayan Aït-Nouri,Defender,Wolverhampton Wanderers,Manchester City,Signing from another Premier League club,17,971
2025–26,Signing,Manchester City,466052,Rayan Cherki,Midfielder,,Manchester City,Signing from outside the Premier League,33,1772
2025–26,Signing,Manchester City,433036,Tijjani Reijnders,Midfielder,,Manchester City,Signing from outside the Premier League,28,1623
2025–26,Departure,Manchester United,493105,Alejandro Garnacho Ferreyra,Midfielder,Manchester United,Chelsea,Sold to another Premier League club,36,2188
2025–26,Departure,Manchester United,202641,André Onana,Goalkeeper,Manchester United,,Left the Premier League,34,3060
2025–26,Departure,Manchester United,467169,Antony Matheus dos Santos,Midfielder,Manchester United,,Left the Premier League,8,135
2025–26,Departure,Manchester United,596047,Chido Obi-Martin,Forward,Manchester United,,Left the Premier League,7,160
2025–26,Departure,Manchester United,80607,Christian Eriksen,Midfielder,Manchester United,,Left the Premier League,23,1052
2025–26,Departure,Manchester United,577974,Harry Amass,Defender,Manchester United,,Left the Premier League,5,345
2025–26,Departure,Manchester United,37642,Jonny Evans,Defender,Manchester United,,Left the Premier League,7,312
2025–26,Departure,Manchester United,497894,Rasmus Højlund,Forward,Manchester United,,Left the Premier League,32,1998
2025–26,Departure,Manchester United,195851,Scott McTominay,Midfielder,Manchester United,,Left the Premier League,2,17
2025–26,Departure,Manchester United,490881,Toby Collyer,Midfielder,Manchester United,,Left the Premier League,6,174
2025–26,Departure,Manchester United,184667,Victor Lindelöf,Defender,Manchester United,Aston Villa,Sold to another Premier League club,16,695
2025–26,Signing,Manchester United,576620,Bendito Mantato,Midfielder,,Manchester United,Signing from outside the Premier League,1,15
2025–26,Signing,Manchester United,485711,Benjamin Sesko,Forward,,Manchester United,Signing from outside the Premier League,30,1630
2025–26,Signing,Manchester United,446008,Bryan Mbeumo,Midfielder,Brentford,Manchester United,Signing from another Premier League club,33,2611
2025–26,Signing,Manchester United,547037,Jack Fletcher,Midfielder,,Manchester United,Signing from outside the Premier League,3,107
2025–26,Signing,Manchester United,430871,Matheus Santos Carneiro da Cunha,Midfielder,Wolverhampton Wanderers,Manchester United,Signing from another Premier League club,33,2493
2025–26,Signing,Manchester United,465247,Senne Lammens,Goalkeeper,,Manchester United,Signing from outside the Premier League,32,2880
2025–26,Signing,Manchester United,576628,Shea Lacey,Midfielder,,Manchester United,Signing from outside the Premier League,3,40
2025–26,Signing,Manchester United,519913,Tyler Fletcher,Midfielder,,Manchester United,Signing from outside the Premier League,2,17
2025–26,Departure,Newcastle United,219168,Alexander Isak,Forward,Newcastle United,Liverpool,Sold to another Premier League club,34,2758
2025–26,Departure,Newcastle United,75115,Callum Wilson,Forward,Newcastle United,West Ham United,Sold to another Premier League club,18,355
2025–26,Departure,Newcastle United,235530,Lloyd Kelly,Defender,Newcastle United,,Left the Premier League,10,299
2025–26,Departure,Newcastle United,67089,Martin Dúbravka,Goalkeeper,Newcastle United,Burnley,Sold to another Premier League club,10,900
2025–26,Departure,Newcastle United,169359,Matt Targett,Defender,Newcastle United,,Left the Premier League,2,20
2025–26,Departure,Newcastle United,179018,Miguel Almirón Rejala,Midfielder,Newcastle United,,Left the Premier League,9,150
2025–26,Departure,Newcastle United,180135,Sean Longstaff,Midfielder,Newcastle United,Leeds United,Sold to another Premier League club,25,783
2025–26,Signing,Newcastle United,225321,Aaron Ramsdale,Goalkeeper,Southampton,Newcastle United,Signing from another Premier League club,12,1003
2025–26,Signing,Newcastle United,545477,Alex Murphy,Defender,Newcastle United,Newcastle United,Returned to the Premier League,2,7
2025–26,Signing,Newcastle United,449434,Anthony Elanga,Midfielder,Nottingham Forest,Newcastle United,Signing from another Premier League club,32,1302
2025–26,Signing,Newcastle United,232653,Jacob Ramsey,Midfielder,Aston Villa,Newcastle United,Signing from another Premier League club,28,1441
2025–26,Signing,Newcastle United,101148,Jamaal Lascelles,Defender,Newcastle United,Newcastle United,Returned to the Premier League,2,19
2025–26,Signing,Newcastle United,465642,Malick Thiaw,Defender,,Newcastle United,Signing from outside the Premier League,35,2963
2025–26,Signing,Newcastle United,470313,Nick Woltemade,Forward,,Newcastle United,Signing from outside the Premier League,33,1896
2025–26,Signing,Newcastle United,599303,Sean Neave,Forward,,Newcastle United,Signing from outside the Premier League,1,13
2025–26,Signing,Newcastle United,216646,Yoane Wissa,Forward,Brentford,Newcastle United,Signing from another Premier League club,19,517
2025–26,Departure,Nottingham Forest,449434,Anthony Elanga,Midfielder,Nottingham Forest,Newcastle United,Sold to another Premier League club,38,2496
2025–26,Departure,Nottingham Forest,513046,Danilo dos Santos de Oliveira,Midfielder,Nottingham Forest,,Left the Premier League,8,270
2025–26,Departure,Nottingham Forest,230046,Douglas Luiz Soares de Paulo,Midfielder,Nottingham Forest,Aston Villa,Mid-season move,8,314
2025–26,Departure,Nottingham Forest,569014,Eric da Silva Moreira,Midfielder,Nottingham Forest,,Left the Premier League,2,28
2025–26,Departure,Nottingham Forest,114241,Harry Toffolo,Defender,Nottingham Forest,,Left the Premier League,4,135
2025–26,Departure,Nottingham Forest,101178,James Ward-Prowse,Midfielder,Nottingham Forest,West Ham United,Sold to another Premier League club,9,396
2025–26,Departure,Nottingham Forest,502222,Ramón Sosa,Midfielder,Nottingham Forest,,Left the Premier League,19,280
2025–26,Departure,Nottingham Forest,90585,Willy Boly,Defender,Nottingham Forest,,Left the Premier League,6,146
2025–26,Departure,Nottingham Forest,106468,Álex Moreno Lopera,Defender,Nottingham Forest,,Left the Premier League,15,952
2025–26,Signing,Nottingham Forest,107265,Angus Gunn,Goalkeeper,Norwich City,Nottingham Forest,Returned to the Premier League,1,45
2025–26,Signing,Nottingham Forest,465680,Arnaud Kalimuendo,Forward,,Nottingham Forest,Signing from outside the Premier League,9,89
2025–26,Signing,Nottingham Forest,456512,Dan Ndoye,Midfielder,,Nottingham Forest,Signing from outside the Premier League,24,1167
2025–26,Signing,Nottingham Forest,476887,Dilane Bakwa,Midfielder,,Nottingham Forest,Signing from outside the Premier League,14,549
2025–26,Signing,Nottingham Forest,230046,Douglas Luiz Soares de Paulo,Midfielder,Aston Villa,Nottingham Forest,Returned to the Premier League,8,314
2025–26,Signing,Nottingham Forest,482973,Igor Jesus Maciel da Cruz,Forward,,Nottingham Forest,Signing from outside the Premier League,37,2293
2025–26,Signing,Nottingham Forest,575458,Jair Paula da Cunha Filho,Defender,,Nottingham Forest,Signing from outside the Premier League,9,514
2025–26,Signing,Nottingham Forest,432714,James McAtee,Midfielder,Manchester City,Nottingham Forest,Signing from another Premier League club,14,288
2025–26,Signing,Nottingham Forest,221389,John Victor Maciel Furtado,Goalkeeper,,Nottingham Forest,Signing from outside the Premier League,5,437
2025–26,Signing,Nottingham Forest,469130,Lorenzo Lucca,Forward,,Nottingham Forest,Signing from outside the Premier League,4,126
2025–26,Signing,Nottingham Forest,470315,Luca Netz,Defender,,Nottingham Forest,Signing from outside the Premier League,7,353
2025–26,Signing,Nottingham Forest,500151,Nicolò Savona,Defender,,Nottingham Forest,Signing from outside the Premier League,14,1025
2025–26,Signing,Nottingham Forest,206325,Oleksandr Zinchenko,Defender,Arsenal,Nottingham Forest,Signing from another Premier League club,5,352
2025–26,Signing,Nottingham Forest,503301,Omari Hutchinson,Midfielder,Ipswich Town,Nottingham Forest,Signing from another Premier League club,31,1676
2025–26,Signing,Nottingham Forest,88248,Stefan Ortega Moreno,Goalkeeper,Manchester City,Nottingham Forest,Signing from another Premier League club,3,270
2025–26,Signing,Nottingham Forest,549067,Zach Abbott,Defender,,Nottingham Forest,Signing from outside the Premier League,3,165
2025–26,Departure,Southampton,225321,Aaron Ramsdale,Goalkeeper,Southampton,Newcastle United,Sold to another Premier League club,30,2700
2025–26,Departure,Southampton,155511,Adam Armstrong,Forward,Southampton,Wolverhampton Wanderers,Sold to another Premier League club,20,1246
2025–26,Departure,Southampton,39155,Adam Lallana,Midfielder,Southampton,,Left the Premier League,14,352
2025–26,Departure,Southampton,494779,Albert Grønbæk,Midfielder,Southampton,,Left the Premier League,4,141
2025–26,Departure,Southampton,58376,Alex McCarthy,Goalkeeper,Southampton,,Left the Premier League,5,450
2025–26,Departure,Southampton,477386,Armel Bella-Kotchap,Defender,Southampton,,Left the Premier League,4,329
2025–26,Departure,Southampton,204814,Ben Brereton Díaz,Midfielder,Southampton,,Left the Premier League,10,446
2025–26,Departure,Southampton,433979,Cameron Archer,Forward,Southampton,,Left the Premier League,35,1421
2025–26,Departure,Southampton,103914,Charlie Taylor,Defender,Southampton,,Left the Premier League,8,353
2025–26,Departure,Southampton,220585,Flynn Downes,Midfielder,Southampton,,Left the Premier League,27,2149
2025–26,Departure,Southampton,88900,Jack Stephens,Defender,Southampton,,Left the Premier League,19,1389
2025–26,Departure,Southampton,184386,James Bree,Defender,Southampton,,Left the Premier League,17,1070
2025–26,Departure,Southampton,171771,Jan Bednarek,Defender,Southampton,,Left the Premier League,30,2531
2025–26,Departure,Southampton,495024,Jay Robinson,Forward,Southampton,,Left the Premier League,4,134
2025–26,Departure,Southampton,620408,Joachim Kayi-Sanda,Defender,Southampton,,Left the Premier League,2,12
2025–26,Departure,Southampton,193204,Joe Aribo,Midfielder,Southampton,,Left the Premier League,32,2007
2025–26,Departure,Southampton,167888,Joe Lumley,Goalkeeper,Southampton,,Left the Premier League,3,270
2025–26,Departure,Southampton,504783,Kamaldeen Sulemana,Midfielder,Southampton,,Left the Premier League,26,1394
2025–26,Departure,Southampton,158534,Kyle Walker-Peters,Defender,Southampton,West Ham United,Sold to another Premier League club,33,2918
2025–26,Departure,Southampton,503714,Lesley Ugochukwu,Midfielder,Southampton,Burnley,Sold to another Premier League club,26,1652
2025–26,Departure,Southampton,551226,Mateus Gonçalo Espanha Fernandes,Midfielder,Southampton,West Ham United,Sold to another Premier League club,36,2911
2025–26,Departure,Southampton,149519,Maxwel Cornet,Midfielder,Southampton,,Left the Premier League,2,71
2025–26,Departure,Southampton,244845,Nathan Wood-Gordon,Defender,Southampton,,Left the Premier League,11,771
2025–26,Departure,Southampton,147611,Paul Onuachu,Forward,Southampton,,Left the Premier League,25,1038
2025–26,Departure,Southampton,500926,Ronnie Edwards,Defender,Southampton,,Left the Premier League,1,12
2025–26,Departure,Southampton,230348,Ross Stewart,Forward,Southampton,,Left the Premier League,12,382
2025–26,Departure,Southampton,90105,Ryan Fraser,Midfielder,Southampton,,Left the Premier League,8,303
2025–26,Departure,Southampton,204863,Ryan Manning,Defender,Southampton,,Left the Premier League,24,1458
2025–26,Departure,Southampton,499724,Samuel Amo-Ameyaw,Midfielder,Southampton,,Left the Premier League,2,26
2025–26,Departure,Southampton,490503,Samuel Edozie,Midfielder,Southampton,,Left the Premier League,2,64
2025–26,Departure,Southampton,219279,Sugawara Yukinari,Defender,Southampton,,Left the Premier League,30,1548
2025–26,Departure,Southampton,245719,Taylor Harwood-Bellis,Defender,Southampton,,Left the Premier League,34,2824
2025–26,Departure,Southampton,496661,Tyler Dibling,Midfielder,Southampton,Everton,Sold to another Premier League club,33,1863
2025–26,Departure,Southampton,500016,Welington Damascena Santos,Defender,Southampton,,Left the Premier League,10,478
2025–26,Departure,Southampton,214466,Will Smallbone,Midfielder,Southampton,,Left the Premier League,18,679
2025–26,Departure,Sunderland,499309,Marc Guiu Paz,Forward,Sunderland,Chelsea,Mid-season move,2,13
2025–26,Signing,Sunderland,105717,Arthur Masuaku,Defender,West Ham United,Sunderland,Returned to the Premier League,3,125
2025–26,Signing,Sunderland,110504,Bertrand Traoré,Midfielder,Aston Villa,Sunderland,Returned to the Premier League,12,634
2025–26,Signing,Sunderland,441264,Brian Brobbey,Forward,,Sunderland,Signing from outside the Premier League,31,1920
2025–26,Signing,Sunderland,549912,Chemsdine Talbi,Midfielder,,Sunderland,Signing from outside the Premier League,28,1553
2025–26,Signing,Sunderland,554197,Chris Rigg,Midfielder,,Sunderland,Signing from outside the Premier League,18,758
2025–26,Signing,Sunderland,223336,Dan Neil,Midfielder,,Sunderland,Signing from outside the Premier League,3,13
2025–26,Signing,Sunderland,223827,Daniel Ballard,Defender,,Sunderland,Signing from outside the Premier League,29,2144
2025–26,Signing,Sunderland,461195,Dennis Cirkin,Defender,,Sunderland,Signing from outside the Premier League,8,319
2025–26,Signing,Sunderland,699989,Djiamgone Jocelin Ta Bi,Midfielder,,Sunderland,Signing from outside the Premier League,1,38
2025–26,Signing,Sunderland,564406,Eliezer Mayenda Dossou,Forward,,Sunderland,Signing from outside the Premier League,20,751
2025–26,Signing,Sunderland,484420,Enzo Le Fée,Midfielder,,Sunderland,Signing from outside the Premier League,36,2930
2025–26,Signing,Sunderland,84450,Granit Xhaka,Midfielder,Arsenal,Sunderland,Returned to the Premier League,34,2901
2025–26,Signing,Sunderland,547027,Habib Diarra,Midfielder,,Sunderland,Signing from outside the Premier League,20,1403
2025–26,Signing,Sunderland,519634,Jenson Seelt,Defender,,Sunderland,Signing from outside the Premier League,2,133
2025–26,Signing,Sunderland,167512,Luke O'Nien,Defender,,Sunderland,Signing from outside the Premier League,12,565
2025–26,Signing,Sunderland,247955,Lutsharel Geertruida,Defender,,Sunderland,Signing from outside the Premier League,28,1681
2025–26,Signing,Sunderland,499309,Marc Guiu Paz,Forward,Chelsea,Sunderland,Signing from another Premier League club,2,13
2025–26,Signing,Sunderland,515046,Melker Ellborg,Goalkeeper,,Sunderland,Signing from outside the Premier League,3,270
2025–26,Signing,Sunderland,536661,Nilson Angulo,Midfielder,,Sunderland,Signing from outside the Premier League,8,401
2025–26,Signing,Sunderland,577669,Noah Sadiki,Midfielder,,Sunderland,Signing from outside the Premier League,33,2891
2025–26,Signing,Sunderland,200834,Nordi Mukiele,Defender,,Sunderland,Signing from outside the Premier League,32,2784
2025–26,Signing,Sunderland,201895,Omar Alderete,Defender,,Sunderland,Signing from outside the Premier League,33,2797
2025–26,Signing,Sunderland,124165,Patrick Roberts,Midfielder,Norwich City,Sunderland,Returned to the Premier League,1,27
2025–26,Signing,Sunderland,434399,Reinildo Mandava,Defender,,Sunderland,Signing from outside the Premier League,25,1966
2025–26,Signing,Sunderland,498016,Robin Roefs,Goalkeeper,,Sunderland,Signing from outside the Premier League,35,3150
2025–26,Signing,Sunderland,461199,Romaine Mundle,Midfielder,,Sunderland,Signing from outside the Premier League,14,399
2025–26,Signing,Sunderland,535818,Simon Adingra,Midfielder,Brighton & Hove Albion,Sunderland,Signing from another Premier League club,14,649
2025–26,Signing,Sunderland,487676,Trai Hume,Defender,,Sunderland,Signing from outside the Premier League,38,3032
2025–26,Signing,Sunderland,437505,Wilson Isidor,Forward,,Sunderland,Signing from outside the Premier League,32,1148
2025–26,Departure,Tottenham Hotspur,519321,Alfie Dorrington,Defender,Tottenham Hotspur,,Left the Premier League,1,13
2025–26,Departure,Tottenham Hotspur,214572,Brandon Austin,Goalkeeper,Tottenham Hotspur,,Left the Premier League,1,90
2025–26,Departure,Tottenham Hotspur,242898,Brennan Johnson,Midfielder,Tottenham Hotspur,Crystal Palace,Mid-season move,16,602
2025–26,Departure,Tottenham Hotspur,445044,Dejan Kulusevski,Midfielder,Tottenham Hotspur,,Left the Premier League,32,2386
2025–26,Departure,Tottenham Hotspur,40383,Fraser Forster,Goalkeeper,Tottenham Hotspur,,Left the Premier League,7,630
2025–26,Departure,Tottenham Hotspur,499721,Mikey Moore,Midfielder,Tottenham Hotspur,,Left the Premier League,10,359
2025–26,Departure,Tottenham Hotspur,199249,Sergio Reguilón,Defender,Tottenham Hotspur,,Left the Premier League,4,194
2025–26,Departure,Tottenham Hotspur,85971,Son Heung-min,Midfielder,Tottenham Hotspur,,Left the Premier League,30,2106
2025–26,Departure,Tottenham Hotspur,165153,Timo Werner,Midfielder,Tottenham Hotspur,,Left the Premier League,18,504
2025–26,Departure,Tottenham Hotspur,552427,Will Lankshear,Forward,Tottenham Hotspur,,Left the Premier League,3,10
2025–26,Signing,Tottenham Hotspur,499726,Callum Olusesi,Midfielder,,Tottenham Hotspur,Signing from outside the Premier League,1,14
2025–26,Signing,Tottenham Hotspur,232787,Conor Gallagher,Midfielder,Chelsea,Tottenham Hotspur,Returned to the Premier League,16,1183
2025–26,Signing,Tottenham Hotspur,499716,James Rowswell,Defender,,Tottenham Hotspur,Signing from outside the Premier League,1,1
2025–26,Signing,Tottenham Hotspur,154296,João Maria Lobo Alves Palhares Costa Palhinha Gonçalves,Midfielder,Fulham,Tottenham Hotspur,Returned to the Premier League,33,2192
2025–26,Signing,Tottenham Hotspur,616221,João Victor de Souza Menezes,Defender,,Tottenham Hotspur,Signing from outside the Premier League,4,142
2025–26,Signing,Tottenham Hotspur,640419,Jun'ai Byfield,Defender,,Tottenham Hotspur,Signing from outside the Premier League,1,1
2025–26,Signing,Tottenham Hotspur,460842,Mohammed Kudus,Midfielder,West Ham United,Tottenham Hotspur,Signing from another Premier League club,19,1535
2025–26,Signing,Tottenham Hotspur,247693,Randal Kolo Muani,Forward,,Tottenham Hotspur,Signing from outside the Premier League,30,1655
2025–26,Signing,Tottenham Hotspur,493362,Xavi Simons,Midfielder,,Tottenham Hotspur,Signing from outside the Premier League,28,1747
2025–26,Departure,West Ham United,55459,Aaron Cresswell,Defender,West Ham United,,Left the Premier League,18,818
2025–26,Departure,West Ham United,224860,Carlos Soler,Midfielder,West Ham United,,Left the Premier League,31,1394
2025–26,Departure,West Ham United,84939,Danny Ings,Forward,West Ham United,,Left the Premier League,15,270
2025–26,Departure,West Ham United,213999,Edson Álvarez Velázquez,Midfielder,West Ham United,,Left the Premier League,28,1769
2025–26,Departure,West Ham United,109533,Emerson Palmieri dos Santos,Defender,West Ham United,,Left the Premier League,31,2108
2025–26,Departure,West Ham United,487117,Evan Ferguson,Forward,West Ham United,,Left the Premier League,8,151
2025–26,Departure,West Ham United,101178,James Ward-Prowse,Midfielder,West Ham United,Burnley,Mid-season move,5,414
2025–26,Departure,West Ham United,518438,Kaelan Casey,Defender,West Ham United,,Left the Premier League,1,1
2025–26,Departure,West Ham United,518442,Lewis Orford,Midfielder,West Ham United,,Left the Premier League,2,47
2025–26,Departure,West Ham United,57531,Michail Antonio,Forward,West Ham United,,Left the Premier League,14,834
2025–26,Departure,West Ham United,460842,Mohammed Kudus,Midfielder,West Ham United,Tottenham Hotspur,Sold to another Premier League club,32,2589
2025–26,Departure,West Ham United,164555,Vladimír Coufal,Defender,West Ham United,,Left the Premier League,22,1056
2025–26,Departure,West Ham United,37096,Łukasz Fabiański,Goalkeeper,West Ham United,,Left the Premier League,14,1160
2025–26,Signing,West Ham United,159533,Adama Traoré Diarra,Midfielder,Fulham,West Ham United,Mid-season move,9,115
2025–26,Signing,West Ham United,220362,Axel Disasi,Defender,Aston Villa,West Ham United,Signing from another Premier League club,14,1254
2025–26,Signing,West Ham United,565431,Callum Marshall,Forward,,West Ham United,Signing from outside the Premier League,2,58
2025–26,Signing,West Ham United,75115,Callum Wilson,Forward,Newcastle United,West Ham United,Signing from another Premier League club,32,1234
2025–26,Signing,West Ham United,613804,El Hadji Malick Diouf,Defender,,West Ham United,Signing from outside the Premier League,32,2706
2025–26,Signing,West Ham United,602903,Ezra Mayers,Defender,,West Ham United,Signing from outside the Premier League,6,113
2025–26,Signing,West Ham United,490142,Freddie Potts,Midfielder,,West Ham United,Signing from outside the Premier League,22,1162
2025–26,Signing,West Ham United,490885,George Earthy,Midfielder,West Ham United,West Ham United,Returned to the Premier League,1,8
2025–26,Signing,West Ham United,223434,Igor Julio dos Santos de Paulo,Defender,Brighton & Hove Albion,West Ham United,Signing from another Premier League club,4,103
2025–26,Signing,West Ham United,101178,James Ward-Prowse,Midfielder,Nottingham Forest,West Ham United,Signing from another Premier League club,5,414
2025–26,Signing,West Ham United,158534,Kyle Walker-Peters,Defender,Southampton,West Ham United,Signing from another Premier League club,23,1378
2025–26,Signing,West Ham United,467189,Mads Hermansen,Goalkeeper,Leicester City,West Ham United,Signing from another Premier League club,18,1620
2025–26,Signing,West Ham United,551226,Mateus Gonçalo Espanha Fernandes,Midfielder,Southampton,West Ham United,Signing from another Premier League club,36,3017
2025–26,Signing,West Ham United,630699,Mohamadou Kanté,Midfielder,,West Ham United,Signing from outside the Premier League,11,67
2025–26,Signing,West Ham United,210494,Nayef Aguerd,Defender,West Ham United,West Ham United,Returned to the Premier League,2,180
2025–26,Signing,West Ham United,530335,Pablo Felipe Pereira de Jesus,Forward,,West Ham United,Signing from outside the Premier League,14,819
2025–26,Signing,West Ham United,564940,Soungoutou Magassa,Midfielder,,West Ham United,Signing from outside the Premier League,22,971
2025–26,Signing,West Ham United,247670,Valentín Castellanos,Forward,,West Ham United,Signing from outside the Premier League,18,1384
2025–26,Departure,Wolverhampton Wanderers,517179,Alfie Pond,Defender,Wolverhampton Wanderers,,Left the Premier League,1,1
2025–26,Departure,Wolverhampton Wanderers,476502,Boubacar Traoré,Midfielder,Wolverhampton Wanderers,,Left the Premier League,1,1
2025–26,Departure,Wolverhampton Wanderers,463212,Carlos Roberto Forbs Borges,Midfielder,Wolverhampton Wanderers,,Left the Premier League,10,236
2025–26,Departure,Wolverhampton Wanderers,60232,Craig Dawson,Defender,Wolverhampton Wanderers,,Left the Premier League,15,969
2025–26,Departure,Wolverhampton Wanderers,200600,Daniel Castelo Podence,Midfielder,Wolverhampton Wanderers,,Left the Premier League,2,46
2025–26,Departure,Wolverhampton Wanderers,510363,Francisco Jorge Tomás Oliveira,Midfielder,Wolverhampton Wanderers,,Left the Premier League,1,6
2025–26,Departure,Wolverhampton Wanderers,181284,Gonçalo Manuel Ganchinho Guedes,Midfielder,Wolverhampton Wanderers,,Left the Premier League,29,979
2025–26,Departure,Wolverhampton Wanderers,247412,Jørgen Strand Larsen,Forward,Wolverhampton Wanderers,Crystal Palace,Mid-season move,22,1399
2025–26,Departure,Wolverhampton Wanderers,151086,Mario Lemina,Midfielder,Wolverhampton Wanderers,,Left the Premier League,17,1363
2025–26,Departure,Wolverhampton Wanderers,430871,Matheus Santos Carneiro da Cunha,Midfielder,Wolverhampton Wanderers,Manchester United,Sold to another Premier League club,33,2596
2025–26,Departure,Wolverhampton Wanderers,531170,Nasser Djiga,Defender,Wolverhampton Wanderers,,Left the Premier League,5,65
2025–26,Departure,Wolverhampton Wanderers,200402,Nélson Cabral Semedo,Defender,Wolverhampton Wanderers,,Left the Premier League,34,2889
2025–26,Departure,Wolverhampton Wanderers,88484,Pablo Sarabia,Midfielder,Wolverhampton Wanderers,,Left the Premier League,23,800
2025–26,Departure,Wolverhampton Wanderers,448514,Rayan Aït-Nouri,Defender,Wolverhampton Wanderers,Manchester City,Sold to another Premier League club,37,3112
2025–26,Departure,Wolverhampton Wanderers,138001,Tom King,Goalkeeper,Wolverhampton Wanderers,,Left the Premier League,1,1
2025–26,Departure,Wolverhampton Wanderers,220394,Tommy Doyle,Midfielder,Wolverhampton Wanderers,,Left the Premier League,24,474
2025–26,Signing,Wolverhampton Wanderers,155511,Adam Armstrong,Forward,Southampton,Wolverhampton Wanderers,Signing from another Premier League club,14,1141
2025–26,Signing,Wolverhampton Wanderers,209041,Angel Gomes,Midfielder,Manchester United,Wolverhampton Wanderers,Returned to the Premier League,12,457
2025–26,Signing,Wolverhampton Wanderers,497949,David Møller Wolfe,Defender,,Wolverhampton Wanderers,Signing from outside the Premier League,22,1042
2025–26,Signing,Wolverhampton Wanderers,643135,Fer López González,Midfielder,,Wolverhampton Wanderers,Signing from outside the Premier League,9,228
2025–26,Signing,Wolverhampton Wanderers,490721,Hugo Bueno López,Defender,Wolverhampton Wanderers,Wolverhampton Wanderers,Returned to the Premier League,35,2359
2025–26,Signing,Wolverhampton Wanderers,523705,Jackson Tchatchoua,Defender,,Wolverhampton Wanderers,Signing from outside the Premier League,31,1834
2025–26,Signing,Wolverhampton Wanderers,685628,Jerome Abbey,Midfielder,,Wolverhampton Wanderers,Signing from outside the Premier League,1,16
2025–26,Signing,Wolverhampton Wanderers,230376,Jhon Arias,Midfielder,,Wolverhampton Wanderers,Signing from outside the Premier League,23,1117
2025–26,Signing,Wolverhampton Wanderers,441271,Ki-Jana Hoever,Defender,Wolverhampton Wanderers,Wolverhampton Wanderers,Returned to the Premier League,8,423
2025–26,Signing,Wolverhampton Wanderers,431248,Ladislav Krejcí,Defender,,Wolverhampton Wanderers,Signing from outside the Premier League,28,2356
2025–26,Signing,Wolverhampton Wanderers,429414,Saša Kalajdžić,Forward,Wolverhampton Wanderers,Wolverhampton Wanderers,Returned to the Premier League,1,14
2025–26,Signing,Wolverhampton Wanderers,497606,Tawanda Chirewa,Midfielder,Wolverhampton Wanderers,Wolverhampton Wanderers,Returned to the Premier League,2,25
2025–26,Signing,Wolverhampton Wanderers,488213,Tolu Arokodare,Forward,,Wolverhampton Wanderers,Signing from outside the Premier League,33,1402
2025–26,Signing,Wolverhampton Wanderers,596054,Tom Edozie,Midfielder,,Wolverhampton Wanderers,Signing from outside the Premier League,3,12
2026–27,Departure,AFC Bournemouth,606775,Ben Winterburn,Midfielder,AFC Bournemouth,,Left the Premier League,1,6
2026–27,Departure,AFC Bournemouth,424044,Hamed Traorè,Midfielder,AFC Bournemouth,,Left the Premier League,1,16
2026–27,Departure,AFC Bournemouth,221466,Marcos Senesi Barón,Defender,AFC Bournemouth,Tottenham Hotspur,Sold to another Premier League club,37,3288
2026–27,Departure,AFC Bournemouth,551483,Álex Jiménez Sánchez,Defender,AFC Bournemouth,,Left the Premier League,31,2315
2026–27,Signing,AFC Bournemouth,483067,António João Pereira de Albuquerque Tavares da Silva,Defender,,AFC Bournemouth,Signing from outside the Premier League,0,0
2026–27,Signing,AFC Bournemouth,494928,Juanlu Sánchez,Defender,,AFC Bournemouth,Signing from outside the Premier League,0,0
2026–27,Signing,AFC Bournemouth,230650,Michele Di Gregorio,Goalkeeper,,AFC Bournemouth,Signing from outside the Premier League,0,0
2026–27,Signing,AFC Bournemouth,561245,Álvaro Rodríguez,Forward,,AFC Bournemouth,Signing from outside the Premier League,0,0
2026–27,Departure,Arsenal,128295,Christian Nørgaard,Midfielder,Arsenal,Everton,Sold to another Premier League club,7,101
2026–27,Departure,Arsenal,116216,Leandro Trossard,Midfielder,Arsenal,,Left the Premier League,31,1997
2026–27,Signing,Arsenal,208706,Bruno Guimarães Rodriguez Moura,Midfielder,Newcastle United,Arsenal,Signing from another Premier League club,0,0
2026–27,Signing,Arsenal,439509,Christos Tzolis,Midfielder,Norwich City,Arsenal,Returned to the Premier League,0,0
2026–27,Signing,Arsenal,199798,Ezri Konsa Ngoyo,Defender,Aston Villa,Arsenal,Signing from another Premier League club,0,0
2026–27,Signing,Arsenal,437495,Illan Meslier,Goalkeeper,Leeds United,Arsenal,Returned to the Premier League,0,0
2026–27,Signing,Arsenal,200641,Reiss Nelson,Midfielder,Brentford,Arsenal,Signing from another Premier League club,0,0
2026–27,Departure,Aston Villa,204646,Donyell Malen,Midfielder,Aston Villa,,Left the Premier League,21,640
2026–27,Departure,Aston Villa,230046,Douglas Luiz Soares de Paulo,Midfielder,Aston Villa,,Left the Premier League,13,599
2026–27,Departure,Aston Villa,98980,Emiliano Martínez Romero,Goalkeeper,Aston Villa,Chelsea,Sold to another Premier League club,32,2835
2026–27,Departure,Aston Villa,199798,Ezri Konsa Ngoyo,Defender,Aston Villa,Arsenal,Sold to another Premier League club,34,3035
2026–27,Departure,Aston Villa,444884,Harvey Elliott,Midfielder,Aston Villa,Liverpool,Sold to another Premier League club,4,109
2026–27,Departure,Aston Villa,209243,Jadon Sancho,Midfielder,Aston Villa,,Left the Premier League,23,863
2026–27,Departure,Aston Villa,559962,Jamaldeen Jimoh-Aloba,Midfielder,Aston Villa,,Left the Premier League,1,8
2026–27,Departure,Aston Villa,244850,Morgan Rogers,Midfielder,Aston Villa,Chelsea,Sold to another Premier League club,37,3280
2026–27,Departure,Aston Villa,166989,Youri Tielemans,Midfielder,Aston Villa,Manchester United,Sold to another Premier League club,25,1857
2026–27,Signing,Aston Villa,214590,Aaron Wan-Bissaka,Defender,West Ham United,Aston Villa,Signing from another Premier League club,0,0
2026–27,Signing,Aston Villa,493105,Alejandro Garnacho Ferreyra,Midfielder,Chelsea,Aston Villa,Signing from another Premier League club,0,0
2026–27,Signing,Aston Villa,638987,Ibrahim Mbaye,Midfielder,,Aston Villa,Signing from outside the Premier League,0,0
2026–27,Signing,Aston Villa,614071,Johan Manzambi,Midfielder,,Aston Villa,Signing from outside the Premier League,0,0
2026–27,Signing,Aston Villa,448089,João Victor Gomes da Silva,Midfielder,Wolverhampton Wanderers,Aston Villa,Signing from another Premier League club,0,0
2026–27,Signing,Aston Villa,119090,Leon Goretzka,Midfielder,,Aston Villa,Signing from outside the Premier League,0,0
2026–27,Signing,Aston Villa,571380,Luka Lynch,Midfielder,,Aston Villa,Signing from outside the Premier League,0,0
2026–27,Signing,Aston Villa,487992,Matteo Ruggeri,Defender,,Aston Villa,Signing from outside the Premier League,0,0
2026–27,Signing,Aston Villa,517052,Nicolas Jackson,Forward,Chelsea,Aston Villa,Returned to the Premier League,0,0
2026–27,Signing,Aston Villa,245719,Taylor Harwood-Bellis,Defender,Southampton,Aston Villa,Returned to the Premier League,0,0
2026–27,Signing,Aston Villa,569577,Triston Rowe,Defender,,Aston Villa,Signing from outside the Premier League,0,0
2026–27,Signing,Aston Villa,433969,Zion Suzuki,Goalkeeper,,Aston Villa,Signing from outside the Premier League,0,0
2026–27,Departure,Brentford,231065,Ethan Pinnock,Defender,Brentford,Coventry City,Sold to another Premier League club,4,318
2026–27,Departure,Brentford,428580,Frank Onyeka,Midfielder,Brentford,Coventry City,Sold to another Premier League club,6,88
2026–27,Departure,Brentford,56979,Jordan Henderson,Midfielder,Brentford,Chelsea,Sold to another Premier League club,32,1911
2026–27,Departure,Brentford,450539,Myles Peart-Harris,Midfielder,Brentford,,Left the Premier League,1,1
2026–27,Departure,Brentford,200641,Reiss Nelson,Midfielder,Brentford,Arsenal,Sold to another Premier League club,10,118
2026–27,Departure,Brentford,606689,Romelle Donovan,Midfielder,Brentford,,Left the Premier League,4,38
2026–27,Signing,Brentford,75115,Callum Wilson,Forward,West Ham United,Brentford,Signing from another Premier League club,0,0
2026–27,Signing,Brentford,613804,El Hadji Malick Diouf,Defender,West Ham United,Brentford,Signing from another Premier League club,0,0
2026–27,Signing,Brentford,444180,Jaidon Anthony,Midfielder,Burnley,Brentford,Signing from another Premier League club,0,0
2026–27,Signing,Brentford,513086,Jannik Schuster,Defender,,Brentford,Signing from outside the Premier League,0,0
2026–27,Signing,Brentford,513545,Mamadou Sangaré,Midfielder,,Brentford,Signing from outside the Premier League,0,0
2026–27,Departure,Brighton & Hove Albion,513433,Brajan Gruda,Midfielder,Brighton & Hove Albion,,Left the Premier League,18,708
2026–27,Departure,Brighton & Hove Albion,535301,Carlos Baleba,Midfielder,Brighton & Hove Albion,Manchester United,Sold to another Premier League club,31,1646
2026–27,Departure,Brighton & Hove Albion,50175,Danny Welbeck,Forward,Brighton & Hove Albion,Chelsea,Sold to another Premier League club,37,2249
2026–27,Departure,Brighton & Hove Albion,15157,James Milner,Midfielder,Brighton & Hove Albion,,Left the Premier League,20,772
2026–27,Departure,Brighton & Hove Albion,469142,Jan Paul van Hecke,Defender,Brighton & Hove Albion,Tottenham Hotspur,Sold to another Premier League club,36,3210
2026–27,Departure,Brighton & Hove Albion,567121,Joe Knight,Midfielder,Brighton & Hove Albion,,Left the Premier League,1,1
2026–27,Departure,Brighton & Hove Albion,111478,Joël Veltman,Defender,Brighton & Hove Albion,,Left the Premier League,24,1047
2026–27,Departure,Brighton & Hove Albion,109345,Solly March,Midfielder,Brighton & Hove Albion,,Left the Premier League,4,38
2026–27,Signing,Brighton & Hove Albion,536916,Facundo Buonanotte,Midfielder,Leeds United,Brighton & Hove Albion,Signing from another Premier League club,0,0
2026–27,Signing,Brighton & Hove Albion,471551,Femi Azeez,Midfielder,,Brighton & Hove Albion,Signing from outside the Premier League,0,0
2026–27,Signing,Brighton & Hove Albion,223434,Igor Julio dos Santos de Paulo,Defender,West Ham United,Brighton & Hove Albion,Signing from another Premier League club,0,0
2026–27,Signing,Brighton & Hove Albion,512123,Jaouen Hadjam,Defender,,Brighton & Hove Albion,Signing from outside the Premier League,0,0
2026–27,Signing,Brighton & Hove Albion,592984,José María Andrés Baixauli,Midfielder,,Brighton & Hove Albion,Signing from outside the Premier League,0,0
2026–27,Signing,Brighton & Hove Albion,451490,João Pedro Loureiro da Costa,Defender,,Brighton & Hove Albion,Signing from outside the Premier League,0,0
2026–27,Signing,Brighton & Hove Albion,610799,Luka Vušković,Defender,,Brighton & Hove Albion,Signing from outside the Premier League,0,0
2026–27,Signing,Brighton & Hove Albion,454490,Michael Svoboda,Defender,,Brighton & Hove Albion,Signing from outside the Premier League,0,0
2026–27,Signing,Brighton & Hove Albion,222694,Pascal Struijk,Defender,Leeds United,Brighton & Hove Albion,Signing from another Premier League club,0,0
2026–27,Signing,Brighton & Hove Albion,538007,Promise David,Forward,,Brighton & Hove Albion,Signing from outside the Premier League,0,0
2026–27,Signing,Brighton & Hove Albion,661016,Younes Ibrahim,Midfielder,,Brighton & Hove Albion,Signing from outside the Premier League,0,0
2026–27,Signing,Brighton & Hove Albion,700308,Zadok Yohanna,Midfielder,,Brighton & Hove Albion,Signing from outside the Premier League,0,0
2026–27,Departure,Burnley,440323,Armando Broja,Forward,Burnley,,Left the Premier League,24,843
2026–27,Departure,Burnley,44699,Ashley Barnes,Forward,Burnley,,Left the Premier League,7,40
2026–27,Departure,Burnley,180804,Axel Tuanzebe,Defender,Burnley,,Left the Premier League,14,1201
2026–27,Departure,Burnley,461188,Bashir Humphreys,Defender,Burnley,,Left the Premier League,20,1574
2026–27,Departure,Burnley,216055,Florentino Ibrain Morris Luís,Midfielder,Burnley,Ipswich Town,Sold to another Premier League club,31,2100
2026–27,Departure,Burnley,465527,Hannibal Mejbri,Midfielder,Burnley,,Left the Premier League,27,1219
2026–27,Departure,Burnley,478969,Hjalmar Ekdal,Defender,Burnley,,Left the Premier League,19,1539
2026–27,Departure,Burnley,179458,Jacob Bruun Larsen,Midfielder,Burnley,,Left the Premier League,28,1014
2026–27,Departure,Burnley,444180,Jaidon Anthony,Midfielder,Burnley,Brentford,Sold to another Premier League club,37,2717
2026–27,Departure,Burnley,101178,James Ward-Prowse,Midfielder,Burnley,,Left the Premier League,13,678
2026–27,Departure,Burnley,551206,Jaydon Banel,Midfielder,Burnley,,Left the Premier League,1,9
2026–27,Departure,Burnley,208912,Joe Worrall,Defender,Burnley,,Left the Premier League,11,496
2026–27,Departure,Burnley,172567,Josh Cullen,Midfielder,Burnley,,Left the Premier League,18,1513
2026–27,Departure,Burnley,167887,Josh Laurent,Midfielder,Burnley,,Left the Premier League,33,1752
2026–27,Departure,Burnley,58621,Kyle Walker,Defender,Burnley,,Left the Premier League,36,3095
2026–27,Departure,Burnley,503714,Lesley Ugochukwu,Midfielder,Burnley,,Left the Premier League,35,2330
2026–27,Departure,Burnley,469272,Loum Tchaouna,Midfielder,Burnley,Coventry City,Sold to another Premier League club,29,1259
2026–27,Departure,Burnley,549329,Lucas Pires Silva,Defender,Burnley,,Left the Premier League,20,1405
2026–27,Departure,Burnley,435973,Lyle Foster,Forward,Burnley,,Left the Premier League,26,1361
2026–27,Departure,Burnley,174592,Marcus Edwards,Midfielder,Burnley,,Left the Premier League,23,1058
2026–27,Departure,Burnley,67089,Martin Dúbravka,Goalkeeper,Burnley,Tottenham Hotspur,Sold to another Premier League club,35,3150
2026–27,Departure,Burnley,518030,Max Weiß,Goalkeeper,Burnley,,Left the Premier League,3,270
2026–27,Departure,Burnley,477717,Maxime Estève,Defender,Burnley,,Left the Premier League,34,2933
2026–27,Departure,Burnley,437748,Mike Trésor Ndayishimiye,Midfielder,Burnley,,Left the Premier League,6,37
2026–27,Departure,Burnley,519895,Oliver Sonne,Defender,Burnley,,Left the Premier League,7,164
2026–27,Departure,Burnley,494960,Quilindschy Hartman,Defender,Burnley,,Left the Premier League,21,1825
2026–27,Departure,Burnley,492831,Zeki Amdouni,Forward,Burnley,,Left the Premier League,4,69
2026–27,Departure,Burnley,431639,Zian Flemming,Forward,Burnley,Ipswich Town,Sold to another Premier League club,29,1764
2026–27,Departure,Chelsea,493105,Alejandro Garnacho Ferreyra,Midfielder,Chelsea,Aston Villa,Sold to another Premier League club,24,1261
2026–27,Departure,Chelsea,532605,Andrey Nascimento dos Santos,Midfielder,Chelsea,Manchester United,Sold to another Premier League club,27,1247
2026–27,Departure,Chelsea,448047,Enzo Fernández,Midfielder,Chelsea,Manchester City,Sold to another Premier League club,36,3114
2026–27,Departure,Chelsea,619734,Jesse Derry,Midfielder,Chelsea,,Left the Premier League,1,45
2026–27,Departure,Chelsea,463034,Liam Delap,Forward,Chelsea,Nottingham Forest,Sold to another Premier League club,28,1092
2026–27,Departure,Chelsea,179268,Marc Cucurella Saseta,Defender,Chelsea,,Left the Premier League,34,2706
2026–27,Departure,Chelsea,109646,Tosin Adarabioyo,Defender,Chelsea,Tottenham Hotspur,Sold to another Premier League club,16,788
2026–27,Signing,Chelsea,50175,Danny Welbeck,Forward,Brighton & Hove Albion,Chelsea,Signing from another Premier League club,0,0
2026–27,Signing,Chelsea,98980,Emiliano Martínez Romero,Goalkeeper,Aston Villa,Chelsea,Signing from another Premier League club,0,0
2026–27,Signing,Chelsea,503037,Emmanuel Emegha,Forward,,Chelsea,Signing from outside the Premier League,0,0
2026–27,Signing,Chelsea,593117,Geovany Quenda,Midfielder,,Chelsea,Signing from outside the Premier League,0,0
2026–27,Signing,Chelsea,56979,Jordan Henderson,Midfielder,Brentford,Chelsea,Signing from another Premier League club,0,0
2026–27,Signing,Chelsea,636846,Mahdi Nicoll-Jazuli,Midfielder,,Chelsea,Signing from outside the Premier League,0,0
2026–27,Signing,Chelsea,620109,Marco Palestra,Defender,,Chelsea,Signing from outside the Premier League,0,0
2026–27,Signing,Chelsea,437499,Maxence Lacroix,Defender,Crystal Palace,Chelsea,Signing from another Premier League club,0,0
2026–27,Signing,Chelsea,244850,Morgan Rogers,Midfielder,Aston Villa,Chelsea,Signing from another Premier League club,0,0
2026–27,Signing,Chelsea,498444,Pep Chavarría,Defender,,Chelsea,Signing from outside the Premier League,0,0
2026–27,Signing,Chelsea,543158,Valentín Barco,Midfielder,Brighton & Hove Albion,Chelsea,Returned to the Premier League,0,0
2026–27,Signing,Coventry City,539142,Aurèle Amenda,Defender,,Coventry City,Signing from outside the Premier League,0,0
2026–27,Signing,Coventry City,661888,Caleb Yirenkyi,Midfielder,,Coventry City,Signing from outside the Premier League,0,0
2026–27,Signing,Coventry City,472739,Carl Rushworth,Goalkeeper,,Coventry City,Signing from outside the Premier League,0,0
2026–27,Signing,Coventry City,79602,Daniel Bentley,Goalkeeper,Wolverhampton Wanderers,Coventry City,Signing from another Premier League club,0,0
2026–27,Signing,Coventry City,231065,Ethan Pinnock,Defender,Brentford,Coventry City,Signing from another Premier League club,0,0
2026–27,Signing,Coventry City,428580,Frank Onyeka,Midfielder,Brentford,Coventry City,Signing from another Premier League club,0,0
2026–27,Signing,Coventry City,196100,Gustavo Hamer,Midfielder,Sheffield United,Coventry City,Returned to the Premier League,0,0
2026–27,Signing,Coventry City,469272,Loum Tchaouna,Midfielder,Burnley,Coventry City,Signing from another Premier League club,0,0
2026–27,Signing,Coventry City,627221,Sidiki Cherif,Forward,,Coventry City,Signing from outside the Premier League,0,0
2026–27,Signing,Coventry City,566213,Stephen Mfuni,Defender,,Coventry City,Signing from outside the Premier League,0,0
2026–27,Signing,Coventry City,210156,Taiwo Awoniyi,Forward,Nottingham Forest,Coventry City,Signing from another Premier League club,0,0
2026–27,Signing,Coventry City,242893,Yann Gboho,Midfielder,,Coventry City,Signing from outside the Premier League,0,0
2026–27,Departure,Crystal Palace,242898,Brennan Johnson,Midfielder,Crystal Palace,Everton,Sold to another Premier League club,18,1108
2026–27,Departure,Crystal Palace,247348,Daniel Muñoz Mejía,Defender,Crystal Palace,Nottingham Forest,Sold to another Premier League club,29,2400
2026–27,Departure,Crystal Palace,530318,Kaden Rodney,Midfielder,Crystal Palace,,Left the Premier League,1,3
2026–27,Departure,Crystal Palace,437499,Maxence Lacroix,Defender,Crystal Palace,Chelsea,Sold to another Premier League club,35,3085
2026–27,Departure,Crystal Palace,57328,Nathaniel Clyne,Defender,Crystal Palace,,Left the Premier League,10,592
2026–27,Departure,Crystal Palace,199670,Odsonne Édouard,Forward,Crystal Palace,,Left the Premier League,1,2
2026–27,Signing,Crystal Palace,570794,Anan Khalaili,Defender,,Crystal Palace,Signing from outside the Premier League,0,0
2026–27,Signing,Crystal Palace,220362,Axel Disasi,Defender,West Ham United,Crystal Palace,Signing from another Premier League club,0,0
2026–27,Signing,Crystal Palace,172850,Ben Chilwell,Defender,Crystal Palace,Crystal Palace,Returned to the Premier League,0,0
2026–27,Signing,Crystal Palace,533646,Darío Osorio,Midfielder,,Crystal Palace,Signing from outside the Premier League,0,0
2026–27,Signing,Crystal Palace,433154,Dwight McNeil,Midfielder,Everton,Crystal Palace,Signing from another Premier League club,0,0
2026–27,Signing,Crystal Palace,605972,Honest Ahanor,Defender,,Crystal Palace,Signing from outside the Premier League,0,0
2026–27,Signing,Crystal Palace,242313,Oscar Mingueza,Defender,,Crystal Palace,Signing from outside the Premier League,0,0
2026–27,Signing,Crystal Palace,450063,Quinten Timber,Midfielder,,Crystal Palace,Signing from outside the Premier League,0,0
2026–27,Signing,Crystal Palace,223723,Takehiro Tomiyasu,Defender,Arsenal,Crystal Palace,Returned to the Premier League,0,0
2026–27,Signing,Crystal Palace,559152,Zavier Gozo,Midfielder,,Crystal Palace,Signing from outside the Premier League,0,0
2026–27,Departure,Everton,433154,Dwight McNeil,Midfielder,Everton,Crystal Palace,Sold to another Premier League club,22,1161
2026–27,Departure,Everton,80801,Idrissa Gana Gueye,Midfielder,Everton,,Left the Premier League,25,2094
2026–27,Departure,Everton,440993,Iliman Ndiaye,Midfielder,Everton,Manchester City,Sold to another Premier League club,32,2781
2026–27,Departure,Everton,59949,Séamus Coleman,Defender,Everton,,Left the Premier League,5,19
2026–27,Departure,Everton,490094,Tim Iroegbunam,Midfielder,Everton,Hull City,Sold to another Premier League club,29,1477
2026–27,Signing,Everton,154043,Ainsley Maitland-Niles,Defender,Southampton,Everton,Returned to the Premier League,0,0
2026–27,Signing,Everton,242898,Brennan Johnson,Midfielder,Crystal Palace,Everton,Signing from another Premier League club,0,0
2026–27,Signing,Everton,128295,Christian Nørgaard,Midfielder,Arsenal,Everton,Signing from another Premier League club,0,0
2026–27,Signing,Everton,244860,Hayden Hackney,Midfielder,,Everton,Signing from outside the Premier League,0,0
2026–27,Departure,Fulham,153682,Harry Wilson,Midfielder,Fulham,Leeds United,Sold to another Premier League club,36,2674
2026–27,Departure,Fulham,219924,Issa Diop,Defender,Fulham,Ipswich Town,Sold to another Premier League club,13,812
2026–27,Departure,Fulham,102057,Raúl Jiménez Rodríguez,Forward,Fulham,,Left the Premier League,36,2183
2026–27,Departure,Fulham,218328,Samuel Chukwueze,Midfielder,Fulham,,Left the Premier League,23,1067
2026–27,Departure,Fulham,212314,Saša Lukić,Midfielder,Fulham,Ipswich Town,Sold to another Premier League club,26,1730
2026–27,Signing,Fulham,571779,César Palacios,Midfielder,,Fulham,Signing from outside the Premier League,0,0
2026–27,Signing,Fulham,442299,David Affengruber,Defender,,Fulham,Signing from outside the Premier League,0,0
2026–27,Signing,Fulham,551466,Gonzalo García,Forward,,Fulham,Signing from outside the Premier League,0,0
2026–27,Signing,Fulham,551050,Hugo Larsson,Midfielder,,Fulham,Signing from outside the Premier League,0,0
2026–27,Signing,Fulham,616069,Macaulay Zepa,Midfielder,,Fulham,Signing from outside the Premier League,0,0
2026–27,Signing,Fulham,500033,Manuel Ángel Morán Ibáñez,Midfielder,,Fulham,Signing from outside the Premier League,0,0
2026–27,Signing,Fulham,463210,Shea Charles,Midfielder,Manchester City,Fulham,Returned to the Premier League,0,0
2026–27,Signing,Hull City,496181,Brooke Norton-Cuffy,Defender,,Hull City,Signing from outside the Premier League,0,0
2026–27,Signing,Hull City,647839,Christos Mouzakitis,Midfielder,,Hull City,Signing from outside the Premier League,0,0
2026–27,Signing,Hull City,608227,Elliot Stroud,Midfielder,,Hull City,Signing from outside the Premier League,0,0
2026–27,Signing,Hull City,445028,Hidemasa Morita,Midfielder,,Hull City,Signing from outside the Premier League,0,0
2026–27,Signing,Hull City,626751,Ilyas Ansah,Forward,,Hull City,Signing from outside the Premier League,0,0
2026–27,Signing,Hull City,105666,Jack Butland,Goalkeeper,Crystal Palace,Hull City,Returned to the Premier League,0,0
2026–27,Signing,Hull City,552946,Jens Hjertø-Dahl,Midfielder,,Hull City,Signing from outside the Premier League,0,0
2026–27,Signing,Hull City,462635,Joe Gelhardt,Midfielder,Leeds United,Hull City,Returned to the Premier League,0,0
2026–27,Signing,Hull City,473284,Konstantinos Tzolakis,Goalkeeper,,Hull City,Signing from outside the Premier League,0,0
2026–27,Signing,Hull City,469266,Lucas Gourna-Douath,Midfielder,,Hull City,Signing from outside the Premier League,0,0
2026–27,Signing,Hull City,597462,Lucas Herrington,Defender,,Hull City,Signing from outside the Premier League,0,0
2026–27,Signing,Hull City,169359,Matt Targett,Defender,Newcastle United,Hull City,Returned to the Premier League,0,0
2026–27,Signing,Hull City,490884,Mohamed-Ali Cho,Midfielder,,Hull City,Signing from outside the Premier League,0,0
2026–27,Signing,Hull City,606930,Nobel Mendy,Defender,,Hull City,Signing from outside the Premier League,0,0
2026–27,Signing,Hull City,631000,Robinio Vaz,Forward,,Hull City,Signing from outside the Premier League,0,0
2026–27,Signing,Hull City,243951,Sorba Thomas,Midfielder,,Hull City,Signing from outside the Premier League,0,0
2026–27,Signing,Hull City,490094,Tim Iroegbunam,Midfielder,Everton,Hull City,Signing from another Premier League club,0,0
2026–27,Signing,Hull City,553783,Óscar Zambrano,Midfielder,,Hull City,Signing from outside the Premier League,0,0
2026–27,Signing,Ipswich Town,572584,Abdoul Ouattara,Defender,,Ipswich Town,Signing from outside the Premier League,0,0
2026–27,Signing,Ipswich Town,531442,Abdul Fatawu,Midfielder,Leicester City,Ipswich Town,Returned to the Premier League,0,0
2026–27,Signing,Ipswich Town,147675,Chuba Akpom,Forward,,Ipswich Town,Signing from outside the Premier League,0,0
2026–27,Signing,Ipswich Town,183015,Cédric Kipré,Defender,,Ipswich Town,Signing from outside the Premier League,0,0
2026–27,Signing,Ipswich Town,442967,Daizen Maeda,Midfielder,,Ipswich Town,Signing from outside the Premier League,0,0
2026–27,Signing,Ipswich Town,543968,Emersonn Correia da Silva,Forward,,Ipswich Town,Signing from outside the Premier League,0,0
2026–27,Signing,Ipswich Town,218543,Exequiel Palacios,Midfielder,,Ipswich Town,Signing from outside the Premier League,0,0
2026–27,Signing,Ipswich Town,216055,Florentino Ibrain Morris Luís,Midfielder,Burnley,Ipswich Town,Signing from another Premier League club,0,0
2026–27,Signing,Ipswich Town,219924,Issa Diop,Defender,Fulham,Ipswich Town,Signing from another Premier League club,0,0
2026–27,Signing,Ipswich Town,474120,Julio Enciso,Midfielder,Ipswich Town,Ipswich Town,Returned to the Premier League,0,0
2026–27,Signing,Ipswich Town,546600,Kayne van Oevelen,Goalkeeper,,Ipswich Town,Signing from outside the Premier League,0,0
2026–27,Signing,Ipswich Town,240514,Kjell Scherpen,Goalkeeper,,Ipswich Town,Signing from outside the Premier League,0,0
2026–27,Signing,Ipswich Town,212314,Saša Lukić,Midfielder,Fulham,Ipswich Town,Signing from another Premier League club,0,0
2026–27,Signing,Ipswich Town,431639,Zian Flemming,Forward,Burnley,Ipswich Town,Signing from another Premier League club,0,0
2026–27,Departure,Leeds United,536916,Facundo Buonanotte,Midfielder,Leeds United,Brighton & Hove Albion,Sold to another Premier League club,3,36
2026–27,Departure,Leeds United,59735,Karl Darlow,Goalkeeper,Leeds United,Manchester United,Sold to another Premier League club,22,1980
2026–27,Departure,Leeds United,222694,Pascal Struijk,Defender,Leeds United,Brighton & Hove Albion,Sold to another Premier League club,34,2935
2026–27,Departure,Leeds United,113564,Sam Byram,Defender,Leeds United,,Left the Premier League,2,8
2026–27,Signing,Leeds United,153682,Harry Wilson,Midfielder,Fulham,Leeds United,Signing from another Premier League club,0,0
2026–27,Signing,Leeds United,432720,James Trafford,Goalkeeper,Manchester City,Leeds United,Signing from another Premier League club,0,0
2026–27,Signing,Leeds United,587982,Jean-Mattéo Bahoya,Midfielder,,Leeds United,Signing from outside the Premier League,0,0
2026–27,Signing,Leeds United,437497,Melvin Bard,Defender,,Leeds United,Signing from outside the Premier League,0,0
2026–27,Signing,Leeds United,155465,Michael Zetterer,Goalkeeper,,Leeds United,Signing from outside the Premier League,0,0
2026–27,Signing,Leeds United,173774,Nico Elvedi,Defender,,Leeds United,Signing from outside the Premier League,0,0
2026–27,Signing,Leeds United,522047,Tarik Muharemović,Defender,,Leeds United,Signing from outside the Premier League,0,0
2026–27,Departure,Liverpool,122798,Andrew Robertson,Defender,Liverpool,Tottenham Hotspur,Sold to another Premier League club,24,1165
2026–27,Departure,Liverpool,204716,Ibrahima Konaté,Defender,Liverpool,,Left the Premier League,36,3090
2026–27,Departure,Liverpool,118748,Mohamed Salah,Midfielder,Liverpool,,Left the Premier League,27,2144
2026–27,Signing,Liverpool,482616,Bradley Barcola,Midfielder,,Liverpool,Signing from outside the Premier League,0,0
2026–27,Signing,Liverpool,444884,Harvey Elliott,Midfielder,Aston Villa,Liverpool,Signing from another Premier League club,0,0
2026–27,Signing,Liverpool,606702,Jeremy Jacquet,Defender,,Liverpool,Signing from outside the Premier League,0,0
2026–27,Signing,Liverpool,514514,Lewis Koumas,Midfielder,,Liverpool,Signing from outside the Premier League,0,0
2026–27,Signing,Liverpool,445087,Ronald Araujo,Defender,,Liverpool,Signing from outside the Premier League,0,0
2026–27,Signing,Liverpool,551499,Victor Munoz,Midfielder,,Liverpool,Signing from outside the Premier League,0,0
2026–27,Departure,Manchester City,165809,Bernardo Mota Veiga de Carvalho e Silva,Midfielder,Manchester City,,Left the Premier League,38,2869
2026–27,Departure,Manchester City,432720,James Trafford,Goalkeeper,Manchester City,Leeds United,Sold to another Premier League club,4,360
2026–27,Departure,Manchester City,97299,John Stones,Defender,Manchester City,,Left the Premier League,9,436
2026–27,Departure,Manchester City,126184,Nathan Aké,Defender,Manchester City,,Left the Premier League,18,686
2026–27,Departure,Manchester City,465694,Nico González Iglesias,Midfielder,Manchester City,Newcastle United,Sold to another Premier League club,25,1561
2026–27,Departure,Manchester City,438234,Omar Marmoush,Midfielder,Manchester City,Tottenham Hotspur,Sold to another Premier League club,21,691
2026–27,Departure,Manchester City,510281,Sávio Moreira de Oliveira,Midfielder,Manchester City,Tottenham Hotspur,Sold to another Premier League club,24,817
2026–27,Signing,Manchester City,624777,Allan Andrade Elias,Midfielder,,Manchester City,Signing from outside the Premier League,0,0
2026–27,Signing,Manchester City,637238,Ayyoub Bouaddi,Midfielder,,Manchester City,Signing from outside the Premier League,0,0
2026–27,Signing,Manchester City,215379,Elliot Anderson,Midfielder,Nottingham Forest,Manchester City,Signing from another Premier League club,0,0
2026–27,Signing,Manchester City,448047,Enzo Fernández,Midfielder,Chelsea,Manchester City,Signing from another Premier League club,0,0
2026–27,Signing,Manchester City,106921,Gerónimo Rulli,Goalkeeper,,Manchester City,Signing from outside the Premier League,0,0
2026–27,Signing,Manchester City,440993,Iliman Ndiaye,Midfielder,Everton,Manchester City,Signing from another Premier League club,0,0
2026–27,Signing,Manchester City,649208,Jeremy Monga,Midfielder,Leicester City,Manchester City,Returned to the Premier League,0,0
2026–27,Departure,Manchester United,61256,Carlos Henrique Casimiro,Midfielder,Manchester United,,Left the Premier League,34,2575
2026–27,Departure,Manchester United,222690,Tyrell Malacia,Defender,Manchester United,,Left the Premier League,3,15
2026–27,Signing,Manchester United,532605,Andrey Nascimento dos Santos,Midfielder,Chelsea,Manchester United,Signing from another Premier League club,0,0
2026–27,Signing,Manchester United,535301,Carlos Baleba,Midfielder,Brighton & Hove Albion,Manchester United,Signing from another Premier League club,0,0
2026–27,Signing,Manchester United,59735,Karl Darlow,Goalkeeper,Leeds United,Manchester United,Signing from another Premier League club,0,0
2026–27,Signing,Manchester United,166989,Youri Tielemans,Midfielder,Aston Villa,Manchester United,Signing from another Premier League club,0,0
2026–27,Departure,Newcastle United,225321,Aaron Ramsdale,Goalkeeper,Newcastle United,,Left the Premier League,12,1003
2026–27,Departure,Newcastle United,232826,Anthony Gordon,Midfielder,Newcastle United,,Left the Premier League,26,1798
2026–27,Departure,Newcastle United,208706,Bruno Guimarães Rodriguez Moura,Midfielder,Newcastle United,Arsenal,Sold to another Premier League club,29,2456
2026–27,Departure,Newcastle United,111773,Emil Krafth,Defender,Newcastle United,,Left the Premier League,1,45
2026–27,Departure,Newcastle United,101148,Jamaal Lascelles,Defender,Newcastle United,,Left the Premier League,2,19
2026–27,Departure,Newcastle United,77794,Kieran Trippier,Defender,Newcastle United,,Left the Premier League,21,1586
2026–27,Departure,Newcastle United,432422,Sandro Tonali,Midfielder,Newcastle United,Tottenham Hotspur,Sold to another Premier League club,35,2534
2026–27,Signing,Newcastle United,632794,Aladji Bamba,Midfielder,,Newcastle United,Signing from outside the Premier League,0,0
2026–27,Signing,Newcastle United,463726,Amar Dedic,Defender,,Newcastle United,Signing from outside the Premier League,0,0
2026–27,Signing,Newcastle United,611665,Bazoumana Touré,Midfielder,,Newcastle United,Signing from outside the Premier League,0,0
2026–27,Signing,Newcastle United,554578,Ewen Jaouen,Goalkeeper,,Newcastle United,Signing from outside the Premier League,0,0
2026–27,Signing,Newcastle United,671875,Kyran Thompson,Midfielder,,Newcastle United,Signing from outside the Premier League,0,0
2026–27,Signing,Newcastle United,470551,Lukás Hornícek,Goalkeeper,,Newcastle United,Signing from outside the Premier League,0,0
2026–27,Signing,Newcastle United,665243,Mason Miley,Midfielder,,Newcastle United,Signing from outside the Premier League,0,0
2026–27,Signing,Newcastle United,613221,Matias Fernandez-Pardo,Forward,,Newcastle United,Signing from outside the Premier League,0,0
2026–27,Signing,Newcastle United,655585,Michael Mills,Midfielder,,Newcastle United,Signing from outside the Premier League,0,0
2026–27,Signing,Newcastle United,578512,Miodrag Pivas,Defender,,Newcastle United,Signing from outside the Premier League,0,0
2026–27,Signing,Newcastle United,465694,Nico González Iglesias,Midfielder,Manchester City,Newcastle United,Signing from another Premier League club,0,0
2026–27,Signing,Newcastle United,636852,Sean Steur,Midfielder,,Newcastle United,Signing from outside the Premier League,0,0
2026–27,Signing,Newcastle United,601767,Vakhtang Salia,Forward,,Newcastle United,Signing from outside the Premier League,0,0
2026–27,Departure,Nottingham Forest,107265,Angus Gunn,Goalkeeper,Nottingham Forest,,Left the Premier League,1,45
2026–27,Departure,Nottingham Forest,215379,Elliot Anderson,Midfielder,Nottingham Forest,Manchester City,Sold to another Premier League club,38,3332
2026–27,Departure,Nottingham Forest,510500,João Pedro Ferreira da Silva,Midfielder,Nottingham Forest,,Left the Premier League,1,11
2026–27,Departure,Nottingham Forest,469130,Lorenzo Lucca,Forward,Nottingham Forest,,Left the Premier League,4,126
2026–27,Departure,Nottingham Forest,206325,Oleksandr Zinchenko,Defender,Nottingham Forest,,Left the Premier League,5,352
2026–27,Departure,Nottingham Forest,88248,Stefan Ortega Moreno,Goalkeeper,Nottingham Forest,,Left the Premier League,3,270
2026–27,Departure,Nottingham Forest,210156,Taiwo Awoniyi,Forward,Nottingham Forest,Coventry City,Sold to another Premier League club,17,480
2026–27,Signing,Nottingham Forest,247348,Daniel Muñoz Mejía,Defender,Crystal Palace,Nottingham Forest,Signing from another Premier League club,0,0
2026–27,Signing,Nottingham Forest,463034,Liam Delap,Forward,Chelsea,Nottingham Forest,Signing from another Premier League club,0,0
2026–27,Signing,Nottingham Forest,568420,Ousmane Diomande,Defender,,Nottingham Forest,Signing from outside the Premier League,0,0
2026–27,Signing,Nottingham Forest,428971,Steven Benda,Goalkeeper,,Nottingham Forest,Signing from outside the Premier League,0,0
2026–27,Signing,Nottingham Forest,204561,Xaver Schlager,Midfielder,,Nottingham Forest,Signing from outside the Premier League,0,0
2026–27,Departure,Sunderland,110504,Bertrand Traoré,Midfielder,Sunderland,,Left the Premier League,12,634
2026–27,Departure,Sunderland,223336,Dan Neil,Midfielder,Sunderland,,Left the Premier League,3,13
2026–27,Departure,Sunderland,461195,Dennis Cirkin,Defender,Sunderland,,Left the Premier League,8,319
2026–27,Departure,Sunderland,564406,Eliezer Mayenda Dossou,Forward,Sunderland,,Left the Premier League,20,751
2026–27,Departure,Sunderland,247955,Lutsharel Geertruida,Defender,Sunderland,,Left the Premier League,28,1681
2026–27,Departure,Sunderland,124165,Patrick Roberts,Midfielder,Sunderland,,Left the Premier League,1,27
2026–27,Signing,Sunderland,638411,Dayann Méthalie,Defender,,Sunderland,Signing from outside the Premier League,0,0
2026–27,Signing,Sunderland,661313,Juan Angulo,Forward,,Sunderland,Signing from outside the Premier League,0,0
2026–27,Signing,Sunderland,696104,Jules Ahoka,Midfielder,,Sunderland,Signing from outside the Premier League,0,0
2026–27,Signing,Sunderland,135720,Kevin Danso,Defender,Tottenham Hotspur,Sunderland,Signing from another Premier League club,0,0
2026–27,Signing,Sunderland,549940,Malick Fofana,Midfielder,,Sunderland,Signing from outside the Premier League,0,0
2026–27,Signing,Sunderland,93605,Thomas Meunier,Defender,,Sunderland,Signing from outside the Premier League,0,0
2026–27,Departure,Tottenham Hotspur,154296,João Maria Lobo Alves Palhares Costa Palhinha Gonçalves,Midfielder,Tottenham Hotspur,,Left the Premier League,33,2192
2026–27,Departure,Tottenham Hotspur,135720,Kevin Danso,Defender,Tottenham Hotspur,Sunderland,Sold to another Premier League club,24,1489
2026–27,Departure,Tottenham Hotspur,493125,Radu Drăgușin,Defender,Tottenham Hotspur,,Left the Premier League,10,515
2026–27,Departure,Tottenham Hotspur,247693,Randal Kolo Muani,Forward,Tottenham Hotspur,,Left the Premier League,30,1655
2026–27,Departure,Tottenham Hotspur,227127,Yves Bissouma,Midfielder,Tottenham Hotspur,,Left the Premier League,11,600
2026–27,Signing,Tottenham Hotspur,122798,Andrew Robertson,Defender,Liverpool,Tottenham Hotspur,Signing from another Premier League club,0,0
2026–27,Signing,Tottenham Hotspur,469142,Jan Paul van Hecke,Defender,Brighton & Hove Albion,Tottenham Hotspur,Signing from another Premier League club,0,0
2026–27,Signing,Tottenham Hotspur,221466,Marcos Senesi Barón,Defender,AFC Bournemouth,Tottenham Hotspur,Signing from another Premier League club,0,0
2026–27,Signing,Tottenham Hotspur,67089,Martin Dúbravka,Goalkeeper,Burnley,Tottenham Hotspur,Signing from another Premier League club,0,0
2026–27,Signing,Tottenham Hotspur,551226,Mateus Gonçalo Espanha Fernandes,Midfielder,West Ham United,Tottenham Hotspur,Signing from another Premier League club,0,0
2026–27,Signing,Tottenham Hotspur,465920,Mykhailo Mudryk,Midfielder,Chelsea,Tottenham Hotspur,Returned to the Premier League,0,0
2026–27,Signing,Tottenham Hotspur,438234,Omar Marmoush,Midfielder,Manchester City,Tottenham Hotspur,Signing from another Premier League club,0,0
2026–27,Signing,Tottenham Hotspur,432422,Sandro Tonali,Midfielder,Newcastle United,Tottenham Hotspur,Signing from another Premier League club,0,0
2026–27,Signing,Tottenham Hotspur,510281,Sávio Moreira de Oliveira,Midfielder,Manchester City,Tottenham Hotspur,Signing from another Premier League club,0,0
2026–27,Signing,Tottenham Hotspur,109646,Tosin Adarabioyo,Defender,Chelsea,Tottenham Hotspur,Signing from another Premier League club,0,0
2026–27,Departure,West Ham United,214590,Aaron Wan-Bissaka,Defender,West Ham United,Aston Villa,Sold to another Premier League club,25,2080
2026–27,Departure,West Ham United,159533,Adama Traoré Diarra,Midfielder,West Ham United,,Left the Premier League,9,115
2026–27,Departure,West Ham United,84182,Alphonse Areola,Goalkeeper,West Ham United,,Left the Premier League,20,1800
2026–27,Departure,West Ham United,229384,Andy Irving,Midfielder,West Ham United,,Left the Premier League,7,156
2026–27,Departure,West Ham United,220362,Axel Disasi,Defender,West Ham United,Crystal Palace,Sold to another Premier League club,14,1254
2026–27,Departure,West Ham United,565431,Callum Marshall,Forward,West Ham United,,Left the Premier League,2,58
2026–27,Departure,West Ham United,75115,Callum Wilson,Forward,West Ham United,Brentford,Sold to another Premier League club,32,1234
2026–27,Departure,West Ham United,450070,Crysencio Summerville,Midfielder,West Ham United,,Left the Premier League,31,2470
2026–27,Departure,West Ham United,613804,El Hadji Malick Diouf,Defender,West Ham United,Brentford,Sold to another Premier League club,32,2706
2026–27,Departure,West Ham United,602903,Ezra Mayers,Defender,West Ham United,,Left the Premier League,6,113
2026–27,Departure,West Ham United,490142,Freddie Potts,Midfielder,West Ham United,,Left the Premier League,22,1162
2026–27,Departure,West Ham United,490885,George Earthy,Midfielder,West Ham United,,Left the Premier League,1,8
2026–27,Departure,West Ham United,197024,Guido Rodríguez,Midfielder,West Ham United,,Left the Premier League,6,175
2026–27,Departure,West Ham United,223434,Igor Julio dos Santos de Paulo,Defender,West Ham United,Brighton & Hove Albion,Sold to another Premier League club,4,103
2026–27,Departure,West Ham United,178186,Jarrod Bowen,Forward,West Ham United,,Left the Premier League,38,3406
2026–27,Departure,West Ham United,462116,Jean-Clair Todibo,Defender,West Ham United,,Left the Premier League,23,1817
2026–27,Departure,West Ham United,233963,Konstantinos Mavropanos,Defender,West Ham United,,Left the Premier League,31,2532
2026–27,Departure,West Ham United,158534,Kyle Walker-Peters,Defender,West Ham United,,Left the Premier League,23,1378
2026–27,Departure,West Ham United,224024,Lucas Tolentino Coelho de Lima,Midfielder,West Ham United,,Left the Premier League,18,1513
2026–27,Departure,West Ham United,577114,Luis Guilherme Lira dos Santos,Midfielder,West Ham United,,Left the Premier League,5,121
2026–27,Departure,West Ham United,467189,Mads Hermansen,Goalkeeper,West Ham United,,Left the Premier League,18,1620
2026–27,Departure,West Ham United,551226,Mateus Gonçalo Espanha Fernandes,Midfielder,West Ham United,Tottenham Hotspur,Sold to another Premier League club,36,3017
2026–27,Departure,West Ham United,214048,Maximilian Kilman,Defender,West Ham United,,Left the Premier League,21,1559
2026–27,Departure,West Ham United,630699,Mohamadou Kanté,Midfielder,West Ham United,,Left the Premier League,11,67
2026–27,Departure,West Ham United,210494,Nayef Aguerd,Defender,West Ham United,,Left the Premier League,2,180
2026–27,Departure,West Ham United,91889,Niclas Füllkrug,Forward,West Ham United,,Left the Premier League,8,407
2026–27,Departure,West Ham United,536109,Ollie Scarles,Defender,West Ham United,,Left the Premier League,13,656
2026–27,Departure,West Ham United,530335,Pablo Felipe Pereira de Jesus,Forward,West Ham United,,Left the Premier League,14,819
2026–27,Departure,West Ham United,564940,Soungoutou Magassa,Midfielder,West Ham United,,Left the Premier League,22,971
2026–27,Departure,West Ham United,215439,Tomáš Souček,Midfielder,West Ham United,,Left the Premier League,35,2190
2026–27,Departure,West Ham United,247670,Valentín Castellanos,Forward,West Ham United,,Left the Premier League,18,1384
2026–27,Departure,Wolverhampton Wanderers,155511,Adam Armstrong,Forward,Wolverhampton Wanderers,,Left the Premier League,14,1141
2026–27,Departure,Wolverhampton Wanderers,509291,André Trindade da Costa Neto,Midfielder,Wolverhampton Wanderers,,Left the Premier League,35,2760
2026–27,Departure,Wolverhampton Wanderers,209041,Angel Gomes,Midfielder,Wolverhampton Wanderers,,Left the Premier League,12,457
2026–27,Departure,Wolverhampton Wanderers,79602,Daniel Bentley,Goalkeeper,Wolverhampton Wanderers,Coventry City,Sold to another Premier League club,3,270
2026–27,Departure,Wolverhampton Wanderers,497949,David Møller Wolfe,Defender,Wolverhampton Wanderers,,Left the Premier League,22,1042
2026–27,Departure,Wolverhampton Wanderers,516939,Emmanuel Agbadou,Defender,Wolverhampton Wanderers,,Left the Premier League,14,1100
2026–27,Departure,Wolverhampton Wanderers,643135,Fer López González,Midfielder,Wolverhampton Wanderers,,Left the Premier League,9,228
2026–27,Departure,Wolverhampton Wanderers,490721,Hugo Bueno López,Defender,Wolverhampton Wanderers,,Left the Premier League,35,2359
2026–27,Departure,Wolverhampton Wanderers,184754,Hwang Hee-chan,Midfielder,Wolverhampton Wanderers,,Left the Premier League,26,1439
2026–27,Departure,Wolverhampton Wanderers,523705,Jackson Tchatchoua,Defender,Wolverhampton Wanderers,,Left the Premier League,31,1834
2026–27,Departure,Wolverhampton Wanderers,231057,Jean-Ricner Bellegarde,Midfielder,Wolverhampton Wanderers,,Left the Premier League,26,1239
2026–27,Departure,Wolverhampton Wanderers,685628,Jerome Abbey,Midfielder,Wolverhampton Wanderers,,Left the Premier League,1,16
2026–27,Departure,Wolverhampton Wanderers,230376,Jhon Arias,Midfielder,Wolverhampton Wanderers,,Left the Premier League,23,1117
2026–27,Departure,Wolverhampton Wanderers,149065,José Malheiro de Sá,Goalkeeper,Wolverhampton Wanderers,,Left the Premier League,23,2070
2026–27,Departure,Wolverhampton Wanderers,448089,João Victor Gomes da Silva,Midfielder,Wolverhampton Wanderers,Aston Villa,Sold to another Premier League club,35,2829
2026–27,Departure,Wolverhampton Wanderers,441271,Ki-Jana Hoever,Defender,Wolverhampton Wanderers,,Left the Premier League,8,423
2026–27,Departure,Wolverhampton Wanderers,431248,Ladislav Krejcí,Defender,Wolverhampton Wanderers,,Left the Premier League,28,2356
2026–27,Departure,Wolverhampton Wanderers,433312,Marshall Munetsi,Midfielder,Wolverhampton Wanderers,,Left the Premier League,13,872
2026–27,Departure,Wolverhampton Wanderers,647671,Mateus Mané,Forward,Wolverhampton Wanderers,,Left the Premier League,27,1787
2026–27,Departure,Wolverhampton Wanderers,87835,Matt Doherty,Defender,Wolverhampton Wanderers,,Left the Premier League,11,786
2026–27,Departure,Wolverhampton Wanderers,641221,Pedro Cardoso de Lima,Defender,Wolverhampton Wanderers,,Left the Premier League,9,257
2026–27,Departure,Wolverhampton Wanderers,483081,Rodrigo Martins Gomes,Defender,Wolverhampton Wanderers,,Left the Premier League,22,954
2026–27,Departure,Wolverhampton Wanderers,101982,Sam Johnstone,Goalkeeper,Wolverhampton Wanderers,,Left the Premier League,12,1080
2026–27,Departure,Wolverhampton Wanderers,231480,Santiago Ignacio Bueno,Defender,Wolverhampton Wanderers,,Left the Premier League,29,2552
2026–27,Departure,Wolverhampton Wanderers,429414,Saša Kalajdžić,Forward,Wolverhampton Wanderers,,Left the Premier League,1,14
2026–27,Departure,Wolverhampton Wanderers,497606,Tawanda Chirewa,Midfielder,Wolverhampton Wanderers,,Left the Premier League,2,25
2026–27,Departure,Wolverhampton Wanderers,488213,Tolu Arokodare,Forward,Wolverhampton Wanderers,,Left the Premier League,33,1402
2026–27,Departure,Wolverhampton Wanderers,596054,Tom Edozie,Midfielder,Wolverhampton Wanderers,,Left the Premier League,3,12
2026–27,Departure,Wolverhampton Wanderers,510362,Toti Gomes,Defender,Wolverhampton Wanderers,,Left the Premier League,19,1423
2026–27,Departure,Wolverhampton Wanderers,501837,Yerson Mosquera Valdelamar,Defender,Wolverhampton Wanderers,,Left the Premier League,27,2137
