season,home,away,date,football_data_date
1992–93,Arsenal,Norwich City,1992-08-15,1992-08-15
1992–93,Chelsea,Oldham Athletic,1992-08-15,1992-08-15
1992–93,Coventry City,Middlesbrough,1992-08-15,1992-08-15
1992–93,Crystal Palace,Blackburn Rovers,1992-08-15,1992-08-15
1992–93,Everton,Sheffield Wednesday,1992-08-15,1992-08-15
1992–93,Ipswich Town,Aston Villa,1992-08-15,1992-08-15
1992–93,Leeds United,Wimbledon,1992-08-15,1992-08-15
1992–93,Sheffield United,Manchester United,1992-08-15,1992-08-15
1992–93,Southampton,Tottenham Hotspur,1992-08-15,1992-08-15
1992–93,Nottingham Forest,Liverpool,1992-08-16,1992-08-16
1992–93,Manchester City,Queens Park Rangers,1992-08-17,1992-08-17
1992–93,Blackburn Rovers,Arsenal,1992-08-18,1992-08-18
1992–93,Wimbledon,Ipswich Town,1992-08-18,1992-08-18
1992–93,Aston Villa,Leeds United,1992-08-19,1992-08-19
1992–93,Liverpool,Sheffield United,1992-08-19,1992-08-19
1992–93,Manchester United,Everton,1992-08-19,1992-08-19
1992–93,Middlesbrough,Manchester City,1992-08-19,1992-08-19
1992–93,Norwich City,Chelsea,1992-08-19,1992-08-19
1992–93,Oldham Athletic,Crystal Palace,1992-08-19,1992-08-19
1992–93,Queens Park Rangers,Southampton,1992-08-19,1992-08-19
1992–93,Sheffield Wednesday,Nottingham Forest,1992-08-19,1992-08-19
1992–93,Tottenham Hotspur,Coventry City,1992-08-19,1992-08-19
1992–93,Aston Villa,Southampton,1992-08-22,1992-08-22
1992–93,Blackburn Rovers,Manchester City,1992-08-22,1992-08-22
1992–93,Manchester United,Ipswich Town,1992-08-22,1992-08-22
1992–93,Middlesbrough,Leeds United,1992-08-22,1992-08-22
1992–93,Norwich City,Everton,1992-08-22,1992-08-22
1992–93,Oldham Athletic,Nottingham Forest,1992-08-22,1992-08-22
1992–93,Queens Park Rangers,Sheffield United,1992-08-22,1992-08-22
1992–93,Sheffield Wednesday,Chelsea,1992-08-22,1992-08-22
1992–93,Tottenham Hotspur,Crystal Palace,1992-08-22,1992-08-22
1992–93,Wimbledon,Coventry City,1992-08-22,1992-08-22
1992–93,Liverpool,Arsenal,1992-08-23,1992-08-23
1992–93,Southampton,Manchester United,1992-08-24,1992-08-24
1992–93,Crystal Palace,Sheffield Wednesday,1992-08-25,1992-08-25
1992–93,Everton,Aston Villa,1992-08-25,1992-08-25
1992–93,Ipswich Town,Liverpool,1992-08-25,1992-08-25
1992–93,Leeds United,Tottenham Hotspur,1992-08-25,1992-08-25
1992–93,Sheffield United,Wimbledon,1992-08-25,1992-08-25
1992–93,Arsenal,Oldham Athletic,1992-08-26,1992-08-26
1992–93,Chelsea,Blackburn Rovers,1992-08-26,1992-08-26
1992–93,Coventry City,Queens Park Rangers,1992-08-26,1992-08-26
1992–93,Manchester City,Norwich City,1992-08-26,1992-08-26
1992–93,Arsenal,Sheffield Wednesday,1992-08-29,1992-08-29
1992–93,Chelsea,Queens Park Rangers,1992-08-29,1992-08-29
1992–93,Coventry City,Blackburn Rovers,1992-08-29,1992-08-29
1992–93,Crystal Palace,Norwich City,1992-08-29,1992-08-29
1992–93,Everton,Wimbledon,1992-08-29,1992-08-29
1992–93,Leeds United,Liverpool,1992-08-29,1992-08-29
1992–93,Manchester City,Oldham Athletic,1992-08-29,1992-08-29
1992–93,Nottingham Forest,Manchester United,1992-08-29,1992-08-29
1992–93,Sheffield United,Aston Villa,1992-08-29,1992-08-29
1992–93,Southampton,Middlesbrough,1992-08-29,1992-08-29
1992–93,Ipswich Town,Tottenham Hotspur,1992-08-30,1992-08-30
1992–93,Norwich City,Nottingham Forest,1992-08-31,1992-08-31
1992–93,Liverpool,Southampton,1992-09-01,1992-09-01
1992–93,Middlesbrough,Ipswich Town,1992-09-01,1992-09-01
1992–93,Oldham Athletic,Leeds United,1992-09-01,1992-09-01
1992–93,Wimbledon,Manchester City,1992-09-01,1992-09-01
1992–93,Aston Villa,Chelsea,1992-09-02,1992-09-02
1992–93,Manchester United,Crystal Palace,1992-09-02,1992-09-02
1992–93,Queens Park Rangers,Arsenal,1992-09-02,1992-09-02
1992–93,Sheffield Wednesday,Coventry City,1992-09-02,1992-09-02
1992–93,Tottenham Hotspur,Sheffield United,1992-09-02,1992-09-02
1992–93,Aston Villa,Crystal Palace,1992-09-05,1992-09-05
1992–93,Blackburn Rovers,Nottingham Forest,1992-09-05,1992-09-05
1992–93,Liverpool,Chelsea,1992-09-05,1992-09-05
1992–93,Middlesbrough,Sheffield United,1992-09-05,1992-09-05
1992–93,Norwich City,Southampton,1992-09-05,1992-09-05
1992–93,Oldham Athletic,Coventry City,1992-09-05,1992-09-05
1992–93,Queens Park Rangers,Ipswich Town,1992-09-05,1992-09-05
1992–93,Sheffield Wednesday,Manchester City,1992-09-05,1992-09-05
1992–93,Tottenham Hotspur,Everton,1992-09-05,1992-09-05
1992–93,Wimbledon,Arsenal,1992-09-05,1992-09-05
1992–93,Manchester United,Leeds United,1992-09-06,1992-09-06
1992–93,Arsenal,Blackburn Rovers,1992-09-12,1992-09-12
1992–93,Chelsea,Norwich City,1992-09-12,1992-09-12
1992–93,Crystal Palace,Oldham Athletic,1992-09-12,1992-09-12
1992–93,Everton,Manchester United,1992-09-12,1992-09-12
1992–93,Ipswich Town,Wimbledon,1992-09-12,1992-09-12
1992–93,Manchester City,Middlesbrough,1992-09-12,1992-09-12
1992–93,Nottingham Forest,Sheffield Wednesday,1992-09-12,1992-09-12
1992–93,Sheffield United,Liverpool,1992-09-12,1992-09-12
1992–93,Southampton,Queens Park Rangers,1992-09-12,1992-09-12
1992–93,Leeds United,Aston Villa,1992-09-13,1992-09-13
1992–93,Coventry City,Tottenham Hotspur,1992-09-14,1992-09-14
1992–93,Blackburn Rovers,Everton,1992-09-15,1992-09-15
1992–93,Aston Villa,Liverpool,1992-09-19,1992-09-19
1992–93,Everton,Crystal Palace,1992-09-19,1992-09-19
1992–93,Norwich City,Sheffield Wednesday,1992-09-19,1992-09-19
1992–93,Oldham Athletic,Ipswich Town,1992-09-19,1992-09-19
1992–93,Queens Park Rangers,Middlesbrough,1992-09-19,1992-09-19
1992–93,Sheffield United,Arsenal,1992-09-19,1992-09-19
1992–93,Southampton,Leeds United,1992-09-19,1992-09-19
1992–93,Tottenham Hotspur,Manchester United,1992-09-19,1992-09-19
1992–93,Wimbledon,Blackburn Rovers,1992-09-19,1992-09-19
1992–93,Manchester City,Chelsea,1992-09-20,1992-09-20
1992–93,Nottingham Forest,Coventry City,1992-09-21,1992-09-21
1992–93,Blackburn Rovers,Oldham Athletic,1992-09-26,1992-09-26
1992–93,Chelsea,Nottingham Forest,1992-09-26,1992-09-26
1992–93,Coventry City,Norwich City,1992-09-26,1992-09-26
1992–93,Crystal Palace,Southampton,1992-09-26,1992-09-26
1992–93,Ipswich Town,Sheffield United,1992-09-26,1992-09-26
1992–93,Leeds United,Everton,1992-09-26,1992-09-26
1992–93,Liverpool,Wimbledon,1992-09-26,1992-09-26
1992–93,Manchester United,Queens Park Rangers,1992-09-26,1992-09-26
1992–93,Middlesbrough,Aston Villa,1992-09-26,1992-09-26
1992–93,Sheffield Wednesday,Tottenham Hotspur,1992-09-27,1992-09-27
1992–93,Arsenal,Manchester City,1992-09-28,1992-09-28
1992–93,Arsenal,Chelsea,1992-10-03,1992-10-03
1992–93,Blackburn Rovers,Norwich City,1992-10-03,1992-10-03
1992–93,Coventry City,Crystal Palace,1992-10-03,1992-10-03
1992–93,Ipswich Town,Leeds United,1992-10-03,1992-10-03
1992–93,Liverpool,Sheffield Wednesday,1992-10-03,1992-10-03
1992–93,Manchester City,Nottingham Forest,1992-10-03,1992-10-03
1992–93,Middlesbrough,Manchester United,1992-10-03,1992-10-03
1992–93,Queens Park Rangers,Tottenham Hotspur,1992-10-03,1992-10-03
1992–93,Sheffield United,Southampton,1992-10-03,1992-10-03
1992–93,Wimbledon,Aston Villa,1992-10-03,1992-10-03
1992–93,Oldham Athletic,Everton,1992-10-04,1992-10-04
1992–93,Chelsea,Ipswich Town,1992-10-17,1992-10-17
1992–93,Crystal Palace,Manchester City,1992-10-17,1992-10-17
1992–93,Everton,Coventry City,1992-10-17,1992-10-17
1992–93,Leeds United,Sheffield United,1992-10-17,1992-10-17
1992–93,Norwich City,Queens Park Rangers,1992-10-17,1992-10-17
1992–93,Nottingham Forest,Arsenal,1992-10-17,1992-10-17
1992–93,Sheffield Wednesday,Oldham Athletic,1992-10-17,1992-10-17
1992–93,Southampton,Wimbledon,1992-10-17,1992-10-17
1992–93,Tottenham Hotspur,Middlesbrough,1992-10-17,1992-10-17
1992–93,Manchester United,Liverpool,1992-10-18,1992-10-18
1992–93,Aston Villa,Blackburn Rovers,1992-10-19,1992-10-19
1992–93,Nottingham Forest,Middlesbrough,1992-10-21,1992-10-21
1992–93,Arsenal,Everton,1992-10-24,1992-10-24
1992–93,Blackburn Rovers,Manchester United,1992-10-24,1992-10-24
1992–93,Coventry City,Chelsea,1992-10-24,1992-10-24
1992–93,Ipswich Town,Crystal Palace,1992-10-24,1992-10-24
1992–93,Manchester City,Southampton,1992-10-24,1992-10-24
1992–93,Middlesbrough,Sheffield Wednesday,1992-10-24,1992-10-24
1992–93,Oldham Athletic,Aston Villa,1992-10-24,1992-10-24
1992–93,Queens Park Rangers,Leeds United,1992-10-24,1992-10-24
1992–93,Sheffield United,Nottingham Forest,1992-10-24,1992-10-24
1992–93,Liverpool,Norwich City,1992-10-25,1992-10-25
1992–93,Wimbledon,Tottenham Hotspur,1992-10-25,1992-10-24
1992–93,Chelsea,Sheffield United,1992-10-31,1992-10-31
1992–93,Everton,Manchester City,1992-10-31,1992-10-31
1992–93,Leeds United,Coventry City,1992-10-31,1992-10-31
1992–93,Manchester United,Wimbledon,1992-10-31,1992-10-31
1992–93,Norwich City,Middlesbrough,1992-10-31,1992-10-31
1992–93,Nottingham Forest,Ipswich Town,1992-10-31,1992-10-31
1992–93,Sheffield Wednesday,Blackburn Rovers,1992-10-31,1992-10-31
1992–93,Southampton,Oldham Athletic,1992-10-31,1992-10-31
1992–93,Tottenham Hotspur,Liverpool,1992-10-31,1992-10-31
1992–93,Aston Villa,Queens Park Rangers,1992-11-01,1992-11-01
1992–93,Crystal Palace,Arsenal,1992-11-02,1992-11-02
1992–93,Arsenal,Coventry City,1992-11-07,1992-11-07
1992–93,Aston Villa,Manchester United,1992-11-07,1992-11-07
1992–93,Blackburn Rovers,Tottenham Hotspur,1992-11-07,1992-11-07
1992–93,Chelsea,Crystal Palace,1992-11-07,1992-11-07
1992–93,Ipswich Town,Southampton,1992-11-07,1992-11-07
1992–93,Liverpool,Middlesbrough,1992-11-07,1992-11-07
1992–93,Manchester City,Leeds United,1992-11-07,1992-11-07
1992–93,Nottingham Forest,Everton,1992-11-07,1992-11-07
1992–93,Wimbledon,Queens Park Rangers,1992-11-07,1992-11-07
1992–93,Sheffield United,Sheffield Wednesday,1992-11-08,1992-11-08
1992–93,Oldham Athletic,Norwich City,1992-11-09,1992-11-09
1992–93,Coventry City,Manchester City,1992-11-21,1992-11-21
1992–93,Crystal Palace,Nottingham Forest,1992-11-21,1992-11-21
1992–93,Everton,Chelsea,1992-11-21,1992-11-21
1992–93,Leeds United,Arsenal,1992-11-21,1992-11-21
1992–93,Manchester United,Oldham Athletic,1992-11-21,1992-11-21
1992–93,Middlesbrough,Wimbledon,1992-11-21,1992-11-21
1992–93,Norwich City,Sheffield United,1992-11-21,1992-11-21
1992–93,Sheffield Wednesday,Ipswich Town,1992-11-21,1992-11-21
1992–93,Tottenham Hotspur,Aston Villa,1992-11-21,1992-11-21
1992–93,Southampton,Blackburn Rovers,1992-11-22,1992-11-22
1992–93,Queens Park Rangers,Liverpool,1992-11-23,1992-11-22
1992–93,Arsenal,Manchester United,1992-11-28,1992-11-28
1992–93,Aston Villa,Norwich City,1992-11-28,1992-11-28
1992–93,Blackburn Rovers,Queens Park Rangers,1992-11-28,1992-11-28
1992–93,Ipswich Town,Everton,1992-11-28,1992-11-28
1992–93,Liverpool,Crystal Palace,1992-11-28,1992-11-28
1992–93,Manchester City,Tottenham Hotspur,1992-11-28,1992-11-28
1992–93,Nottingham Forest,Southampton,1992-11-28,1992-11-28
1992–93,Oldham Athletic,Middlesbrough,1992-11-28,1992-11-28
1992–93,Sheffield United,Coventry City,1992-11-28,1992-11-28
1992–93,Wimbledon,Sheffield Wednesday,1992-11-28,1992-11-28
1992–93,Chelsea,Leeds United,1992-11-29,1992-11-29
1992–93,Coventry City,Ipswich Town,1992-12-05,1992-12-05
1992–93,Crystal Palace,Sheffield United,1992-12-05,1992-12-05
1992–93,Leeds United,Nottingham Forest,1992-12-05,1992-12-05
1992–93,Middlesbrough,Blackburn Rovers,1992-12-05,1992-12-05
1992–93,Norwich City,Wimbledon,1992-12-05,1992-12-05
1992–93,Queens Park Rangers,Oldham Athletic,1992-12-05,1992-12-05
1992–93,Sheffield Wednesday,Aston Villa,1992-12-05,1992-12-05
1992–93,Southampton,Arsenal,1992-12-05,1992-12-05
1992–93,Tottenham Hotspur,Chelsea,1992-12-05,1992-12-05
1992–93,Manchester United,Manchester City,1992-12-06,1992-12-06
1992–93,Everton,Liverpool,1992-12-07,1992-12-07
1992–93,Middlesbrough,Chelsea,1992-12-11,1992-12-11
1992–93,Aston Villa,Nottingham Forest,1992-12-12,1992-12-12
1992–93,Ipswich Town,Manchester City,1992-12-12,1992-12-12
1992–93,Leeds United,Sheffield Wednesday,1992-12-12,1992-12-12
1992–93,Manchester United,Norwich City,1992-12-12,1992-12-12
1992–93,Queens Park Rangers,Crystal Palace,1992-12-12,1992-12-12
1992–93,Sheffield United,Everton,1992-12-12,1992-12-12
1992–93,Southampton,Coventry City,1992-12-12,1992-12-12
1992–93,Tottenham Hotspur,Arsenal,1992-12-12,1992-12-12
1992–93,Wimbledon,Oldham Athletic,1992-12-12,1992-12-12
1992–93,Liverpool,Blackburn Rovers,1992-12-13,1992-12-13
1992–93,Arsenal,Middlesbrough,1992-12-19,1992-12-19
1992–93,Blackburn Rovers,Sheffield United,1992-12-19,1992-12-19
1992–93,Chelsea,Manchester United,1992-12-19,1992-12-19
1992–93,Coventry City,Liverpool,1992-12-19,1992-12-19
1992–93,Everton,Southampton,1992-12-19,1992-12-19
1992–93,Manchester City,Aston Villa,1992-12-19,1992-12-19
1992–93,Oldham Athletic,Tottenham Hotspur,1992-12-19,1992-12-19
1992–93,Sheffield Wednesday,Queens Park Rangers,1992-12-19,1992-12-19
1992–93,Crystal Palace,Leeds United,1992-12-20,1992-12-20
1992–93,Nottingham Forest,Wimbledon,1992-12-20,1992-12-20
1992–93,Norwich City,Ipswich Town,1992-12-21,1992-12-21
1992–93,Arsenal,Ipswich Town,1992-12-26,1992-12-26
1992–93,Blackburn Rovers,Leeds United,1992-12-26,1992-12-26
1992–93,Chelsea,Southampton,1992-12-26,1992-12-26
1992–93,Coventry City,Aston Villa,1992-12-26,1992-12-26
1992–93,Crystal Palace,Wimbledon,1992-12-26,1992-12-26
1992–93,Everton,Middlesbrough,1992-12-26,1992-12-26
1992–93,Manchester City,Sheffield United,1992-12-26,1992-12-26
1992–93,Norwich City,Tottenham Hotspur,1992-12-26,1992-12-26
1992–93,Sheffield Wednesday,Manchester United,1992-12-26,1992-12-26
1992–93,Aston Villa,Arsenal,1992-12-28,1992-12-28
1992–93,Ipswich Town,Blackburn Rovers,1992-12-28,1992-12-28
1992–93,Leeds United,Norwich City,1992-12-28,1992-12-28
1992–93,Liverpool,Manchester City,1992-12-28,1992-12-28
1992–93,Manchester United,Coventry City,1992-12-28,1992-12-28
1992–93,Middlesbrough,Crystal Palace,1992-12-28,1992-12-28
1992–93,Queens Park Rangers,Everton,1992-12-28,1992-12-28
1992–93,Southampton,Sheffield Wednesday,1992-12-28,1992-12-28
1992–93,Tottenham Hotspur,Nottingham Forest,1992-12-28,1992-12-28
1992–93,Wimbledon,Chelsea,1992-12-28,1992-12-28
1992–93,Arsenal,Sheffield United,1993-01-09,1993-01-09
1992–93,Blackburn Rovers,Wimbledon,1993-01-09,1993-01-09
1992–93,Chelsea,Manchester City,1993-01-09,1993-01-09
1992–93,Coventry City,Nottingham Forest,1993-01-09,1993-01-09
1992–93,Crystal Palace,Everton,1993-01-09,1993-01-09
1992–93,Ipswich Town,Oldham Athletic,1993-01-09,1993-01-09
1992–93,Leeds United,Southampton,1993-01-09,1993-01-09
1992–93,Liverpool,Aston Villa,1993-01-09,1993-01-09
1992–93,Manchester United,Tottenham Hotspur,1993-01-09,1993-01-09
1992–93,Middlesbrough,Queens Park Rangers,1993-01-09,1993-01-09
1992–93,Sheffield Wednesday,Norwich City,1993-01-10,1993-01-10
1992–93,Everton,Leeds United,1993-01-16,1993-01-16
1992–93,Manchester City,Arsenal,1993-01-16,1993-01-16
1992–93,Norwich City,Coventry City,1993-01-16,1993-01-16
1992–93,Nottingham Forest,Chelsea,1993-01-16,1993-01-16
1992–93,Oldham Athletic,Blackburn Rovers,1993-01-16,1993-01-16
1992–93,Sheffield United,Ipswich Town,1993-01-16,1993-01-16
1992–93,Southampton,Crystal Palace,1993-01-16,1993-01-16
1992–93,Tottenham Hotspur,Sheffield Wednesday,1993-01-16,1993-01-16
1992–93,Wimbledon,Liverpool,1993-01-16,1993-01-16
1992–93,Aston Villa,Middlesbrough,1993-01-17,1993-01-17
1992–93,Queens Park Rangers,Manchester United,1993-01-18,1993-01-18
1992–93,Coventry City,Oldham Athletic,1993-01-23,1993-01-23
1992–93,Blackburn Rovers,Coventry City,1993-01-26,1993-01-26
1992–93,Middlesbrough,Southampton,1993-01-26,1993-01-26
1992–93,Oldham Athletic,Manchester City,1993-01-26,1993-01-26
1992–93,Wimbledon,Everton,1993-01-26,1993-01-26
1992–93,Aston Villa,Sheffield United,1993-01-27,1993-01-27
1992–93,Manchester United,Nottingham Forest,1993-01-27,1993-01-27
1992–93,Norwich City,Crystal Palace,1993-01-27,1993-01-27
1992–93,Queens Park Rangers,Chelsea,1993-01-27,1993-01-27
1992–93,Tottenham Hotspur,Ipswich Town,1993-01-27,1993-01-27
1992–93,Chelsea,Sheffield Wednesday,1993-01-30,1993-01-30
1992–93,Coventry City,Wimbledon,1993-01-30,1993-01-30
1992–93,Crystal Palace,Tottenham Hotspur,1993-01-30,1993-01-30
1992–93,Everton,Norwich City,1993-01-30,1993-01-30
1992–93,Ipswich Town,Manchester United,1993-01-30,1993-01-30
1992–93,Leeds United,Middlesbrough,1993-01-30,1993-01-30
1992–93,Manchester City,Blackburn Rovers,1993-01-30,1993-01-30
1992–93,Nottingham Forest,Oldham Athletic,1993-01-30,1993-01-30
1992–93,Sheffield United,Queens Park Rangers,1993-01-30,1993-01-30
1992–93,Southampton,Aston Villa,1993-01-30,1993-01-30
1992–93,Arsenal,Liverpool,1993-01-31,1993-01-31
1992–93,Blackburn Rovers,Crystal Palace,1993-02-02,1993-02-02
1992–93,Aston Villa,Ipswich Town,1993-02-06,1993-02-06
1992–93,Liverpool,Nottingham Forest,1993-02-06,1993-02-06
1992–93,Manchester United,Sheffield United,1993-02-06,1993-02-06
1992–93,Middlesbrough,Coventry City,1993-02-06,1993-02-06
1992–93,Oldham Athletic,Chelsea,1993-02-06,1993-02-06
1992–93,Queens Park Rangers,Manchester City,1993-02-06,1993-02-06
1992–93,Sheffield Wednesday,Everton,1993-02-06,1993-02-06
1992–93,Wimbledon,Leeds United,1993-02-06,1993-02-06
1992–93,Tottenham Hotspur,Southampton,1993-02-07,1993-02-07
1992–93,Leeds United,Manchester United,1993-02-08,1993-02-08
1992–93,Ipswich Town,Queens Park Rangers,1993-02-09,1993-02-09
1992–93,Sheffield United,Middlesbrough,1993-02-09,1993-02-09
1992–93,Arsenal,Wimbledon,1993-02-10,1993-02-10
1992–93,Chelsea,Liverpool,1993-02-10,1993-02-10
1992–93,Crystal Palace,Aston Villa,1993-02-10,1993-02-10
1992–93,Everton,Tottenham Hotspur,1993-02-10,1993-02-10
1992–93,Southampton,Norwich City,1993-02-10,1993-02-10
1992–93,Chelsea,Aston Villa,1993-02-13,1993-02-13
1992–93,Leeds United,Oldham Athletic,1993-02-13,1993-02-13
1992–93,Southampton,Liverpool,1993-02-13,1993-02-13
1992–93,Aston Villa,Everton,1993-02-20,1993-02-20
1992–93,Liverpool,Ipswich Town,1993-02-20,1993-02-20
1992–93,Manchester United,Southampton,1993-02-20,1993-02-20
1992–93,Middlesbrough,Nottingham Forest,1993-02-20,1993-02-20
1992–93,Norwich City,Manchester City,1993-02-20,1993-02-20
1992–93,Oldham Athletic,Arsenal,1993-02-20,1993-02-20
1992–93,Queens Park Rangers,Coventry City,1993-02-20,1993-02-20
1992–93,Sheffield Wednesday,Crystal Palace,1993-02-20,1993-02-20
1992–93,Tottenham Hotspur,Leeds United,1993-02-20,1993-02-20
1992–93,Wimbledon,Sheffield United,1993-02-20,1993-02-20
1992–93,Blackburn Rovers,Chelsea,1993-02-21,1993-02-21
1992–93,Sheffield United,Oldham Athletic,1993-02-22,1993-02-22
1992–93,Manchester City,Sheffield Wednesday,1993-02-23,1993-02-23
1992–93,Arsenal,Leeds United,1993-02-24,1993-02-24
1992–93,Nottingham Forest,Queens Park Rangers,1993-02-24,1993-02-24
1992–93,Aston Villa,Wimbledon,1993-02-27,1993-02-27
1992–93,Crystal Palace,Coventry City,1993-02-27,1993-02-27
1992–93,Everton,Oldham Athletic,1993-02-27,1993-02-27
1992–93,Leeds United,Ipswich Town,1993-02-27,1993-02-27
1992–93,Manchester United,Middlesbrough,1993-02-27,1993-02-27
1992–93,Nottingham Forest,Manchester City,1993-02-27,1993-02-27
1992–93,Sheffield Wednesday,Liverpool,1993-02-27,1993-02-27
1992–93,Southampton,Sheffield United,1993-02-27,1993-02-27
1992–93,Tottenham Hotspur,Queens Park Rangers,1993-02-27,1993-02-27
1992–93,Norwich City,Blackburn Rovers,1993-02-28,1993-02-28
1992–93,Chelsea,Arsenal,1993-03-01,1993-03-01
1992–93,Ipswich Town,Middlesbrough,1993-03-02,1993-03-02
1992–93,Sheffield United,Tottenham Hotspur,1993-03-02,1993-03-02
1992–93,Coventry City,Sheffield Wednesday,1993-03-03,1993-03-03
1992–93,Everton,Blackburn Rovers,1993-03-03,1993-03-03
1992–93,Norwich City,Arsenal,1993-03-03,1993-03-03
1992–93,Nottingham Forest,Crystal Palace,1993-03-03,1993-03-03
1992–93,Liverpool,Manchester United,1993-03-06,1993-03-06
1992–93,Queens Park Rangers,Norwich City,1993-03-06,1993-03-06
1992–93,Wimbledon,Southampton,1993-03-06,1993-03-06
1992–93,Coventry City,Everton,1993-03-07,1993-03-07
1992–93,Blackburn Rovers,Southampton,1993-03-09,1993-03-09
1992–93,Oldham Athletic,Manchester United,1993-03-09,1993-03-09
1992–93,Wimbledon,Middlesbrough,1993-03-09,1993-03-09
1992–93,Aston Villa,Tottenham Hotspur,1993-03-10,1993-03-10
1992–93,Chelsea,Everton,1993-03-10,1993-03-10
1992–93,Ipswich Town,Sheffield Wednesday,1993-03-10,1993-03-10
1992–93,Liverpool,Queens Park Rangers,1993-03-10,1993-03-10
1992–93,Manchester City,Coventry City,1993-03-10,1993-03-10
1992–93,Sheffield United,Norwich City,1993-03-10,1993-03-10
1992–93,Coventry City,Arsenal,1993-03-13,1993-03-13
1992–93,Everton,Nottingham Forest,1993-03-13,1993-03-13
1992–93,Leeds United,Manchester City,1993-03-13,1993-03-13
1992–93,Middlesbrough,Liverpool,1993-03-13,1993-03-13
1992–93,Norwich City,Oldham Athletic,1993-03-13,1993-03-13
1992–93,Queens Park Rangers,Wimbledon,1993-03-13,1993-03-13
1992–93,Southampton,Ipswich Town,1993-03-13,1993-03-13
1992–93,Manchester United,Aston Villa,1993-03-14,1993-03-14
1992–93,Crystal Palace,Chelsea,1993-03-15,1993-03-15
1992–93,Nottingham Forest,Norwich City,1993-03-17,1993-03-17
1992–93,Arsenal,Southampton,1993-03-20,1993-03-20
1992–93,Aston Villa,Sheffield Wednesday,1993-03-20,1993-03-20
1992–93,Blackburn Rovers,Middlesbrough,1993-03-20,1993-03-20
1992–93,Chelsea,Tottenham Hotspur,1993-03-20,1993-03-20
1992–93,Ipswich Town,Coventry City,1993-03-20,1993-03-20
1992–93,Liverpool,Everton,1993-03-20,1993-03-20
1992–93,Manchester City,Manchester United,1993-03-20,1993-03-20
1992–93,Oldham Athletic,Queens Park Rangers,1993-03-20,1993-03-20
1992–93,Sheffield United,Crystal Palace,1993-03-20,1993-03-20
1992–93,Wimbledon,Norwich City,1993-03-20,1993-03-20
1992–93,Nottingham Forest,Leeds United,1993-03-21,1993-03-21
1992–93,Middlesbrough,Oldham Athletic,1993-03-22,1993-03-22
1992–93,Crystal Palace,Liverpool,1993-03-23,1993-03-23
1992–93,Coventry City,Sheffield United,1993-03-24,1993-03-24
1992–93,Everton,Ipswich Town,1993-03-24,1993-03-24
1992–93,Leeds United,Chelsea,1993-03-24,1993-03-24
1992–93,Manchester United,Arsenal,1993-03-24,1993-03-24
1992–93,Norwich City,Aston Villa,1993-03-24,1993-03-24
1992–93,Queens Park Rangers,Blackburn Rovers,1993-03-24,1993-03-24
1992–93,Sheffield Wednesday,Wimbledon,1993-03-24,1993-03-24
1992–93,Southampton,Nottingham Forest,1993-03-24,1993-03-24
1992–93,Tottenham Hotspur,Manchester City,1993-03-24,1993-03-24
1992–93,Blackburn Rovers,Liverpool,1993-04-03,1993-04-03
1992–93,Chelsea,Middlesbrough,1993-04-03,1993-04-03
1992–93,Coventry City,Southampton,1993-04-03,1993-04-03
1992–93,Crystal Palace,Queens Park Rangers,1993-04-03,1993-04-03
1992–93,Manchester City,Ipswich Town,1993-04-03,1993-04-03
1992–93,Oldham Athletic,Wimbledon,1993-04-03,1993-04-03
1992–93,Nottingham Forest,Aston Villa,1993-04-04,1993-04-04
1992–93,Norwich City,Manchester United,1993-04-05,1993-04-05
1992–93,Ipswich Town,Chelsea,1993-04-06,1993-04-06
1992–93,Middlesbrough,Arsenal,1993-04-06,1993-04-06
1992–93,Sheffield United,Leeds United,1993-04-06,1993-04-06
1992–93,Nottingham Forest,Blackburn Rovers,1993-04-07,1993-04-07
1992–93,Oldham Athletic,Sheffield Wednesday,1993-04-07,1993-04-07
1992–93,Sheffield United,Manchester City,1993-04-09,1993-04-09
1992–93,Tottenham Hotspur,Norwich City,1993-04-09,1993-04-09
1992–93,Wimbledon,Crystal Palace,1993-04-09,1993-04-09
1992–93,Aston Villa,Coventry City,1993-04-10,1993-04-10
1992–93,Ipswich Town,Arsenal,1993-04-10,1993-04-10
1992–93,Leeds United,Blackburn Rovers,1993-04-10,1993-04-10
1992–93,Liverpool,Oldham Athletic,1993-04-10,1993-04-10
1992–93,Manchester United,Sheffield Wednesday,1993-04-10,1993-04-10
1992–93,Middlesbrough,Everton,1993-04-10,1993-04-10
1992–93,Queens Park Rangers,Nottingham Forest,1993-04-10,1993-04-10
1992–93,Southampton,Chelsea,1993-04-10,1993-04-10
1992–93,Arsenal,Aston Villa,1993-04-12,1993-04-12
1992–93,Blackburn Rovers,Ipswich Town,1993-04-12,1993-04-12
1992–93,Chelsea,Wimbledon,1993-04-12,1993-04-12
1992–93,Coventry City,Manchester United,1993-04-12,1993-04-12
1992–93,Crystal Palace,Middlesbrough,1993-04-12,1993-04-12
1992–93,Everton,Queens Park Rangers,1993-04-12,1993-04-12
1992–93,Manchester City,Liverpool,1993-04-12,1993-04-12
1992–93,Nottingham Forest,Tottenham Hotspur,1993-04-12,1993-04-12
1992–93,Sheffield Wednesday,Southampton,1993-04-12,1993-04-12
1992–93,Oldham Athletic,Sheffield United,1993-04-13,1993-04-14
1992–93,Norwich City,Leeds United,1993-04-14,1993-04-14
1992–93,Leeds United,Crystal Palace,1993-04-17,1993-04-17
1992–93,Liverpool,Coventry City,1993-04-17,1993-04-17
1992–93,Manchester United,Chelsea,1993-04-17,1993-04-17
1992–93,Sheffield United,Blackburn Rovers,1993-04-17,1993-04-17
1992–93,Southampton,Everton,1993-04-17,1993-04-17
1992–93,Tottenham Hotspur,Oldham Athletic,1993-04-17,1993-04-17
1992–93,Wimbledon,Nottingham Forest,1993-04-17,1993-04-17
1992–93,Aston Villa,Manchester City,1993-04-18,1993-04-18
1992–93,Ipswich Town,Norwich City,1993-04-19,1993-04-19
1992–93,Middlesbrough,Tottenham Hotspur,1993-04-20,1993-04-20
1992–93,Arsenal,Nottingham Forest,1993-04-21,1993-04-21
1992–93,Blackburn Rovers,Aston Villa,1993-04-21,1993-04-21
1992–93,Crystal Palace,Manchester United,1993-04-21,1993-04-21
1992–93,Liverpool,Leeds United,1993-04-21,1993-04-21
1992–93,Manchester City,Wimbledon,1993-04-21,1993-04-21
1992–93,Sheffield Wednesday,Sheffield United,1993-04-21,1993-04-21
1992–93,Chelsea,Coventry City,1993-05-01,1993-05-01
1992–93,Crystal Palace,Ipswich Town,1993-05-01,1993-05-01
1992–93,Everton,Arsenal,1993-05-01,1993-05-01
1992–93,Leeds United,Queens Park Rangers,1993-05-01,1993-05-01
1992–93,Norwich City,Liverpool,1993-05-01,1993-05-01
1992–93,Nottingham Forest,Sheffield United,1993-05-01,1993-05-01
1992–93,Sheffield Wednesday,Middlesbrough,1993-05-01,1993-05-01
1992–93,Southampton,Manchester City,1993-05-01,1993-05-01
1992–93,Tottenham Hotspur,Wimbledon,1993-05-01,1993-05-01
1992–93,Aston Villa,Oldham Athletic,1993-05-02,1993-05-02
1992–93,Manchester United,Blackburn Rovers,1993-05-03,1993-05-03
1992–93,Arsenal,Queens Park Rangers,1993-05-04,1993-05-04
1992–93,Everton,Sheffield United,1993-05-04,1993-05-04
1992–93,Sheffield Wednesday,Leeds United,1993-05-04,1993-05-04
1992–93,Manchester City,Crystal Palace,1993-05-05,1993-05-05
1992–93,Oldham Athletic,Liverpool,1993-05-05,1993-05-05
1992–93,Tottenham Hotspur,Blackburn Rovers,1993-05-05,1993-05-05
1992–93,Sheffield Wednesday,Arsenal,1993-05-06,1993-05-06
1992–93,Arsenal,Crystal Palace,1993-05-08,1993-05-08
1992–93,Blackburn Rovers,Sheffield Wednesday,1993-05-08,1993-05-08
1992–93,Coventry City,Leeds United,1993-05-08,1993-05-08
1992–93,Ipswich Town,Nottingham Forest,1993-05-08,1993-05-08
1992–93,Liverpool,Tottenham Hotspur,1993-05-08,1993-05-08
1992–93,Manchester City,Everton,1993-05-08,1993-05-08
1992–93,Middlesbrough,Norwich City,1993-05-08,1993-05-08
1992–93,Oldham Athletic,Southampton,1993-05-08,1993-05-08
1992–93,Sheffield United,Chelsea,1993-05-08,1993-05-08
1992–93,Queens Park Rangers,Aston Villa,1993-05-09,1993-05-09
1992–93,Wimbledon,Manchester United,1993-05-09,1993-05-09
1992–93,Arsenal,Tottenham Hotspur,1993-05-11,1993-05-11
1992–93,Queens Park Rangers,Sheffield Wednesday,1993-05-11,1993-05-11
1993–94,Arsenal,Coventry City,1993-08-14,1993-08-14
1993–94,Aston Villa,Queens Park Rangers,1993-08-14,1993-08-14
1993–94,Chelsea,Blackburn Rovers,1993-08-14,1993-08-14
1993–94,Liverpool,Sheffield Wednesday,1993-08-14,1993-08-14
1993–94,Manchester City,Leeds United,1993-08-14,1993-08-14
1993–94,Newcastle United,Tottenham Hotspur,1993-08-14,1993-08-14
1993–94,Oldham Athletic,Ipswich Town,1993-08-14,1993-08-14
1993–94,Sheffield United,Swindon Town,1993-08-14,1993-08-14
1993–94,Southampton,Everton,1993-08-14,1993-08-14
1993–94,West Ham United,Wimbledon,1993-08-14,1993-08-14
1993–94,Norwich City,Manchester United,1993-08-15,1993-08-15
1993–94,Tottenham Hotspur,Arsenal,1993-08-16,1993-08-16
1993–94,Everton,Manchester City,1993-08-17,1993-08-17
1993–94,Ipswich Town,Southampton,1993-08-17,1993-08-17
1993–94,Leeds United,West Ham United,1993-08-17,1993-08-17
1993–94,Wimbledon,Chelsea,1993-08-17,1993-08-17
1993–94,Blackburn Rovers,Norwich City,1993-08-18,1993-08-18
1993–94,Coventry City,Newcastle United,1993-08-18,1993-08-18
1993–94,Manchester United,Sheffield United,1993-08-18,1993-08-18
1993–94,Queens Park Rangers,Liverpool,1993-08-18,1993-08-18
1993–94,Sheffield Wednesday,Aston Villa,1993-08-18,1993-08-18
1993–94,Swindon Town,Oldham Athletic,1993-08-18,1993-08-18
1993–94,Blackburn Rovers,Oldham Athletic,1993-08-21,1993-08-21
1993–94,Coventry City,West Ham United,1993-08-21,1993-08-21
1993–94,Everton,Sheffield United,1993-08-21,1993-08-21
1993–94,Ipswich Town,Chelsea,1993-08-21,1993-08-21
1993–94,Leeds United,Norwich City,1993-08-21,1993-08-21
1993–94,Manchester United,Newcastle United,1993-08-21,1993-08-21
1993–94,Queens Park Rangers,Southampton,1993-08-21,1993-08-21
1993–94,Sheffield Wednesday,Arsenal,1993-08-21,1993-08-21
1993–94,Tottenham Hotspur,Manchester City,1993-08-21,1993-08-21
1993–94,Wimbledon,Aston Villa,1993-08-21,1993-08-21
1993–94,Swindon Town,Liverpool,1993-08-22,1993-08-22
1993–94,Aston Villa,Manchester United,1993-08-23,1993-08-23
1993–94,Arsenal,Leeds United,1993-08-24,1993-08-24
1993–94,Manchester City,Blackburn Rovers,1993-08-24,1993-08-24
1993–94,Oldham Athletic,Coventry City,1993-08-24,1993-08-24
1993–94,Sheffield United,Wimbledon,1993-08-24,1993-08-24
1993–94,Chelsea,Queens Park Rangers,1993-08-25,1993-08-25
1993–94,Liverpool,Tottenham Hotspur,1993-08-25,1993-08-25
1993–94,Newcastle United,Everton,1993-08-25,1993-08-25
1993–94,Norwich City,Ipswich Town,1993-08-25,1993-08-25
1993–94,Southampton,Swindon Town,1993-08-25,1993-08-25
1993–94,West Ham United,Sheffield Wednesday,1993-08-25,1993-08-25
1993–94,Manchester City,Coventry City,1993-08-27,1993-08-27
1993–94,Arsenal,Everton,1993-08-28,1993-08-28
1993–94,Aston Villa,Tottenham Hotspur,1993-08-28,1993-08-28
1993–94,Chelsea,Sheffield Wednesday,1993-08-28,1993-08-28
1993–94,Liverpool,Leeds United,1993-08-28,1993-08-28
1993–94,Norwich City,Swindon Town,1993-08-28,1993-08-28
1993–94,Oldham Athletic,Wimbledon,1993-08-28,1993-08-28
1993–94,Sheffield United,Ipswich Town,1993-08-28,1993-08-28
1993–94,Southampton,Manchester United,1993-08-28,1993-08-28
1993–94,West Ham United,Queens Park Rangers,1993-08-28,1993-08-28
1993–94,Newcastle United,Blackburn Rovers,1993-08-29,1993-08-29
1993–94,Leeds United,Oldham Athletic,1993-08-30,1993-08-30
1993–94,Everton,Aston Villa,1993-08-31,1993-08-31
1993–94,Ipswich Town,Newcastle United,1993-08-31,1993-08-31
1993–94,Wimbledon,Southampton,1993-08-31,1993-08-31
1993–94,Blackburn Rovers,Arsenal,1993-09-01,1993-09-01
1993–94,Coventry City,Liverpool,1993-09-01,1993-09-01
1993–94,Manchester United,West Ham United,1993-09-01,1993-09-01
1993–94,Queens Park Rangers,Sheffield United,1993-09-01,1993-09-01
1993–94,Sheffield Wednesday,Norwich City,1993-09-01,1993-09-01
1993–94,Swindon Town,Manchester City,1993-09-01,1993-09-01
1993–94,Tottenham Hotspur,Chelsea,1993-09-01,1993-09-01
1993–94,Arsenal,Ipswich Town,1993-09-11,1993-09-11
1993–94,Aston Villa,Coventry City,1993-09-11,1993-09-11
1993–94,Chelsea,Manchester United,1993-09-11,1993-09-11
1993–94,Manchester City,Queens Park Rangers,1993-09-11,1993-09-11
1993–94,Norwich City,Wimbledon,1993-09-11,1993-09-11
1993–94,Oldham Athletic,Everton,1993-09-11,1993-09-11
1993–94,Sheffield United,Tottenham Hotspur,1993-09-11,1993-09-11
1993–94,Southampton,Leeds United,1993-09-11,1993-09-11
1993–94,West Ham United,Swindon Town,1993-09-11,1993-09-11
1993–94,Liverpool,Blackburn Rovers,1993-09-12,1993-09-12
1993–94,Newcastle United,Sheffield Wednesday,1993-09-13,1993-09-13
1993–94,Blackburn Rovers,West Ham United,1993-09-18,1993-09-18
1993–94,Coventry City,Chelsea,1993-09-18,1993-09-18
1993–94,Everton,Liverpool,1993-09-18,1993-09-18
1993–94,Ipswich Town,Aston Villa,1993-09-18,1993-09-18
1993–94,Leeds United,Sheffield United,1993-09-18,1993-09-18
1993–94,Queens Park Rangers,Norwich City,1993-09-18,1993-09-18
1993–94,Sheffield Wednesday,Southampton,1993-09-18,1993-09-18
1993–94,Swindon Town,Newcastle United,1993-09-18,1993-09-18
1993–94,Tottenham Hotspur,Oldham Athletic,1993-09-18,1993-09-18
1993–94,Manchester United,Arsenal,1993-09-19,1993-09-19
1993–94,Wimbledon,Manchester City,1993-09-20,1993-09-20
1993–94,Arsenal,Southampton,1993-09-25,1993-09-25
1993–94,Blackburn Rovers,Sheffield Wednesday,1993-09-25,1993-09-25
1993–94,Chelsea,Liverpool,1993-09-25,1993-09-25
1993–94,Coventry City,Leeds United,1993-09-25,1993-09-25
1993–94,Everton,Norwich City,1993-09-25,1993-09-25
1993–94,Manchester United,Swindon Town,1993-09-25,1993-09-25
1993–94,Newcastle United,West Ham United,1993-09-25,1993-09-25
1993–94,Oldham Athletic,Aston Villa,1993-09-25,1993-09-25
1993–94,Sheffield United,Manchester City,1993-09-25,1993-09-25
1993–94,Ipswich Town,Tottenham Hotspur,1993-09-26,1993-09-26
1993–94,Wimbledon,Queens Park Rangers,1993-09-27,1993-09-27
1993–94,Aston Villa,Newcastle United,1993-10-02,1993-10-02
1993–94,Leeds United,Wimbledon,1993-10-02,1993-10-02
1993–94,Liverpool,Arsenal,1993-10-02,1993-10-02
1993–94,Norwich City,Coventry City,1993-10-02,1993-10-02
1993–94,Queens Park Rangers,Ipswich Town,1993-10-02,1993-10-02
1993–94,Sheffield Wednesday,Manchester United,1993-10-02,1993-10-02
1993–94,Southampton,Sheffield United,1993-10-02,1993-10-02
1993–94,Swindon Town,Blackburn Rovers,1993-10-02,1993-10-02
1993–94,West Ham United,Chelsea,1993-10-02,1993-10-02
1993–94,Tottenham Hotspur,Everton,1993-10-03,1993-10-03
1993–94,Manchester City,Oldham Athletic,1993-10-04,1993-10-04
1993–94,Arsenal,Manchester City,1993-10-16,1993-10-16
1993–94,Chelsea,Norwich City,1993-10-16,1993-10-16
1993–94,Coventry City,Southampton,1993-10-16,1993-10-16
1993–94,Liverpool,Oldham Athletic,1993-10-16,1993-10-16
1993–94,Manchester United,Tottenham Hotspur,1993-10-16,1993-10-16
1993–94,Newcastle United,Queens Park Rangers,1993-10-16,1993-10-16
1993–94,Sheffield Wednesday,Wimbledon,1993-10-16,1993-10-16
1993–94,Swindon Town,Everton,1993-10-16,1993-10-16
1993–94,West Ham United,Aston Villa,1993-10-16,1993-10-16
1993–94,Ipswich Town,Leeds United,1993-10-17,1993-10-17
1993–94,Blackburn Rovers,Sheffield United,1993-10-18,1993-10-18
1993–94,Aston Villa,Chelsea,1993-10-23,1993-10-23
1993–94,Everton,Manchester United,1993-10-23,1993-10-23
1993–94,Leeds United,Blackburn Rovers,1993-10-23,1993-10-23
1993–94,Manchester City,Liverpool,1993-10-23,1993-10-23
1993–94,Norwich City,West Ham United,1993-10-23,1993-10-23
1993–94,Oldham Athletic,Arsenal,1993-10-23,1993-10-23
1993–94,Queens Park Rangers,Coventry City,1993-10-23,1993-10-23
1993–94,Sheffield United,Sheffield Wednesday,1993-10-23,1993-10-23
1993–94,Tottenham Hotspur,Swindon Town,1993-10-23,1993-10-23
1993–94,Southampton,Newcastle United,1993-10-24,1993-10-24
1993–94,Wimbledon,Ipswich Town,1993-10-25,1993-10-25
1993–94,Arsenal,Norwich City,1993-10-30,1993-10-30
1993–94,Blackburn Rovers,Tottenham Hotspur,1993-10-30,1993-10-30
1993–94,Chelsea,Oldham Athletic,1993-10-30,1993-10-30
1993–94,Ipswich Town,Everton,1993-10-30,1993-10-30
1993–94,Liverpool,Southampton,1993-10-30,1993-10-30
1993–94,Manchester United,Queens Park Rangers,1993-10-30,1993-10-30
1993–94,Newcastle United,Wimbledon,1993-10-30,1993-10-30
1993–94,Sheffield Wednesday,Leeds United,1993-10-30,1993-10-30
1993–94,Swindon Town,Aston Villa,1993-10-30,1993-10-30
1993–94,Coventry City,Sheffield United,1993-10-31,1993-10-31
1993–94,West Ham United,Manchester City,1993-11-01,1993-11-01
1993–94,Arsenal,Aston Villa,1993-11-06,1993-11-06
1993–94,Coventry City,Everton,1993-11-06,1993-11-06
1993–94,Ipswich Town,Sheffield Wednesday,1993-11-06,1993-11-06
1993–94,Leeds United,Chelsea,1993-11-06,1993-11-06
1993–94,Liverpool,West Ham United,1993-11-06,1993-11-06
1993–94,Queens Park Rangers,Blackburn Rovers,1993-11-06,1993-11-06
1993–94,Sheffield United,Norwich City,1993-11-06,1993-11-06
1993–94,Southampton,Tottenham Hotspur,1993-11-06,1993-11-06
1993–94,Wimbledon,Swindon Town,1993-11-06,1993-11-06
1993–94,Manchester City,Manchester United,1993-11-07,1993-11-07
1993–94,Oldham Athletic,Newcastle United,1993-11-08,1993-11-08
1993–94,Aston Villa,Sheffield United,1993-11-20,1993-11-20
1993–94,Blackburn Rovers,Southampton,1993-11-20,1993-11-20
1993–94,Chelsea,Arsenal,1993-11-20,1993-11-20
1993–94,Everton,Queens Park Rangers,1993-11-20,1993-11-20
1993–94,Manchester United,Wimbledon,1993-11-20,1993-11-20
1993–94,Norwich City,Manchester City,1993-11-20,1993-11-20
1993–94,Sheffield Wednesday,Coventry City,1993-11-20,1993-11-20
1993–94,Swindon Town,Ipswich Town,1993-11-20,1993-11-20
1993–94,Tottenham Hotspur,Leeds United,1993-11-20,1993-11-20
1993–94,West Ham United,Oldham Athletic,1993-11-20,1993-11-20
1993–94,Newcastle United,Liverpool,1993-11-21,1993-11-21
1993–94,Chelsea,Manchester City,1993-11-22,1993-11-22
1993–94,Blackburn Rovers,Coventry City,1993-11-23,1993-11-23
1993–94,Everton,Leeds United,1993-11-23,1993-11-23
1993–94,Aston Villa,Southampton,1993-11-24,1993-11-24
1993–94,Manchester United,Ipswich Town,1993-11-24,1993-11-24
1993–94,Newcastle United,Sheffield United,1993-11-24,1993-11-24
1993–94,Sheffield Wednesday,Oldham Athletic,1993-11-24,1993-11-24
1993–94,Swindon Town,Queens Park Rangers,1993-11-24,1993-11-24
1993–94,Tottenham Hotspur,Wimbledon,1993-11-24,1993-11-24
1993–94,West Ham United,Arsenal,1993-11-24,1993-11-24
1993–94,Arsenal,Newcastle United,1993-11-27,1993-11-27
1993–94,Coventry City,Manchester United,1993-11-27,1993-11-27
1993–94,Ipswich Town,Blackburn Rovers,1993-11-27,1993-11-27
1993–94,Leeds United,Swindon Town,1993-11-27,1993-11-27
1993–94,Manchester City,Sheffield Wednesday,1993-11-27,1993-11-27
1993–94,Oldham Athletic,Norwich City,1993-11-27,1993-11-27
1993–94,Queens Park Rangers,Tottenham Hotspur,1993-11-27,1993-11-27
1993–94,Sheffield United,Chelsea,1993-11-27,1993-11-27
1993–94,Wimbledon,Everton,1993-11-27,1993-11-27
1993–94,Liverpool,Aston Villa,1993-11-28,1993-11-28
1993–94,Southampton,West Ham United,1993-11-29,1993-11-29
1993–94,Coventry City,Arsenal,1993-12-04,1993-12-04
1993–94,Everton,Southampton,1993-12-04,1993-12-04
1993–94,Ipswich Town,Oldham Athletic,1993-12-04,1993-12-04
1993–94,Leeds United,Manchester City,1993-12-04,1993-12-04
1993–94,Manchester United,Norwich City,1993-12-04,1993-12-04
1993–94,Queens Park Rangers,Aston Villa,1993-12-04,1993-12-04
1993–94,Sheffield Wednesday,Liverpool,1993-12-04,1993-12-04
1993–94,Swindon Town,Sheffield United,1993-12-04,1993-12-04
1993–94,Tottenham Hotspur,Newcastle United,1993-12-04,1993-12-04
1993–94,Wimbledon,West Ham United,1993-12-04,1993-12-04
1993–94,Blackburn Rovers,Chelsea,1993-12-05,1993-12-05
1993–94,Arsenal,Tottenham Hotspur,1993-12-06,1993-12-06
1993–94,Oldham Athletic,Swindon Town,1993-12-07,1993-12-07
1993–94,Sheffield United,Manchester United,1993-12-07,1993-12-07
1993–94,Aston Villa,Sheffield Wednesday,1993-12-08,1993-12-08
1993–94,Liverpool,Queens Park Rangers,1993-12-08,1993-12-08
1993–94,Manchester City,Everton,1993-12-08,1993-12-08
1993–94,Southampton,Ipswich Town,1993-12-08,1993-12-08
1993–94,West Ham United,Leeds United,1993-12-08,1993-12-08
1993–94,Aston Villa,Wimbledon,1993-12-11,1993-12-11
1993–94,Chelsea,Ipswich Town,1993-12-11,1993-12-11
1993–94,Liverpool,Swindon Town,1993-12-11,1993-12-11
1993–94,Manchester City,Tottenham Hotspur,1993-12-11,1993-12-11
1993–94,Newcastle United,Manchester United,1993-12-11,1993-12-11
1993–94,Oldham Athletic,Blackburn Rovers,1993-12-11,1993-12-11
1993–94,Sheffield United,Everton,1993-12-11,1993-12-11
1993–94,Southampton,Queens Park Rangers,1993-12-11,1993-12-11
1993–94,West Ham United,Coventry City,1993-12-11,1993-12-11
1993–94,Arsenal,Sheffield Wednesday,1993-12-12,1993-12-12
1993–94,Norwich City,Leeds United,1993-12-13,1993-12-13
1993–94,Blackburn Rovers,Manchester City,1993-12-18,1993-12-18
1993–94,Coventry City,Oldham Athletic,1993-12-18,1993-12-18
1993–94,Everton,Newcastle United,1993-12-18,1993-12-18
1993–94,Ipswich Town,Norwich City,1993-12-18,1993-12-18
1993–94,Leeds United,Arsenal,1993-12-18,1993-12-18
1993–94,Sheffield Wednesday,West Ham United,1993-12-18,1993-12-18
1993–94,Swindon Town,Southampton,1993-12-18,1993-12-18
1993–94,Tottenham Hotspur,Liverpool,1993-12-18,1993-12-18
1993–94,Wimbledon,Sheffield United,1993-12-18,1993-12-18
1993–94,Manchester United,Aston Villa,1993-12-19,1993-12-19
1993–94,Newcastle United,Leeds United,1993-12-22,1993-12-22
1993–94,Manchester United,Blackburn Rovers,1993-12-26,1993-12-26
1993–94,Sheffield United,Liverpool,1993-12-26,1993-12-26
1993–94,Wimbledon,Coventry City,1993-12-26,1993-12-26
1993–94,Everton,Sheffield Wednesday,1993-12-27,1993-12-27
1993–94,Ipswich Town,West Ham United,1993-12-27,1993-12-27
1993–94,Queens Park Rangers,Oldham Athletic,1993-12-27,1993-12-27
1993–94,Southampton,Chelsea,1993-12-27,1993-12-27
1993–94,Swindon Town,Arsenal,1993-12-27,1993-12-27
1993–94,Tottenham Hotspur,Norwich City,1993-12-27,1993-12-27
1993–94,Chelsea,Newcastle United,1993-12-28,1993-12-28
1993–94,Liverpool,Wimbledon,1993-12-28,1993-12-28
1993–94,Manchester City,Southampton,1993-12-28,1993-12-28
1993–94,West Ham United,Tottenham Hotspur,1993-12-28,1993-12-28
1993–94,Arsenal,Sheffield United,1993-12-29,1993-12-29
1993–94,Blackburn Rovers,Everton,1993-12-29,1993-12-29
1993–94,Leeds United,Queens Park Rangers,1993-12-29,1993-12-29
1993–94,Norwich City,Aston Villa,1993-12-29,1993-12-29
1993–94,Oldham Athletic,Manchester United,1993-12-29,1993-12-29
1993–94,Sheffield Wednesday,Swindon Town,1993-12-29,1993-12-29
1993–94,Aston Villa,Blackburn Rovers,1994-01-01,1994-01-01
1993–94,Everton,West Ham United,1994-01-01,1994-01-01
1993–94,Ipswich Town,Liverpool,1994-01-01,1994-01-01
1993–94,Manchester United,Leeds United,1994-01-01,1994-01-01
1993–94,Newcastle United,Manchester City,1994-01-01,1994-01-01
1993–94,Queens Park Rangers,Sheffield Wednesday,1994-01-01,1994-01-01
1993–94,Sheffield United,Oldham Athletic,1994-01-01,1994-01-01
1993–94,Southampton,Norwich City,1994-01-01,1994-01-01
1993–94,Swindon Town,Chelsea,1994-01-01,1994-01-01
1993–94,Tottenham Hotspur,Coventry City,1994-01-01,1994-01-01
1993–94,Wimbledon,Arsenal,1994-01-01,1994-01-01
1993–94,Arsenal,Queens Park Rangers,1994-01-03,1994-01-03
1993–94,Chelsea,Everton,1994-01-03,1994-01-03
1993–94,Coventry City,Swindon Town,1994-01-03,1994-01-03
1993–94,Sheffield Wednesday,Tottenham Hotspur,1994-01-03,1994-01-03
1993–94,West Ham United,Sheffield United,1994-01-03,1994-01-03
1993–94,Liverpool,Manchester United,1994-01-04,1994-01-04
1993–94,Norwich City,Newcastle United,1994-01-04,1994-01-04
1993–94,Aston Villa,West Ham United,1994-01-15,1994-01-15
1993–94,Everton,Swindon Town,1994-01-15,1994-01-15
1993–94,Leeds United,Ipswich Town,1994-01-15,1994-01-15
1993–94,Manchester City,Arsenal,1994-01-15,1994-01-15
1993–94,Norwich City,Chelsea,1994-01-15,1994-01-15
1993–94,Oldham Athletic,Liverpool,1994-01-15,1994-01-15
1993–94,Sheffield United,Blackburn Rovers,1994-01-15,1994-01-15
1993–94,Southampton,Coventry City,1994-01-15,1994-01-15
1993–94,Tottenham Hotspur,Manchester United,1994-01-15,1994-01-15
1993–94,Wimbledon,Sheffield Wednesday,1994-01-15,1994-01-15
1993–94,Queens Park Rangers,Newcastle United,1994-01-16,1994-01-16
1993–94,Arsenal,Oldham Athletic,1994-01-22,1994-01-22
1993–94,Chelsea,Aston Villa,1994-01-22,1994-01-22
1993–94,Coventry City,Queens Park Rangers,1994-01-22,1994-01-22
1993–94,Ipswich Town,Wimbledon,1994-01-22,1994-01-22
1993–94,Liverpool,Manchester City,1994-01-22,1994-01-22
1993–94,Manchester United,Everton,1994-01-22,1994-01-22
1993–94,Newcastle United,Southampton,1994-01-22,1994-01-22
1993–94,Sheffield Wednesday,Sheffield United,1994-01-22,1994-01-22
1993–94,Swindon Town,Tottenham Hotspur,1994-01-22,1994-01-22
1993–94,Blackburn Rovers,Leeds United,1994-01-23,1994-01-23
1993–94,West Ham United,Norwich City,1994-01-24,1994-01-24
1993–94,Coventry City,Ipswich Town,1994-02-02,1994-02-02
1993–94,Blackburn Rovers,Wimbledon,1994-02-05,1994-02-05
1993–94,Everton,Chelsea,1994-02-05,1994-02-05
1993–94,Manchester City,Ipswich Town,1994-02-05,1994-02-05
1993–94,Norwich City,Liverpool,1994-02-05,1994-02-05
1993–94,Oldham Athletic,Southampton,1994-02-05,1994-02-05
1993–94,Queens Park Rangers,Manchester United,1994-02-05,1994-02-05
1993–94,Swindon Town,Coventry City,1994-02-05,1994-02-05
1993–94,Tottenham Hotspur,Sheffield Wednesday,1994-02-05,1994-02-05
1993–94,Aston Villa,Leeds United,1994-02-06,1994-02-06
1993–94,Aston Villa,Swindon Town,1994-02-12,1994-02-12
1993–94,Everton,Ipswich Town,1994-02-12,1994-02-12
1993–94,Manchester City,West Ham United,1994-02-12,1994-02-12
1993–94,Oldham Athletic,Chelsea,1994-02-12,1994-02-12
1993–94,Sheffield United,Coventry City,1994-02-12,1994-02-12
1993–94,Tottenham Hotspur,Blackburn Rovers,1994-02-12,1994-02-12
1993–94,Wimbledon,Newcastle United,1994-02-12,1994-02-12
1993–94,Norwich City,Arsenal,1994-02-13,1994-02-13
1993–94,Southampton,Liverpool,1994-02-14,1994-02-14
1993–94,Blackburn Rovers,Newcastle United,1994-02-19,1994-02-19
1993–94,Coventry City,Manchester City,1994-02-19,1994-02-19
1993–94,Everton,Arsenal,1994-02-19,1994-02-19
1993–94,Leeds United,Liverpool,1994-02-19,1994-02-19
1993–94,Swindon Town,Norwich City,1994-02-19,1994-02-19
1993–94,Aston Villa,Manchester City,1994-02-22,1994-02-22
1993–94,Ipswich Town,Sheffield United,1994-02-22,1994-02-26
1993–94,Norwich City,Blackburn Rovers,1994-02-22,1994-02-22
1993–94,Newcastle United,Coventry City,1994-02-23,1994-02-23
1993–94,Arsenal,Blackburn Rovers,1994-02-26,1994-02-26
1993–94,Liverpool,Coventry City,1994-02-26,1994-02-26
1993–94,Manchester City,Swindon Town,1994-02-26,1994-02-26
1993–94,Norwich City,Sheffield Wednesday,1994-02-26,1994-02-26
1993–94,Southampton,Wimbledon,1994-02-26,1994-02-26
1993–94,West Ham United,Manchester United,1994-02-26,1994-02-26
1993–94,Chelsea,Tottenham Hotspur,1994-02-27,1994-02-27
1993–94,Oldham Athletic,Leeds United,1994-02-28,1994-02-28
1993–94,Tottenham Hotspur,Aston Villa,1994-03-02,1994-03-02
1993–94,Blackburn Rovers,Liverpool,1994-03-05,1994-03-05
1993–94,Everton,Oldham Athletic,1994-03-05,1994-03-05
1993–94,Ipswich Town,Arsenal,1994-03-05,1994-03-05
1993–94,Leeds United,Southampton,1994-03-05,1994-03-05
1993–94,Manchester United,Chelsea,1994-03-05,1994-03-05
1993–94,Queens Park Rangers,Manchester City,1994-03-05,1994-03-05
1993–94,Sheffield Wednesday,Newcastle United,1994-03-05,1994-03-05
1993–94,Swindon Town,West Ham United,1994-03-05,1994-03-05
1993–94,Tottenham Hotspur,Sheffield United,1994-03-05,1994-03-05
1993–94,Wimbledon,Norwich City,1994-03-05,1994-03-05
1993–94,Coventry City,Aston Villa,1994-03-06,1994-03-06
1993–94,Aston Villa,Ipswich Town,1994-03-12,1994-03-12
1993–94,Manchester City,Wimbledon,1994-03-12,1994-03-12
1993–94,Newcastle United,Swindon Town,1994-03-12,1994-03-12
1993–94,Norwich City,Queens Park Rangers,1994-03-12,1994-03-12
1993–94,Southampton,Sheffield Wednesday,1994-03-12,1994-03-12
1993–94,Liverpool,Everton,1994-03-13,1994-03-13
1993–94,Sheffield United,Leeds United,1994-03-13,1994-03-13
1993–94,Chelsea,Wimbledon,1994-03-16,1994-03-16
1993–94,Leeds United,Aston Villa,1994-03-16,1994-03-16
1993–94,Manchester United,Sheffield Wednesday,1994-03-16,1994-03-16
1993–94,Sheffield United,Queens Park Rangers,1994-03-16,1994-03-16
1993–94,Aston Villa,Oldham Athletic,1994-03-19,1994-03-19
1993–94,Leeds United,Coventry City,1994-03-19,1994-03-19
1993–94,Liverpool,Chelsea,1994-03-19,1994-03-19
1993–94,Manchester City,Sheffield United,1994-03-19,1994-03-19
1993–94,Queens Park Rangers,Wimbledon,1994-03-19,1994-03-19
1993–94,Southampton,Arsenal,1994-03-19,1994-03-19
1993–94,Swindon Town,Manchester United,1994-03-19,1994-03-19
1993–94,Tottenham Hotspur,Ipswich Town,1994-03-19,1994-03-19
1993–94,West Ham United,Newcastle United,1994-03-19,1994-03-19
1993–94,Sheffield Wednesday,Blackburn Rovers,1994-03-20,1994-03-20
1993–94,Norwich City,Everton,1994-03-21,1994-03-21
1993–94,Arsenal,Manchester United,1994-03-22,1994-03-22
1993–94,Newcastle United,Ipswich Town,1994-03-23,1994-03-22
1993–94,Arsenal,Liverpool,1994-03-26,1994-03-26
1993–94,Blackburn Rovers,Swindon Town,1994-03-26,1994-03-26
1993–94,Chelsea,West Ham United,1994-03-26,1994-03-26
1993–94,Coventry City,Norwich City,1994-03-26,1994-03-26
1993–94,Everton,Tottenham Hotspur,1994-03-26,1994-03-26
1993–94,Ipswich Town,Queens Park Rangers,1994-03-26,1994-03-26
1993–94,Oldham Athletic,Manchester City,1994-03-26,1994-03-26
1993–94,Sheffield United,Southampton,1994-03-26,1994-03-26
1993–94,Wimbledon,Leeds United,1994-03-26,1994-03-27
1993–94,Sheffield United,West Ham United,1994-03-28,1994-03-28
1993–94,Ipswich Town,Manchester City,1994-03-29,1994-03-29
1993–94,Newcastle United,Norwich City,1994-03-29,1994-03-29
1993–94,Wimbledon,Blackburn Rovers,1994-03-29,1994-03-29
1993–94,Aston Villa,Everton,1994-03-30,1994-03-30
1993–94,Manchester United,Liverpool,1994-03-30,1994-03-30
1993–94,Sheffield Wednesday,Chelsea,1994-03-30,1994-03-30
1993–94,Southampton,Oldham Athletic,1994-03-30,1994-03-30
1993–94,Leeds United,Newcastle United,1994-04-01,1994-04-01
1993–94,Arsenal,Swindon Town,1994-04-02,1994-04-02
1993–94,Blackburn Rovers,Manchester United,1994-04-02,1994-04-02
1993–94,Chelsea,Southampton,1994-04-02,1994-04-02
1993–94,Coventry City,Wimbledon,1994-04-02,1994-04-02
1993–94,Liverpool,Sheffield United,1994-04-02,1994-04-02
1993–94,Manchester City,Aston Villa,1994-04-02,1994-04-02
1993–94,Norwich City,Tottenham Hotspur,1994-04-02,1994-04-02
1993–94,Oldham Athletic,Queens Park Rangers,1994-04-02,1994-04-02
1993–94,Sheffield Wednesday,Everton,1994-04-02,1994-04-02
1993–94,West Ham United,Ipswich Town,1994-04-02,1994-04-02
1993–94,Aston Villa,Norwich City,1994-04-04,1994-04-04
1993–94,Everton,Blackburn Rovers,1994-04-04,1994-04-04
1993–94,Ipswich Town,Coventry City,1994-04-04,1994-04-04
1993–94,Manchester United,Oldham Athletic,1994-04-04,1994-04-04
1993–94,Newcastle United,Chelsea,1994-04-04,1994-04-04
1993–94,Queens Park Rangers,Leeds United,1994-04-04,1994-04-04
1993–94,Sheffield United,Arsenal,1994-04-04,1994-04-04
1993–94,Southampton,Manchester City,1994-04-04,1994-04-04
1993–94,Swindon Town,Sheffield Wednesday,1994-04-04,1994-04-04
1993–94,Tottenham Hotspur,West Ham United,1994-04-04,1994-04-04
1993–94,Wimbledon,Liverpool,1994-04-04,1994-04-04
1993–94,Coventry City,Tottenham Hotspur,1994-04-09,1994-04-09
1993–94,Liverpool,Ipswich Town,1994-04-09,1994-04-09
1993–94,Manchester City,Newcastle United,1994-04-09,1994-04-09
1993–94,Norwich City,Southampton,1994-04-09,1994-04-09
1993–94,Sheffield Wednesday,Queens Park Rangers,1994-04-09,1994-04-09
1993–94,West Ham United,Everton,1994-04-09,1994-04-09
1993–94,Blackburn Rovers,Aston Villa,1994-04-11,1994-04-11
1993–94,Queens Park Rangers,Chelsea,1994-04-13,1994-04-13
1993–94,Arsenal,Chelsea,1994-04-16,1994-04-16
1993–94,Coventry City,Sheffield Wednesday,1994-04-16,1994-04-16
1993–94,Ipswich Town,Swindon Town,1994-04-16,1994-04-16
1993–94,Liverpool,Newcastle United,1994-04-16,1994-04-16
1993–94,Manchester City,Norwich City,1994-04-16,1994-04-16
1993–94,Oldham Athletic,West Ham United,1994-04-16,1994-04-16
1993–94,Queens Park Rangers,Everton,1994-04-16,1994-04-16
1993–94,Sheffield United,Aston Villa,1994-04-16,1994-04-16
1993–94,Southampton,Blackburn Rovers,1994-04-16,1994-04-16
1993–94,Wimbledon,Manchester United,1994-04-16,1994-04-16
1993–94,Leeds United,Tottenham Hotspur,1994-04-17,1994-04-17
1993–94,Arsenal,Wimbledon,1994-04-19,1994-04-19
1993–94,Aston Villa,Arsenal,1994-04-23,1994-04-23
1993–94,Chelsea,Leeds United,1994-04-23,1994-04-23
1993–94,Everton,Coventry City,1994-04-23,1994-04-23
1993–94,Manchester United,Manchester City,1994-04-23,1994-04-23
1993–94,Newcastle United,Oldham Athletic,1994-04-23,1994-04-23
1993–94,Norwich City,Sheffield United,1994-04-23,1994-04-23
1993–94,Sheffield Wednesday,Ipswich Town,1994-04-23,1994-04-23
1993–94,Swindon Town,Wimbledon,1994-04-23,1994-04-23
1993–94,Tottenham Hotspur,Southampton,1994-04-23,1994-04-23
1993–94,West Ham United,Liverpool,1994-04-23,1994-04-23
1993–94,Blackburn Rovers,Queens Park Rangers,1994-04-24,1994-04-24
1993–94,Wimbledon,Oldham Athletic,1994-04-26,1994-04-26
1993–94,Chelsea,Swindon Town,1994-04-27,1994-04-27
1993–94,Leeds United,Manchester United,1994-04-27,1994-04-27
1993–94,Newcastle United,Aston Villa,1994-04-27,1994-04-27
1993–94,Queens Park Rangers,Arsenal,1994-04-27,1994-04-27
1993–94,West Ham United,Blackburn Rovers,1994-04-27,1994-04-27
1993–94,Arsenal,West Ham United,1994-04-30,1994-04-30
1993–94,Leeds United,Everton,1994-04-30,1994-04-30
1993–94,Liverpool,Norwich City,1994-04-30,1994-04-30
1993–94,Manchester City,Chelsea,1994-04-30,1994-04-30
1993–94,Oldham Athletic,Sheffield Wednesday,1994-04-30,1994-04-30
1993–94,Queens Park Rangers,Swindon Town,1994-04-30,1994-04-30
1993–94,Sheffield United,Newcastle United,1994-04-30,1994-04-30
1993–94,Southampton,Aston Villa,1994-04-30,1994-04-30
1993–94,Wimbledon,Tottenham Hotspur,1994-04-30,1994-04-30
1993–94,Ipswich Town,Manchester United,1994-05-01,1994-05-01
1993–94,Coventry City,Blackburn Rovers,1994-05-02,1994-05-02
1993–94,Leeds United,Sheffield Wednesday,1994-05-03,1994-05-03
1993–94,Oldham Athletic,Sheffield United,1994-05-03,1994-05-03
1993–94,Queens Park Rangers,West Ham United,1994-05-03,1994-05-03
1993–94,Chelsea,Coventry City,1994-05-04,1994-05-04
1993–94,Manchester United,Southampton,1994-05-04,1994-05-04
1993–94,Oldham Athletic,Tottenham Hotspur,1994-05-05,1994-05-05
1993–94,Aston Villa,Liverpool,1994-05-07,1994-05-07
1993–94,Blackburn Rovers,Ipswich Town,1994-05-07,1994-05-07
1993–94,Chelsea,Sheffield United,1994-05-07,1994-05-07
1993–94,Everton,Wimbledon,1994-05-07,1994-05-07
1993–94,Newcastle United,Arsenal,1994-05-07,1994-05-07
1993–94,Norwich City,Oldham Athletic,1994-05-07,1994-05-07
1993–94,Sheffield Wednesday,Manchester City,1994-05-07,1994-05-07
1993–94,Swindon Town,Leeds United,1994-05-07,1994-05-07
1993–94,Tottenham Hotspur,Queens Park Rangers,1994-05-07,1994-05-07
1993–94,West Ham United,Southampton,1994-05-07,1994-05-07
1993–94,Manchester United,Coventry City,1994-05-08,1994-05-08
1994–95,Arsenal,Manchester City,1994-08-20,1994-08-20
1994–95,Chelsea,Norwich City,1994-08-20,1994-08-20
1994–95,Coventry City,Wimbledon,1994-08-20,1994-08-20
1994–95,Crystal Palace,Liverpool,1994-08-20,1994-08-20
1994–95,Everton,Aston Villa,1994-08-20,1994-08-20
1994–95,Ipswich Town,Nottingham Forest,1994-08-20,1994-08-20
1994–95,Manchester United,Queens Park Rangers,1994-08-20,1994-08-20
1994–95,Sheffield Wednesday,Tottenham Hotspur,1994-08-20,1994-08-20
1994–95,Southampton,Blackburn Rovers,1994-08-20,1994-08-20
1994–95,West Ham United,Leeds United,1994-08-20,1994-08-20
1994–95,Leicester City,Newcastle United,1994-08-21,1994-08-21
1994–95,Nottingham Forest,Manchester United,1994-08-22,1994-08-22
1994–95,Blackburn Rovers,Leicester City,1994-08-23,1994-08-23
1994–95,Leeds United,Arsenal,1994-08-23,1994-08-23
1994–95,Wimbledon,Ipswich Town,1994-08-23,1994-08-23
1994–95,Aston Villa,Southampton,1994-08-24,1994-08-24
1994–95,Manchester City,West Ham United,1994-08-24,1994-08-24
1994–95,Newcastle United,Coventry City,1994-08-24,1994-08-24
1994–95,Norwich City,Crystal Palace,1994-08-24,1994-08-24
1994–95,Queens Park Rangers,Sheffield Wednesday,1994-08-24,1994-08-24
1994–95,Tottenham Hotspur,Everton,1994-08-24,1994-08-24
1994–95,Aston Villa,Crystal Palace,1994-08-27,1994-08-27
1994–95,Blackburn Rovers,Coventry City,1994-08-27,1994-08-27
1994–95,Leeds United,Chelsea,1994-08-27,1994-08-27
1994–95,Manchester City,Everton,1994-08-27,1994-08-27
1994–95,Newcastle United,Southampton,1994-08-27,1994-08-27
1994–95,Norwich City,West Ham United,1994-08-27,1994-08-27
1994–95,Nottingham Forest,Leicester City,1994-08-27,1994-08-27
1994–95,Queens Park Rangers,Ipswich Town,1994-08-27,1994-08-27
1994–95,Tottenham Hotspur,Manchester United,1994-08-27,1994-08-27
1994–95,Wimbledon,Sheffield Wednesday,1994-08-27,1994-08-27
1994–95,Liverpool,Arsenal,1994-08-28,1994-08-28
1994–95,Coventry City,Aston Villa,1994-08-29,1994-08-29
1994–95,Crystal Palace,Leeds United,1994-08-30,1994-08-30
1994–95,Everton,Nottingham Forest,1994-08-30,1994-08-30
1994–95,Ipswich Town,Tottenham Hotspur,1994-08-30,1994-08-30
1994–95,Arsenal,Blackburn Rovers,1994-08-31,1994-08-31
1994–95,Chelsea,Manchester City,1994-08-31,1994-08-31
1994–95,Leicester City,Queens Park Rangers,1994-08-31,1994-08-31
1994–95,Manchester United,Wimbledon,1994-08-31,1994-08-31
1994–95,Sheffield Wednesday,Norwich City,1994-08-31,1994-08-31
1994–95,Southampton,Liverpool,1994-08-31,1994-08-31
1994–95,West Ham United,Newcastle United,1994-08-31,1994-08-31
1994–95,Aston Villa,Ipswich Town,1994-09-10,1994-09-10
1994–95,Blackburn Rovers,Everton,1994-09-10,1994-09-10
1994–95,Liverpool,West Ham United,1994-09-10,1994-09-10
1994–95,Manchester City,Crystal Palace,1994-09-10,1994-09-10
1994–95,Newcastle United,Chelsea,1994-09-10,1994-09-10
1994–95,Norwich City,Arsenal,1994-09-10,1994-09-10
1994–95,Nottingham Forest,Sheffield Wednesday,1994-09-10,1994-09-10
1994–95,Queens Park Rangers,Coventry City,1994-09-10,1994-09-10
1994–95,Wimbledon,Leicester City,1994-09-10,1994-09-10
1994–95,Leeds United,Manchester United,1994-09-11,1994-09-11
1994–95,Tottenham Hotspur,Southampton,1994-09-12,1994-09-12
1994–95,Coventry City,Leeds United,1994-09-17,1994-09-17
1994–95,Crystal Palace,Wimbledon,1994-09-17,1994-09-17
1994–95,Everton,Queens Park Rangers,1994-09-17,1994-09-17
1994–95,Leicester City,Tottenham Hotspur,1994-09-17,1994-09-17
1994–95,Manchester United,Liverpool,1994-09-17,1994-09-17
1994–95,Sheffield Wednesday,Manchester City,1994-09-17,1994-09-17
1994–95,Southampton,Nottingham Forest,1994-09-17,1994-09-17
1994–95,West Ham United,Aston Villa,1994-09-17,1994-09-17
1994–95,Arsenal,Newcastle United,1994-09-18,1994-09-18
1994–95,Chelsea,Blackburn Rovers,1994-09-18,1994-09-18
1994–95,Ipswich Town,Norwich City,1994-09-19,1994-09-19
1994–95,Blackburn Rovers,Aston Villa,1994-09-24,1994-09-24
1994–95,Coventry City,Southampton,1994-09-24,1994-09-24
1994–95,Crystal Palace,Chelsea,1994-09-24,1994-09-24
1994–95,Everton,Leicester City,1994-09-24,1994-09-24
1994–95,Ipswich Town,Manchester United,1994-09-24,1994-09-24
1994–95,Manchester City,Norwich City,1994-09-24,1994-09-24
1994–95,Newcastle United,Liverpool,1994-09-24,1994-09-24
1994–95,Queens Park Rangers,Wimbledon,1994-09-24,1994-09-24
1994–95,Tottenham Hotspur,Nottingham Forest,1994-09-24,1994-09-24
1994–95,West Ham United,Arsenal,1994-09-25,1994-09-25
1994–95,Sheffield Wednesday,Leeds United,1994-09-26,1994-09-26
1994–95,Arsenal,Crystal Palace,1994-10-01,1994-10-01
1994–95,Aston Villa,Newcastle United,1994-10-01,1994-10-01
1994–95,Leeds United,Manchester City,1994-10-01,1994-10-01
1994–95,Liverpool,Sheffield Wednesday,1994-10-01,1994-10-01
1994–95,Manchester United,Everton,1994-10-01,1994-10-01
1994–95,Norwich City,Blackburn Rovers,1994-10-01,1994-10-01
1994–95,Southampton,Ipswich Town,1994-10-01,1994-10-01
1994–95,Wimbledon,Tottenham Hotspur,1994-10-01,1994-10-01
1994–95,Chelsea,West Ham United,1994-10-02,1994-10-02
1994–95,Nottingham Forest,Queens Park Rangers,1994-10-02,1994-10-02
1994–95,Leicester City,Coventry City,1994-10-03,1994-10-03
1994–95,Chelsea,Leicester City,1994-10-08,1994-10-08
1994–95,Liverpool,Aston Villa,1994-10-08,1994-10-08
1994–95,Manchester City,Nottingham Forest,1994-10-08,1994-10-08
1994–95,Norwich City,Leeds United,1994-10-08,1994-10-08
1994–95,Sheffield Wednesday,Manchester United,1994-10-08,1994-10-08
1994–95,Southampton,Everton,1994-10-08,1994-10-08
1994–95,Tottenham Hotspur,Queens Park Rangers,1994-10-08,1994-10-08
1994–95,West Ham United,Crystal Palace,1994-10-08,1994-10-08
1994–95,Wimbledon,Arsenal,1994-10-08,1994-10-08
1994–95,Newcastle United,Blackburn Rovers,1994-10-09,1994-10-09
1994–95,Coventry City,Ipswich Town,1994-10-10,1994-10-10
1994–95,Arsenal,Chelsea,1994-10-15,1994-10-15
1994–95,Aston Villa,Norwich City,1994-10-15,1994-10-15
1994–95,Blackburn Rovers,Liverpool,1994-10-15,1994-10-15
1994–95,Crystal Palace,Newcastle United,1994-10-15,1994-10-15
1994–95,Everton,Coventry City,1994-10-15,1994-10-15
1994–95,Leeds United,Tottenham Hotspur,1994-10-15,1994-10-15
1994–95,Leicester City,Southampton,1994-10-15,1994-10-15
1994–95,Manchester United,West Ham United,1994-10-15,1994-10-15
1994–95,Queens Park Rangers,Manchester City,1994-10-15,1994-10-15
1994–95,Ipswich Town,Sheffield Wednesday,1994-10-16,1994-10-16
1994–95,Nottingham Forest,Wimbledon,1994-10-17,1994-10-17
1994–95,Aston Villa,Nottingham Forest,1994-10-22,1994-10-22
1994–95,Crystal Palace,Everton,1994-10-22,1994-10-22
1994–95,Liverpool,Wimbledon,1994-10-22,1994-10-22
1994–95,Manchester City,Tottenham Hotspur,1994-10-22,1994-10-22
1994–95,Newcastle United,Sheffield Wednesday,1994-10-22,1994-10-22
1994–95,Norwich City,Queens Park Rangers,1994-10-22,1994-10-22
1994–95,West Ham United,Southampton,1994-10-22,1994-10-22
1994–95,Arsenal,Coventry City,1994-10-23,1994-10-23
1994–95,Blackburn Rovers,Manchester United,1994-10-23,1994-10-23
1994–95,Chelsea,Ipswich Town,1994-10-23,1994-10-23
1994–95,Leeds United,Leicester City,1994-10-24,1994-10-24
1994–95,Coventry City,Manchester City,1994-10-29,1994-10-29
1994–95,Everton,Arsenal,1994-10-29,1994-10-29
1994–95,Ipswich Town,Liverpool,1994-10-29,1994-10-29
1994–95,Leicester City,Crystal Palace,1994-10-29,1994-10-29
1994–95,Manchester United,Newcastle United,1994-10-29,1994-10-29
1994–95,Nottingham Forest,Blackburn Rovers,1994-10-29,1994-10-29
1994–95,Queens Park Rangers,Aston Villa,1994-10-29,1994-10-29
1994–95,Sheffield Wednesday,Chelsea,1994-10-29,1994-10-29
1994–95,Southampton,Leeds United,1994-10-29,1994-10-29
1994–95,Tottenham Hotspur,West Ham United,1994-10-29,1994-10-29
1994–95,Wimbledon,Norwich City,1994-10-30,1994-10-30
1994–95,Queens Park Rangers,Liverpool,1994-10-31,1994-10-31
1994–95,Everton,West Ham United,1994-11-01,1994-11-01
1994–95,Ipswich Town,Leeds United,1994-11-01,1994-11-01
1994–95,Coventry City,Crystal Palace,1994-11-02,1994-11-02
1994–95,Sheffield Wednesday,Blackburn Rovers,1994-11-02,1994-11-02
1994–95,Southampton,Norwich City,1994-11-02,1994-11-02
1994–95,Blackburn Rovers,Tottenham Hotspur,1994-11-05,1994-11-05
1994–95,Crystal Palace,Ipswich Town,1994-11-05,1994-11-05
1994–95,Leeds United,Wimbledon,1994-11-05,1994-11-05
1994–95,Liverpool,Nottingham Forest,1994-11-05,1994-11-05
1994–95,Manchester City,Southampton,1994-11-05,1994-11-05
1994–95,Newcastle United,Queens Park Rangers,1994-11-05,1994-11-05
1994–95,Norwich City,Everton,1994-11-05,1994-11-05
1994–95,West Ham United,Leicester City,1994-11-05,1994-11-05
1994–95,Arsenal,Sheffield Wednesday,1994-11-06,1994-11-06
1994–95,Aston Villa,Manchester United,1994-11-06,1994-11-06
1994–95,Chelsea,Coventry City,1994-11-06,1994-11-06
1994–95,Nottingham Forest,Newcastle United,1994-11-07,1994-11-07
1994–95,Liverpool,Chelsea,1994-11-09,1994-11-09
1994–95,Wimbledon,Aston Villa,1994-11-09,1994-11-09
1994–95,Manchester United,Manchester City,1994-11-10,1994-11-10
1994–95,Coventry City,Norwich City,1994-11-19,1994-11-19
1994–95,Ipswich Town,Blackburn Rovers,1994-11-19,1994-11-19
1994–95,Manchester United,Crystal Palace,1994-11-19,1994-11-19
1994–95,Nottingham Forest,Chelsea,1994-11-19,1994-11-19
1994–95,Queens Park Rangers,Leeds United,1994-11-19,1994-11-19
1994–95,Sheffield Wednesday,West Ham United,1994-11-19,1994-11-19
1994–95,Southampton,Arsenal,1994-11-19,1994-11-19
1994–95,Tottenham Hotspur,Aston Villa,1994-11-19,1994-11-19
1994–95,Wimbledon,Newcastle United,1994-11-19,1994-11-19
1994–95,Leicester City,Manchester City,1994-11-20,1994-11-20
1994–95,Everton,Liverpool,1994-11-21,1994-11-21
1994–95,Leicester City,Arsenal,1994-11-23,1994-11-23
1994–95,Tottenham Hotspur,Chelsea,1994-11-23,1994-11-23
1994–95,Arsenal,Manchester United,1994-11-26,1994-11-26
1994–95,Blackburn Rovers,Queens Park Rangers,1994-11-26,1994-11-26
1994–95,Chelsea,Everton,1994-11-26,1994-11-26
1994–95,Crystal Palace,Southampton,1994-11-26,1994-11-26
1994–95,Leeds United,Nottingham Forest,1994-11-26,1994-11-26
1994–95,Liverpool,Tottenham Hotspur,1994-11-26,1994-11-26
1994–95,Manchester City,Wimbledon,1994-11-26,1994-11-26
1994–95,Newcastle United,Ipswich Town,1994-11-26,1994-11-26
1994–95,Norwich City,Leicester City,1994-11-26,1994-11-26
1994–95,West Ham United,Coventry City,1994-11-26,1994-11-26
1994–95,Aston Villa,Sheffield Wednesday,1994-11-27,1994-11-27
1994–95,Coventry City,Liverpool,1994-12-03,1994-12-03
1994–95,Ipswich Town,Manchester City,1994-12-03,1994-12-03
1994–95,Leicester City,Aston Villa,1994-12-03,1994-12-03
1994–95,Manchester United,Norwich City,1994-12-03,1994-12-03
1994–95,Nottingham Forest,Arsenal,1994-12-03,1994-12-03
1994–95,Sheffield Wednesday,Crystal Palace,1994-12-03,1994-12-03
1994–95,Southampton,Chelsea,1994-12-03,1994-12-03
1994–95,Tottenham Hotspur,Newcastle United,1994-12-03,1994-12-03
1994–95,Wimbledon,Blackburn Rovers,1994-12-03,1994-12-03
1994–95,Queens Park Rangers,West Ham United,1994-12-04,1994-12-04
1994–95,Everton,Leeds United,1994-12-05,1994-12-04
1994–95,Aston Villa,Everton,1994-12-10,1994-12-10
1994–95,Blackburn Rovers,Southampton,1994-12-10,1994-12-10
1994–95,Leeds United,West Ham United,1994-12-10,1994-12-10
1994–95,Newcastle United,Leicester City,1994-12-10,1994-12-10
1994–95,Norwich City,Chelsea,1994-12-10,1994-12-10
1994–95,Nottingham Forest,Ipswich Town,1994-12-10,1994-12-10
1994–95,Queens Park Rangers,Manchester United,1994-12-10,1994-12-10
1994–95,Tottenham Hotspur,Sheffield Wednesday,1994-12-10,1994-12-10
1994–95,Wimbledon,Coventry City,1994-12-10,1994-12-10
1994–95,Liverpool,Crystal Palace,1994-12-11,1994-12-11
1994–95,Manchester City,Arsenal,1994-12-12,1994-12-12
1994–95,Ipswich Town,Wimbledon,1994-12-16,1994-12-16
1994–95,Arsenal,Leeds United,1994-12-17,1994-12-17
1994–95,Coventry City,Newcastle United,1994-12-17,1994-12-17
1994–95,Crystal Palace,Norwich City,1994-12-17,1994-12-17
1994–95,Everton,Tottenham Hotspur,1994-12-17,1994-12-17
1994–95,Leicester City,Blackburn Rovers,1994-12-17,1994-12-17
1994–95,Manchester United,Nottingham Forest,1994-12-17,1994-12-17
1994–95,Sheffield Wednesday,Queens Park Rangers,1994-12-17,1994-12-17
1994–95,West Ham United,Manchester City,1994-12-17,1994-12-17
1994–95,Chelsea,Liverpool,1994-12-18,1994-12-18
1994–95,Southampton,Aston Villa,1994-12-19,1994-12-19
1994–95,Arsenal,Aston Villa,1994-12-26,1994-12-26
1994–95,Chelsea,Manchester United,1994-12-26,1994-12-26
1994–95,Coventry City,Nottingham Forest,1994-12-26,1994-12-26
1994–95,Crystal Palace,Queens Park Rangers,1994-12-26,1994-12-26
1994–95,Everton,Sheffield Wednesday,1994-12-26,1994-12-26
1994–95,Leeds United,Newcastle United,1994-12-26,1994-12-26
1994–95,Leicester City,Liverpool,1994-12-26,1994-12-26
1994–95,Manchester City,Blackburn Rovers,1994-12-26,1994-12-26
1994–95,Norwich City,Tottenham Hotspur,1994-12-26,1994-12-26
1994–95,Southampton,Wimbledon,1994-12-26,1994-12-26
1994–95,West Ham United,Ipswich Town,1994-12-26,1994-12-26
1994–95,Nottingham Forest,Norwich City,1994-12-27,1994-12-27
1994–95,Tottenham Hotspur,Crystal Palace,1994-12-27,1994-12-27
1994–95,Aston Villa,Chelsea,1994-12-28,1994-12-28
1994–95,Ipswich Town,Arsenal,1994-12-28,1994-12-28
1994–95,Liverpool,Manchester City,1994-12-28,1994-12-28
1994–95,Manchester United,Leicester City,1994-12-28,1994-12-28
1994–95,Queens Park Rangers,Southampton,1994-12-28,1994-12-28
1994–95,Sheffield Wednesday,Coventry City,1994-12-28,1994-12-28
1994–95,Wimbledon,West Ham United,1994-12-28,1994-12-28
1994–95,Arsenal,Queens Park Rangers,1994-12-31,1994-12-31
1994–95,Chelsea,Wimbledon,1994-12-31,1994-12-31
1994–95,Coventry City,Tottenham Hotspur,1994-12-31,1994-12-31
1994–95,Crystal Palace,Blackburn Rovers,1994-12-31,1994-12-31
1994–95,Everton,Ipswich Town,1994-12-31,1994-12-31
1994–95,Leeds United,Liverpool,1994-12-31,1994-12-31
1994–95,Leicester City,Sheffield Wednesday,1994-12-31,1994-12-31
1994–95,Manchester City,Aston Villa,1994-12-31,1994-12-31
1994–95,Norwich City,Newcastle United,1994-12-31,1994-12-31
1994–95,Southampton,Manchester United,1994-12-31,1994-12-31
1994–95,West Ham United,Nottingham Forest,1994-12-31,1994-12-31
1994–95,Aston Villa,Leeds United,1995-01-02,1995-01-02
1994–95,Blackburn Rovers,West Ham United,1995-01-02,1995-01-02
1994–95,Ipswich Town,Leicester City,1995-01-02,1995-01-02
1994–95,Liverpool,Norwich City,1995-01-02,1995-01-02
1994–95,Newcastle United,Manchester City,1995-01-02,1995-01-02
1994–95,Nottingham Forest,Crystal Palace,1995-01-02,1995-01-02
1994–95,Sheffield Wednesday,Southampton,1995-01-02,1995-01-02
1994–95,Tottenham Hotspur,Arsenal,1995-01-02,1995-01-02
1994–95,Wimbledon,Everton,1995-01-02,1995-01-02
1994–95,Manchester United,Coventry City,1995-01-03,1995-01-03
1994–95,Arsenal,Everton,1995-01-14,1995-01-14
1994–95,Aston Villa,Queens Park Rangers,1995-01-14,1995-01-14
1994–95,Blackburn Rovers,Nottingham Forest,1995-01-14,1995-01-14
1994–95,Chelsea,Sheffield Wednesday,1995-01-14,1995-01-14
1994–95,Crystal Palace,Leicester City,1995-01-14,1995-01-14
1994–95,Leeds United,Southampton,1995-01-14,1995-01-14
1994–95,Liverpool,Ipswich Town,1995-01-14,1995-01-14
1994–95,Manchester City,Coventry City,1995-01-14,1995-01-14
1994–95,Norwich City,Wimbledon,1995-01-14,1995-01-14
1994–95,West Ham United,Tottenham Hotspur,1995-01-14,1995-01-14
1994–95,Newcastle United,Manchester United,1995-01-15,1995-01-15
1994–95,Coventry City,Arsenal,1995-01-21,1995-01-21
1994–95,Everton,Crystal Palace,1995-01-21,1995-01-21
1994–95,Ipswich Town,Chelsea,1995-01-21,1995-01-21
1994–95,Nottingham Forest,Aston Villa,1995-01-21,1995-01-21
1994–95,Sheffield Wednesday,Newcastle United,1995-01-21,1995-01-21
1994–95,Manchester United,Blackburn Rovers,1995-01-22,1995-01-22
1994–95,West Ham United,Sheffield Wednesday,1995-01-23,1995-01-23
1994–95,Arsenal,Southampton,1995-01-24,1995-01-24
1994–95,Leeds United,Queens Park Rangers,1995-01-24,1995-01-24
1994–95,Liverpool,Everton,1995-01-24,1995-01-24
1994–95,Aston Villa,Tottenham Hotspur,1995-01-25,1995-01-25
1994–95,Chelsea,Nottingham Forest,1995-01-25,1995-01-25
1994–95,Crystal Palace,Manchester United,1995-01-25,1995-01-25
1994–95,Manchester City,Leicester City,1995-01-25,1995-01-25
1994–95,Newcastle United,Wimbledon,1995-01-25,1995-01-25
1994–95,Norwich City,Coventry City,1995-01-25,1995-01-25
1994–95,Blackburn Rovers,Ipswich Town,1995-01-28,1995-01-28
1994–95,Blackburn Rovers,Leeds United,1995-02-01,1995-02-01
1994–95,Newcastle United,Everton,1995-02-01,1995-02-01
1994–95,Coventry City,Chelsea,1995-02-04,1995-02-04
1994–95,Everton,Norwich City,1995-02-04,1995-02-04
1994–95,Ipswich Town,Crystal Palace,1995-02-04,1995-02-04
1994–95,Leicester City,West Ham United,1995-02-04,1995-02-04
1994–95,Manchester United,Aston Villa,1995-02-04,1995-02-04
1994–95,Nottingham Forest,Liverpool,1995-02-04,1995-02-04
1994–95,Queens Park Rangers,Newcastle United,1995-02-04,1995-02-04
1994–95,Sheffield Wednesday,Arsenal,1995-02-04,1995-02-04
1994–95,Southampton,Manchester City,1995-02-04,1995-02-04
1994–95,Wimbledon,Leeds United,1995-02-04,1995-02-04
1994–95,Tottenham Hotspur,Blackburn Rovers,1995-02-05,1995-02-05
1994–95,Arsenal,Leicester City,1995-02-11,1995-02-11
1994–95,Aston Villa,Wimbledon,1995-02-11,1995-02-11
1994–95,Chelsea,Tottenham Hotspur,1995-02-11,1995-02-11
1994–95,Crystal Palace,Coventry City,1995-02-11,1995-02-11
1994–95,Liverpool,Queens Park Rangers,1995-02-11,1995-02-11
1994–95,Manchester City,Manchester United,1995-02-11,1995-02-11
1994–95,Newcastle United,Nottingham Forest,1995-02-11,1995-02-11
1994–95,Norwich City,Southampton,1995-02-11,1995-02-11
1994–95,Blackburn Rovers,Sheffield Wednesday,1995-02-12,1995-02-12
1994–95,West Ham United,Everton,1995-02-13,1995-02-13
1994–95,Coventry City,West Ham United,1995-02-18,1995-02-18
1994–95,Sheffield Wednesday,Aston Villa,1995-02-18,1995-02-18
1994–95,Arsenal,Nottingham Forest,1995-02-21,1995-02-21
1994–95,Aston Villa,Leicester City,1995-02-22,1995-02-22
1994–95,Blackburn Rovers,Wimbledon,1995-02-22,1995-02-22
1994–95,Leeds United,Everton,1995-02-22,1995-02-22
1994–95,Manchester City,Ipswich Town,1995-02-22,1995-02-22
1994–95,Norwich City,Manchester United,1995-02-22,1995-02-22
1994–95,Blackburn Rovers,Norwich City,1995-02-25,1995-02-25
1994–95,Coventry City,Leicester City,1995-02-25,1995-02-25
1994–95,Crystal Palace,Arsenal,1995-02-25,1995-02-25
1994–95,Everton,Manchester United,1995-02-25,1995-02-25
1994–95,Ipswich Town,Southampton,1995-02-25,1995-02-25
1994–95,Manchester City,Leeds United,1995-02-25,1995-02-25
1994–95,Newcastle United,Aston Villa,1995-02-25,1995-02-25
1994–95,Sheffield Wednesday,Liverpool,1995-02-25,1995-02-25
1994–95,Tottenham Hotspur,Wimbledon,1995-02-25,1995-02-25
1994–95,West Ham United,Chelsea,1995-02-25,1995-02-25
1994–95,Queens Park Rangers,Nottingham Forest,1995-02-26,1995-02-26
1994–95,Ipswich Town,Newcastle United,1995-02-28,1995-02-28
1994–95,Aston Villa,Blackburn Rovers,1995-03-04,1995-03-04
1994–95,Leeds United,Sheffield Wednesday,1995-03-04,1995-03-04
1994–95,Leicester City,Everton,1995-03-04,1995-03-04
1994–95,Liverpool,Newcastle United,1995-03-04,1995-03-04
1994–95,Manchester United,Ipswich Town,1995-03-04,1995-03-04
1994–95,Norwich City,Manchester City,1995-03-04,1995-03-04
1994–95,Nottingham Forest,Tottenham Hotspur,1995-03-04,1995-03-04
1994–95,Southampton,Coventry City,1995-03-04,1995-03-04
1994–95,Wimbledon,Queens Park Rangers,1995-03-04,1995-03-04
1994–95,Arsenal,West Ham United,1995-03-05,1995-03-05
1994–95,Chelsea,Crystal Palace,1995-03-05,1995-03-05
1994–95,Aston Villa,Coventry City,1995-03-06,1995-03-06
1994–95,Wimbledon,Manchester United,1995-03-07,1995-03-07
1994–95,Blackburn Rovers,Arsenal,1995-03-08,1995-03-08
1994–95,Manchester City,Chelsea,1995-03-08,1995-03-08
1994–95,Newcastle United,West Ham United,1995-03-08,1995-03-08
1994–95,Norwich City,Sheffield Wednesday,1995-03-08,1995-03-08
1994–95,Nottingham Forest,Everton,1995-03-08,1995-03-08
1994–95,Queens Park Rangers,Leicester City,1995-03-08,1995-03-08
1994–95,Tottenham Hotspur,Ipswich Town,1995-03-08,1995-03-08
1994–95,Chelsea,Leeds United,1995-03-11,1995-03-11
1994–95,Coventry City,Blackburn Rovers,1995-03-11,1995-03-11
1994–95,Leicester City,Nottingham Forest,1995-03-11,1995-03-11
1994–95,Sheffield Wednesday,Wimbledon,1995-03-11,1995-03-11
1994–95,West Ham United,Norwich City,1995-03-11,1995-03-11
1994–95,Crystal Palace,Sheffield Wednesday,1995-03-14,1995-03-14
1994–95,Liverpool,Coventry City,1995-03-14,1995-03-14
1994–95,Everton,Manchester City,1995-03-15,1995-03-15
1994–95,Leicester City,Leeds United,1995-03-15,1995-03-15
1994–95,Manchester United,Tottenham Hotspur,1995-03-15,1995-03-15
1994–95,Queens Park Rangers,Norwich City,1995-03-15,1995-03-15
1994–95,Southampton,West Ham United,1995-03-15,1995-03-15
1994–95,Aston Villa,West Ham United,1995-03-18,1995-03-18
1994–95,Blackburn Rovers,Chelsea,1995-03-18,1995-03-18
1994–95,Leeds United,Coventry City,1995-03-18,1995-03-18
1994–95,Manchester City,Sheffield Wednesday,1995-03-18,1995-03-18
1994–95,Nottingham Forest,Southampton,1995-03-18,1995-03-18
1994–95,Queens Park Rangers,Everton,1995-03-18,1995-03-18
1994–95,Tottenham Hotspur,Leicester City,1995-03-18,1995-03-18
1994–95,Wimbledon,Crystal Palace,1995-03-18,1995-03-18
1994–95,Liverpool,Manchester United,1995-03-19,1995-03-19
1994–95,Newcastle United,Arsenal,1995-03-19,1995-03-19
1994–95,Norwich City,Ipswich Town,1995-03-20,1995-03-20
1994–95,Wimbledon,Manchester City,1995-03-21,1995-03-21
1994–95,Manchester United,Arsenal,1995-03-22,1995-03-22
1994–95,Nottingham Forest,Leeds United,1995-03-22,1995-03-22
1994–95,Queens Park Rangers,Chelsea,1995-03-22,1995-03-22
1994–95,Southampton,Newcastle United,1995-03-22,1995-03-22
1994–95,Tottenham Hotspur,Liverpool,1995-03-22,1995-03-22
1994–95,Arsenal,Norwich City,1995-04-01,1995-04-01
1994–95,Chelsea,Newcastle United,1995-04-01,1995-04-01
1994–95,Coventry City,Queens Park Rangers,1995-04-01,1995-04-01
1994–95,Crystal Palace,Manchester City,1995-04-01,1995-04-01
1994–95,Everton,Blackburn Rovers,1995-04-01,1995-04-01
1994–95,Ipswich Town,Aston Villa,1995-04-01,1995-04-01
1994–95,Leicester City,Wimbledon,1995-04-01,1995-04-01
1994–95,Sheffield Wednesday,Nottingham Forest,1995-04-01,1995-04-01
1994–95,Manchester United,Leeds United,1995-04-02,1995-04-02
1994–95,Southampton,Tottenham Hotspur,1995-04-02,1995-04-02
1994–95,Crystal Palace,Aston Villa,1995-04-04,1995-04-04
1994–95,Queens Park Rangers,Blackburn Rovers,1995-04-04,1995-04-04
1994–95,Leeds United,Ipswich Town,1995-04-05,1995-04-05
1994–95,Leicester City,Norwich City,1995-04-05,1995-04-05
1994–95,Liverpool,Southampton,1995-04-05,1995-04-05
1994–95,Newcastle United,Norwich City,1995-04-08,1995-04-08
1994–95,Nottingham Forest,West Ham United,1995-04-08,1995-04-08
1994–95,Queens Park Rangers,Arsenal,1995-04-08,1995-04-08
1994–95,Sheffield Wednesday,Leicester City,1995-04-08,1995-04-08
1994–95,Liverpool,Leeds United,1995-04-09,1995-04-09
1994–95,Wimbledon,Chelsea,1995-04-10,1995-04-10
1994–95,Ipswich Town,Queens Park Rangers,1995-04-11,1995-04-11
1994–95,Tottenham Hotspur,Manchester City,1995-04-11,1995-04-11
1994–95,Arsenal,Liverpool,1995-04-12,1995-04-12
1994–95,Chelsea,Southampton,1995-04-12,1995-04-12
1994–95,Norwich City,Nottingham Forest,1995-04-12,1995-04-12
1994–95,West Ham United,Wimbledon,1995-04-13,1995-04-13
1994–95,Crystal Palace,Tottenham Hotspur,1995-04-14,1995-04-14
1994–95,Everton,Newcastle United,1995-04-14,1995-04-14
1994–95,Manchester City,Liverpool,1995-04-14,1995-04-14
1994–95,Arsenal,Ipswich Town,1995-04-15,1995-04-15
1994–95,Chelsea,Aston Villa,1995-04-15,1995-04-15
1994–95,Coventry City,Sheffield Wednesday,1995-04-15,1995-04-15
1994–95,Leeds United,Blackburn Rovers,1995-04-15,1995-04-15
1994–95,Leicester City,Manchester United,1995-04-15,1995-04-15
1994–95,Southampton,Queens Park Rangers,1995-04-15,1995-04-15
1994–95,Aston Villa,Arsenal,1995-04-17,1995-04-17
1994–95,Blackburn Rovers,Manchester City,1995-04-17,1995-04-17
1994–95,Ipswich Town,West Ham United,1995-04-17,1995-04-17
1994–95,Liverpool,Leicester City,1995-04-17,1995-04-17
1994–95,Manchester United,Chelsea,1995-04-17,1995-04-17
1994–95,Newcastle United,Leeds United,1995-04-17,1995-04-17
1994–95,Nottingham Forest,Coventry City,1995-04-17,1995-04-17
1994–95,Queens Park Rangers,Crystal Palace,1995-04-17,1995-04-17
1994–95,Sheffield Wednesday,Everton,1995-04-17,1995-04-17
1994–95,Tottenham Hotspur,Norwich City,1995-04-17,1995-04-17
1994–95,Wimbledon,Southampton,1995-04-17,1995-04-17
1994–95,Blackburn Rovers,Crystal Palace,1995-04-20,1995-04-19
1994–95,Arsenal,Tottenham Hotspur,1995-04-29,1995-04-29
1994–95,Chelsea,Queens Park Rangers,1995-04-29,1995-04-29
1994–95,Crystal Palace,Nottingham Forest,1995-04-29,1995-04-29
1994–95,Everton,Wimbledon,1995-04-29,1995-04-29
1994–95,Leeds United,Aston Villa,1995-04-29,1995-04-29
1994–95,Leicester City,Ipswich Town,1995-04-29,1995-04-29
1994–95,Manchester City,Newcastle United,1995-04-29,1995-04-29
1994–95,Norwich City,Liverpool,1995-04-29,1995-04-29
1994–95,Southampton,Sheffield Wednesday,1995-04-29,1995-04-29
1994–95,West Ham United,Blackburn Rovers,1995-04-30,1995-04-30
1994–95,Coventry City,Manchester United,1995-05-01,1995-05-01
1994–95,Wimbledon,Liverpool,1995-05-02,1995-05-02
1994–95,Aston Villa,Manchester City,1995-05-03,1995-05-03
1994–95,Everton,Chelsea,1995-05-03,1995-05-03
1994–95,Newcastle United,Tottenham Hotspur,1995-05-03,1995-05-03
1994–95,Southampton,Crystal Palace,1995-05-03,1995-05-03
1994–95,West Ham United,Queens Park Rangers,1995-05-03,1995-05-03
1994–95,Arsenal,Wimbledon,1995-05-04,1995-05-04
1994–95,Aston Villa,Liverpool,1995-05-06,1995-05-06
1994–95,Crystal Palace,West Ham United,1995-05-06,1995-05-06
1994–95,Everton,Southampton,1995-05-06,1995-05-06
1994–95,Ipswich Town,Coventry City,1995-05-06,1995-05-06
1994–95,Leeds United,Norwich City,1995-05-06,1995-05-06
1994–95,Leicester City,Chelsea,1995-05-06,1995-05-06
1994–95,Nottingham Forest,Manchester City,1995-05-06,1995-05-06
1994–95,Queens Park Rangers,Tottenham Hotspur,1995-05-06,1995-05-06
1994–95,Manchester United,Sheffield Wednesday,1995-05-07,1995-05-07
1994–95,Blackburn Rovers,Newcastle United,1995-05-08,1995-05-08
1994–95,Ipswich Town,Everton,1995-05-09,1995-05-09
1994–95,Leeds United,Crystal Palace,1995-05-09,1995-05-09
1994–95,Tottenham Hotspur,Coventry City,1995-05-09,1995-05-09
1994–95,Manchester United,Southampton,1995-05-10,1995-05-10
1994–95,West Ham United,Liverpool,1995-05-10,1995-05-10
1994–95,Wimbledon,Nottingham Forest,1995-05-13,1995-05-13
1994–95,Chelsea,Arsenal,1995-05-14,1995-05-14
1994–95,Coventry City,Everton,1995-05-14,1995-05-14
1994–95,Liverpool,Blackburn Rovers,1995-05-14,1995-05-14
1994–95,Manchester City,Queens Park Rangers,1995-05-14,1995-05-14
1994–95,Newcastle United,Crystal Palace,1995-05-14,1995-05-14
1994–95,Norwich City,Aston Villa,1995-05-14,1995-05-14
1994–95,Sheffield Wednesday,Ipswich Town,1995-05-14,1995-05-14
1994–95,Southampton,Leicester City,1995-05-14,1995-05-14
1994–95,Tottenham Hotspur,Leeds United,1995-05-14,1995-05-14
1994–95,West Ham United,Manchester United,1995-05-14,1995-05-14
1995–96,Aston Villa,Manchester United,1995-08-19,1995-08-19
1995–96,Blackburn Rovers,Queens Park Rangers,1995-08-19,1995-08-19
1995–96,Chelsea,Everton,1995-08-19,1995-08-19
1995–96,Liverpool,Sheffield Wednesday,1995-08-19,1995-08-19
1995–96,Manchester City,Tottenham Hotspur,1995-08-19,1995-08-19
1995–96,Newcastle United,Coventry City,1995-08-19,1995-08-19
1995–96,Southampton,Nottingham Forest,1995-08-19,1995-08-19
1995–96,West Ham United,Leeds United,1995-08-19,1995-08-19
1995–96,Wimbledon,Bolton Wanderers,1995-08-19,1995-08-19
1995–96,Arsenal,Middlesbrough,1995-08-20,1995-08-20
1995–96,Leeds United,Liverpool,1995-08-21,1995-08-21
1995–96,Bolton Wanderers,Newcastle United,1995-08-22,1995-08-22
1995–96,Coventry City,Manchester City,1995-08-23,1995-08-23
1995–96,Everton,Arsenal,1995-08-23,1995-08-23
1995–96,Manchester United,West Ham United,1995-08-23,1995-08-23
1995–96,Nottingham Forest,Chelsea,1995-08-23,1995-08-23
1995–96,Queens Park Rangers,Wimbledon,1995-08-23,1995-08-23
1995–96,Sheffield Wednesday,Blackburn Rovers,1995-08-23,1995-08-23
1995–96,Tottenham Hotspur,Aston Villa,1995-08-23,1995-08-23
1995–96,Bolton Wanderers,Blackburn Rovers,1995-08-26,1995-08-26
1995–96,Coventry City,Arsenal,1995-08-26,1995-08-26
1995–96,Everton,Southampton,1995-08-26,1995-08-26
1995–96,Leeds United,Aston Villa,1995-08-26,1995-08-26
1995–96,Manchester United,Wimbledon,1995-08-26,1995-08-26
1995–96,Middlesbrough,Chelsea,1995-08-26,1995-08-26
1995–96,Nottingham Forest,West Ham United,1995-08-26,1995-08-26
1995–96,Queens Park Rangers,Manchester City,1995-08-26,1995-08-26
1995–96,Tottenham Hotspur,Liverpool,1995-08-26,1995-08-26
1995–96,Sheffield Wednesday,Newcastle United,1995-08-27,1995-08-27
1995–96,Blackburn Rovers,Manchester United,1995-08-28,1995-08-28
1995–96,Arsenal,Nottingham Forest,1995-08-29,1995-08-29
1995–96,Aston Villa,Bolton Wanderers,1995-08-30,1995-08-30
1995–96,Chelsea,Coventry City,1995-08-30,1995-08-30
1995–96,Liverpool,Queens Park Rangers,1995-08-30,1995-08-30
1995–96,Manchester City,Everton,1995-08-30,1995-08-30
1995–96,Newcastle United,Middlesbrough,1995-08-30,1995-08-30
1995–96,Southampton,Leeds United,1995-08-30,1995-08-30
1995–96,West Ham United,Tottenham Hotspur,1995-08-30,1995-08-30
1995–96,Wimbledon,Sheffield Wednesday,1995-08-30,1995-08-30
1995–96,Blackburn Rovers,Aston Villa,1995-09-09,1995-09-09
1995–96,Bolton Wanderers,Middlesbrough,1995-09-09,1995-09-09
1995–96,Coventry City,Nottingham Forest,1995-09-09,1995-09-09
1995–96,Everton,Manchester United,1995-09-09,1995-09-09
1995–96,Queens Park Rangers,Sheffield Wednesday,1995-09-09,1995-09-09
1995–96,Southampton,Newcastle United,1995-09-09,1995-09-09
1995–96,Tottenham Hotspur,Leeds United,1995-09-09,1995-09-09
1995–96,Wimbledon,Liverpool,1995-09-09,1995-09-09
1995–96,Manchester City,Arsenal,1995-09-10,1995-09-10
1995–96,West Ham United,Chelsea,1995-09-11,1995-09-11
1995–96,Middlesbrough,Southampton,1995-09-12,1995-09-12
1995–96,Arsenal,West Ham United,1995-09-16,1995-09-16
1995–96,Aston Villa,Wimbledon,1995-09-16,1995-09-16
1995–96,Chelsea,Southampton,1995-09-16,1995-09-16
1995–96,Leeds United,Queens Park Rangers,1995-09-16,1995-09-16
1995–96,Liverpool,Blackburn Rovers,1995-09-16,1995-09-16
1995–96,Manchester United,Bolton Wanderers,1995-09-16,1995-09-16
1995–96,Middlesbrough,Coventry City,1995-09-16,1995-09-16
1995–96,Newcastle United,Manchester City,1995-09-16,1995-09-16
1995–96,Sheffield Wednesday,Tottenham Hotspur,1995-09-16,1995-09-16
1995–96,Nottingham Forest,Everton,1995-09-17,1995-09-17
1995–96,Arsenal,Southampton,1995-09-23,1995-09-23
1995–96,Aston Villa,Nottingham Forest,1995-09-23,1995-09-23
1995–96,Blackburn Rovers,Coventry City,1995-09-23,1995-09-23
1995–96,Liverpool,Bolton Wanderers,1995-09-23,1995-09-23
1995–96,Manchester City,Middlesbrough,1995-09-23,1995-09-23
1995–96,Sheffield Wednesday,Manchester United,1995-09-23,1995-09-23
1995–96,West Ham United,Everton,1995-09-23,1995-09-23
1995–96,Wimbledon,Leeds United,1995-09-23,1995-09-23
1995–96,Newcastle United,Chelsea,1995-09-24,1995-09-24
1995–96,Queens Park Rangers,Tottenham Hotspur,1995-09-25,1995-09-25
1995–96,Bolton Wanderers,Queens Park Rangers,1995-09-30,1995-09-30
1995–96,Chelsea,Arsenal,1995-09-30,1995-09-30
1995–96,Coventry City,Aston Villa,1995-09-30,1995-09-30
1995–96,Leeds United,Sheffield Wednesday,1995-09-30,1995-09-30
1995–96,Middlesbrough,Blackburn Rovers,1995-09-30,1995-09-30
1995–96,Nottingham Forest,Manchester City,1995-09-30,1995-09-30
1995–96,Tottenham Hotspur,Wimbledon,1995-09-30,1995-09-30
1995–96,Everton,Newcastle United,1995-10-01,1995-10-01
1995–96,Manchester United,Liverpool,1995-10-01,1995-10-01
1995–96,Southampton,West Ham United,1995-10-02,1995-10-02
1995–96,Aston Villa,Chelsea,1995-10-14,1995-10-14
1995–96,Blackburn Rovers,Southampton,1995-10-14,1995-10-14
1995–96,Bolton Wanderers,Everton,1995-10-14,1995-10-14
1995–96,Leeds United,Arsenal,1995-10-14,1995-10-14
1995–96,Liverpool,Coventry City,1995-10-14,1995-10-14
1995–96,Manchester United,Manchester City,1995-10-14,1995-10-14
1995–96,Queens Park Rangers,Newcastle United,1995-10-14,1995-10-14
1995–96,Tottenham Hotspur,Nottingham Forest,1995-10-14,1995-10-14
1995–96,Sheffield Wednesday,Middlesbrough,1995-10-15,1995-10-15
1995–96,Wimbledon,West Ham United,1995-10-16,1995-10-16
1995–96,Arsenal,Aston Villa,1995-10-21,1995-10-21
1995–96,Chelsea,Manchester United,1995-10-21,1995-10-21
1995–96,Coventry City,Sheffield Wednesday,1995-10-21,1995-10-21
1995–96,Manchester City,Leeds United,1995-10-21,1995-10-21
1995–96,Middlesbrough,Queens Park Rangers,1995-10-21,1995-10-21
1995–96,Newcastle United,Wimbledon,1995-10-21,1995-10-21
1995–96,Nottingham Forest,Bolton Wanderers,1995-10-21,1995-10-21
1995–96,West Ham United,Blackburn Rovers,1995-10-21,1995-10-21
1995–96,Everton,Tottenham Hotspur,1995-10-22,1995-10-22
1995–96,Southampton,Liverpool,1995-10-22,1995-10-22
1995–96,Aston Villa,Everton,1995-10-28,1995-10-28
1995–96,Blackburn Rovers,Chelsea,1995-10-28,1995-10-28
1995–96,Leeds United,Coventry City,1995-10-28,1995-10-28
1995–96,Liverpool,Manchester City,1995-10-28,1995-10-28
1995–96,Manchester United,Middlesbrough,1995-10-28,1995-10-28
1995–96,Queens Park Rangers,Nottingham Forest,1995-10-28,1995-10-28
1995–96,Sheffield Wednesday,West Ham United,1995-10-28,1995-10-28
1995–96,Wimbledon,Southampton,1995-10-28,1995-10-28
1995–96,Tottenham Hotspur,Newcastle United,1995-10-29,1995-10-29
1995–96,Bolton Wanderers,Arsenal,1995-10-30,1995-10-30
1995–96,Arsenal,Manchester United,1995-11-04,1995-11-04
1995–96,Chelsea,Sheffield Wednesday,1995-11-04,1995-11-04
1995–96,Coventry City,Tottenham Hotspur,1995-11-04,1995-11-04
1995–96,Manchester City,Bolton Wanderers,1995-11-04,1995-11-04
1995–96,Middlesbrough,Leeds United,1995-11-04,1995-11-04
1995–96,Newcastle United,Liverpool,1995-11-04,1995-11-04
1995–96,Southampton,Queens Park Rangers,1995-11-04,1995-11-04
1995–96,West Ham United,Aston Villa,1995-11-04,1995-11-04
1995–96,Everton,Blackburn Rovers,1995-11-05,1995-11-05
1995–96,Nottingham Forest,Wimbledon,1995-11-06,1995-11-06
1995–96,Newcastle United,Blackburn Rovers,1995-11-08,1995-11-08
1995–96,Aston Villa,Newcastle United,1995-11-18,1995-11-18
1995–96,Blackburn Rovers,Nottingham Forest,1995-11-18,1995-11-18
1995–96,Bolton Wanderers,West Ham United,1995-11-18,1995-11-18
1995–96,Leeds United,Chelsea,1995-11-18,1995-11-18
1995–96,Liverpool,Everton,1995-11-18,1995-11-18
1995–96,Manchester United,Southampton,1995-11-18,1995-11-18
1995–96,Sheffield Wednesday,Manchester City,1995-11-18,1995-11-18
1995–96,Tottenham Hotspur,Arsenal,1995-11-18,1995-11-18
1995–96,Wimbledon,Middlesbrough,1995-11-18,1995-11-18
1995–96,Queens Park Rangers,Coventry City,1995-11-19,1995-11-19
1995–96,Southampton,Aston Villa,1995-11-20,1995-11-20
1995–96,Arsenal,Sheffield Wednesday,1995-11-21,1995-11-21
1995–96,Middlesbrough,Tottenham Hotspur,1995-11-21,1995-11-21
1995–96,Chelsea,Bolton Wanderers,1995-11-22,1995-11-22
1995–96,Coventry City,Manchester United,1995-11-22,1995-11-22
1995–96,Everton,Queens Park Rangers,1995-11-22,1995-11-22
1995–96,Manchester City,Wimbledon,1995-11-22,1995-11-22
1995–96,West Ham United,Liverpool,1995-11-22,1995-11-22
1995–96,Chelsea,Tottenham Hotspur,1995-11-25,1995-11-25
1995–96,Coventry City,Wimbledon,1995-11-25,1995-11-25
1995–96,Everton,Sheffield Wednesday,1995-11-25,1995-11-25
1995–96,Manchester City,Aston Villa,1995-11-25,1995-11-25
1995–96,Middlesbrough,Liverpool,1995-11-25,1995-11-25
1995–96,Newcastle United,Leeds United,1995-11-25,1995-11-25
1995–96,Southampton,Bolton Wanderers,1995-11-25,1995-11-25
1995–96,West Ham United,Queens Park Rangers,1995-11-25,1995-11-25
1995–96,Arsenal,Blackburn Rovers,1995-11-26,1995-11-26
1995–96,Nottingham Forest,Manchester United,1995-11-27,1995-11-27
1995–96,Aston Villa,Arsenal,1995-12-02,1995-12-02
1995–96,Blackburn Rovers,West Ham United,1995-12-02,1995-12-02
1995–96,Bolton Wanderers,Nottingham Forest,1995-12-02,1995-12-02
1995–96,Leeds United,Manchester City,1995-12-02,1995-12-02
1995–96,Liverpool,Southampton,1995-12-02,1995-12-02
1995–96,Manchester United,Chelsea,1995-12-02,1995-12-02
1995–96,Queens Park Rangers,Middlesbrough,1995-12-02,1995-12-02
1995–96,Tottenham Hotspur,Everton,1995-12-02,1995-12-02
1995–96,Wimbledon,Newcastle United,1995-12-03,1995-12-03
1995–96,Sheffield Wednesday,Coventry City,1995-12-04,1995-12-04
1995–96,Bolton Wanderers,Liverpool,1995-12-09,1995-12-09
1995–96,Chelsea,Newcastle United,1995-12-09,1995-12-09
1995–96,Coventry City,Blackburn Rovers,1995-12-09,1995-12-09
1995–96,Leeds United,Wimbledon,1995-12-09,1995-12-09
1995–96,Manchester United,Sheffield Wednesday,1995-12-09,1995-12-09
1995–96,Middlesbrough,Manchester City,1995-12-09,1995-12-09
1995–96,Southampton,Arsenal,1995-12-09,1995-12-09
1995–96,Tottenham Hotspur,Queens Park Rangers,1995-12-09,1995-12-09
1995–96,Nottingham Forest,Aston Villa,1995-12-10,1995-12-10
1995–96,Everton,West Ham United,1995-12-11,1995-12-11
1995–96,Arsenal,Chelsea,1995-12-16,1995-12-16
1995–96,Aston Villa,Coventry City,1995-12-16,1995-12-16
1995–96,Blackburn Rovers,Middlesbrough,1995-12-16,1995-12-16
1995–96,Newcastle United,Everton,1995-12-16,1995-12-16
1995–96,Queens Park Rangers,Bolton Wanderers,1995-12-16,1995-12-16
1995–96,Sheffield Wednesday,Leeds United,1995-12-16,1995-12-16
1995–96,West Ham United,Southampton,1995-12-16,1995-12-16
1995–96,Wimbledon,Tottenham Hotspur,1995-12-16,1995-12-16
1995–96,Liverpool,Manchester United,1995-12-17,1995-12-17
1995–96,Manchester City,Nottingham Forest,1995-12-18,1995-12-18
1995–96,Coventry City,Everton,1995-12-23,1995-12-23
1995–96,Liverpool,Arsenal,1995-12-23,1995-12-23
1995–96,Manchester City,Chelsea,1995-12-23,1995-12-23
1995–96,Middlesbrough,West Ham United,1995-12-23,1995-12-23
1995–96,Newcastle United,Nottingham Forest,1995-12-23,1995-12-23
1995–96,Queens Park Rangers,Aston Villa,1995-12-23,1995-12-23
1995–96,Sheffield Wednesday,Southampton,1995-12-23,1995-12-23
1995–96,Tottenham Hotspur,Bolton Wanderers,1995-12-23,1995-12-23
1995–96,Wimbledon,Blackburn Rovers,1995-12-23,1995-12-23
1995–96,Leeds United,Manchester United,1995-12-24,1995-12-24
1995–96,Arsenal,Queens Park Rangers,1995-12-26,1995-12-26
1995–96,Blackburn Rovers,Manchester City,1995-12-26,1995-12-26
1995–96,Chelsea,Wimbledon,1995-12-26,1995-12-26
1995–96,Everton,Middlesbrough,1995-12-26,1995-12-26
1995–96,Nottingham Forest,Sheffield Wednesday,1995-12-26,1995-12-26
1995–96,Southampton,Tottenham Hotspur,1995-12-26,1995-12-26
1995–96,Bolton Wanderers,Leeds United,1995-12-27,1995-12-27
1995–96,Manchester United,Newcastle United,1995-12-27,1995-12-27
1995–96,Arsenal,Wimbledon,1995-12-30,1995-12-30
1995–96,Blackburn Rovers,Tottenham Hotspur,1995-12-30,1995-12-30
1995–96,Bolton Wanderers,Coventry City,1995-12-30,1995-12-30
1995–96,Chelsea,Liverpool,1995-12-30,1995-12-30
1995–96,Everton,Leeds United,1995-12-30,1995-12-30
1995–96,Manchester United,Queens Park Rangers,1995-12-30,1995-12-30
1995–96,Nottingham Forest,Middlesbrough,1995-12-30,1995-12-30
1995–96,Coventry City,Southampton,1996-01-01,1996-01-01
1995–96,Leeds United,Blackburn Rovers,1996-01-01,1996-01-01
1995–96,Liverpool,Nottingham Forest,1996-01-01,1996-01-01
1995–96,Manchester City,West Ham United,1996-01-01,1996-01-01
1995–96,Middlesbrough,Aston Villa,1996-01-01,1996-01-01
1995–96,Sheffield Wednesday,Bolton Wanderers,1996-01-01,1996-01-01
1995–96,Tottenham Hotspur,Manchester United,1996-01-01,1996-01-01
1995–96,Wimbledon,Everton,1996-01-01,1996-01-01
1995–96,Newcastle United,Arsenal,1996-01-02,1996-01-02
1995–96,Queens Park Rangers,Chelsea,1996-01-02,1996-01-02
1995–96,Bolton Wanderers,Wimbledon,1996-01-13,1996-01-13
1995–96,Everton,Chelsea,1996-01-13,1996-01-13
1995–96,Leeds United,West Ham United,1996-01-13,1996-01-13
1995–96,Manchester United,Aston Villa,1996-01-13,1996-01-13
1995–96,Middlesbrough,Arsenal,1996-01-13,1996-01-13
1995–96,Nottingham Forest,Southampton,1996-01-13,1996-01-13
1995–96,Queens Park Rangers,Blackburn Rovers,1996-01-13,1996-01-13
1995–96,Sheffield Wednesday,Liverpool,1996-01-13,1996-01-13
1995–96,Tottenham Hotspur,Manchester City,1996-01-13,1996-01-13
1995–96,Coventry City,Newcastle United,1996-01-14,1996-01-14
1995–96,Arsenal,Everton,1996-01-20,1996-01-20
1995–96,Blackburn Rovers,Sheffield Wednesday,1996-01-20,1996-01-20
1995–96,Chelsea,Nottingham Forest,1996-01-20,1996-01-20
1995–96,Liverpool,Leeds United,1996-01-20,1996-01-20
1995–96,Manchester City,Coventry City,1996-01-20,1996-01-20
1995–96,Newcastle United,Bolton Wanderers,1996-01-20,1996-01-20
1995–96,Southampton,Middlesbrough,1996-01-20,1996-01-20
1995–96,Wimbledon,Queens Park Rangers,1996-01-20,1996-01-20
1995–96,Aston Villa,Tottenham Hotspur,1996-01-21,1996-01-21
1995–96,West Ham United,Manchester United,1996-01-22,1996-01-23
1995–96,Aston Villa,Liverpool,1996-01-31,1996-01-31
1995–96,Nottingham Forest,Leeds United,1996-01-31,1996-01-31
1995–96,Southampton,Manchester City,1996-01-31,1996-01-31
1995–96,West Ham United,Coventry City,1996-01-31,1996-01-31
1995–96,Arsenal,Coventry City,1996-02-03,1996-02-03
1995–96,Aston Villa,Leeds United,1996-02-03,1996-02-03
1995–96,Blackburn Rovers,Bolton Wanderers,1996-02-03,1996-02-03
1995–96,Liverpool,Tottenham Hotspur,1996-02-03,1996-02-03
1995–96,Manchester City,Queens Park Rangers,1996-02-03,1996-02-03
1995–96,Newcastle United,Sheffield Wednesday,1996-02-03,1996-02-03
1995–96,Southampton,Everton,1996-02-03,1996-02-03
1995–96,West Ham United,Nottingham Forest,1996-02-03,1996-02-03
1995–96,Wimbledon,Manchester United,1996-02-03,1996-02-03
1995–96,Chelsea,Middlesbrough,1996-02-04,1996-02-04
1995–96,Bolton Wanderers,Aston Villa,1996-02-10,1996-02-10
1995–96,Coventry City,Chelsea,1996-02-10,1996-02-10
1995–96,Everton,Manchester City,1996-02-10,1996-02-10
1995–96,Manchester United,Blackburn Rovers,1996-02-10,1996-02-10
1995–96,Middlesbrough,Newcastle United,1996-02-10,1996-02-10
1995–96,Nottingham Forest,Arsenal,1996-02-10,1996-02-10
1995–96,Sheffield Wednesday,Wimbledon,1996-02-10,1996-02-10
1995–96,Queens Park Rangers,Liverpool,1996-02-11,1996-02-11
1995–96,Tottenham Hotspur,West Ham United,1996-02-12,1996-02-12
1995–96,Chelsea,West Ham United,1996-02-17,1996-02-17
1995–96,Middlesbrough,Bolton Wanderers,1996-02-17,1996-02-17
1995–96,Sheffield Wednesday,Queens Park Rangers,1996-02-17,1996-02-17
1995–96,Manchester United,Everton,1996-02-21,1996-02-21
1995–96,West Ham United,Newcastle United,1996-02-21,1996-02-21
1995–96,Blackburn Rovers,Liverpool,1996-02-24,1996-02-24
1995–96,Coventry City,Middlesbrough,1996-02-24,1996-02-24
1995–96,Everton,Nottingham Forest,1996-02-24,1996-02-24
1995–96,Manchester City,Newcastle United,1996-02-24,1996-02-24
1995–96,Southampton,Chelsea,1996-02-24,1996-02-24
1995–96,Tottenham Hotspur,Sheffield Wednesday,1996-02-24,1996-02-24
1995–96,West Ham United,Arsenal,1996-02-24,1996-02-24
1995–96,Wimbledon,Aston Villa,1996-02-24,1996-02-24
1995–96,Bolton Wanderers,Manchester United,1996-02-25,1996-02-25
1995–96,Aston Villa,Blackburn Rovers,1996-02-28,1996-02-28
1995–96,Coventry City,West Ham United,1996-03-02,1996-03-02
1995–96,Leeds United,Bolton Wanderers,1996-03-02,1996-03-02
1995–96,Manchester City,Blackburn Rovers,1996-03-02,1996-03-02
1995–96,Middlesbrough,Everton,1996-03-02,1996-03-02
1995–96,Queens Park Rangers,Arsenal,1996-03-02,1996-03-02
1995–96,Sheffield Wednesday,Nottingham Forest,1996-03-02,1996-03-02
1995–96,Tottenham Hotspur,Southampton,1996-03-02,1996-03-02
1995–96,Wimbledon,Chelsea,1996-03-02,1996-03-02
1995–96,Liverpool,Aston Villa,1996-03-03,1996-03-03
1995–96,Newcastle United,Manchester United,1996-03-04,1996-03-04
1995–96,Arsenal,Manchester City,1996-03-05,1996-03-05
1995–96,Aston Villa,Sheffield Wednesday,1996-03-06,1996-03-06
1995–96,Queens Park Rangers,Leeds United,1996-03-06,1996-03-06
1995–96,Aston Villa,Queens Park Rangers,1996-03-09,1996-03-09
1995–96,Everton,Coventry City,1996-03-09,1996-03-09
1995–96,West Ham United,Middlesbrough,1996-03-09,1996-03-09
1995–96,Chelsea,Manchester City,1996-03-12,1996-03-12
1995–96,Blackburn Rovers,Leeds United,1996-03-13,1996-03-13
1995–96,Liverpool,Wimbledon,1996-03-13,1996-03-13
1995–96,Coventry City,Bolton Wanderers,1996-03-16,1996-03-16
1995–96,Liverpool,Chelsea,1996-03-16,1996-03-16
1995–96,Manchester City,Southampton,1996-03-16,1996-03-16
1995–96,Middlesbrough,Nottingham Forest,1996-03-16,1996-03-16
1995–96,Queens Park Rangers,Manchester United,1996-03-16,1996-03-16
1995–96,Sheffield Wednesday,Aston Villa,1996-03-16,1996-03-16
1995–96,Tottenham Hotspur,Blackburn Rovers,1996-03-16,1996-03-16
1995–96,Wimbledon,Arsenal,1996-03-16,1996-03-16
1995–96,Leeds United,Everton,1996-03-17,1996-03-17
1995–96,Newcastle United,West Ham United,1996-03-18,1996-03-18
1995–96,Aston Villa,Middlesbrough,1996-03-19,1996-03-19
1995–96,Bolton Wanderers,Tottenham Hotspur,1996-03-20,1996-03-20
1995–96,Manchester United,Arsenal,1996-03-20,1996-03-20
1995–96,Southampton,Sheffield Wednesday,1996-03-20,1996-03-20
1995–96,Arsenal,Newcastle United,1996-03-23,1996-03-23
1995–96,Bolton Wanderers,Sheffield Wednesday,1996-03-23,1996-03-23
1995–96,Chelsea,Queens Park Rangers,1996-03-23,1996-03-23
1995–96,Everton,Wimbledon,1996-03-23,1996-03-23
1995–96,Nottingham Forest,Liverpool,1996-03-23,1996-03-23
1995–96,West Ham United,Manchester City,1996-03-23,1996-03-23
1995–96,Manchester United,Tottenham Hotspur,1996-03-24,1996-03-24
1995–96,Southampton,Coventry City,1996-03-25,1996-03-25
1995–96,Blackburn Rovers,Everton,1996-03-30,1996-03-30
1995–96,Bolton Wanderers,Manchester City,1996-03-30,1996-03-30
1995–96,Leeds United,Middlesbrough,1996-03-30,1996-03-30
1995–96,Queens Park Rangers,Southampton,1996-03-30,1996-03-30
1995–96,Tottenham Hotspur,Coventry City,1996-03-30,1996-03-30
1995–96,Wimbledon,Nottingham Forest,1996-03-30,1996-03-30
1995–96,Leeds United,Southampton,1996-04-03,1996-04-03
1995–96,Liverpool,Newcastle United,1996-04-03,1996-04-03
1995–96,Middlesbrough,Sheffield Wednesday,1996-04-05,1996-04-05
1995–96,Arsenal,Leeds United,1996-04-06,1996-04-06
1995–96,Chelsea,Aston Villa,1996-04-06,1996-04-06
1995–96,Coventry City,Liverpool,1996-04-06,1996-04-06
1995–96,Everton,Bolton Wanderers,1996-04-06,1996-04-06
1995–96,Manchester City,Manchester United,1996-04-06,1996-04-06
1995–96,Newcastle United,Queens Park Rangers,1996-04-06,1996-04-06
1995–96,Nottingham Forest,Tottenham Hotspur,1996-04-06,1996-04-06
1995–96,Southampton,Blackburn Rovers,1996-04-06,1996-04-06
1995–96,West Ham United,Wimbledon,1996-04-06,1996-04-06
1995–96,Aston Villa,Southampton,1996-04-08,1996-04-08
1995–96,Blackburn Rovers,Newcastle United,1996-04-08,1996-04-08
1995–96,Bolton Wanderers,Chelsea,1996-04-08,1996-04-08
1995–96,Leeds United,Nottingham Forest,1996-04-08,1996-04-08
1995–96,Liverpool,West Ham United,1996-04-08,1996-04-08
1995–96,Manchester United,Coventry City,1996-04-08,1996-04-08
1995–96,Queens Park Rangers,Everton,1996-04-08,1996-04-08
1995–96,Sheffield Wednesday,Arsenal,1996-04-08,1996-04-08
1995–96,Tottenham Hotspur,Middlesbrough,1996-04-08,1996-04-08
1995–96,Wimbledon,Manchester City,1996-04-08,1996-04-08
1995–96,Chelsea,Leeds United,1996-04-13,1996-04-13
1995–96,Coventry City,Queens Park Rangers,1996-04-13,1996-04-13
1995–96,Manchester City,Sheffield Wednesday,1996-04-13,1996-04-13
1995–96,Middlesbrough,Wimbledon,1996-04-13,1996-04-13
1995–96,Nottingham Forest,Blackburn Rovers,1996-04-13,1996-04-13
1995–96,Southampton,Manchester United,1996-04-13,1996-04-13
1995–96,West Ham United,Bolton Wanderers,1996-04-13,1996-04-13
1995–96,Newcastle United,Aston Villa,1996-04-14,1996-04-14
1995–96,Arsenal,Tottenham Hotspur,1996-04-15,1996-04-15
1995–96,Everton,Liverpool,1996-04-16,1996-04-16
1995–96,Aston Villa,West Ham United,1996-04-17,1996-04-17
1995–96,Blackburn Rovers,Wimbledon,1996-04-17,1996-04-17
1995–96,Manchester United,Leeds United,1996-04-17,1996-04-17
1995–96,Newcastle United,Southampton,1996-04-17,1996-04-17
1995–96,Nottingham Forest,Coventry City,1996-04-17,1996-04-17
1995–96,Sheffield Wednesday,Chelsea,1996-04-17,1996-04-17
1995–96,Aston Villa,Manchester City,1996-04-27,1996-04-27
1995–96,Blackburn Rovers,Arsenal,1996-04-27,1996-04-27
1995–96,Bolton Wanderers,Southampton,1996-04-27,1996-04-27
1995–96,Liverpool,Middlesbrough,1996-04-27,1996-04-27
1995–96,Queens Park Rangers,West Ham United,1996-04-27,1996-04-27
1995–96,Sheffield Wednesday,Everton,1996-04-27,1996-04-27
1995–96,Tottenham Hotspur,Chelsea,1996-04-27,1996-04-27
1995–96,Wimbledon,Coventry City,1996-04-27,1996-04-27
1995–96,Manchester United,Nottingham Forest,1996-04-28,1996-04-28
1995–96,Leeds United,Newcastle United,1996-04-29,1996-04-29
1995–96,Arsenal,Liverpool,1996-05-01,1996-05-01
1995–96,Leeds United,Tottenham Hotspur,1996-05-02,1996-05-02
1995–96,Nottingham Forest,Newcastle United,1996-05-02,1996-05-02
1995–96,Arsenal,Bolton Wanderers,1996-05-05,1996-05-04
1995–96,Chelsea,Blackburn Rovers,1996-05-05,1996-05-04
1995–96,Coventry City,Leeds United,1996-05-05,1996-05-04
1995–96,Everton,Aston Villa,1996-05-05,1996-05-04
1995–96,Manchester City,Liverpool,1996-05-05,1996-05-04
1995–96,Middlesbrough,Manchester United,1996-05-05,1996-05-04
1995–96,Newcastle United,Tottenham Hotspur,1996-05-05,1996-05-04
1995–96,Nottingham Forest,Queens Park Rangers,1996-05-05,1996-05-04
1995–96,Southampton,Wimbledon,1996-05-05,1996-05-04
1995–96,West Ham United,Sheffield Wednesday,1996-05-05,1996-05-04
1996–97,Arsenal,West Ham United,1996-08-17,1996-08-17
1996–97,Blackburn Rovers,Tottenham Hotspur,1996-08-17,1996-08-17
1996–97,Coventry City,Nottingham Forest,1996-08-17,1996-08-17
1996–97,Derby County,Leeds United,1996-08-17,1996-08-17
1996–97,Everton,Newcastle United,1996-08-17,1996-08-17
1996–97,Middlesbrough,Liverpool,1996-08-17,1996-08-17
1996–97,Sheffield Wednesday,Aston Villa,1996-08-17,1996-08-17
1996–97,Sunderland,Leicester City,1996-08-17,1996-08-17
1996–97,Wimbledon,Manchester United,1996-08-17,1996-08-17
1996–97,Southampton,Chelsea,1996-08-18,1996-08-18
1996–97,Liverpool,Arsenal,1996-08-19,1996-08-19
1996–97,Leeds United,Sheffield Wednesday,1996-08-20,1996-08-20
1996–97,Aston Villa,Blackburn Rovers,1996-08-21,1996-08-21
1996–97,Chelsea,Middlesbrough,1996-08-21,1996-08-21
1996–97,Leicester City,Southampton,1996-08-21,1996-08-21
1996–97,Manchester United,Everton,1996-08-21,1996-08-21
1996–97,Newcastle United,Wimbledon,1996-08-21,1996-08-21
1996–97,Nottingham Forest,Sunderland,1996-08-21,1996-08-21
1996–97,Tottenham Hotspur,Derby County,1996-08-21,1996-08-21
1996–97,West Ham United,Coventry City,1996-08-21,1996-08-21
1996–97,Aston Villa,Derby County,1996-08-24,1996-08-24
1996–97,Chelsea,Coventry City,1996-08-24,1996-08-24
1996–97,Leicester City,Arsenal,1996-08-24,1996-08-24
1996–97,Liverpool,Sunderland,1996-08-24,1996-08-24
1996–97,Newcastle United,Sheffield Wednesday,1996-08-24,1996-08-24
1996–97,Nottingham Forest,Middlesbrough,1996-08-24,1996-08-24
1996–97,Tottenham Hotspur,Everton,1996-08-24,1996-08-24
1996–97,West Ham United,Southampton,1996-08-24,1996-08-24
1996–97,Manchester United,Blackburn Rovers,1996-08-25,1996-08-25
1996–97,Leeds United,Wimbledon,1996-08-26,1996-08-26
1996–97,Sheffield Wednesday,Leicester City,1996-09-02,1996-09-02
1996–97,Arsenal,Chelsea,1996-09-04,1996-09-04
1996–97,Blackburn Rovers,Leeds United,1996-09-04,1996-09-04
1996–97,Coventry City,Liverpool,1996-09-04,1996-09-04
1996–97,Derby County,Manchester United,1996-09-04,1996-09-04
1996–97,Everton,Aston Villa,1996-09-04,1996-09-04
1996–97,Middlesbrough,West Ham United,1996-09-04,1996-09-04
1996–97,Southampton,Nottingham Forest,1996-09-04,1996-09-04
1996–97,Sunderland,Newcastle United,1996-09-04,1996-09-04
1996–97,Wimbledon,Tottenham Hotspur,1996-09-04,1996-09-04
1996–97,Aston Villa,Arsenal,1996-09-07,1996-09-07
1996–97,Leeds United,Manchester United,1996-09-07,1996-09-07
1996–97,Liverpool,Southampton,1996-09-07,1996-09-07
1996–97,Middlesbrough,Coventry City,1996-09-07,1996-09-07
1996–97,Nottingham Forest,Leicester City,1996-09-07,1996-09-07
1996–97,Sheffield Wednesday,Chelsea,1996-09-07,1996-09-07
1996–97,Tottenham Hotspur,Newcastle United,1996-09-07,1996-09-07
1996–97,Wimbledon,Everton,1996-09-07,1996-09-07
1996–97,Sunderland,West Ham United,1996-09-08,1996-09-08
1996–97,Blackburn Rovers,Derby County,1996-09-09,1996-09-09
1996–97,Coventry City,Leeds United,1996-09-14,1996-09-14
1996–97,Derby County,Sunderland,1996-09-14,1996-09-14
1996–97,Everton,Middlesbrough,1996-09-14,1996-09-14
1996–97,Manchester United,Nottingham Forest,1996-09-14,1996-09-14
1996–97,Newcastle United,Blackburn Rovers,1996-09-14,1996-09-14
1996–97,Southampton,Tottenham Hotspur,1996-09-14,1996-09-14
1996–97,West Ham United,Wimbledon,1996-09-14,1996-09-14
1996–97,Chelsea,Aston Villa,1996-09-15,1996-09-15
1996–97,Leicester City,Liverpool,1996-09-15,1996-09-15
1996–97,Arsenal,Sheffield Wednesday,1996-09-16,1996-09-16
1996–97,Aston Villa,Manchester United,1996-09-21,1996-09-21
1996–97,Blackburn Rovers,Everton,1996-09-21,1996-09-21
1996–97,Leeds United,Newcastle United,1996-09-21,1996-09-21
1996–97,Liverpool,Chelsea,1996-09-21,1996-09-21
1996–97,Middlesbrough,Arsenal,1996-09-21,1996-09-21
1996–97,Nottingham Forest,West Ham United,1996-09-21,1996-09-21
1996–97,Sheffield Wednesday,Derby County,1996-09-21,1996-09-21
1996–97,Sunderland,Coventry City,1996-09-21,1996-09-21
1996–97,Tottenham Hotspur,Leicester City,1996-09-22,1996-09-22
1996–97,Wimbledon,Southampton,1996-09-23,1996-09-23
1996–97,Arsenal,Sunderland,1996-09-28,1996-09-28
1996–97,Chelsea,Nottingham Forest,1996-09-28,1996-09-28
1996–97,Coventry City,Blackburn Rovers,1996-09-28,1996-09-28
1996–97,Derby County,Wimbledon,1996-09-28,1996-09-28
1996–97,Everton,Sheffield Wednesday,1996-09-28,1996-09-28
1996–97,Leicester City,Leeds United,1996-09-28,1996-09-28
1996–97,Southampton,Middlesbrough,1996-09-28,1996-09-28
1996–97,Manchester United,Tottenham Hotspur,1996-09-29,1996-09-29
1996–97,West Ham United,Liverpool,1996-09-29,1996-09-29
1996–97,Newcastle United,Aston Villa,1996-09-30,1996-09-30
1996–97,Blackburn Rovers,Arsenal,1996-10-12,1996-10-12
1996–97,Derby County,Newcastle United,1996-10-12,1996-10-12
1996–97,Everton,West Ham United,1996-10-12,1996-10-12
1996–97,Leeds United,Nottingham Forest,1996-10-12,1996-10-12
1996–97,Leicester City,Chelsea,1996-10-12,1996-10-12
1996–97,Manchester United,Liverpool,1996-10-12,1996-10-12
1996–97,Tottenham Hotspur,Aston Villa,1996-10-12,1996-10-12
1996–97,Wimbledon,Sheffield Wednesday,1996-10-12,1996-10-12
1996–97,Coventry City,Southampton,1996-10-13,1996-10-13
1996–97,Sunderland,Middlesbrough,1996-10-14,1996-10-14
1996–97,Arsenal,Coventry City,1996-10-19,1996-10-19
1996–97,Aston Villa,Leeds United,1996-10-19,1996-10-19
1996–97,Chelsea,Wimbledon,1996-10-19,1996-10-19
1996–97,Middlesbrough,Tottenham Hotspur,1996-10-19,1996-10-19
1996–97,Nottingham Forest,Derby County,1996-10-19,1996-10-19
1996–97,Sheffield Wednesday,Blackburn Rovers,1996-10-19,1996-10-19
1996–97,Southampton,Sunderland,1996-10-19,1996-10-19
1996–97,West Ham United,Leicester City,1996-10-19,1996-10-19
1996–97,Newcastle United,Manchester United,1996-10-20,1996-10-20
1996–97,Arsenal,Leeds United,1996-10-26,1996-10-26
1996–97,Chelsea,Tottenham Hotspur,1996-10-26,1996-10-26
1996–97,Coventry City,Sheffield Wednesday,1996-10-26,1996-10-26
1996–97,Leicester City,Newcastle United,1996-10-26,1996-10-26
1996–97,Middlesbrough,Wimbledon,1996-10-26,1996-10-26
1996–97,Southampton,Manchester United,1996-10-26,1996-10-26
1996–97,Sunderland,Aston Villa,1996-10-26,1996-10-26
1996–97,West Ham United,Blackburn Rovers,1996-10-26,1996-10-26
1996–97,Liverpool,Derby County,1996-10-27,1996-10-27
1996–97,Nottingham Forest,Everton,1996-10-28,1996-10-28
1996–97,Aston Villa,Nottingham Forest,1996-11-02,1996-11-02
1996–97,Derby County,Leicester City,1996-11-02,1996-11-02
1996–97,Leeds United,Sunderland,1996-11-02,1996-11-02
1996–97,Manchester United,Chelsea,1996-11-02,1996-11-02
1996–97,Sheffield Wednesday,Southampton,1996-11-02,1996-11-02
1996–97,Tottenham Hotspur,West Ham United,1996-11-02,1996-11-02
1996–97,Wimbledon,Arsenal,1996-11-02,1996-11-02
1996–97,Blackburn Rovers,Liverpool,1996-11-03,1996-11-03
1996–97,Newcastle United,Middlesbrough,1996-11-03,1996-11-03
1996–97,Everton,Coventry City,1996-11-04,1996-11-04
1996–97,Aston Villa,Leicester City,1996-11-16,1996-11-16
1996–97,Blackburn Rovers,Chelsea,1996-11-16,1996-11-16
1996–97,Everton,Southampton,1996-11-16,1996-11-16
1996–97,Leeds United,Liverpool,1996-11-16,1996-11-16
1996–97,Manchester United,Arsenal,1996-11-16,1996-11-16
1996–97,Newcastle United,West Ham United,1996-11-16,1996-11-16
1996–97,Tottenham Hotspur,Sunderland,1996-11-16,1996-11-16
1996–97,Wimbledon,Coventry City,1996-11-16,1996-11-16
1996–97,Derby County,Middlesbrough,1996-11-17,1996-11-17
1996–97,Sheffield Wednesday,Nottingham Forest,1996-11-18,1996-11-18
1996–97,Liverpool,Everton,1996-11-20,1996-11-20
1996–97,Chelsea,Newcastle United,1996-11-23,1996-11-23
1996–97,Coventry City,Aston Villa,1996-11-23,1996-11-23
1996–97,Leicester City,Everton,1996-11-23,1996-11-23
1996–97,Liverpool,Wimbledon,1996-11-23,1996-11-23
1996–97,Middlesbrough,Manchester United,1996-11-23,1996-11-23
1996–97,Southampton,Leeds United,1996-11-23,1996-11-23
1996–97,Sunderland,Sheffield Wednesday,1996-11-23,1996-11-23
1996–97,West Ham United,Derby County,1996-11-23,1996-11-23
1996–97,Arsenal,Tottenham Hotspur,1996-11-24,1996-11-24
1996–97,Nottingham Forest,Blackburn Rovers,1996-11-25,1996-11-25
1996–97,Aston Villa,Middlesbrough,1996-11-30,1996-11-30
1996–97,Blackburn Rovers,Southampton,1996-11-30,1996-11-30
1996–97,Derby County,Coventry City,1996-11-30,1996-11-30
1996–97,Everton,Sunderland,1996-11-30,1996-11-30
1996–97,Manchester United,Leicester City,1996-11-30,1996-11-30
1996–97,Newcastle United,Arsenal,1996-11-30,1996-11-30
1996–97,Sheffield Wednesday,West Ham United,1996-11-30,1996-11-30
1996–97,Wimbledon,Nottingham Forest,1996-11-30,1996-11-30
1996–97,Leeds United,Chelsea,1996-12-01,1996-12-01
1996–97,Tottenham Hotspur,Liverpool,1996-12-02,1996-12-02
1996–97,Middlesbrough,Leicester City,1996-12-03,1996-12-03
1996–97,Arsenal,Southampton,1996-12-04,1996-12-04
1996–97,West Ham United,Aston Villa,1996-12-04,1996-12-04
1996–97,Arsenal,Derby County,1996-12-07,1996-12-07
1996–97,Chelsea,Everton,1996-12-07,1996-12-07
1996–97,Coventry City,Tottenham Hotspur,1996-12-07,1996-12-07
1996–97,Leicester City,Blackburn Rovers,1996-12-07,1996-12-07
1996–97,Liverpool,Sheffield Wednesday,1996-12-07,1996-12-07
1996–97,Middlesbrough,Leeds United,1996-12-07,1996-12-07
1996–97,Southampton,Aston Villa,1996-12-07,1996-12-07
1996–97,Sunderland,Wimbledon,1996-12-07,1996-12-07
1996–97,West Ham United,Manchester United,1996-12-08,1996-12-08
1996–97,Nottingham Forest,Newcastle United,1996-12-09,1996-12-09
1996–97,Leeds United,Tottenham Hotspur,1996-12-14,1996-12-14
1996–97,Liverpool,Middlesbrough,1996-12-14,1996-12-14
1996–97,Wimbledon,Blackburn Rovers,1996-12-14,1996-12-14
1996–97,Sunderland,Chelsea,1996-12-15,1996-12-15
1996–97,Derby County,Everton,1996-12-16,1996-12-16
1996–97,Coventry City,Newcastle United,1996-12-17,1996-12-17
1996–97,Liverpool,Nottingham Forest,1996-12-17,1996-12-17
1996–97,Sheffield Wednesday,Manchester United,1996-12-18,1996-12-18
1996–97,Chelsea,West Ham United,1996-12-21,1996-12-21
1996–97,Everton,Leeds United,1996-12-21,1996-12-21
1996–97,Leicester City,Coventry City,1996-12-21,1996-12-21
1996–97,Manchester United,Sunderland,1996-12-21,1996-12-21
1996–97,Nottingham Forest,Arsenal,1996-12-21,1996-12-21
1996–97,Southampton,Derby County,1996-12-21,1996-12-21
1996–97,Tottenham Hotspur,Sheffield Wednesday,1996-12-21,1996-12-21
1996–97,Aston Villa,Wimbledon,1996-12-22,1996-12-22
1996–97,Newcastle United,Liverpool,1996-12-23,1996-12-23
1996–97,Aston Villa,Chelsea,1996-12-26,1996-12-26
1996–97,Blackburn Rovers,Newcastle United,1996-12-26,1996-12-26
1996–97,Leeds United,Coventry City,1996-12-26,1996-12-26
1996–97,Liverpool,Leicester City,1996-12-26,1996-12-26
1996–97,Middlesbrough,Everton,1996-12-26,1996-12-26
1996–97,Nottingham Forest,Manchester United,1996-12-26,1996-12-26
1996–97,Sheffield Wednesday,Arsenal,1996-12-26,1996-12-26
1996–97,Sunderland,Derby County,1996-12-26,1996-12-26
1996–97,Tottenham Hotspur,Southampton,1996-12-26,1996-12-26
1996–97,Arsenal,Aston Villa,1996-12-28,1996-12-28
1996–97,Chelsea,Sheffield Wednesday,1996-12-28,1996-12-28
1996–97,Coventry City,Middlesbrough,1996-12-28,1996-12-28
1996–97,Derby County,Blackburn Rovers,1996-12-28,1996-12-28
1996–97,Everton,Wimbledon,1996-12-28,1996-12-28
1996–97,Leicester City,Nottingham Forest,1996-12-28,1996-12-28
1996–97,Manchester United,Leeds United,1996-12-28,1996-12-28
1996–97,Newcastle United,Tottenham Hotspur,1996-12-28,1996-12-28
1996–97,West Ham United,Sunderland,1996-12-28,1996-12-28
1996–97,Southampton,Liverpool,1996-12-29,1996-12-29
1996–97,Arsenal,Middlesbrough,1997-01-01,1997-01-01
1996–97,Chelsea,Liverpool,1997-01-01,1997-01-01
1996–97,Coventry City,Sunderland,1997-01-01,1997-01-01
1996–97,Everton,Blackburn Rovers,1997-01-01,1997-01-01
1996–97,Manchester United,Aston Villa,1997-01-01,1997-01-01
1996–97,Newcastle United,Leeds United,1997-01-01,1997-01-01
1996–97,West Ham United,Nottingham Forest,1997-01-01,1997-01-01
1996–97,Aston Villa,Newcastle United,1997-01-11,1997-01-11
1996–97,Blackburn Rovers,Coventry City,1997-01-11,1997-01-11
1996–97,Leeds United,Leicester City,1997-01-11,1997-01-11
1996–97,Liverpool,West Ham United,1997-01-11,1997-01-11
1996–97,Middlesbrough,Southampton,1997-01-11,1997-01-11
1996–97,Nottingham Forest,Chelsea,1997-01-11,1997-01-11
1996–97,Sheffield Wednesday,Everton,1997-01-11,1997-01-11
1996–97,Sunderland,Arsenal,1997-01-11,1997-01-11
1996–97,Wimbledon,Derby County,1997-01-11,1997-01-11
1996–97,Tottenham Hotspur,Manchester United,1997-01-12,1997-01-12
1996–97,Chelsea,Derby County,1997-01-18,1997-01-18
1996–97,Coventry City,Manchester United,1997-01-18,1997-01-18
1996–97,Leicester City,Wimbledon,1997-01-18,1997-01-18
1996–97,Liverpool,Aston Villa,1997-01-18,1997-01-18
1996–97,Middlesbrough,Sheffield Wednesday,1997-01-18,1997-01-18
1996–97,Southampton,Newcastle United,1997-01-18,1997-01-18
1996–97,Sunderland,Blackburn Rovers,1997-01-18,1997-01-18
1996–97,Arsenal,Everton,1997-01-19,1997-01-19
1996–97,Nottingham Forest,Tottenham Hotspur,1997-01-19,1997-01-19
1996–97,West Ham United,Leeds United,1997-01-20,1997-01-20
1996–97,Aston Villa,Sheffield Wednesday,1997-01-29,1997-01-29
1996–97,Leeds United,Derby County,1997-01-29,1997-01-29
1996–97,Leicester City,Sunderland,1997-01-29,1997-01-29
1996–97,Manchester United,Wimbledon,1997-01-29,1997-01-29
1996–97,Newcastle United,Everton,1997-01-29,1997-01-29
1996–97,Nottingham Forest,Coventry City,1997-01-29,1997-01-29
1996–97,Tottenham Hotspur,Blackburn Rovers,1997-01-29,1997-01-29
1996–97,West Ham United,Arsenal,1997-01-29,1997-01-29
1996–97,Aston Villa,Sunderland,1997-02-01,1997-02-01
1996–97,Blackburn Rovers,West Ham United,1997-02-01,1997-02-01
1996–97,Derby County,Liverpool,1997-02-01,1997-02-01
1996–97,Everton,Nottingham Forest,1997-02-01,1997-02-01
1996–97,Leeds United,Arsenal,1997-02-01,1997-02-01
1996–97,Manchester United,Southampton,1997-02-01,1997-02-01
1996–97,Sheffield Wednesday,Coventry City,1997-02-01,1997-02-01
1996–97,Tottenham Hotspur,Chelsea,1997-02-01,1997-02-01
1996–97,Wimbledon,Middlesbrough,1997-02-01,1997-02-01
1996–97,Newcastle United,Leicester City,1997-02-02,1997-02-02
1996–97,Derby County,West Ham United,1997-02-15,1997-02-15
1996–97,Tottenham Hotspur,Arsenal,1997-02-15,1997-02-15
1996–97,Arsenal,Manchester United,1997-02-19,1997-02-19
1996–97,Aston Villa,Coventry City,1997-02-19,1997-02-19
1996–97,Derby County,Sheffield Wednesday,1997-02-19,1997-02-19
1996–97,Liverpool,Leeds United,1997-02-19,1997-02-19
1996–97,Chelsea,Manchester United,1997-02-22,1997-02-22
1996–97,Coventry City,Everton,1997-02-22,1997-02-22
1996–97,Leicester City,Derby County,1997-02-22,1997-02-22
1996–97,Liverpool,Blackburn Rovers,1997-02-22,1997-02-22
1996–97,Middlesbrough,Newcastle United,1997-02-22,1997-02-22
1996–97,Nottingham Forest,Aston Villa,1997-02-22,1997-02-22
1996–97,Southampton,Sheffield Wednesday,1997-02-22,1997-02-22
1996–97,Sunderland,Leeds United,1997-02-22,1997-02-22
1996–97,Arsenal,Wimbledon,1997-02-23,1997-02-23
1996–97,West Ham United,Tottenham Hotspur,1997-02-24,1997-02-24
1996–97,Southampton,Wimbledon,1997-02-26,1997-02-26
1996–97,Blackburn Rovers,Sunderland,1997-03-01,1997-03-01
1996–97,Derby County,Chelsea,1997-03-01,1997-03-01
1996–97,Everton,Arsenal,1997-03-01,1997-03-01
1996–97,Leeds United,West Ham United,1997-03-01,1997-03-01
1996–97,Manchester United,Coventry City,1997-03-01,1997-03-01
1996–97,Newcastle United,Southampton,1997-03-01,1997-03-01
1996–97,Sheffield Wednesday,Middlesbrough,1997-03-01,1997-03-01
1996–97,Tottenham Hotspur,Nottingham Forest,1997-03-01,1997-03-01
1996–97,Wimbledon,Leicester City,1997-03-01,1997-03-01
1996–97,Aston Villa,Liverpool,1997-03-02,1997-03-02
1996–97,Coventry City,Wimbledon,1997-03-03,1997-03-03
1996–97,Sunderland,Tottenham Hotspur,1997-03-04,1997-03-04
1996–97,Chelsea,Blackburn Rovers,1997-03-05,1997-03-05
1996–97,Leicester City,Aston Villa,1997-03-05,1997-03-05
1996–97,Middlesbrough,Derby County,1997-03-05,1997-03-05
1996–97,Nottingham Forest,Sheffield Wednesday,1997-03-05,1997-03-05
1996–97,Southampton,Everton,1997-03-05,1997-03-05
1996–97,Arsenal,Nottingham Forest,1997-03-08,1997-03-08
1996–97,Coventry City,Leicester City,1997-03-08,1997-03-08
1996–97,Leeds United,Everton,1997-03-08,1997-03-08
1996–97,Sunderland,Manchester United,1997-03-08,1997-03-08
1996–97,Liverpool,Newcastle United,1997-03-10,1997-03-10
1996–97,Blackburn Rovers,Nottingham Forest,1997-03-11,1997-03-11
1996–97,Leeds United,Southampton,1997-03-12,1997-03-12
1996–97,Sheffield Wednesday,Sunderland,1997-03-12,1997-03-12
1996–97,West Ham United,Chelsea,1997-03-12,1997-03-12
1996–97,Aston Villa,West Ham United,1997-03-15,1997-03-15
1996–97,Blackburn Rovers,Wimbledon,1997-03-15,1997-03-15
1996–97,Everton,Derby County,1997-03-15,1997-03-15
1996–97,Leicester City,Middlesbrough,1997-03-15,1997-03-15
1996–97,Manchester United,Sheffield Wednesday,1997-03-15,1997-03-15
1996–97,Newcastle United,Coventry City,1997-03-15,1997-03-15
1996–97,Nottingham Forest,Liverpool,1997-03-15,1997-03-15
1996–97,Southampton,Arsenal,1997-03-15,1997-03-15
1996–97,Tottenham Hotspur,Leeds United,1997-03-15,1997-03-15
1996–97,Chelsea,Sunderland,1997-03-16,1997-03-16
1996–97,Wimbledon,West Ham United,1997-03-18,1997-03-18
1996–97,Chelsea,Southampton,1997-03-19,1997-03-19
1996–97,Leicester City,Tottenham Hotspur,1997-03-19,1997-03-19
1996–97,Middlesbrough,Blackburn Rovers,1997-03-19,1997-03-19
1996–97,Blackburn Rovers,Aston Villa,1997-03-22,1997-03-22
1996–97,Coventry City,West Ham United,1997-03-22,1997-03-22
1996–97,Derby County,Tottenham Hotspur,1997-03-22,1997-03-22
1996–97,Everton,Manchester United,1997-03-22,1997-03-22
1996–97,Middlesbrough,Chelsea,1997-03-22,1997-03-22
1996–97,Sheffield Wednesday,Leeds United,1997-03-22,1997-03-22
1996–97,Southampton,Leicester City,1997-03-22,1997-03-22
1996–97,Sunderland,Nottingham Forest,1997-03-22,1997-03-22
1996–97,Wimbledon,Newcastle United,1997-03-23,1997-03-23
1996–97,Arsenal,Liverpool,1997-03-24,1997-03-24
1996–97,Middlesbrough,Nottingham Forest,1997-03-24,1997-03-24
1996–97,Aston Villa,Everton,1997-04-05,1997-04-05
1996–97,Chelsea,Arsenal,1997-04-05,1997-04-05
1996–97,Manchester United,Derby County,1997-04-05,1997-04-05
1996–97,Newcastle United,Sunderland,1997-04-05,1997-04-05
1996–97,Nottingham Forest,Southampton,1997-04-05,1997-04-05
1996–97,Tottenham Hotspur,Wimbledon,1997-04-05,1997-04-05
1996–97,Liverpool,Coventry City,1997-04-06,1997-04-06
1996–97,Leeds United,Blackburn Rovers,1997-04-07,1997-04-07
1996–97,Coventry City,Chelsea,1997-04-09,1997-04-09
1996–97,Derby County,Southampton,1997-04-09,1997-04-09
1996–97,Everton,Leicester City,1997-04-09,1997-04-09
1996–97,Sheffield Wednesday,Tottenham Hotspur,1997-04-09,1997-04-09
1996–97,West Ham United,Middlesbrough,1997-04-09,1997-04-09
1996–97,Wimbledon,Aston Villa,1997-04-09,1997-04-09
1996–97,Arsenal,Leicester City,1997-04-12,1997-04-12
1996–97,Blackburn Rovers,Manchester United,1997-04-12,1997-04-12
1996–97,Derby County,Aston Villa,1997-04-12,1997-04-12
1996–97,Everton,Tottenham Hotspur,1997-04-12,1997-04-12
1996–97,Southampton,West Ham United,1997-04-12,1997-04-12
1996–97,Sheffield Wednesday,Newcastle United,1997-04-13,1997-04-13
1996–97,Sunderland,Liverpool,1997-04-13,1997-04-13
1996–97,Everton,Liverpool,1997-04-16,1997-04-16
1996–97,Newcastle United,Chelsea,1997-04-16,1997-04-16
1996–97,Wimbledon,Leeds United,1997-04-16,1997-04-16
1996–97,Arsenal,Blackburn Rovers,1997-04-19,1997-04-19
1996–97,Aston Villa,Tottenham Hotspur,1997-04-19,1997-04-19
1996–97,Chelsea,Leicester City,1997-04-19,1997-04-19
1996–97,Liverpool,Manchester United,1997-04-19,1997-04-19
1996–97,Middlesbrough,Sunderland,1997-04-19,1997-04-19
1996–97,Newcastle United,Derby County,1997-04-19,1997-04-19
1996–97,Nottingham Forest,Leeds United,1997-04-19,1997-04-19
1996–97,Sheffield Wednesday,Wimbledon,1997-04-19,1997-04-19
1996–97,Southampton,Coventry City,1997-04-19,1997-04-19
1996–97,West Ham United,Everton,1997-04-19,1997-04-19
1996–97,Coventry City,Arsenal,1997-04-21,1997-04-21
1996–97,Blackburn Rovers,Sheffield Wednesday,1997-04-22,1997-04-22
1996–97,Leeds United,Aston Villa,1997-04-22,1997-04-22
1996–97,Sunderland,Southampton,1997-04-22,1997-04-22
1996–97,Wimbledon,Chelsea,1997-04-22,1997-04-22
1996–97,Derby County,Nottingham Forest,1997-04-23,1997-04-23
1996–97,Leicester City,West Ham United,1997-04-23,1997-04-23
1996–97,Tottenham Hotspur,Middlesbrough,1997-04-24,1997-04-24
1996–97,Arsenal,Newcastle United,1997-05-03,1997-05-03
1996–97,Chelsea,Leeds United,1997-05-03,1997-05-03
1996–97,Coventry City,Derby County,1997-05-03,1997-05-03
1996–97,Leicester City,Manchester United,1997-05-03,1997-05-03
1996–97,Liverpool,Tottenham Hotspur,1997-05-03,1997-05-03
1996–97,Middlesbrough,Aston Villa,1997-05-03,1997-05-03
1996–97,Nottingham Forest,Wimbledon,1997-05-03,1997-05-03
1996–97,Southampton,Blackburn Rovers,1997-05-03,1997-05-03
1996–97,Sunderland,Everton,1997-05-03,1997-05-03
1996–97,West Ham United,Sheffield Wednesday,1997-05-03,1997-05-03
1996–97,Manchester United,Middlesbrough,1997-05-05,1997-05-05
1996–97,West Ham United,Newcastle United,1997-05-06,1997-05-06
1996–97,Wimbledon,Liverpool,1997-05-06,1997-05-06
1996–97,Leicester City,Sheffield Wednesday,1997-05-07,1997-05-07
1996–97,Blackburn Rovers,Middlesbrough,1997-05-08,1997-05-08
1996–97,Manchester United,Newcastle United,1997-05-08,1997-05-08
1996–97,Aston Villa,Southampton,1997-05-11,1997-05-11
1996–97,Blackburn Rovers,Leicester City,1997-05-11,1997-05-11
1996–97,Derby County,Arsenal,1997-05-11,1997-05-11
1996–97,Everton,Chelsea,1997-05-11,1997-05-11
1996–97,Leeds United,Middlesbrough,1997-05-11,1997-05-11
1996–97,Manchester United,West Ham United,1997-05-11,1997-05-11
1996–97,Newcastle United,Nottingham Forest,1997-05-11,1997-05-11
1996–97,Sheffield Wednesday,Liverpool,1997-05-11,1997-05-11
1996–97,Tottenham Hotspur,Coventry City,1997-05-11,1997-05-11
1996–97,Wimbledon,Sunderland,1997-05-11,1997-05-11
1997–98,Barnsley,West Ham United,1997-08-09,1997-08-09
1997–98,Blackburn Rovers,Derby County,1997-08-09,1997-08-09
1997–98,Coventry City,Chelsea,1997-08-09,1997-08-09
1997–98,Everton,Crystal Palace,1997-08-09,1997-08-09
1997–98,Leeds United,Arsenal,1997-08-09,1997-08-09
1997–98,Leicester City,Aston Villa,1997-08-09,1997-08-09
1997–98,Newcastle United,Sheffield Wednesday,1997-08-09,1997-08-09
1997–98,Southampton,Bolton Wanderers,1997-08-09,1997-08-09
1997–98,Wimbledon,Liverpool,1997-08-09,1997-08-09
1997–98,Tottenham Hotspur,Manchester United,1997-08-10,1997-08-10
1997–98,Arsenal,Coventry City,1997-08-11,1997-08-11
1997–98,Crystal Palace,Barnsley,1997-08-12,1997-08-12
1997–98,Aston Villa,Blackburn Rovers,1997-08-13,1997-08-13
1997–98,Liverpool,Leicester City,1997-08-13,1997-08-13
1997–98,Manchester United,Southampton,1997-08-13,1997-08-13
1997–98,Sheffield Wednesday,Leeds United,1997-08-13,1997-08-13
1997–98,West Ham United,Tottenham Hotspur,1997-08-13,1997-08-13
1997–98,Blackburn Rovers,Liverpool,1997-08-23,1997-08-23
1997–98,Coventry City,Bolton Wanderers,1997-08-23,1997-08-23
1997–98,Everton,West Ham United,1997-08-23,1997-08-23
1997–98,Leeds United,Crystal Palace,1997-08-23,1997-08-23
1997–98,Leicester City,Manchester United,1997-08-23,1997-08-23
1997–98,Newcastle United,Aston Villa,1997-08-23,1997-08-23
1997–98,Southampton,Arsenal,1997-08-23,1997-08-23
1997–98,Tottenham Hotspur,Derby County,1997-08-23,1997-08-23
1997–98,Wimbledon,Sheffield Wednesday,1997-08-23,1997-08-23
1997–98,Barnsley,Chelsea,1997-08-24,1997-08-24
1997–98,Blackburn Rovers,Sheffield Wednesday,1997-08-25,1997-08-25
1997–98,Leeds United,Liverpool,1997-08-26,1997-08-26
1997–98,Barnsley,Bolton Wanderers,1997-08-27,1997-08-27
1997–98,Coventry City,West Ham United,1997-08-27,1997-08-27
1997–98,Everton,Manchester United,1997-08-27,1997-08-27
1997–98,Leicester City,Arsenal,1997-08-27,1997-08-27
1997–98,Southampton,Crystal Palace,1997-08-27,1997-08-27
1997–98,Tottenham Hotspur,Aston Villa,1997-08-27,1997-08-27
1997–98,Wimbledon,Chelsea,1997-08-27,1997-08-27
1997–98,Arsenal,Tottenham Hotspur,1997-08-30,1997-08-30
1997–98,Aston Villa,Leeds United,1997-08-30,1997-08-30
1997–98,Chelsea,Southampton,1997-08-30,1997-08-30
1997–98,Crystal Palace,Blackburn Rovers,1997-08-30,1997-08-30
1997–98,Derby County,Barnsley,1997-08-30,1997-08-30
1997–98,Manchester United,Coventry City,1997-08-30,1997-08-30
1997–98,Sheffield Wednesday,Leicester City,1997-08-30,1997-08-30
1997–98,West Ham United,Wimbledon,1997-08-30,1997-08-30
1997–98,Bolton Wanderers,Everton,1997-09-01,1997-09-01
1997–98,Arsenal,Bolton Wanderers,1997-09-13,1997-09-13
1997–98,Barnsley,Aston Villa,1997-09-13,1997-09-13
1997–98,Coventry City,Southampton,1997-09-13,1997-09-13
1997–98,Crystal Palace,Chelsea,1997-09-13,1997-09-13
1997–98,Derby County,Everton,1997-09-13,1997-09-13
1997–98,Leicester City,Tottenham Hotspur,1997-09-13,1997-09-13
1997–98,Liverpool,Sheffield Wednesday,1997-09-13,1997-09-13
1997–98,Manchester United,West Ham United,1997-09-13,1997-09-13
1997–98,Newcastle United,Wimbledon,1997-09-13,1997-09-13
1997–98,Blackburn Rovers,Leeds United,1997-09-14,1997-09-14
1997–98,Aston Villa,Derby County,1997-09-20,1997-09-20
1997–98,Bolton Wanderers,Manchester United,1997-09-20,1997-09-20
1997–98,Everton,Barnsley,1997-09-20,1997-09-20
1997–98,Leeds United,Leicester City,1997-09-20,1997-09-20
1997–98,Sheffield Wednesday,Coventry City,1997-09-20,1997-09-20
1997–98,Southampton,Liverpool,1997-09-20,1997-09-20
1997–98,Tottenham Hotspur,Blackburn Rovers,1997-09-20,1997-09-20
1997–98,West Ham United,Newcastle United,1997-09-20,1997-09-20
1997–98,Wimbledon,Crystal Palace,1997-09-20,1997-09-20
1997–98,Chelsea,Arsenal,1997-09-21,1997-09-21
1997–98,Liverpool,Aston Villa,1997-09-22,1997-09-22
1997–98,Bolton Wanderers,Tottenham Hotspur,1997-09-23,1997-09-23
1997–98,Wimbledon,Barnsley,1997-09-23,1997-09-23
1997–98,Arsenal,West Ham United,1997-09-24,1997-09-24
1997–98,Coventry City,Crystal Palace,1997-09-24,1997-09-24
1997–98,Leicester City,Blackburn Rovers,1997-09-24,1997-09-24
1997–98,Manchester United,Chelsea,1997-09-24,1997-09-24
1997–98,Newcastle United,Everton,1997-09-24,1997-09-24
1997–98,Sheffield Wednesday,Derby County,1997-09-24,1997-09-24
1997–98,Southampton,Leeds United,1997-09-24,1997-09-24
1997–98,Aston Villa,Sheffield Wednesday,1997-09-27,1997-09-27
1997–98,Barnsley,Leicester City,1997-09-27,1997-09-27
1997–98,Chelsea,Newcastle United,1997-09-27,1997-09-27
1997–98,Crystal Palace,Bolton Wanderers,1997-09-27,1997-09-27
1997–98,Derby County,Southampton,1997-09-27,1997-09-27
1997–98,Everton,Arsenal,1997-09-27,1997-09-27
1997–98,Leeds United,Manchester United,1997-09-27,1997-09-27
1997–98,Tottenham Hotspur,Wimbledon,1997-09-27,1997-09-27
1997–98,West Ham United,Liverpool,1997-09-27,1997-09-27
1997–98,Blackburn Rovers,Coventry City,1997-09-28,1997-09-28
1997–98,Arsenal,Barnsley,1997-10-04,1997-10-04
1997–98,Bolton Wanderers,Aston Villa,1997-10-04,1997-10-04
1997–98,Coventry City,Leeds United,1997-10-04,1997-10-04
1997–98,Manchester United,Crystal Palace,1997-10-04,1997-10-04
1997–98,Newcastle United,Tottenham Hotspur,1997-10-04,1997-10-04
1997–98,Sheffield Wednesday,Everton,1997-10-04,1997-10-04
1997–98,Southampton,West Ham United,1997-10-04,1997-10-04
1997–98,Wimbledon,Blackburn Rovers,1997-10-04,1997-10-04
1997–98,Liverpool,Chelsea,1997-10-05,1997-10-05
1997–98,Leicester City,Derby County,1997-10-06,1997-10-06
1997–98,Aston Villa,Wimbledon,1997-10-18,1997-10-18
1997–98,Blackburn Rovers,Southampton,1997-10-18,1997-10-18
1997–98,Chelsea,Leicester City,1997-10-18,1997-10-18
1997–98,Crystal Palace,Arsenal,1997-10-18,1997-10-18
1997–98,Derby County,Manchester United,1997-10-18,1997-10-18
1997–98,Everton,Liverpool,1997-10-18,1997-10-18
1997–98,Leeds United,Newcastle United,1997-10-18,1997-10-18
1997–98,West Ham United,Bolton Wanderers,1997-10-18,1997-10-18
1997–98,Tottenham Hotspur,Sheffield Wednesday,1997-10-19,1997-10-19
1997–98,Barnsley,Coventry City,1997-10-20,1997-10-20
1997–98,Derby County,Wimbledon,1997-10-22,1997-10-22
1997–98,Coventry City,Everton,1997-10-25,1997-10-25
1997–98,Liverpool,Derby County,1997-10-25,1997-10-25
1997–98,Manchester United,Barnsley,1997-10-25,1997-10-25
1997–98,Newcastle United,Blackburn Rovers,1997-10-25,1997-10-25
1997–98,Sheffield Wednesday,Crystal Palace,1997-10-25,1997-10-25
1997–98,Southampton,Tottenham Hotspur,1997-10-25,1997-10-25
1997–98,Wimbledon,Leeds United,1997-10-25,1997-10-25
1997–98,Arsenal,Aston Villa,1997-10-26,1997-10-26
1997–98,Bolton Wanderers,Chelsea,1997-10-26,1997-10-26
1997–98,Leicester City,West Ham United,1997-10-27,1997-10-27
1997–98,Aston Villa,Chelsea,1997-11-01,1997-11-01
1997–98,Barnsley,Blackburn Rovers,1997-11-01,1997-11-01
1997–98,Bolton Wanderers,Liverpool,1997-11-01,1997-11-01
1997–98,Derby County,Arsenal,1997-11-01,1997-11-01
1997–98,Manchester United,Sheffield Wednesday,1997-11-01,1997-11-01
1997–98,Newcastle United,Leicester City,1997-11-01,1997-11-01
1997–98,Tottenham Hotspur,Leeds United,1997-11-01,1997-11-01
1997–98,Wimbledon,Coventry City,1997-11-01,1997-11-01
1997–98,Everton,Southampton,1997-11-02,1997-11-02
1997–98,Blackburn Rovers,Everton,1997-11-08,1997-11-08
1997–98,Coventry City,Newcastle United,1997-11-08,1997-11-08
1997–98,Crystal Palace,Aston Villa,1997-11-08,1997-11-08
1997–98,Leeds United,Derby County,1997-11-08,1997-11-08
1997–98,Liverpool,Tottenham Hotspur,1997-11-08,1997-11-08
1997–98,Sheffield Wednesday,Bolton Wanderers,1997-11-08,1997-11-08
1997–98,Southampton,Barnsley,1997-11-08,1997-11-08
1997–98,Arsenal,Manchester United,1997-11-09,1997-11-09
1997–98,Chelsea,West Ham United,1997-11-09,1997-11-09
1997–98,Leicester City,Wimbledon,1997-11-10,1997-11-10
1997–98,Aston Villa,Everton,1997-11-22,1997-11-22
1997–98,Blackburn Rovers,Chelsea,1997-11-22,1997-11-22
1997–98,Derby County,Coventry City,1997-11-22,1997-11-22
1997–98,Leicester City,Bolton Wanderers,1997-11-22,1997-11-22
1997–98,Liverpool,Barnsley,1997-11-22,1997-11-22
1997–98,Newcastle United,Southampton,1997-11-22,1997-11-22
1997–98,Sheffield Wednesday,Arsenal,1997-11-22,1997-11-22
1997–98,Wimbledon,Manchester United,1997-11-22,1997-11-22
1997–98,Leeds United,West Ham United,1997-11-23,1997-11-23
1997–98,Tottenham Hotspur,Crystal Palace,1997-11-24,1997-11-24
1997–98,Chelsea,Everton,1997-11-26,1997-11-26
1997–98,Barnsley,Leeds United,1997-11-29,1997-11-29
1997–98,Bolton Wanderers,Wimbledon,1997-11-29,1997-11-29
1997–98,Chelsea,Derby County,1997-11-29,1997-11-29
1997–98,Coventry City,Leicester City,1997-11-29,1997-11-29
1997–98,Crystal Palace,Newcastle United,1997-11-29,1997-11-29
1997–98,Everton,Tottenham Hotspur,1997-11-29,1997-11-29
1997–98,Southampton,Sheffield Wednesday,1997-11-29,1997-11-29
1997–98,West Ham United,Aston Villa,1997-11-29,1997-11-29
1997–98,Arsenal,Liverpool,1997-11-30,1997-11-30
1997–98,Manchester United,Blackburn Rovers,1997-11-30,1997-11-30
1997–98,Bolton Wanderers,Newcastle United,1997-12-01,1997-12-01
1997–98,West Ham United,Crystal Palace,1997-12-03,1997-12-03
1997–98,Aston Villa,Coventry City,1997-12-06,1997-12-06
1997–98,Blackburn Rovers,Bolton Wanderers,1997-12-06,1997-12-06
1997–98,Derby County,West Ham United,1997-12-06,1997-12-06
1997–98,Leeds United,Everton,1997-12-06,1997-12-06
1997–98,Leicester City,Crystal Palace,1997-12-06,1997-12-06
1997–98,Liverpool,Manchester United,1997-12-06,1997-12-06
1997–98,Newcastle United,Arsenal,1997-12-06,1997-12-06
1997–98,Tottenham Hotspur,Chelsea,1997-12-06,1997-12-06
1997–98,Wimbledon,Southampton,1997-12-07,1997-12-07
1997–98,Sheffield Wednesday,Barnsley,1997-12-08,1997-12-08
1997–98,Arsenal,Blackburn Rovers,1997-12-13,1997-12-13
1997–98,Barnsley,Newcastle United,1997-12-13,1997-12-13
1997–98,Chelsea,Leeds United,1997-12-13,1997-12-13
1997–98,Coventry City,Tottenham Hotspur,1997-12-13,1997-12-13
1997–98,Crystal Palace,Liverpool,1997-12-13,1997-12-13
1997–98,Everton,Wimbledon,1997-12-13,1997-12-13
1997–98,Southampton,Leicester City,1997-12-13,1997-12-13
1997–98,West Ham United,Sheffield Wednesday,1997-12-13,1997-12-13
1997–98,Bolton Wanderers,Derby County,1997-12-14,1997-12-14
1997–98,Manchester United,Aston Villa,1997-12-15,1997-12-15
1997–98,Newcastle United,Derby County,1997-12-17,1997-12-17
1997–98,Aston Villa,Southampton,1997-12-20,1997-12-20
1997–98,Blackburn Rovers,West Ham United,1997-12-20,1997-12-20
1997–98,Derby County,Crystal Palace,1997-12-20,1997-12-20
1997–98,Leeds United,Bolton Wanderers,1997-12-20,1997-12-20
1997–98,Leicester City,Everton,1997-12-20,1997-12-20
1997–98,Liverpool,Coventry City,1997-12-20,1997-12-20
1997–98,Sheffield Wednesday,Chelsea,1997-12-20,1997-12-20
1997–98,Tottenham Hotspur,Barnsley,1997-12-20,1997-12-20
1997–98,Newcastle United,Manchester United,1997-12-21,1997-12-21
1997–98,Arsenal,Leicester City,1997-12-26,1997-12-26
1997–98,Aston Villa,Tottenham Hotspur,1997-12-26,1997-12-26
1997–98,Bolton Wanderers,Barnsley,1997-12-26,1997-12-26
1997–98,Chelsea,Wimbledon,1997-12-26,1997-12-26
1997–98,Crystal Palace,Southampton,1997-12-26,1997-12-26
1997–98,Derby County,Newcastle United,1997-12-26,1997-12-26
1997–98,Liverpool,Leeds United,1997-12-26,1997-12-26
1997–98,Manchester United,Everton,1997-12-26,1997-12-26
1997–98,Sheffield Wednesday,Blackburn Rovers,1997-12-26,1997-12-26
1997–98,West Ham United,Coventry City,1997-12-26,1997-12-26
1997–98,Barnsley,Derby County,1997-12-28,1997-12-28
1997–98,Blackburn Rovers,Crystal Palace,1997-12-28,1997-12-28
1997–98,Coventry City,Manchester United,1997-12-28,1997-12-28
1997–98,Everton,Bolton Wanderers,1997-12-28,1997-12-28
1997–98,Leeds United,Aston Villa,1997-12-28,1997-12-28
1997–98,Leicester City,Sheffield Wednesday,1997-12-28,1997-12-28
1997–98,Newcastle United,Liverpool,1997-12-28,1997-12-28
1997–98,Tottenham Hotspur,Arsenal,1997-12-28,1997-12-28
1997–98,Wimbledon,West Ham United,1997-12-28,1997-12-28
1997–98,Southampton,Chelsea,1997-12-29,1997-12-29
1997–98,Arsenal,Leeds United,1998-01-10,1998-01-10
1997–98,Aston Villa,Leicester City,1998-01-10,1998-01-10
1997–98,Bolton Wanderers,Southampton,1998-01-10,1998-01-10
1997–98,Chelsea,Coventry City,1998-01-10,1998-01-10
1997–98,Crystal Palace,Everton,1998-01-10,1998-01-10
1997–98,Liverpool,Wimbledon,1998-01-10,1998-01-10
1997–98,Manchester United,Tottenham Hotspur,1998-01-10,1998-01-10
1997–98,Sheffield Wednesday,Newcastle United,1998-01-10,1998-01-10
1997–98,West Ham United,Barnsley,1998-01-10,1998-01-10
1997–98,Derby County,Blackburn Rovers,1998-01-11,1998-01-11
1997–98,Barnsley,Crystal Palace,1998-01-17,1998-01-17
1997–98,Blackburn Rovers,Aston Villa,1998-01-17,1998-01-17
1997–98,Coventry City,Arsenal,1998-01-17,1998-01-17
1997–98,Leeds United,Sheffield Wednesday,1998-01-17,1998-01-17
1997–98,Leicester City,Liverpool,1998-01-17,1998-01-17
1997–98,Newcastle United,Bolton Wanderers,1998-01-17,1998-01-17
1997–98,Tottenham Hotspur,West Ham United,1998-01-17,1998-01-17
1997–98,Wimbledon,Derby County,1998-01-17,1998-01-17
1997–98,Everton,Chelsea,1998-01-18,1998-01-18
1997–98,Southampton,Manchester United,1998-01-19,1998-01-19
1997–98,Liverpool,Newcastle United,1998-01-20,1998-01-20
1997–98,Arsenal,Southampton,1998-01-31,1998-01-31
1997–98,Bolton Wanderers,Coventry City,1998-01-31,1998-01-31
1997–98,Chelsea,Barnsley,1998-01-31,1998-01-31
1997–98,Crystal Palace,Leeds United,1998-01-31,1998-01-31
1997–98,Derby County,Tottenham Hotspur,1998-01-31,1998-01-31
1997–98,Liverpool,Blackburn Rovers,1998-01-31,1998-01-31
1997–98,Manchester United,Leicester City,1998-01-31,1998-01-31
1997–98,Sheffield Wednesday,Wimbledon,1998-01-31,1998-01-31
1997–98,West Ham United,Everton,1998-01-31,1998-01-31
1997–98,Aston Villa,Newcastle United,1998-02-01,1998-02-01
1997–98,Barnsley,Everton,1998-02-07,1998-02-07
1997–98,Blackburn Rovers,Tottenham Hotspur,1998-02-07,1998-02-07
1997–98,Coventry City,Sheffield Wednesday,1998-02-07,1998-02-07
1997–98,Derby County,Aston Villa,1998-02-07,1998-02-07
1997–98,Leicester City,Leeds United,1998-02-07,1998-02-07
1997–98,Liverpool,Southampton,1998-02-07,1998-02-07
1997–98,Manchester United,Bolton Wanderers,1998-02-07,1998-02-07
1997–98,Newcastle United,West Ham United,1998-02-07,1998-02-07
1997–98,Arsenal,Chelsea,1998-02-08,1998-02-08
1997–98,Crystal Palace,Wimbledon,1998-02-09,1998-02-09
1997–98,Everton,Derby County,1998-02-14,1998-02-14
1997–98,Sheffield Wednesday,Liverpool,1998-02-14,1998-02-14
1997–98,Tottenham Hotspur,Leicester City,1998-02-14,1998-02-14
1997–98,Aston Villa,Manchester United,1998-02-18,1998-02-18
1997–98,Southampton,Coventry City,1998-02-18,1998-02-18
1997–98,Arsenal,Crystal Palace,1998-02-21,1998-02-21
1997–98,Bolton Wanderers,West Ham United,1998-02-21,1998-02-21
1997–98,Coventry City,Barnsley,1998-02-21,1998-02-21
1997–98,Leicester City,Chelsea,1998-02-21,1998-02-21
1997–98,Manchester United,Derby County,1998-02-21,1998-02-21
1997–98,Sheffield Wednesday,Tottenham Hotspur,1998-02-21,1998-02-21
1997–98,Southampton,Blackburn Rovers,1998-02-21,1998-02-21
1997–98,Wimbledon,Aston Villa,1998-02-21,1998-02-21
1997–98,Newcastle United,Leeds United,1998-02-22,1998-02-22
1997–98,Liverpool,Everton,1998-02-23,1998-02-23
1997–98,Aston Villa,Liverpool,1998-02-28,1998-02-28
1997–98,Barnsley,Wimbledon,1998-02-28,1998-02-28
1997–98,Blackburn Rovers,Leicester City,1998-02-28,1998-02-28
1997–98,Chelsea,Manchester United,1998-02-28,1998-02-28
1997–98,Crystal Palace,Coventry City,1998-02-28,1998-02-28
1997–98,Derby County,Sheffield Wednesday,1998-02-28,1998-02-28
1997–98,Everton,Newcastle United,1998-02-28,1998-02-28
1997–98,Leeds United,Southampton,1998-02-28,1998-02-28
1997–98,Tottenham Hotspur,Bolton Wanderers,1998-03-01,1998-03-01
1997–98,West Ham United,Arsenal,1998-03-02,1998-03-02
1997–98,Leeds United,Tottenham Hotspur,1998-03-04,1998-03-04
1997–98,Liverpool,Bolton Wanderers,1998-03-07,1998-03-07
1997–98,Sheffield Wednesday,Manchester United,1998-03-07,1998-03-07
1997–98,Southampton,Everton,1998-03-07,1998-03-07
1997–98,Chelsea,Aston Villa,1998-03-08,1998-03-08
1997–98,Aston Villa,Barnsley,1998-03-11,1998-03-11
1997–98,Chelsea,Crystal Palace,1998-03-11,1998-03-11
1997–98,Leeds United,Blackburn Rovers,1998-03-11,1998-03-11
1997–98,West Ham United,Manchester United,1998-03-11,1998-03-11
1997–98,Wimbledon,Arsenal,1998-03-11,1998-03-11
1997–98,Aston Villa,Crystal Palace,1998-03-14,1998-03-14
1997–98,Barnsley,Southampton,1998-03-14,1998-03-14
1997–98,Bolton Wanderers,Sheffield Wednesday,1998-03-14,1998-03-14
1997–98,Everton,Blackburn Rovers,1998-03-14,1998-03-14
1997–98,Manchester United,Arsenal,1998-03-14,1998-03-14
1997–98,Newcastle United,Coventry City,1998-03-14,1998-03-14
1997–98,Tottenham Hotspur,Liverpool,1998-03-14,1998-03-14
1997–98,West Ham United,Chelsea,1998-03-14,1998-03-14
1997–98,Wimbledon,Leicester City,1998-03-14,1998-03-14
1997–98,Derby County,Leeds United,1998-03-15,1998-03-15
1997–98,Newcastle United,Crystal Palace,1998-03-18,1998-03-18
1997–98,Arsenal,Sheffield Wednesday,1998-03-28,1998-03-28
1997–98,Barnsley,Liverpool,1998-03-28,1998-03-28
1997–98,Bolton Wanderers,Leicester City,1998-03-28,1998-03-28
1997–98,Coventry City,Derby County,1998-03-28,1998-03-28
1997–98,Crystal Palace,Tottenham Hotspur,1998-03-28,1998-03-28
1997–98,Everton,Aston Villa,1998-03-28,1998-03-28
1997–98,Manchester United,Wimbledon,1998-03-28,1998-03-28
1997–98,Southampton,Newcastle United,1998-03-28,1998-03-28
1997–98,West Ham United,Leeds United,1998-03-30,1998-03-30
1997–98,Blackburn Rovers,Barnsley,1998-03-31,1998-03-31
1997–98,Bolton Wanderers,Arsenal,1998-03-31,1998-03-31
1997–98,Wimbledon,Newcastle United,1998-03-31,1998-03-31
1997–98,Aston Villa,West Ham United,1998-04-04,1998-04-04
1997–98,Leeds United,Barnsley,1998-04-04,1998-04-04
1997–98,Leicester City,Coventry City,1998-04-04,1998-04-04
1997–98,Sheffield Wednesday,Southampton,1998-04-04,1998-04-04
1997–98,Tottenham Hotspur,Everton,1998-04-04,1998-04-04
1997–98,Wimbledon,Bolton Wanderers,1998-04-04,1998-04-04
1997–98,Derby County,Chelsea,1998-04-05,1998-04-05
1997–98,Blackburn Rovers,Manchester United,1998-04-06,1998-04-06
1997–98,Leeds United,Chelsea,1998-04-08,1998-04-08
1997–98,Manchester United,Liverpool,1998-04-10,1998-04-10
1997–98,Arsenal,Newcastle United,1998-04-11,1998-04-11
1997–98,Barnsley,Sheffield Wednesday,1998-04-11,1998-04-11
1997–98,Bolton Wanderers,Blackburn Rovers,1998-04-11,1998-04-11
1997–98,Chelsea,Tottenham Hotspur,1998-04-11,1998-04-11
1997–98,Coventry City,Aston Villa,1998-04-11,1998-04-11
1997–98,Crystal Palace,Leicester City,1998-04-11,1998-04-11
1997–98,Everton,Leeds United,1998-04-11,1998-04-11
1997–98,Southampton,Wimbledon,1998-04-11,1998-04-11
1997–98,West Ham United,Derby County,1998-04-11,1998-04-11
1997–98,Blackburn Rovers,Arsenal,1998-04-13,1998-04-13
1997–98,Derby County,Bolton Wanderers,1998-04-13,1998-04-13
1997–98,Liverpool,Crystal Palace,1998-04-13,1998-04-13
1997–98,Newcastle United,Barnsley,1998-04-13,1998-04-13
1997–98,Sheffield Wednesday,West Ham United,1998-04-13,1998-04-13
1997–98,Tottenham Hotspur,Coventry City,1998-04-13,1998-04-13
1997–98,Wimbledon,Everton,1998-04-13,1998-04-13
1997–98,Leicester City,Southampton,1998-04-14,1998-04-14
1997–98,Arsenal,Wimbledon,1998-04-18,1998-04-18
1997–98,Barnsley,Tottenham Hotspur,1998-04-18,1998-04-18
1997–98,Bolton Wanderers,Leeds United,1998-04-18,1998-04-18
1997–98,Crystal Palace,Derby County,1998-04-18,1998-04-18
1997–98,Everton,Leicester City,1998-04-18,1998-04-18
1997–98,Manchester United,Newcastle United,1998-04-18,1998-04-18
1997–98,Southampton,Aston Villa,1998-04-18,1998-04-18
1997–98,West Ham United,Blackburn Rovers,1998-04-18,1998-04-18
1997–98,Chelsea,Sheffield Wednesday,1998-04-19,1998-04-19
1997–98,Coventry City,Liverpool,1998-04-19,1998-04-19
1997–98,Aston Villa,Bolton Wanderers,1998-04-25,1998-04-25
1997–98,Barnsley,Arsenal,1998-04-25,1998-04-25
1997–98,Blackburn Rovers,Wimbledon,1998-04-25,1998-04-25
1997–98,Chelsea,Liverpool,1998-04-25,1998-04-25
1997–98,Everton,Sheffield Wednesday,1998-04-25,1998-04-25
1997–98,Leeds United,Coventry City,1998-04-25,1998-04-25
1997–98,Tottenham Hotspur,Newcastle United,1998-04-25,1998-04-25
1997–98,West Ham United,Southampton,1998-04-25,1998-04-25
1997–98,Derby County,Leicester City,1998-04-26,1998-04-26
1997–98,Crystal Palace,Manchester United,1998-04-27,1998-04-27
1997–98,Arsenal,Derby County,1998-04-29,1998-04-29
1997–98,Chelsea,Blackburn Rovers,1998-04-29,1998-04-29
1997–98,Coventry City,Wimbledon,1998-04-29,1998-04-29
1997–98,Leicester City,Newcastle United,1998-04-29,1998-04-29
1997–98,Bolton Wanderers,Crystal Palace,1998-05-02,1998-05-02
1997–98,Coventry City,Blackburn Rovers,1998-05-02,1998-05-02
1997–98,Leicester City,Barnsley,1998-05-02,1998-05-02
1997–98,Liverpool,West Ham United,1998-05-02,1998-05-02
1997–98,Newcastle United,Chelsea,1998-05-02,1998-05-02
1997–98,Sheffield Wednesday,Aston Villa,1998-05-02,1998-05-02
1997–98,Southampton,Derby County,1998-05-02,1998-05-02
1997–98,Wimbledon,Tottenham Hotspur,1998-05-02,1998-05-02
1997–98,Arsenal,Everton,1998-05-03,1998-05-03
1997–98,Manchester United,Leeds United,1998-05-04,1998-05-04
1997–98,Crystal Palace,West Ham United,1998-05-05,1998-05-05
1997–98,Liverpool,Arsenal,1998-05-06,1998-05-06
1997–98,Aston Villa,Arsenal,1998-05-10,1998-05-10
1997–98,Barnsley,Manchester United,1998-05-10,1998-05-10
1997–98,Blackburn Rovers,Newcastle United,1998-05-10,1998-05-10
1997–98,Chelsea,Bolton Wanderers,1998-05-10,1998-05-10
1997–98,Crystal Palace,Sheffield Wednesday,1998-05-10,1998-05-10
1997–98,Derby County,Liverpool,1998-05-10,1998-05-10
1997–98,Everton,Coventry City,1998-05-10,1998-05-10
1997–98,Leeds United,Wimbledon,1998-05-10,1998-05-10
1997–98,Tottenham Hotspur,Southampton,1998-05-10,1998-05-10
1997–98,West Ham United,Leicester City,1998-05-10,1998-05-10
1998–99,Blackburn Rovers,Derby County,1998-08-15,1998-08-15
1998–99,Coventry City,Chelsea,1998-08-15,1998-08-15
1998–99,Everton,Aston Villa,1998-08-15,1998-08-15
1998–99,Manchester United,Leicester City,1998-08-15,1998-08-15
1998–99,Middlesbrough,Leeds United,1998-08-15,1998-08-15
1998–99,Newcastle United,Charlton Athletic,1998-08-15,1998-08-15
1998–99,Sheffield Wednesday,West Ham United,1998-08-15,1998-08-15
1998–99,Wimbledon,Tottenham Hotspur,1998-08-15,1998-08-15
1998–99,Southampton,Liverpool,1998-08-16,1998-08-16
1998–99,Arsenal,Nottingham Forest,1998-08-17,1998-08-17
1998–99,Charlton Athletic,Southampton,1998-08-22,1998-08-22
1998–99,Chelsea,Newcastle United,1998-08-22,1998-08-22
1998–99,Derby County,Wimbledon,1998-08-22,1998-08-22
1998–99,Leicester City,Everton,1998-08-22,1998-08-22
1998–99,Liverpool,Arsenal,1998-08-22,1998-08-22
1998–99,Nottingham Forest,Coventry City,1998-08-22,1998-08-22
1998–99,Tottenham Hotspur,Sheffield Wednesday,1998-08-22,1998-08-22
1998–99,West Ham United,Manchester United,1998-08-22,1998-08-22
1998–99,Aston Villa,Middlesbrough,1998-08-23,1998-08-23
1998–99,Leeds United,Blackburn Rovers,1998-08-24,1998-08-24
1998–99,Arsenal,Charlton Athletic,1998-08-29,1998-08-29
1998–99,Blackburn Rovers,Leicester City,1998-08-29,1998-08-29
1998–99,Coventry City,West Ham United,1998-08-29,1998-08-29
1998–99,Everton,Tottenham Hotspur,1998-08-29,1998-08-29
1998–99,Middlesbrough,Derby County,1998-08-29,1998-08-29
1998–99,Sheffield Wednesday,Aston Villa,1998-08-29,1998-08-29
1998–99,Southampton,Nottingham Forest,1998-08-29,1998-08-29
1998–99,Wimbledon,Leeds United,1998-08-29,1998-08-29
1998–99,Newcastle United,Liverpool,1998-08-30,1998-08-30
1998–99,Leeds United,Southampton,1998-09-08,1998-09-08
1998–99,Nottingham Forest,Everton,1998-09-08,1998-09-08
1998–99,Aston Villa,Newcastle United,1998-09-09,1998-09-09
1998–99,Chelsea,Arsenal,1998-09-09,1998-09-09
1998–99,Derby County,Sheffield Wednesday,1998-09-09,1998-09-09
1998–99,Leicester City,Middlesbrough,1998-09-09,1998-09-09
1998–99,Liverpool,Coventry City,1998-09-09,1998-09-09
1998–99,Manchester United,Charlton Athletic,1998-09-09,1998-09-09
1998–99,Tottenham Hotspur,Blackburn Rovers,1998-09-09,1998-09-09
1998–99,West Ham United,Wimbledon,1998-09-09,1998-09-09
1998–99,Aston Villa,Wimbledon,1998-09-12,1998-09-12
1998–99,Charlton Athletic,Derby County,1998-09-12,1998-09-12
1998–99,Chelsea,Nottingham Forest,1998-09-12,1998-09-12
1998–99,Everton,Leeds United,1998-09-12,1998-09-12
1998–99,Leicester City,Arsenal,1998-09-12,1998-09-12
1998–99,Manchester United,Coventry City,1998-09-12,1998-09-12
1998–99,Newcastle United,Southampton,1998-09-12,1998-09-12
1998–99,Sheffield Wednesday,Blackburn Rovers,1998-09-12,1998-09-12
1998–99,West Ham United,Liverpool,1998-09-12,1998-09-12
1998–99,Tottenham Hotspur,Middlesbrough,1998-09-13,1998-09-13
1998–99,Coventry City,Newcastle United,1998-09-19,1998-09-19
1998–99,Derby County,Leicester City,1998-09-19,1998-09-19
1998–99,Leeds United,Aston Villa,1998-09-19,1998-09-19
1998–99,Liverpool,Charlton Athletic,1998-09-19,1998-09-19
1998–99,Middlesbrough,Everton,1998-09-19,1998-09-19
1998–99,Nottingham Forest,West Ham United,1998-09-19,1998-09-19
1998–99,Southampton,Tottenham Hotspur,1998-09-19,1998-09-19
1998–99,Wimbledon,Sheffield Wednesday,1998-09-19,1998-09-19
1998–99,Arsenal,Manchester United,1998-09-20,1998-09-20
1998–99,Blackburn Rovers,Chelsea,1998-09-21,1998-09-21
1998–99,Manchester United,Liverpool,1998-09-24,1998-09-24
1998–99,Aston Villa,Derby County,1998-09-26,1998-09-26
1998–99,Charlton Athletic,Coventry City,1998-09-26,1998-09-26
1998–99,Chelsea,Middlesbrough,1998-09-26,1998-09-26
1998–99,Everton,Blackburn Rovers,1998-09-26,1998-09-26
1998–99,Newcastle United,Nottingham Forest,1998-09-26,1998-09-26
1998–99,Sheffield Wednesday,Arsenal,1998-09-26,1998-09-26
1998–99,Tottenham Hotspur,Leeds United,1998-09-26,1998-09-26
1998–99,Leicester City,Wimbledon,1998-09-27,1998-09-27
1998–99,West Ham United,Southampton,1998-09-28,1998-09-28
1998–99,Blackburn Rovers,West Ham United,1998-10-03,1998-10-03
1998–99,Coventry City,Aston Villa,1998-10-03,1998-10-03
1998–99,Derby County,Tottenham Hotspur,1998-10-03,1998-10-03
1998–99,Leeds United,Leicester City,1998-10-03,1998-10-03
1998–99,Middlesbrough,Sheffield Wednesday,1998-10-03,1998-10-03
1998–99,Nottingham Forest,Charlton Athletic,1998-10-03,1998-10-03
1998–99,Southampton,Manchester United,1998-10-03,1998-10-03
1998–99,Wimbledon,Everton,1998-10-03,1998-10-03
1998–99,Arsenal,Newcastle United,1998-10-04,1998-10-04
1998–99,Liverpool,Chelsea,1998-10-04,1998-10-04
1998–99,Arsenal,Southampton,1998-10-17,1998-10-17
1998–99,Chelsea,Charlton Athletic,1998-10-17,1998-10-17
1998–99,Everton,Liverpool,1998-10-17,1998-10-17
1998–99,Manchester United,Wimbledon,1998-10-17,1998-10-17
1998–99,Middlesbrough,Blackburn Rovers,1998-10-17,1998-10-17
1998–99,Newcastle United,Derby County,1998-10-17,1998-10-17
1998–99,Nottingham Forest,Leeds United,1998-10-17,1998-10-17
1998–99,West Ham United,Aston Villa,1998-10-17,1998-10-17
1998–99,Coventry City,Sheffield Wednesday,1998-10-18,1998-10-18
1998–99,Leicester City,Tottenham Hotspur,1998-10-19,1998-10-19
1998–99,Aston Villa,Leicester City,1998-10-24,1998-10-24
1998–99,Charlton Athletic,West Ham United,1998-10-24,1998-10-24
1998–99,Derby County,Manchester United,1998-10-24,1998-10-24
1998–99,Liverpool,Nottingham Forest,1998-10-24,1998-10-24
1998–99,Sheffield Wednesday,Everton,1998-10-24,1998-10-24
1998–99,Southampton,Coventry City,1998-10-24,1998-10-24
1998–99,Tottenham Hotspur,Newcastle United,1998-10-24,1998-10-24
1998–99,Wimbledon,Middlesbrough,1998-10-24,1998-10-24
1998–99,Blackburn Rovers,Arsenal,1998-10-25,1998-10-25
1998–99,Leeds United,Chelsea,1998-10-25,1998-10-25
1998–99,Coventry City,Arsenal,1998-10-31,1998-10-31
1998–99,Derby County,Leeds United,1998-10-31,1998-10-31
1998–99,Everton,Manchester United,1998-10-31,1998-10-31
1998–99,Leicester City,Liverpool,1998-10-31,1998-10-31
1998–99,Newcastle United,West Ham United,1998-10-31,1998-10-31
1998–99,Sheffield Wednesday,Southampton,1998-10-31,1998-10-31
1998–99,Wimbledon,Blackburn Rovers,1998-10-31,1998-10-31
1998–99,Middlesbrough,Nottingham Forest,1998-11-01,1998-11-01
1998–99,Tottenham Hotspur,Charlton Athletic,1998-11-02,1998-11-02
1998–99,Aston Villa,Tottenham Hotspur,1998-11-07,1998-11-07
1998–99,Blackburn Rovers,Coventry City,1998-11-07,1998-11-07
1998–99,Charlton Athletic,Leicester City,1998-11-07,1998-11-07
1998–99,Liverpool,Derby County,1998-11-07,1998-11-07
1998–99,Nottingham Forest,Wimbledon,1998-11-07,1998-11-07
1998–99,Southampton,Middlesbrough,1998-11-07,1998-11-07
1998–99,Arsenal,Everton,1998-11-08,1998-11-08
1998–99,Leeds United,Sheffield Wednesday,1998-11-08,1998-11-08
1998–99,Manchester United,Newcastle United,1998-11-08,1998-11-08
1998–99,West Ham United,Chelsea,1998-11-08,1998-11-08
1998–99,Arsenal,Tottenham Hotspur,1998-11-14,1998-11-14
1998–99,Charlton Athletic,Middlesbrough,1998-11-14,1998-11-14
1998–99,Chelsea,Wimbledon,1998-11-14,1998-11-14
1998–99,Liverpool,Leeds United,1998-11-14,1998-11-14
1998–99,Manchester United,Blackburn Rovers,1998-11-14,1998-11-14
1998–99,Newcastle United,Sheffield Wednesday,1998-11-14,1998-11-14
1998–99,Southampton,Aston Villa,1998-11-14,1998-11-14
1998–99,West Ham United,Leicester City,1998-11-14,1998-11-14
1998–99,Coventry City,Everton,1998-11-15,1998-11-15
1998–99,Nottingham Forest,Derby County,1998-11-16,1998-11-16
1998–99,Aston Villa,Liverpool,1998-11-21,1998-11-21
1998–99,Blackburn Rovers,Southampton,1998-11-21,1998-11-21
1998–99,Leeds United,Charlton Athletic,1998-11-21,1998-11-21
1998–99,Leicester City,Chelsea,1998-11-21,1998-11-21
1998–99,Middlesbrough,Coventry City,1998-11-21,1998-11-21
1998–99,Sheffield Wednesday,Manchester United,1998-11-21,1998-11-21
1998–99,Tottenham Hotspur,Nottingham Forest,1998-11-21,1998-11-21
1998–99,Wimbledon,Arsenal,1998-11-21,1998-11-21
1998–99,Derby County,West Ham United,1998-11-22,1998-11-22
1998–99,Everton,Newcastle United,1998-11-23,1998-11-23
1998–99,Charlton Athletic,Everton,1998-11-28,1998-11-28
1998–99,Chelsea,Sheffield Wednesday,1998-11-28,1998-11-28
1998–99,Coventry City,Leicester City,1998-11-28,1998-11-28
1998–99,Newcastle United,Wimbledon,1998-11-28,1998-11-28
1998–99,Nottingham Forest,Aston Villa,1998-11-28,1998-11-28
1998–99,Southampton,Derby County,1998-11-28,1998-11-28
1998–99,West Ham United,Tottenham Hotspur,1998-11-28,1998-11-28
1998–99,Arsenal,Middlesbrough,1998-11-29,1998-11-29
1998–99,Liverpool,Blackburn Rovers,1998-11-29,1998-11-29
1998–99,Manchester United,Leeds United,1998-11-29,1998-11-29
1998–99,Aston Villa,Manchester United,1998-12-05,1998-12-05
1998–99,Blackburn Rovers,Charlton Athletic,1998-12-05,1998-12-05
1998–99,Derby County,Arsenal,1998-12-05,1998-12-05
1998–99,Everton,Chelsea,1998-12-05,1998-12-05
1998–99,Leeds United,West Ham United,1998-12-05,1998-12-05
1998–99,Leicester City,Southampton,1998-12-05,1998-12-05
1998–99,Tottenham Hotspur,Liverpool,1998-12-05,1998-12-05
1998–99,Wimbledon,Coventry City,1998-12-05,1998-12-05
1998–99,Middlesbrough,Newcastle United,1998-12-06,1998-12-06
1998–99,Sheffield Wednesday,Nottingham Forest,1998-12-07,1998-12-07
1998–99,Chelsea,Aston Villa,1998-12-09,1998-12-09
1998–99,Blackburn Rovers,Newcastle United,1998-12-12,1998-12-12
1998–99,Derby County,Chelsea,1998-12-12,1998-12-12
1998–99,Everton,Southampton,1998-12-12,1998-12-12
1998–99,Leicester City,Nottingham Forest,1998-12-12,1998-12-12
1998–99,Middlesbrough,West Ham United,1998-12-12,1998-12-12
1998–99,Sheffield Wednesday,Charlton Athletic,1998-12-12,1998-12-12
1998–99,Tottenham Hotspur,Manchester United,1998-12-12,1998-12-12
1998–99,Aston Villa,Arsenal,1998-12-13,1998-12-13
1998–99,Wimbledon,Liverpool,1998-12-13,1998-12-13
1998–99,Leeds United,Coventry City,1998-12-14,1998-12-14
1998–99,Manchester United,Chelsea,1998-12-16,1998-12-16
1998–99,Chelsea,Tottenham Hotspur,1998-12-19,1998-12-19
1998–99,Coventry City,Derby County,1998-12-19,1998-12-19
1998–99,Liverpool,Sheffield Wednesday,1998-12-19,1998-12-19
1998–99,Manchester United,Middlesbrough,1998-12-19,1998-12-19
1998–99,Newcastle United,Leicester City,1998-12-19,1998-12-19
1998–99,Nottingham Forest,Blackburn Rovers,1998-12-19,1998-12-19
1998–99,Southampton,Wimbledon,1998-12-19,1998-12-19
1998–99,West Ham United,Everton,1998-12-19,1998-12-19
1998–99,Arsenal,Leeds United,1998-12-20,1998-12-20
1998–99,Charlton Athletic,Aston Villa,1998-12-21,1998-12-21
1998–99,Arsenal,West Ham United,1998-12-26,1998-12-26
1998–99,Blackburn Rovers,Aston Villa,1998-12-26,1998-12-26
1998–99,Coventry City,Tottenham Hotspur,1998-12-26,1998-12-26
1998–99,Everton,Derby County,1998-12-26,1998-12-26
1998–99,Manchester United,Nottingham Forest,1998-12-26,1998-12-26
1998–99,Middlesbrough,Liverpool,1998-12-26,1998-12-26
1998–99,Newcastle United,Leeds United,1998-12-26,1998-12-26
1998–99,Sheffield Wednesday,Leicester City,1998-12-26,1998-12-26
1998–99,Southampton,Chelsea,1998-12-26,1998-12-26
1998–99,Wimbledon,Charlton Athletic,1998-12-26,1998-12-26
1998–99,Aston Villa,Sheffield Wednesday,1998-12-28,1998-12-28
1998–99,Charlton Athletic,Arsenal,1998-12-28,1998-12-28
1998–99,Derby County,Middlesbrough,1998-12-28,1998-12-28
1998–99,Leicester City,Blackburn Rovers,1998-12-28,1998-12-28
1998–99,Liverpool,Newcastle United,1998-12-28,1998-12-28
1998–99,Nottingham Forest,Southampton,1998-12-28,1998-12-28
1998–99,Tottenham Hotspur,Everton,1998-12-28,1998-12-28
1998–99,West Ham United,Coventry City,1998-12-28,1998-12-28
1998–99,Chelsea,Manchester United,1998-12-29,1998-12-29
1998–99,Leeds United,Wimbledon,1998-12-29,1998-12-29
1998–99,Arsenal,Liverpool,1999-01-09,1999-01-09
1998–99,Blackburn Rovers,Leeds United,1999-01-09,1999-01-09
1998–99,Coventry City,Nottingham Forest,1999-01-09,1999-01-09
1998–99,Everton,Leicester City,1999-01-09,1999-01-09
1998–99,Middlesbrough,Aston Villa,1999-01-09,1999-01-09
1998–99,Newcastle United,Chelsea,1999-01-09,1999-01-09
1998–99,Sheffield Wednesday,Tottenham Hotspur,1999-01-09,1999-01-09
1998–99,Southampton,Charlton Athletic,1999-01-09,1999-01-09
1998–99,Wimbledon,Derby County,1999-01-09,1999-01-09
1998–99,Manchester United,West Ham United,1999-01-10,1999-01-10
1998–99,Chelsea,Coventry City,1999-01-16,1999-01-16
1998–99,Derby County,Blackburn Rovers,1999-01-16,1999-01-16
1998–99,Leeds United,Middlesbrough,1999-01-16,1999-01-16
1998–99,Leicester City,Manchester United,1999-01-16,1999-01-16
1998–99,Liverpool,Southampton,1999-01-16,1999-01-16
1998–99,Nottingham Forest,Arsenal,1999-01-16,1999-01-16
1998–99,Tottenham Hotspur,Wimbledon,1999-01-16,1999-01-16
1998–99,West Ham United,Sheffield Wednesday,1999-01-16,1999-01-16
1998–99,Charlton Athletic,Newcastle United,1999-01-17,1999-01-17
1998–99,Aston Villa,Everton,1999-01-18,1999-01-18
1998–99,Blackburn Rovers,Tottenham Hotspur,1999-01-30,1999-01-30
1998–99,Coventry City,Liverpool,1999-01-30,1999-01-30
1998–99,Everton,Nottingham Forest,1999-01-30,1999-01-30
1998–99,Middlesbrough,Leicester City,1999-01-30,1999-01-30
1998–99,Newcastle United,Aston Villa,1999-01-30,1999-01-30
1998–99,Sheffield Wednesday,Derby County,1999-01-30,1999-01-30
1998–99,Southampton,Leeds United,1999-01-30,1999-01-30
1998–99,Wimbledon,West Ham United,1999-01-30,1999-01-30
1998–99,Arsenal,Chelsea,1999-01-31,1999-01-31
1998–99,Charlton Athletic,Manchester United,1999-01-31,1999-01-31
1998–99,Manchester United,Derby County,1999-02-03,1999-02-02
1998–99,Aston Villa,Blackburn Rovers,1999-02-06,1999-02-06
1998–99,Chelsea,Southampton,1999-02-06,1999-02-06
1998–99,Leeds United,Newcastle United,1999-02-06,1999-02-06
1998–99,Leicester City,Sheffield Wednesday,1999-02-06,1999-02-06
1998–99,Liverpool,Middlesbrough,1999-02-06,1999-02-06
1998–99,Nottingham Forest,Manchester United,1999-02-06,1999-02-06
1998–99,Tottenham Hotspur,Coventry City,1999-02-06,1999-02-06
1998–99,West Ham United,Arsenal,1999-02-06,1999-02-06
1998–99,Derby County,Everton,1999-02-07,1999-02-07
1998–99,Charlton Athletic,Wimbledon,1999-02-08,1999-02-08
1998–99,Charlton Athletic,Liverpool,1999-02-13,1999-02-13
1998–99,West Ham United,Nottingham Forest,1999-02-13,1999-02-13
1998–99,Aston Villa,Leeds United,1999-02-17,1999-02-17
1998–99,Chelsea,Blackburn Rovers,1999-02-17,1999-02-17
1998–99,Everton,Middlesbrough,1999-02-17,1999-02-17
1998–99,Manchester United,Arsenal,1999-02-17,1999-02-17
1998–99,Newcastle United,Coventry City,1999-02-17,1999-02-17
1998–99,Arsenal,Leicester City,1999-02-20,1999-02-20
1998–99,Blackburn Rovers,Sheffield Wednesday,1999-02-20,1999-02-20
1998–99,Coventry City,Manchester United,1999-02-20,1999-02-20
1998–99,Derby County,Charlton Athletic,1999-02-20,1999-02-20
1998–99,Leeds United,Everton,1999-02-20,1999-02-20
1998–99,Liverpool,West Ham United,1999-02-20,1999-02-20
1998–99,Middlesbrough,Tottenham Hotspur,1999-02-20,1999-02-20
1998–99,Nottingham Forest,Chelsea,1999-02-20,1999-02-20
1998–99,Southampton,Newcastle United,1999-02-20,1999-02-20
1998–99,Wimbledon,Aston Villa,1999-02-21,1999-02-21
1998–99,Aston Villa,Coventry City,1999-02-27,1999-02-27
1998–99,Charlton Athletic,Nottingham Forest,1999-02-27,1999-02-27
1998–99,Chelsea,Liverpool,1999-02-27,1999-02-27
1998–99,Everton,Wimbledon,1999-02-27,1999-02-27
1998–99,Manchester United,Southampton,1999-02-27,1999-02-27
1998–99,Sheffield Wednesday,Middlesbrough,1999-02-27,1999-02-27
1998–99,Tottenham Hotspur,Derby County,1999-02-27,1999-02-27
1998–99,West Ham United,Blackburn Rovers,1999-02-27,1999-02-27
1998–99,Newcastle United,Arsenal,1999-02-28,1999-02-28
1998–99,Leicester City,Leeds United,1999-03-01,1999-03-01
1998–99,Tottenham Hotspur,Southampton,1999-03-02,1999-03-02
1998–99,Sheffield Wednesday,Wimbledon,1999-03-03,1999-03-03
1998–99,Coventry City,Charlton Athletic,1999-03-06,1999-03-06
1998–99,Southampton,West Ham United,1999-03-06,1999-03-06
1998–99,Wimbledon,Leicester City,1999-03-06,1999-03-06
1998–99,Arsenal,Sheffield Wednesday,1999-03-09,1999-03-09
1998–99,Blackburn Rovers,Everton,1999-03-10,1999-03-10
1998–99,Derby County,Aston Villa,1999-03-10,1999-03-10
1998–99,Leeds United,Tottenham Hotspur,1999-03-10,1999-03-10
1998–99,Nottingham Forest,Newcastle United,1999-03-10,1999-03-10
1998–99,Chelsea,West Ham United,1999-03-13,1999-03-13
1998–99,Coventry City,Blackburn Rovers,1999-03-13,1999-03-13
1998–99,Derby County,Liverpool,1999-03-13,1999-03-13
1998–99,Everton,Arsenal,1999-03-13,1999-03-13
1998–99,Leicester City,Charlton Athletic,1999-03-13,1999-03-13
1998–99,Newcastle United,Manchester United,1999-03-13,1999-03-13
1998–99,Sheffield Wednesday,Leeds United,1999-03-13,1999-03-13
1998–99,Tottenham Hotspur,Aston Villa,1999-03-13,1999-03-13
1998–99,Wimbledon,Nottingham Forest,1999-03-13,1999-03-13
1998–99,Middlesbrough,Southampton,1999-03-14,1999-03-14
1998–99,Arsenal,Coventry City,1999-03-20,1999-03-20
1998–99,Blackburn Rovers,Wimbledon,1999-03-20,1999-03-20
1998–99,Leeds United,Derby County,1999-03-20,1999-03-20
1998–99,Nottingham Forest,Middlesbrough,1999-03-20,1999-03-20
1998–99,Southampton,Sheffield Wednesday,1999-03-20,1999-03-20
1998–99,West Ham United,Newcastle United,1999-03-20,1999-03-20
1998–99,Aston Villa,Chelsea,1999-03-21,1999-03-21
1998–99,Manchester United,Everton,1999-03-21,1999-03-21
1998–99,Aston Villa,West Ham United,1999-04-02,1999-04-02
1998–99,Blackburn Rovers,Middlesbrough,1999-04-03,1999-04-03
1998–99,Charlton Athletic,Chelsea,1999-04-03,1999-04-03
1998–99,Derby County,Newcastle United,1999-04-03,1999-04-03
1998–99,Leeds United,Nottingham Forest,1999-04-03,1999-04-03
1998–99,Liverpool,Everton,1999-04-03,1999-04-03
1998–99,Sheffield Wednesday,Coventry City,1999-04-03,1999-04-03
1998–99,Southampton,Arsenal,1999-04-03,1999-04-03
1998–99,Tottenham Hotspur,Leicester City,1999-04-03,1999-04-03
1998–99,Wimbledon,Manchester United,1999-04-03,1999-04-03
1998–99,Coventry City,Southampton,1999-04-05,1999-04-05
1998–99,Everton,Sheffield Wednesday,1999-04-05,1999-04-05
1998–99,Middlesbrough,Wimbledon,1999-04-05,1999-04-05
1998–99,Newcastle United,Tottenham Hotspur,1999-04-05,1999-04-05
1998–99,Nottingham Forest,Liverpool,1999-04-05,1999-04-05
1998–99,West Ham United,Charlton Athletic,1999-04-05,1999-04-05
1998–99,Arsenal,Blackburn Rovers,1999-04-06,1999-04-06
1998–99,Leicester City,Aston Villa,1999-04-06,1999-04-06
1998–99,Aston Villa,Southampton,1999-04-10,1999-04-10
1998–99,Derby County,Nottingham Forest,1999-04-10,1999-04-10
1998–99,Leicester City,West Ham United,1999-04-10,1999-04-10
1998–99,Middlesbrough,Charlton Athletic,1999-04-10,1999-04-10
1998–99,Everton,Coventry City,1999-04-11,1999-04-11
1998–99,Wimbledon,Chelsea,1999-04-11,1999-04-11
1998–99,Leeds United,Liverpool,1999-04-12,1999-04-12
1998–99,Middlesbrough,Chelsea,1999-04-14,1999-04-14
1998–99,Charlton Athletic,Leeds United,1999-04-17,1999-04-17
1998–99,Coventry City,Middlesbrough,1999-04-17,1999-04-17
1998–99,Liverpool,Aston Villa,1999-04-17,1999-04-17
1998–99,Manchester United,Sheffield Wednesday,1999-04-17,1999-04-17
1998–99,Newcastle United,Everton,1999-04-17,1999-04-17
1998–99,Nottingham Forest,Tottenham Hotspur,1999-04-17,1999-04-17
1998–99,Southampton,Blackburn Rovers,1999-04-17,1999-04-17
1998–99,West Ham United,Derby County,1999-04-17,1999-04-17
1998–99,Chelsea,Leicester City,1999-04-18,1999-04-18
1998–99,Arsenal,Wimbledon,1999-04-19,1999-04-19
1998–99,Charlton Athletic,Tottenham Hotspur,1999-04-20,1999-04-20
1998–99,Liverpool,Leicester City,1999-04-21,1999-04-21
1998–99,Sheffield Wednesday,Newcastle United,1999-04-21,1999-04-21
1998–99,Aston Villa,Nottingham Forest,1999-04-24,1999-04-24
1998–99,Blackburn Rovers,Liverpool,1999-04-24,1999-04-24
1998–99,Derby County,Southampton,1999-04-24,1999-04-24
1998–99,Everton,Charlton Athletic,1999-04-24,1999-04-24
1998–99,Leicester City,Coventry City,1999-04-24,1999-04-24
1998–99,Middlesbrough,Arsenal,1999-04-24,1999-04-24
1998–99,Tottenham Hotspur,West Ham United,1999-04-24,1999-04-24
1998–99,Wimbledon,Newcastle United,1999-04-24,1999-04-24
1998–99,Leeds United,Manchester United,1999-04-25,1999-04-25
1998–99,Sheffield Wednesday,Chelsea,1999-04-25,1999-04-25
1998–99,Charlton Athletic,Blackburn Rovers,1999-05-01,1999-05-01
1998–99,Chelsea,Everton,1999-05-01,1999-05-01
1998–99,Coventry City,Wimbledon,1999-05-01,1999-05-01
1998–99,Liverpool,Tottenham Hotspur,1999-05-01,1999-05-01
1998–99,Manchester United,Aston Villa,1999-05-01,1999-05-01
1998–99,Newcastle United,Middlesbrough,1999-05-01,1999-05-01
1998–99,Nottingham Forest,Sheffield Wednesday,1999-05-01,1999-05-01
1998–99,Southampton,Leicester City,1999-05-01,1999-05-01
1998–99,West Ham United,Leeds United,1999-05-01,1999-05-01
1998–99,Arsenal,Derby County,1999-05-02,1999-05-02
1998–99,Chelsea,Leeds United,1999-05-05,1999-05-05
1998–99,Leicester City,Derby County,1999-05-05,1999-05-05
1998–99,Liverpool,Manchester United,1999-05-05,1999-05-05
1998–99,Tottenham Hotspur,Arsenal,1999-05-05,1999-05-05
1998–99,Aston Villa,Charlton Athletic,1999-05-08,1999-05-08
1998–99,Blackburn Rovers,Nottingham Forest,1999-05-08,1999-05-08
1998–99,Derby County,Coventry City,1999-05-08,1999-05-08
1998–99,Everton,West Ham United,1999-05-08,1999-05-08
1998–99,Leicester City,Newcastle United,1999-05-08,1999-05-08
1998–99,Sheffield Wednesday,Liverpool,1999-05-08,1999-05-08
1998–99,Wimbledon,Southampton,1999-05-08,1999-05-08
1998–99,Middlesbrough,Manchester United,1999-05-09,1999-05-09
1998–99,Tottenham Hotspur,Chelsea,1999-05-10,1999-05-10
1998–99,Leeds United,Arsenal,1999-05-11,1999-05-11
1998–99,Blackburn Rovers,Manchester United,1999-05-12,1999-05-12
1998–99,Arsenal,Aston Villa,1999-05-16,1999-05-16
1998–99,Charlton Athletic,Sheffield Wednesday,1999-05-16,1999-05-16
1998–99,Chelsea,Derby County,1999-05-16,1999-05-16
1998–99,Coventry City,Leeds United,1999-05-16,1999-05-16
1998–99,Liverpool,Wimbledon,1999-05-16,1999-05-16
1998–99,Manchester United,Tottenham Hotspur,1999-05-16,1999-05-16
1998–99,Newcastle United,Blackburn Rovers,1999-05-16,1999-05-16
1998–99,Nottingham Forest,Leicester City,1999-05-16,1999-05-16
1998–99,Southampton,Everton,1999-05-16,1999-05-16
1998–99,West Ham United,Middlesbrough,1999-05-16,1999-05-16
1999–2000,Arsenal,Leicester City,1999-08-07,1999-08-07
1999–2000,Chelsea,Sunderland,1999-08-07,1999-08-07
1999–2000,Coventry City,Southampton,1999-08-07,1999-08-07
1999–2000,Leeds United,Derby County,1999-08-07,1999-08-07
1999–2000,Middlesbrough,Bradford City,1999-08-07,1999-08-07
1999–2000,Newcastle United,Aston Villa,1999-08-07,1999-08-07
1999–2000,Sheffield Wednesday,Liverpool,1999-08-07,1999-08-07
1999–2000,Watford,Wimbledon,1999-08-07,1999-08-07
1999–2000,West Ham United,Tottenham Hotspur,1999-08-07,1999-08-07
1999–2000,Everton,Manchester United,1999-08-08,1999-08-08
1999–2000,Tottenham Hotspur,Newcastle United,1999-08-09,1999-08-09
1999–2000,Derby County,Arsenal,1999-08-10,1999-08-10
1999–2000,Sunderland,Watford,1999-08-10,1999-08-10
1999–2000,Wimbledon,Middlesbrough,1999-08-10,1999-08-10
1999–2000,Aston Villa,Everton,1999-08-11,1999-08-11
1999–2000,Leicester City,Coventry City,1999-08-11,1999-08-11
1999–2000,Manchester United,Sheffield Wednesday,1999-08-11,1999-08-11
1999–2000,Southampton,Leeds United,1999-08-11,1999-08-11
1999–2000,Bradford City,Sheffield Wednesday,1999-08-14,1999-08-14
1999–2000,Derby County,Middlesbrough,1999-08-14,1999-08-14
1999–2000,Leicester City,Chelsea,1999-08-14,1999-08-14
1999–2000,Liverpool,Watford,1999-08-14,1999-08-14
1999–2000,Manchester United,Leeds United,1999-08-14,1999-08-14
1999–2000,Sunderland,Arsenal,1999-08-14,1999-08-14
1999–2000,Tottenham Hotspur,Everton,1999-08-14,1999-08-14
1999–2000,Wimbledon,Coventry City,1999-08-14,1999-08-14
1999–2000,Southampton,Newcastle United,1999-08-15,1999-08-15
1999–2000,Aston Villa,West Ham United,1999-08-16,1999-08-16
1999–2000,Chelsea,Aston Villa,1999-08-21,1999-08-21
1999–2000,Coventry City,Derby County,1999-08-21,1999-08-21
1999–2000,Everton,Southampton,1999-08-21,1999-08-21
1999–2000,Leeds United,Sunderland,1999-08-21,1999-08-21
1999–2000,Middlesbrough,Liverpool,1999-08-21,1999-08-21
1999–2000,Newcastle United,Wimbledon,1999-08-21,1999-08-21
1999–2000,Sheffield Wednesday,Tottenham Hotspur,1999-08-21,1999-08-21
1999–2000,Watford,Bradford City,1999-08-21,1999-08-21
1999–2000,West Ham United,Leicester City,1999-08-21,1999-08-21
1999–2000,Arsenal,Manchester United,1999-08-22,1999-08-22
1999–2000,Leeds United,Liverpool,1999-08-23,1999-08-23
1999–2000,Middlesbrough,Leicester City,1999-08-24,1999-08-24
1999–2000,Watford,Aston Villa,1999-08-24,1999-08-24
1999–2000,Arsenal,Bradford City,1999-08-25,1999-08-25
1999–2000,Coventry City,Manchester United,1999-08-25,1999-08-25
1999–2000,Everton,Wimbledon,1999-08-25,1999-08-25
1999–2000,Newcastle United,Sunderland,1999-08-25,1999-08-25
1999–2000,Sheffield Wednesday,Derby County,1999-08-25,1999-08-25
1999–2000,Aston Villa,Middlesbrough,1999-08-28,1999-08-28
1999–2000,Bradford City,West Ham United,1999-08-28,1999-08-28
1999–2000,Derby County,Everton,1999-08-28,1999-08-28
1999–2000,Liverpool,Arsenal,1999-08-28,1999-08-28
1999–2000,Southampton,Sheffield Wednesday,1999-08-28,1999-08-28
1999–2000,Tottenham Hotspur,Leeds United,1999-08-28,1999-08-28
1999–2000,Wimbledon,Chelsea,1999-08-28,1999-08-28
1999–2000,Sunderland,Coventry City,1999-08-29,1999-08-29
1999–2000,Leicester City,Watford,1999-08-30,1999-08-30
1999–2000,Manchester United,Newcastle United,1999-08-30,1999-08-30
1999–2000,Arsenal,Aston Villa,1999-09-11,1999-09-11
1999–2000,Chelsea,Newcastle United,1999-09-11,1999-09-11
1999–2000,Coventry City,Leeds United,1999-09-11,1999-09-11
1999–2000,Liverpool,Manchester United,1999-09-11,1999-09-11
1999–2000,Middlesbrough,Southampton,1999-09-11,1999-09-11
1999–2000,Sheffield Wednesday,Everton,1999-09-11,1999-09-11
1999–2000,Sunderland,Leicester City,1999-09-11,1999-09-11
1999–2000,West Ham United,Watford,1999-09-11,1999-09-11
1999–2000,Wimbledon,Derby County,1999-09-11,1999-09-11
1999–2000,Bradford City,Tottenham Hotspur,1999-09-12,1999-09-12
1999–2000,Aston Villa,Bradford City,1999-09-18,1999-09-18
1999–2000,Derby County,Sunderland,1999-09-18,1999-09-18
1999–2000,Leicester City,Liverpool,1999-09-18,1999-09-18
1999–2000,Manchester United,Wimbledon,1999-09-18,1999-09-18
1999–2000,Southampton,Arsenal,1999-09-18,1999-09-18
1999–2000,Watford,Chelsea,1999-09-18,1999-09-18
1999–2000,Everton,West Ham United,1999-09-19,1999-09-19
1999–2000,Leeds United,Middlesbrough,1999-09-19,1999-09-19
1999–2000,Newcastle United,Sheffield Wednesday,1999-09-19,1999-09-19
1999–2000,Tottenham Hotspur,Coventry City,1999-09-19,1999-09-19
1999–2000,Arsenal,Watford,1999-09-25,1999-09-25
1999–2000,Coventry City,West Ham United,1999-09-25,1999-09-25
1999–2000,Derby County,Bradford City,1999-09-25,1999-09-25
1999–2000,Leeds United,Newcastle United,1999-09-25,1999-09-25
1999–2000,Leicester City,Aston Villa,1999-09-25,1999-09-25
1999–2000,Manchester United,Southampton,1999-09-25,1999-09-25
1999–2000,Middlesbrough,Chelsea,1999-09-25,1999-09-25
1999–2000,Sunderland,Sheffield Wednesday,1999-09-25,1999-09-25
1999–2000,Wimbledon,Tottenham Hotspur,1999-09-26,1999-09-26
1999–2000,Liverpool,Everton,1999-09-27,1999-09-27
1999–2000,Aston Villa,Liverpool,1999-10-02,1999-10-02
1999–2000,Bradford City,Sunderland,1999-10-02,1999-10-02
1999–2000,Everton,Coventry City,1999-10-02,1999-10-02
1999–2000,Sheffield Wednesday,Wimbledon,1999-10-02,1999-10-02
1999–2000,Chelsea,Manchester United,1999-10-03,1999-10-03
1999–2000,Newcastle United,Middlesbrough,1999-10-03,1999-10-03
1999–2000,Tottenham Hotspur,Leicester City,1999-10-03,1999-10-03
1999–2000,Watford,Leeds United,1999-10-03,1999-10-03
1999–2000,West Ham United,Arsenal,1999-10-03,1999-10-03
1999–2000,Southampton,Derby County,1999-10-04,1999-10-04
1999–2000,Arsenal,Everton,1999-10-16,1999-10-16
1999–2000,Coventry City,Newcastle United,1999-10-16,1999-10-16
1999–2000,Derby County,Tottenham Hotspur,1999-10-16,1999-10-16
1999–2000,Leeds United,Sheffield Wednesday,1999-10-16,1999-10-16
1999–2000,Leicester City,Southampton,1999-10-16,1999-10-16
1999–2000,Liverpool,Chelsea,1999-10-16,1999-10-16
1999–2000,Manchester United,Watford,1999-10-16,1999-10-16
1999–2000,Wimbledon,Bradford City,1999-10-16,1999-10-16
1999–2000,Middlesbrough,West Ham United,1999-10-17,1999-10-17
1999–2000,Sunderland,Aston Villa,1999-10-18,1999-10-18
1999–2000,Aston Villa,Wimbledon,1999-10-23,1999-10-23
1999–2000,Bradford City,Leicester City,1999-10-23,1999-10-23
1999–2000,Chelsea,Arsenal,1999-10-23,1999-10-23
1999–2000,Sheffield Wednesday,Coventry City,1999-10-23,1999-10-23
1999–2000,Southampton,Liverpool,1999-10-23,1999-10-23
1999–2000,Tottenham Hotspur,Manchester United,1999-10-23,1999-10-23
1999–2000,Everton,Leeds United,1999-10-24,1999-10-24
1999–2000,Watford,Middlesbrough,1999-10-24,1999-10-24
1999–2000,West Ham United,Sunderland,1999-10-24,1999-10-24
1999–2000,Newcastle United,Derby County,1999-10-25,1999-10-25
1999–2000,Liverpool,West Ham United,1999-10-27,1999-10-27
1999–2000,Arsenal,Newcastle United,1999-10-30,1999-10-30
1999–2000,Derby County,Chelsea,1999-10-30,1999-10-30
1999–2000,Leeds United,West Ham United,1999-10-30,1999-10-30
1999–2000,Leicester City,Sheffield Wednesday,1999-10-30,1999-10-30
1999–2000,Manchester United,Aston Villa,1999-10-30,1999-10-30
1999–2000,Middlesbrough,Everton,1999-10-30,1999-10-30
1999–2000,Wimbledon,Southampton,1999-10-30,1999-10-30
1999–2000,Coventry City,Watford,1999-10-31,1999-10-31
1999–2000,Sunderland,Tottenham Hotspur,1999-10-31,1999-10-31
1999–2000,Liverpool,Bradford City,1999-11-01,1999-11-01
1999–2000,Aston Villa,Southampton,1999-11-06,1999-11-06
1999–2000,Bradford City,Coventry City,1999-11-06,1999-11-06
1999–2000,Liverpool,Derby County,1999-11-06,1999-11-06
1999–2000,Manchester United,Leicester City,1999-11-06,1999-11-06
1999–2000,Middlesbrough,Sunderland,1999-11-06,1999-11-06
1999–2000,Sheffield Wednesday,Watford,1999-11-06,1999-11-06
1999–2000,Chelsea,West Ham United,1999-11-07,1999-11-07
1999–2000,Newcastle United,Everton,1999-11-07,1999-11-07
1999–2000,Tottenham Hotspur,Arsenal,1999-11-07,1999-11-07
1999–2000,Wimbledon,Leeds United,1999-11-07,1999-11-07
1999–2000,Arsenal,Middlesbrough,1999-11-20,1999-11-20
1999–2000,Derby County,Manchester United,1999-11-20,1999-11-20
1999–2000,Everton,Chelsea,1999-11-20,1999-11-20
1999–2000,Leeds United,Bradford City,1999-11-20,1999-11-20
1999–2000,Leicester City,Wimbledon,1999-11-20,1999-11-20
1999–2000,Southampton,Tottenham Hotspur,1999-11-20,1999-11-20
1999–2000,Sunderland,Liverpool,1999-11-20,1999-11-20
1999–2000,Watford,Newcastle United,1999-11-20,1999-11-20
1999–2000,West Ham United,Sheffield Wednesday,1999-11-21,1999-11-21
1999–2000,Coventry City,Aston Villa,1999-11-22,1999-11-22
1999–2000,Coventry City,Leicester City,1999-11-27,1999-11-27
1999–2000,Everton,Aston Villa,1999-11-27,1999-11-27
1999–2000,Middlesbrough,Wimbledon,1999-11-27,1999-11-27
1999–2000,Watford,Sunderland,1999-11-27,1999-11-27
1999–2000,West Ham United,Liverpool,1999-11-27,1999-11-27
1999–2000,Arsenal,Derby County,1999-11-28,1999-11-28
1999–2000,Chelsea,Bradford City,1999-11-28,1999-11-28
1999–2000,Leeds United,Southampton,1999-11-28,1999-11-28
1999–2000,Newcastle United,Tottenham Hotspur,1999-11-28,1999-11-28
1999–2000,Aston Villa,Newcastle United,1999-12-04,1999-12-04
1999–2000,Bradford City,Middlesbrough,1999-12-04,1999-12-04
1999–2000,Leicester City,Arsenal,1999-12-04,1999-12-04
1999–2000,Manchester United,Everton,1999-12-04,1999-12-04
1999–2000,Southampton,Coventry City,1999-12-04,1999-12-04
1999–2000,Sunderland,Chelsea,1999-12-04,1999-12-04
1999–2000,Wimbledon,Watford,1999-12-04,1999-12-04
1999–2000,Derby County,Leeds United,1999-12-05,1999-12-05
1999–2000,Liverpool,Sheffield Wednesday,1999-12-05,1999-12-05
1999–2000,Tottenham Hotspur,West Ham United,1999-12-06,1999-12-06
1999–2000,Arsenal,Wimbledon,1999-12-18,1999-12-18
1999–2000,Aston Villa,Sheffield Wednesday,1999-12-18,1999-12-18
1999–2000,Bradford City,Newcastle United,1999-12-18,1999-12-18
1999–2000,Leicester City,Derby County,1999-12-18,1999-12-18
1999–2000,Liverpool,Coventry City,1999-12-18,1999-12-18
1999–2000,Middlesbrough,Tottenham Hotspur,1999-12-18,1999-12-18
1999–2000,Sunderland,Southampton,1999-12-18,1999-12-18
1999–2000,Watford,Everton,1999-12-18,1999-12-18
1999–2000,West Ham United,Manchester United,1999-12-18,1999-12-18
1999–2000,Chelsea,Leeds United,1999-12-19,1999-12-19
1999–2000,Coventry City,Arsenal,1999-12-26,1999-12-26
1999–2000,Derby County,Aston Villa,1999-12-26,1999-12-26
1999–2000,Everton,Sunderland,1999-12-26,1999-12-26
1999–2000,Leeds United,Leicester City,1999-12-26,1999-12-26
1999–2000,Manchester United,Bradford City,1999-12-26,1999-12-26
1999–2000,Newcastle United,Liverpool,1999-12-26,1999-12-26
1999–2000,Sheffield Wednesday,Middlesbrough,1999-12-26,1999-12-26
1999–2000,Southampton,Chelsea,1999-12-26,1999-12-26
1999–2000,Tottenham Hotspur,Watford,1999-12-26,1999-12-26
1999–2000,Wimbledon,West Ham United,1999-12-26,1999-12-26
1999–2000,Arsenal,Leeds United,1999-12-28,1999-12-28
1999–2000,Bradford City,Everton,1999-12-28,1999-12-28
1999–2000,Leicester City,Newcastle United,1999-12-28,1999-12-28
1999–2000,Liverpool,Wimbledon,1999-12-28,1999-12-28
1999–2000,Sunderland,Manchester United,1999-12-28,1999-12-28
1999–2000,Watford,Southampton,1999-12-28,1999-12-28
1999–2000,West Ham United,Derby County,1999-12-28,1999-12-28
1999–2000,Aston Villa,Tottenham Hotspur,1999-12-29,1999-12-29
1999–2000,Chelsea,Sheffield Wednesday,1999-12-29,1999-12-29
1999–2000,Derby County,Watford,2000-01-03,2000-01-03
1999–2000,Everton,Leicester City,2000-01-03,2000-01-03
1999–2000,Leeds United,Aston Villa,2000-01-03,2000-01-03
1999–2000,Newcastle United,West Ham United,2000-01-03,2000-01-03
1999–2000,Sheffield Wednesday,Arsenal,2000-01-03,2000-01-03
1999–2000,Southampton,Bradford City,2000-01-03,2000-01-03
1999–2000,Tottenham Hotspur,Liverpool,2000-01-03,2000-01-03
1999–2000,Wimbledon,Sunderland,2000-01-03,2000-01-03
1999–2000,Coventry City,Chelsea,2000-01-04,2000-01-04
1999–2000,Bradford City,Chelsea,2000-01-08,2000-01-08
1999–2000,Chelsea,Tottenham Hotspur,2000-01-12,2000-01-12
1999–2000,Arsenal,Sunderland,2000-01-15,2000-01-15
1999–2000,Chelsea,Leicester City,2000-01-15,2000-01-15
1999–2000,Coventry City,Wimbledon,2000-01-15,2000-01-15
1999–2000,Everton,Tottenham Hotspur,2000-01-15,2000-01-15
1999–2000,Middlesbrough,Derby County,2000-01-15,2000-01-15
1999–2000,Sheffield Wednesday,Bradford City,2000-01-15,2000-01-15
1999–2000,Watford,Liverpool,2000-01-15,2000-01-15
1999–2000,West Ham United,Aston Villa,2000-01-15,2000-01-15
1999–2000,Newcastle United,Southampton,2000-01-16,2000-01-16
1999–2000,Aston Villa,Chelsea,2000-01-22,2000-01-22
1999–2000,Bradford City,Watford,2000-01-22,2000-01-22
1999–2000,Derby County,Coventry City,2000-01-22,2000-01-22
1999–2000,Leicester City,West Ham United,2000-01-22,2000-01-22
1999–2000,Liverpool,Middlesbrough,2000-01-22,2000-01-22
1999–2000,Southampton,Everton,2000-01-22,2000-01-22
1999–2000,Tottenham Hotspur,Sheffield Wednesday,2000-01-22,2000-01-22
1999–2000,Wimbledon,Newcastle United,2000-01-22,2000-01-22
1999–2000,Sunderland,Leeds United,2000-01-23,2000-01-23
1999–2000,Manchester United,Arsenal,2000-01-24,2000-01-24
1999–2000,Manchester United,Middlesbrough,2000-01-29,2000-01-29
1999–2000,Sheffield Wednesday,Manchester United,2000-02-02,2000-02-02
1999–2000,Aston Villa,Watford,2000-02-05,2000-02-05
1999–2000,Bradford City,Arsenal,2000-02-05,2000-02-05
1999–2000,Derby County,Sheffield Wednesday,2000-02-05,2000-02-05
1999–2000,Leicester City,Middlesbrough,2000-02-05,2000-02-05
1999–2000,Liverpool,Leeds United,2000-02-05,2000-02-05
1999–2000,Manchester United,Coventry City,2000-02-05,2000-02-05
1999–2000,Southampton,West Ham United,2000-02-05,2000-02-05
1999–2000,Sunderland,Newcastle United,2000-02-05,2000-02-05
1999–2000,Tottenham Hotspur,Chelsea,2000-02-05,2000-02-05
1999–2000,Wimbledon,Everton,2000-02-06,2000-02-06
1999–2000,Chelsea,Wimbledon,2000-02-12,2000-02-12
1999–2000,Coventry City,Sunderland,2000-02-12,2000-02-12
1999–2000,Everton,Derby County,2000-02-12,2000-02-12
1999–2000,Leeds United,Tottenham Hotspur,2000-02-12,2000-02-12
1999–2000,Newcastle United,Manchester United,2000-02-12,2000-02-12
1999–2000,Sheffield Wednesday,Southampton,2000-02-12,2000-02-12
1999–2000,Watford,Leicester City,2000-02-12,2000-02-12
1999–2000,West Ham United,Bradford City,2000-02-12,2000-02-12
1999–2000,Arsenal,Liverpool,2000-02-13,2000-02-13
1999–2000,Middlesbrough,Aston Villa,2000-02-14,2000-02-14
1999–2000,Middlesbrough,Coventry City,2000-02-19,2000-02-19
1999–2000,Leeds United,Manchester United,2000-02-20,2000-02-20
1999–2000,Arsenal,Southampton,2000-02-26,2000-02-26
1999–2000,Bradford City,Aston Villa,2000-02-26,2000-02-26
1999–2000,Chelsea,Watford,2000-02-26,2000-02-26
1999–2000,Coventry City,Tottenham Hotspur,2000-02-26,2000-02-26
1999–2000,Middlesbrough,Leeds United,2000-02-26,2000-02-26
1999–2000,Sheffield Wednesday,Newcastle United,2000-02-26,2000-02-26
1999–2000,Sunderland,Derby County,2000-02-26,2000-02-26
1999–2000,West Ham United,Everton,2000-02-26,2000-02-26
1999–2000,Wimbledon,Manchester United,2000-02-26,2000-02-26
1999–2000,Derby County,Wimbledon,2000-03-04,2000-03-04
1999–2000,Everton,Sheffield Wednesday,2000-03-04,2000-03-04
1999–2000,Manchester United,Liverpool,2000-03-04,2000-03-04
1999–2000,Newcastle United,Chelsea,2000-03-04,2000-03-04
1999–2000,Southampton,Middlesbrough,2000-03-04,2000-03-04
1999–2000,Tottenham Hotspur,Bradford City,2000-03-04,2000-03-04
1999–2000,Watford,West Ham United,2000-03-04,2000-03-04
1999–2000,Aston Villa,Arsenal,2000-03-05,2000-03-05
1999–2000,Leeds United,Coventry City,2000-03-05,2000-03-05
1999–2000,Leicester City,Sunderland,2000-03-05,2000-03-05
1999–2000,West Ham United,Southampton,2000-03-08,2000-03-08
1999–2000,Aston Villa,Coventry City,2000-03-11,2000-03-11
1999–2000,Chelsea,Everton,2000-03-11,2000-03-11
1999–2000,Liverpool,Sunderland,2000-03-11,2000-03-11
1999–2000,Manchester United,Derby County,2000-03-11,2000-03-11
1999–2000,Newcastle United,Watford,2000-03-11,2000-03-11
1999–2000,Sheffield Wednesday,West Ham United,2000-03-11,2000-03-11
1999–2000,Tottenham Hotspur,Southampton,2000-03-11,2000-03-11
1999–2000,Wimbledon,Leicester City,2000-03-11,2000-03-11
1999–2000,Bradford City,Leeds United,2000-03-12,2000-03-12
1999–2000,Middlesbrough,Arsenal,2000-03-12,2000-03-12
1999–2000,Coventry City,Everton,2000-03-15,2000-03-15
1999–2000,Liverpool,Aston Villa,2000-03-15,2000-03-15
1999–2000,Coventry City,Bradford City,2000-03-18,2000-03-18
1999–2000,Derby County,Liverpool,2000-03-18,2000-03-18
1999–2000,Leicester City,Manchester United,2000-03-18,2000-03-18
1999–2000,Southampton,Aston Villa,2000-03-18,2000-03-18
1999–2000,Sunderland,Middlesbrough,2000-03-18,2000-03-18
1999–2000,Watford,Sheffield Wednesday,2000-03-18,2000-03-18
1999–2000,West Ham United,Chelsea,2000-03-18,2000-03-18
1999–2000,Arsenal,Tottenham Hotspur,2000-03-19,2000-03-19
1999–2000,Everton,Newcastle United,2000-03-19,2000-03-19
1999–2000,Leeds United,Wimbledon,2000-03-19,2000-03-19
1999–2000,Aston Villa,Derby County,2000-03-25,2000-03-25
1999–2000,Bradford City,Manchester United,2000-03-25,2000-03-25
1999–2000,Chelsea,Southampton,2000-03-25,2000-03-25
1999–2000,Liverpool,Newcastle United,2000-03-25,2000-03-25
1999–2000,Middlesbrough,Sheffield Wednesday,2000-03-25,2000-03-25
1999–2000,Sunderland,Everton,2000-03-25,2000-03-25
1999–2000,Watford,Tottenham Hotspur,2000-03-25,2000-03-25
1999–2000,Arsenal,Coventry City,2000-03-26,2000-03-26
1999–2000,Leicester City,Leeds United,2000-03-26,2000-03-26
1999–2000,West Ham United,Wimbledon,2000-03-26,2000-03-26
1999–2000,Coventry City,Liverpool,2000-04-01,2000-04-01
1999–2000,Everton,Watford,2000-04-01,2000-04-01
1999–2000,Leeds United,Chelsea,2000-04-01,2000-04-01
1999–2000,Manchester United,West Ham United,2000-04-01,2000-04-01
1999–2000,Newcastle United,Bradford City,2000-04-01,2000-04-01
1999–2000,Southampton,Sunderland,2000-04-01,2000-04-01
1999–2000,Wimbledon,Arsenal,2000-04-01,2000-04-01
1999–2000,Derby County,Leicester City,2000-04-02,2000-04-02
1999–2000,Tottenham Hotspur,Middlesbrough,2000-04-03,2000-04-03
1999–2000,Sheffield Wednesday,Aston Villa,2000-04-05,2000-04-05
1999–2000,Bradford City,Southampton,2000-04-08,2000-04-08
1999–2000,Leicester City,Everton,2000-04-08,2000-04-08
1999–2000,Sunderland,Wimbledon,2000-04-08,2000-04-08
1999–2000,Watford,Derby County,2000-04-08,2000-04-08
1999–2000,Aston Villa,Leeds United,2000-04-09,2000-04-09
1999–2000,Liverpool,Tottenham Hotspur,2000-04-09,2000-04-09
1999–2000,Middlesbrough,Manchester United,2000-04-10,2000-04-10
1999–2000,Chelsea,Coventry City,2000-04-12,2000-04-12
1999–2000,West Ham United,Newcastle United,2000-04-12,2000-04-12
1999–2000,Wimbledon,Sheffield Wednesday,2000-04-12,2000-04-12
1999–2000,Coventry City,Middlesbrough,2000-04-15,2000-04-15
1999–2000,Derby County,West Ham United,2000-04-15,2000-04-15
1999–2000,Everton,Bradford City,2000-04-15,2000-04-15
1999–2000,Manchester United,Sunderland,2000-04-15,2000-04-15
1999–2000,Newcastle United,Leicester City,2000-04-15,2000-04-15
1999–2000,Sheffield Wednesday,Chelsea,2000-04-15,2000-04-15
1999–2000,Southampton,Watford,2000-04-15,2000-04-15
1999–2000,Tottenham Hotspur,Aston Villa,2000-04-15,2000-04-15
1999–2000,Leeds United,Arsenal,2000-04-16,2000-04-16
1999–2000,Wimbledon,Liverpool,2000-04-16,2000-04-16
1999–2000,Leicester City,Tottenham Hotspur,2000-04-19,2000-04-19
1999–2000,Bradford City,Derby County,2000-04-21,2000-04-21
1999–2000,Everton,Liverpool,2000-04-21,2000-04-21
1999–2000,Aston Villa,Leicester City,2000-04-22,2000-04-22
1999–2000,Chelsea,Middlesbrough,2000-04-22,2000-04-22
1999–2000,Sheffield Wednesday,Sunderland,2000-04-22,2000-04-22
1999–2000,Southampton,Manchester United,2000-04-22,2000-04-22
1999–2000,Tottenham Hotspur,Wimbledon,2000-04-22,2000-04-22
1999–2000,West Ham United,Coventry City,2000-04-22,2000-04-22
1999–2000,Newcastle United,Leeds United,2000-04-23,2000-04-23
1999–2000,Watford,Arsenal,2000-04-23,2000-04-23
1999–2000,Derby County,Southampton,2000-04-24,2000-04-24
1999–2000,Manchester United,Chelsea,2000-04-24,2000-04-24
1999–2000,Sunderland,Bradford City,2000-04-24,2000-04-24
1999–2000,Aston Villa,Sunderland,2000-04-29,2000-04-29
1999–2000,Chelsea,Liverpool,2000-04-29,2000-04-29
1999–2000,Everton,Arsenal,2000-04-29,2000-04-29
1999–2000,Newcastle United,Coventry City,2000-04-29,2000-04-29
1999–2000,Southampton,Leicester City,2000-04-29,2000-04-29
1999–2000,Tottenham Hotspur,Derby County,2000-04-29,2000-04-29
1999–2000,Watford,Manchester United,2000-04-29,2000-04-29
1999–2000,West Ham United,Middlesbrough,2000-04-29,2000-04-29
1999–2000,Bradford City,Wimbledon,2000-04-30,2000-04-30
1999–2000,Sheffield Wednesday,Leeds United,2000-04-30,2000-04-30
1999–2000,Arsenal,West Ham United,2000-05-02,2000-05-02
1999–2000,Middlesbrough,Newcastle United,2000-05-02,2000-05-02
1999–2000,Leeds United,Watford,2000-05-03,2000-05-03
1999–2000,Liverpool,Leicester City,2000-05-03,2000-05-03
1999–2000,Arsenal,Chelsea,2000-05-06,2000-05-06
1999–2000,Coventry City,Sheffield Wednesday,2000-05-06,2000-05-06
1999–2000,Derby County,Newcastle United,2000-05-06,2000-05-06
1999–2000,Leicester City,Bradford City,2000-05-06,2000-05-06
1999–2000,Manchester United,Tottenham Hotspur,2000-05-06,2000-05-06
1999–2000,Middlesbrough,Watford,2000-05-06,2000-05-06
1999–2000,Sunderland,West Ham United,2000-05-06,2000-05-06
1999–2000,Wimbledon,Aston Villa,2000-05-06,2000-05-06
1999–2000,Liverpool,Southampton,2000-05-07,2000-05-07
1999–2000,Leeds United,Everton,2000-05-08,2000-05-08
1999–2000,Arsenal,Sheffield Wednesday,2000-05-09,2000-05-09
1999–2000,Aston Villa,Manchester United,2000-05-14,2000-05-14
1999–2000,Bradford City,Liverpool,2000-05-14,2000-05-14
1999–2000,Chelsea,Derby County,2000-05-14,2000-05-14
1999–2000,Everton,Middlesbrough,2000-05-14,2000-05-14
1999–2000,Newcastle United,Arsenal,2000-05-14,2000-05-14
1999–2000,Sheffield Wednesday,Leicester City,2000-05-14,2000-05-14
1999–2000,Southampton,Wimbledon,2000-05-14,2000-05-14
1999–2000,Tottenham Hotspur,Sunderland,2000-05-14,2000-05-14
1999–2000,Watford,Coventry City,2000-05-14,2000-05-14
1999–2000,West Ham United,Leeds United,2000-05-14,2000-05-14
2000–01,Charlton Athletic,Manchester City,2000-08-19,2000-08-19
2000–01,Chelsea,West Ham United,2000-08-19,2000-08-19
2000–01,Coventry City,Middlesbrough,2000-08-19,2000-08-19
2000–01,Derby County,Southampton,2000-08-19,2000-08-19
2000–01,Leeds United,Everton,2000-08-19,2000-08-19
2000–01,Leicester City,Aston Villa,2000-08-19,2000-08-19
2000–01,Liverpool,Bradford City,2000-08-19,2000-08-19
2000–01,Sunderland,Arsenal,2000-08-19,2000-08-19
2000–01,Tottenham Hotspur,Ipswich Town,2000-08-19,2000-08-19
2000–01,Manchester United,Newcastle United,2000-08-20,2000-08-20
2000–01,Arsenal,Liverpool,2000-08-21,2000-08-21
2000–01,Bradford City,Chelsea,2000-08-22,2000-08-22
2000–01,Ipswich Town,Manchester United,2000-08-22,2000-08-22
2000–01,Middlesbrough,Tottenham Hotspur,2000-08-22,2000-08-22
2000–01,Everton,Charlton Athletic,2000-08-23,2000-08-23
2000–01,Manchester City,Sunderland,2000-08-23,2000-08-23
2000–01,Newcastle United,Derby County,2000-08-23,2000-08-23
2000–01,Southampton,Coventry City,2000-08-23,2000-08-23
2000–01,West Ham United,Leicester City,2000-08-23,2000-08-23
2000–01,Arsenal,Charlton Athletic,2000-08-26,2000-08-26
2000–01,Bradford City,Leicester City,2000-08-26,2000-08-26
2000–01,Everton,Derby County,2000-08-26,2000-08-26
2000–01,Ipswich Town,Sunderland,2000-08-26,2000-08-26
2000–01,Manchester City,Coventry City,2000-08-26,2000-08-26
2000–01,Middlesbrough,Leeds United,2000-08-26,2000-08-26
2000–01,Newcastle United,Tottenham Hotspur,2000-08-26,2000-08-26
2000–01,Southampton,Liverpool,2000-08-26,2000-08-26
2000–01,West Ham United,Manchester United,2000-08-26,2000-08-26
2000–01,Aston Villa,Chelsea,2000-08-27,2000-08-27
2000–01,Leeds United,Manchester City,2000-09-05,2000-09-05
2000–01,Manchester United,Bradford City,2000-09-05,2000-09-05
2000–01,Sunderland,West Ham United,2000-09-05,2000-09-05
2000–01,Tottenham Hotspur,Everton,2000-09-05,2000-09-05
2000–01,Charlton Athletic,Southampton,2000-09-06,2000-09-06
2000–01,Chelsea,Arsenal,2000-09-06,2000-09-06
2000–01,Coventry City,Newcastle United,2000-09-06,2000-09-06
2000–01,Derby County,Middlesbrough,2000-09-06,2000-09-06
2000–01,Leicester City,Ipswich Town,2000-09-06,2000-09-06
2000–01,Liverpool,Aston Villa,2000-09-06,2000-09-06
2000–01,Bradford City,Arsenal,2000-09-09,2000-09-09
2000–01,Coventry City,Leeds United,2000-09-09,2000-09-09
2000–01,Ipswich Town,Aston Villa,2000-09-09,2000-09-09
2000–01,Leicester City,Southampton,2000-09-09,2000-09-09
2000–01,Liverpool,Manchester City,2000-09-09,2000-09-09
2000–01,Manchester United,Sunderland,2000-09-09,2000-09-09
2000–01,Middlesbrough,Everton,2000-09-09,2000-09-09
2000–01,Newcastle United,Chelsea,2000-09-09,2000-09-09
2000–01,Derby County,Charlton Athletic,2000-09-10,2000-09-10
2000–01,Tottenham Hotspur,West Ham United,2000-09-11,2000-09-11
2000–01,Arsenal,Coventry City,2000-09-16,2000-09-16
2000–01,Aston Villa,Bradford City,2000-09-16,2000-09-16
2000–01,Charlton Athletic,Tottenham Hotspur,2000-09-16,2000-09-16
2000–01,Everton,Manchester United,2000-09-16,2000-09-16
2000–01,Leeds United,Ipswich Town,2000-09-16,2000-09-16
2000–01,Southampton,Newcastle United,2000-09-16,2000-09-16
2000–01,Sunderland,Derby County,2000-09-16,2000-09-16
2000–01,Chelsea,Leicester City,2000-09-17,2000-09-17
2000–01,Manchester City,Middlesbrough,2000-09-17,2000-09-17
2000–01,West Ham United,Liverpool,2000-09-17,2000-09-17
2000–01,Bradford City,Southampton,2000-09-23,2000-09-23
2000–01,Coventry City,West Ham United,2000-09-23,2000-09-23
2000–01,Derby County,Leeds United,2000-09-23,2000-09-23
2000–01,Ipswich Town,Arsenal,2000-09-23,2000-09-23
2000–01,Liverpool,Sunderland,2000-09-23,2000-09-23
2000–01,Manchester United,Chelsea,2000-09-23,2000-09-23
2000–01,Middlesbrough,Aston Villa,2000-09-23,2000-09-23
2000–01,Newcastle United,Charlton Athletic,2000-09-23,2000-09-23
2000–01,Tottenham Hotspur,Manchester City,2000-09-23,2000-09-23
2000–01,Leicester City,Everton,2000-09-24,2000-09-24
2000–01,Aston Villa,Derby County,2000-09-30,2000-09-30
2000–01,Charlton Athletic,Coventry City,2000-09-30,2000-09-30
2000–01,Everton,Ipswich Town,2000-09-30,2000-09-30
2000–01,Leeds United,Tottenham Hotspur,2000-09-30,2000-09-30
2000–01,Manchester City,Newcastle United,2000-09-30,2000-09-30
2000–01,Southampton,Middlesbrough,2000-09-30,2000-09-30
2000–01,West Ham United,Bradford City,2000-09-30,2000-09-30
2000–01,Arsenal,Manchester United,2000-10-01,2000-10-01
2000–01,Chelsea,Liverpool,2000-10-01,2000-10-01
2000–01,Sunderland,Leicester City,2000-10-01,2000-10-01
2000–01,Arsenal,Aston Villa,2000-10-14,2000-10-14
2000–01,Coventry City,Tottenham Hotspur,2000-10-14,2000-10-14
2000–01,Everton,Southampton,2000-10-14,2000-10-14
2000–01,Ipswich Town,West Ham United,2000-10-14,2000-10-14
2000–01,Leeds United,Charlton Athletic,2000-10-14,2000-10-14
2000–01,Leicester City,Manchester United,2000-10-14,2000-10-14
2000–01,Manchester City,Bradford City,2000-10-14,2000-10-14
2000–01,Sunderland,Chelsea,2000-10-14,2000-10-14
2000–01,Derby County,Liverpool,2000-10-15,2000-10-15
2000–01,Middlesbrough,Newcastle United,2000-10-16,2000-10-16
2000–01,Bradford City,Ipswich Town,2000-10-21,2000-10-21
2000–01,Charlton Athletic,Middlesbrough,2000-10-21,2000-10-21
2000–01,Chelsea,Coventry City,2000-10-21,2000-10-21
2000–01,Liverpool,Leicester City,2000-10-21,2000-10-21
2000–01,Manchester United,Leeds United,2000-10-21,2000-10-21
2000–01,Newcastle United,Everton,2000-10-21,2000-10-21
2000–01,Tottenham Hotspur,Derby County,2000-10-21,2000-10-21
2000–01,West Ham United,Arsenal,2000-10-21,2000-10-21
2000–01,Aston Villa,Sunderland,2000-10-22,2000-10-22
2000–01,Southampton,Manchester City,2000-10-23,2000-10-23
2000–01,Arsenal,Manchester City,2000-10-28,2000-10-28
2000–01,Aston Villa,Charlton Athletic,2000-10-28,2000-10-28
2000–01,Chelsea,Tottenham Hotspur,2000-10-28,2000-10-28
2000–01,Ipswich Town,Middlesbrough,2000-10-28,2000-10-28
2000–01,Leicester City,Derby County,2000-10-28,2000-10-28
2000–01,Manchester United,Southampton,2000-10-28,2000-10-28
2000–01,Sunderland,Coventry City,2000-10-28,2000-10-28
2000–01,West Ham United,Newcastle United,2000-10-28,2000-10-28
2000–01,Bradford City,Leeds United,2000-10-29,2000-10-29
2000–01,Liverpool,Everton,2000-10-29,2000-10-29
2000–01,Charlton Athletic,Bradford City,2000-11-04,2000-11-04
2000–01,Coventry City,Manchester United,2000-11-04,2000-11-04
2000–01,Leeds United,Liverpool,2000-11-04,2000-11-04
2000–01,Manchester City,Leicester City,2000-11-04,2000-11-04
2000–01,Middlesbrough,Arsenal,2000-11-04,2000-11-04
2000–01,Newcastle United,Ipswich Town,2000-11-04,2000-11-04
2000–01,Southampton,Chelsea,2000-11-04,2000-11-04
2000–01,Tottenham Hotspur,Sunderland,2000-11-04,2000-11-04
2000–01,Everton,Aston Villa,2000-11-05,2000-11-05
2000–01,Derby County,West Ham United,2000-11-06,2000-11-06
2000–01,Arsenal,Derby County,2000-11-11,2000-11-11
2000–01,Aston Villa,Tottenham Hotspur,2000-11-11,2000-11-11
2000–01,Bradford City,Everton,2000-11-11,2000-11-11
2000–01,Ipswich Town,Charlton Athletic,2000-11-11,2000-11-11
2000–01,Leicester City,Newcastle United,2000-11-11,2000-11-11
2000–01,Manchester United,Middlesbrough,2000-11-11,2000-11-11
2000–01,Sunderland,Southampton,2000-11-11,2000-11-11
2000–01,West Ham United,Manchester City,2000-11-11,2000-11-11
2000–01,Chelsea,Leeds United,2000-11-12,2000-11-12
2000–01,Liverpool,Coventry City,2000-11-12,2000-11-12
2000–01,Charlton Athletic,Chelsea,2000-11-18,2000-11-18
2000–01,Derby County,Bradford City,2000-11-18,2000-11-18
2000–01,Everton,Arsenal,2000-11-18,2000-11-18
2000–01,Leeds United,West Ham United,2000-11-18,2000-11-18
2000–01,Manchester City,Manchester United,2000-11-18,2000-11-18
2000–01,Middlesbrough,Leicester City,2000-11-18,2000-11-18
2000–01,Newcastle United,Sunderland,2000-11-18,2000-11-18
2000–01,Southampton,Aston Villa,2000-11-18,2000-11-18
2000–01,Tottenham Hotspur,Liverpool,2000-11-19,2000-11-19
2000–01,Coventry City,Ipswich Town,2000-11-20,2000-11-20
2000–01,Charlton Athletic,Sunderland,2000-11-25,2000-11-25
2000–01,Coventry City,Aston Villa,2000-11-25,2000-11-25
2000–01,Derby County,Manchester United,2000-11-25,2000-11-25
2000–01,Everton,Chelsea,2000-11-25,2000-11-25
2000–01,Manchester City,Ipswich Town,2000-11-25,2000-11-25
2000–01,Middlesbrough,Bradford City,2000-11-25,2000-11-25
2000–01,Southampton,West Ham United,2000-11-25,2000-11-25
2000–01,Tottenham Hotspur,Leicester City,2000-11-25,2000-11-25
2000–01,Leeds United,Arsenal,2000-11-26,2000-11-26
2000–01,Newcastle United,Liverpool,2000-11-26,2000-11-26
2000–01,Arsenal,Southampton,2000-12-02,2000-12-02
2000–01,Aston Villa,Newcastle United,2000-12-02,2000-12-02
2000–01,Bradford City,Coventry City,2000-12-02,2000-12-02
2000–01,Ipswich Town,Derby County,2000-12-02,2000-12-02
2000–01,Leicester City,Leeds United,2000-12-02,2000-12-02
2000–01,Liverpool,Charlton Athletic,2000-12-02,2000-12-02
2000–01,Manchester United,Tottenham Hotspur,2000-12-02,2000-12-02
2000–01,West Ham United,Middlesbrough,2000-12-02,2000-12-02
2000–01,Chelsea,Manchester City,2000-12-03,2000-12-03
2000–01,Sunderland,Everton,2000-12-04,2000-12-04
2000–01,Arsenal,Newcastle United,2000-12-09,2000-12-09
2000–01,Bradford City,Tottenham Hotspur,2000-12-09,2000-12-09
2000–01,Charlton Athletic,Manchester United,2000-12-09,2000-12-09
2000–01,Chelsea,Derby County,2000-12-09,2000-12-09
2000–01,Manchester City,Everton,2000-12-09,2000-12-09
2000–01,Southampton,Leeds United,2000-12-09,2000-12-09
2000–01,Sunderland,Middlesbrough,2000-12-09,2000-12-09
2000–01,West Ham United,Aston Villa,2000-12-09,2000-12-09
2000–01,Coventry City,Leicester City,2000-12-10,2000-12-10
2000–01,Liverpool,Ipswich Town,2000-12-10,2000-12-10
2000–01,Aston Villa,Manchester City,2000-12-16,2000-12-16
2000–01,Derby County,Coventry City,2000-12-16,2000-12-16
2000–01,Everton,West Ham United,2000-12-16,2000-12-16
2000–01,Ipswich Town,Southampton,2000-12-16,2000-12-16
2000–01,Leeds United,Sunderland,2000-12-16,2000-12-16
2000–01,Leicester City,Charlton Athletic,2000-12-16,2000-12-16
2000–01,Middlesbrough,Chelsea,2000-12-16,2000-12-16
2000–01,Newcastle United,Bradford City,2000-12-16,2000-12-16
2000–01,Manchester United,Liverpool,2000-12-17,2000-12-17
2000–01,Tottenham Hotspur,Arsenal,2000-12-18,2000-12-18
2000–01,Coventry City,Southampton,2000-12-22,2000-12-22
2000–01,Charlton Athletic,Everton,2000-12-23,2000-12-23
2000–01,Chelsea,Bradford City,2000-12-23,2000-12-23
2000–01,Derby County,Newcastle United,2000-12-23,2000-12-23
2000–01,Leeds United,Aston Villa,2000-12-23,2000-12-23
2000–01,Leicester City,West Ham United,2000-12-23,2000-12-23
2000–01,Liverpool,Arsenal,2000-12-23,2000-12-23
2000–01,Manchester United,Ipswich Town,2000-12-23,2000-12-23
2000–01,Sunderland,Manchester City,2000-12-23,2000-12-23
2000–01,Tottenham Hotspur,Middlesbrough,2000-12-23,2000-12-23
2000–01,Arsenal,Leicester City,2000-12-26,2000-12-26
2000–01,Aston Villa,Manchester United,2000-12-26,2000-12-26
2000–01,Bradford City,Sunderland,2000-12-26,2000-12-26
2000–01,Everton,Coventry City,2000-12-26,2000-12-26
2000–01,Ipswich Town,Chelsea,2000-12-26,2000-12-26
2000–01,Manchester City,Derby County,2000-12-26,2000-12-26
2000–01,Middlesbrough,Liverpool,2000-12-26,2000-12-26
2000–01,Newcastle United,Leeds United,2000-12-26,2000-12-26
2000–01,West Ham United,Charlton Athletic,2000-12-26,2000-12-26
2000–01,Southampton,Tottenham Hotspur,2000-12-27,2000-12-27
2000–01,Arsenal,Sunderland,2000-12-30,2000-12-30
2000–01,Ipswich Town,Tottenham Hotspur,2000-12-30,2000-12-30
2000–01,Manchester City,Charlton Athletic,2000-12-30,2000-12-30
2000–01,Middlesbrough,Coventry City,2000-12-30,2000-12-30
2000–01,Newcastle United,Manchester United,2000-12-30,2000-12-30
2000–01,Southampton,Derby County,2000-12-30,2000-12-30
2000–01,Charlton Athletic,Arsenal,2001-01-01,2001-01-01
2000–01,Chelsea,Aston Villa,2001-01-01,2001-01-01
2000–01,Coventry City,Manchester City,2001-01-01,2001-01-01
2000–01,Derby County,Everton,2001-01-01,2001-01-01
2000–01,Leeds United,Middlesbrough,2001-01-01,2001-01-01
2000–01,Leicester City,Bradford City,2001-01-01,2001-01-01
2000–01,Liverpool,Southampton,2001-01-01,2001-01-01
2000–01,Manchester United,West Ham United,2001-01-01,2001-01-01
2000–01,Sunderland,Ipswich Town,2001-01-01,2001-01-01
2000–01,Tottenham Hotspur,Newcastle United,2001-01-02,2001-01-02
2000–01,Arsenal,Chelsea,2001-01-13,2001-01-13
2000–01,Aston Villa,Liverpool,2001-01-13,2001-01-13
2000–01,Bradford City,Manchester United,2001-01-13,2001-01-13
2000–01,Everton,Tottenham Hotspur,2001-01-13,2001-01-13
2000–01,Manchester City,Leeds United,2001-01-13,2001-01-13
2000–01,Middlesbrough,Derby County,2001-01-13,2001-01-13
2000–01,Newcastle United,Coventry City,2001-01-13,2001-01-13
2000–01,Southampton,Charlton Athletic,2001-01-13,2001-01-13
2000–01,West Ham United,Sunderland,2001-01-13,2001-01-13
2000–01,Ipswich Town,Leicester City,2001-01-14,2001-01-14
2000–01,Chelsea,Ipswich Town,2001-01-20,2001-01-20
2000–01,Coventry City,Everton,2001-01-20,2001-01-20
2000–01,Derby County,Manchester City,2001-01-20,2001-01-20
2000–01,Leeds United,Newcastle United,2001-01-20,2001-01-20
2000–01,Leicester City,Arsenal,2001-01-20,2001-01-20
2000–01,Liverpool,Middlesbrough,2001-01-20,2001-01-20
2000–01,Manchester United,Aston Villa,2001-01-20,2001-01-20
2000–01,Tottenham Hotspur,Southampton,2001-01-20,2001-01-20
2000–01,Sunderland,Bradford City,2001-01-21,2001-01-21
2000–01,Charlton Athletic,West Ham United,2001-01-22,2001-01-22
2000–01,Aston Villa,Leeds United,2001-01-24,2001-01-24
2000–01,Arsenal,Bradford City,2001-01-30,2001-01-30
2000–01,Charlton Athletic,Derby County,2001-01-30,2001-01-30
2000–01,Chelsea,Newcastle United,2001-01-31,2001-01-31
2000–01,Everton,Middlesbrough,2001-01-31,2001-01-31
2000–01,Leeds United,Coventry City,2001-01-31,2001-01-31
2000–01,Manchester City,Liverpool,2001-01-31,2001-01-31
2000–01,Southampton,Leicester City,2001-01-31,2001-01-31
2000–01,Sunderland,Manchester United,2001-01-31,2001-01-31
2000–01,West Ham United,Tottenham Hotspur,2001-01-31,2001-01-31
2000–01,Bradford City,Aston Villa,2001-02-03,2001-02-03
2000–01,Coventry City,Arsenal,2001-02-03,2001-02-03
2000–01,Derby County,Sunderland,2001-02-03,2001-02-03
2000–01,Ipswich Town,Leeds United,2001-02-03,2001-02-03
2000–01,Leicester City,Chelsea,2001-02-03,2001-02-03
2000–01,Liverpool,West Ham United,2001-02-03,2001-02-03
2000–01,Manchester United,Everton,2001-02-03,2001-02-03
2000–01,Middlesbrough,Manchester City,2001-02-03,2001-02-03
2000–01,Tottenham Hotspur,Charlton Athletic,2001-02-03,2001-02-03
2000–01,Everton,Leeds United,2001-02-07,2001-02-07
2000–01,Arsenal,Ipswich Town,2001-02-10,2001-02-10
2000–01,Aston Villa,Middlesbrough,2001-02-10,2001-02-10
2000–01,Chelsea,Manchester United,2001-02-10,2001-02-10
2000–01,Everton,Leicester City,2001-02-10,2001-02-10
2000–01,Leeds United,Derby County,2001-02-10,2001-02-10
2000–01,Manchester City,Tottenham Hotspur,2001-02-10,2001-02-10
2000–01,Southampton,Bradford City,2001-02-10,2001-02-10
2000–01,Sunderland,Liverpool,2001-02-10,2001-02-10
2000–01,Charlton Athletic,Newcastle United,2001-02-11,2001-02-11
2000–01,West Ham United,Coventry City,2001-02-12,2001-02-12
2000–01,Bradford City,West Ham United,2001-02-24,2001-02-24
2000–01,Coventry City,Charlton Athletic,2001-02-24,2001-02-24
2000–01,Derby County,Aston Villa,2001-02-24,2001-02-24
2000–01,Ipswich Town,Everton,2001-02-24,2001-02-24
2000–01,Leicester City,Sunderland,2001-02-24,2001-02-24
2000–01,Middlesbrough,Southampton,2001-02-24,2001-02-24
2000–01,Newcastle United,Manchester City,2001-02-24,2001-02-24
2000–01,Tottenham Hotspur,Leeds United,2001-02-24,2001-02-24
2000–01,Manchester United,Arsenal,2001-02-25,2001-02-25
2000–01,Arsenal,West Ham United,2001-03-03,2001-03-03
2000–01,Coventry City,Chelsea,2001-03-03,2001-03-03
2000–01,Derby County,Tottenham Hotspur,2001-03-03,2001-03-03
2000–01,Everton,Newcastle United,2001-03-03,2001-03-03
2000–01,Leeds United,Manchester United,2001-03-03,2001-03-03
2000–01,Leicester City,Liverpool,2001-03-03,2001-03-03
2000–01,Manchester City,Southampton,2001-03-03,2001-03-03
2000–01,Middlesbrough,Charlton Athletic,2001-03-03,2001-03-03
2000–01,Ipswich Town,Bradford City,2001-03-04,2001-03-04
2000–01,Sunderland,Aston Villa,2001-03-05,2001-03-05
2000–01,West Ham United,Chelsea,2001-03-07,2001-03-07
2000–01,Aston Villa,Ipswich Town,2001-03-10,2001-03-10
2000–01,Bradford City,Manchester City,2001-03-17,2001-03-17
2000–01,Charlton Athletic,Leeds United,2001-03-17,2001-03-17
2000–01,Chelsea,Sunderland,2001-03-17,2001-03-17
2000–01,Manchester United,Leicester City,2001-03-17,2001-03-17
2000–01,Newcastle United,Middlesbrough,2001-03-17,2001-03-17
2000–01,Southampton,Everton,2001-03-17,2001-03-17
2000–01,Tottenham Hotspur,Coventry City,2001-03-17,2001-03-17
2000–01,West Ham United,Ipswich Town,2001-03-17,2001-03-17
2000–01,Aston Villa,Arsenal,2001-03-18,2001-03-18
2000–01,Liverpool,Derby County,2001-03-18,2001-03-18
2000–01,Arsenal,Tottenham Hotspur,2001-03-31,2001-03-31
2000–01,Bradford City,Newcastle United,2001-03-31,2001-03-31
2000–01,Chelsea,Middlesbrough,2001-03-31,2001-03-31
2000–01,Coventry City,Derby County,2001-03-31,2001-03-31
2000–01,Liverpool,Manchester United,2001-03-31,2001-03-31
2000–01,Manchester City,Aston Villa,2001-03-31,2001-03-31
2000–01,Sunderland,Leeds United,2001-03-31,2001-03-31
2000–01,West Ham United,Everton,2001-03-31,2001-03-31
2000–01,Charlton Athletic,Leicester City,2001-04-01,2001-04-01
2000–01,Southampton,Ipswich Town,2001-04-02,2001-04-02
2000–01,Aston Villa,Leicester City,2001-04-04,2001-04-04
2000–01,Aston Villa,West Ham United,2001-04-07,2001-04-07
2000–01,Derby County,Chelsea,2001-04-07,2001-04-07
2000–01,Leeds United,Southampton,2001-04-07,2001-04-07
2000–01,Leicester City,Coventry City,2001-04-07,2001-04-07
2000–01,Everton,Manchester City,2001-04-08,2001-04-08
2000–01,Middlesbrough,Sunderland,2001-04-09,2001-04-09
2000–01,Ipswich Town,Liverpool,2001-04-10,2001-04-10
2000–01,Manchester United,Charlton Athletic,2001-04-10,2001-04-10
2000–01,Tottenham Hotspur,Bradford City,2001-04-10,2001-04-10
2000–01,Manchester City,Arsenal,2001-04-11,2001-04-11
2000–01,Bradford City,Charlton Athletic,2001-04-13,2001-04-13
2000–01,Liverpool,Leeds United,2001-04-13,2001-04-13
2000–01,Arsenal,Middlesbrough,2001-04-14,2001-04-14
2000–01,Aston Villa,Everton,2001-04-14,2001-04-14
2000–01,Chelsea,Southampton,2001-04-14,2001-04-14
2000–01,Ipswich Town,Newcastle United,2001-04-14,2001-04-14
2000–01,Leicester City,Manchester City,2001-04-14,2001-04-14
2000–01,Manchester United,Coventry City,2001-04-14,2001-04-14
2000–01,Sunderland,Tottenham Hotspur,2001-04-14,2001-04-14
2000–01,West Ham United,Derby County,2001-04-14,2001-04-14
2000–01,Coventry City,Sunderland,2001-04-16,2001-04-16
2000–01,Derby County,Leicester City,2001-04-16,2001-04-16
2000–01,Everton,Liverpool,2001-04-16,2001-04-16
2000–01,Middlesbrough,Ipswich Town,2001-04-16,2001-04-16
2000–01,Newcastle United,West Ham United,2001-04-16,2001-04-16
2000–01,Charlton Athletic,Aston Villa,2001-04-17,2001-04-17
2000–01,Tottenham Hotspur,Chelsea,2001-04-17,2001-04-17
2000–01,Arsenal,Everton,2001-04-21,2001-04-21
2000–01,Aston Villa,Southampton,2001-04-21,2001-04-21
2000–01,Bradford City,Derby County,2001-04-21,2001-04-21
2000–01,Chelsea,Charlton Athletic,2001-04-21,2001-04-21
2000–01,Ipswich Town,Coventry City,2001-04-21,2001-04-21
2000–01,Leicester City,Middlesbrough,2001-04-21,2001-04-21
2000–01,Manchester United,Manchester City,2001-04-21,2001-04-21
2000–01,Sunderland,Newcastle United,2001-04-21,2001-04-21
2000–01,West Ham United,Leeds United,2001-04-21,2001-04-21
2000–01,Liverpool,Tottenham Hotspur,2001-04-22,2001-04-22
2000–01,Coventry City,Liverpool,2001-04-28,2001-04-28
2000–01,Derby County,Arsenal,2001-04-28,2001-04-28
2000–01,Everton,Bradford City,2001-04-28,2001-04-28
2000–01,Leeds United,Chelsea,2001-04-28,2001-04-28
2000–01,Manchester City,West Ham United,2001-04-28,2001-04-28
2000–01,Middlesbrough,Manchester United,2001-04-28,2001-04-28
2000–01,Newcastle United,Leicester City,2001-04-28,2001-04-28
2000–01,Southampton,Sunderland,2001-04-28,2001-04-28
2000–01,Tottenham Hotspur,Aston Villa,2001-04-28,2001-04-28
2000–01,Charlton Athletic,Ipswich Town,2001-04-30,2001-04-30
2000–01,Bradford City,Liverpool,2001-05-01,2001-05-01
2000–01,Newcastle United,Southampton,2001-05-01,2001-05-01
2000–01,Arsenal,Leeds United,2001-05-05,2001-05-05
2000–01,Aston Villa,Coventry City,2001-05-05,2001-05-05
2000–01,Bradford City,Middlesbrough,2001-05-05,2001-05-05
2000–01,Chelsea,Everton,2001-05-05,2001-05-05
2000–01,Leicester City,Tottenham Hotspur,2001-05-05,2001-05-05
2000–01,Liverpool,Newcastle United,2001-05-05,2001-05-05
2000–01,Manchester United,Derby County,2001-05-05,2001-05-05
2000–01,Sunderland,Charlton Athletic,2001-05-05,2001-05-05
2000–01,West Ham United,Southampton,2001-05-05,2001-05-05
2000–01,Ipswich Town,Manchester City,2001-05-07,2001-05-07
2000–01,Liverpool,Chelsea,2001-05-08,2001-05-08
2000–01,Leeds United,Bradford City,2001-05-13,2001-05-13
2000–01,Southampton,Manchester United,2001-05-13,2001-05-13
2000–01,Newcastle United,Arsenal,2001-05-15,2001-05-15
2000–01,Charlton Athletic,Liverpool,2001-05-19,2001-05-19
2000–01,Coventry City,Bradford City,2001-05-19,2001-05-19
2000–01,Derby County,Ipswich Town,2001-05-19,2001-05-19
2000–01,Everton,Sunderland,2001-05-19,2001-05-19
2000–01,Leeds United,Leicester City,2001-05-19,2001-05-19
2000–01,Manchester City,Chelsea,2001-05-19,2001-05-19
2000–01,Middlesbrough,West Ham United,2001-05-19,2001-05-19
2000–01,Newcastle United,Aston Villa,2001-05-19,2001-05-19
2000–01,Southampton,Arsenal,2001-05-19,2001-05-19
2000–01,Tottenham Hotspur,Manchester United,2001-05-19,2001-05-19
2001–02,Charlton Athletic,Everton,2001-08-18,2001-08-18
2001–02,Derby County,Blackburn Rovers,2001-08-18,2001-08-18
2001–02,Leeds United,Southampton,2001-08-18,2001-08-18
2001–02,Leicester City,Bolton Wanderers,2001-08-18,2001-08-18
2001–02,Liverpool,West Ham United,2001-08-18,2001-08-18
2001–02,Middlesbrough,Arsenal,2001-08-18,2001-08-18
2001–02,Sunderland,Ipswich Town,2001-08-18,2001-08-18
2001–02,Tottenham Hotspur,Aston Villa,2001-08-18,2001-08-18
2001–02,Chelsea,Newcastle United,2001-08-19,2001-08-19
2001–02,Manchester United,Fulham,2001-08-19,2001-08-19
2001–02,Everton,Tottenham Hotspur,2001-08-20,2001-08-20
2001–02,Arsenal,Leeds United,2001-08-21,2001-08-21
2001–02,Bolton Wanderers,Middlesbrough,2001-08-21,2001-08-21
2001–02,Ipswich Town,Derby County,2001-08-21,2001-08-21
2001–02,Blackburn Rovers,Manchester United,2001-08-22,2001-08-22
2001–02,Fulham,Sunderland,2001-08-22,2001-08-22
2001–02,Arsenal,Leicester City,2001-08-25,2001-08-25
2001–02,Blackburn Rovers,Tottenham Hotspur,2001-08-25,2001-08-25
2001–02,Everton,Middlesbrough,2001-08-25,2001-08-25
2001–02,Fulham,Derby County,2001-08-25,2001-08-25
2001–02,Ipswich Town,Charlton Athletic,2001-08-25,2001-08-25
2001–02,Southampton,Chelsea,2001-08-25,2001-08-25
2001–02,West Ham United,Leeds United,2001-08-25,2001-08-25
2001–02,Aston Villa,Manchester United,2001-08-26,2001-08-26
2001–02,Newcastle United,Sunderland,2001-08-26,2001-08-26
2001–02,Bolton Wanderers,Liverpool,2001-08-27,2001-08-27
2001–02,Chelsea,Arsenal,2001-09-08,2001-09-08
2001–02,Derby County,West Ham United,2001-09-08,2001-09-08
2001–02,Leeds United,Bolton Wanderers,2001-09-08,2001-09-08
2001–02,Leicester City,Ipswich Town,2001-09-08,2001-09-08
2001–02,Liverpool,Aston Villa,2001-09-08,2001-09-08
2001–02,Manchester United,Everton,2001-09-08,2001-09-08
2001–02,Middlesbrough,Newcastle United,2001-09-08,2001-09-08
2001–02,Sunderland,Blackburn Rovers,2001-09-08,2001-09-08
2001–02,Charlton Athletic,Fulham,2001-09-09,2001-09-09
2001–02,Tottenham Hotspur,Southampton,2001-09-09,2001-09-09
2001–02,Bolton Wanderers,Southampton,2001-09-15,2001-09-15
2001–02,Derby County,Leicester City,2001-09-15,2001-09-15
2001–02,Everton,Liverpool,2001-09-15,2001-09-15
2001–02,Fulham,Arsenal,2001-09-15,2001-09-15
2001–02,Middlesbrough,West Ham United,2001-09-15,2001-09-15
2001–02,Newcastle United,Manchester United,2001-09-15,2001-09-15
2001–02,Aston Villa,Sunderland,2001-09-16,2001-09-16
2001–02,Charlton Athletic,Leeds United,2001-09-16,2001-09-16
2001–02,Ipswich Town,Blackburn Rovers,2001-09-16,2001-09-16
2001–02,Tottenham Hotspur,Chelsea,2001-09-16,2001-09-16
2001–02,Leicester City,Middlesbrough,2001-09-17,2001-09-17
2001–02,Blackburn Rovers,Bolton Wanderers,2001-09-19,2001-09-19
2001–02,Sunderland,Tottenham Hotspur,2001-09-19,2001-09-19
2001–02,Arsenal,Bolton Wanderers,2001-09-22,2001-09-22
2001–02,Blackburn Rovers,Everton,2001-09-22,2001-09-22
2001–02,Leicester City,Fulham,2001-09-22,2001-09-22
2001–02,Liverpool,Tottenham Hotspur,2001-09-22,2001-09-22
2001–02,Manchester United,Ipswich Town,2001-09-22,2001-09-22
2001–02,Sunderland,Charlton Athletic,2001-09-22,2001-09-22
2001–02,Chelsea,Middlesbrough,2001-09-23,2001-09-23
2001–02,Leeds United,Derby County,2001-09-23,2001-09-23
2001–02,West Ham United,Newcastle United,2001-09-23,2001-09-23
2001–02,Southampton,Aston Villa,2001-09-24,2001-09-24
2001–02,Newcastle United,Leicester City,2001-09-26,2001-09-26
2001–02,Bolton Wanderers,Sunderland,2001-09-29,2001-09-29
2001–02,Charlton Athletic,Leicester City,2001-09-29,2001-09-29
2001–02,Derby County,Arsenal,2001-09-29,2001-09-29
2001–02,Everton,West Ham United,2001-09-29,2001-09-29
2001–02,Middlesbrough,Southampton,2001-09-29,2001-09-29
2001–02,Tottenham Hotspur,Manchester United,2001-09-29,2001-09-29
2001–02,Aston Villa,Blackburn Rovers,2001-09-30,2001-09-30
2001–02,Fulham,Chelsea,2001-09-30,2001-09-30
2001–02,Ipswich Town,Leeds United,2001-09-30,2001-09-30
2001–02,Newcastle United,Liverpool,2001-09-30,2001-09-30
2001–02,Bolton Wanderers,Newcastle United,2001-10-13,2001-10-13
2001–02,Charlton Athletic,Middlesbrough,2001-10-13,2001-10-13
2001–02,Chelsea,Leicester City,2001-10-13,2001-10-13
2001–02,Ipswich Town,Everton,2001-10-13,2001-10-13
2001–02,Liverpool,Leeds United,2001-10-13,2001-10-13
2001–02,Southampton,Arsenal,2001-10-13,2001-10-13
2001–02,Sunderland,Manchester United,2001-10-13,2001-10-13
2001–02,Aston Villa,Fulham,2001-10-14,2001-10-14
2001–02,Blackburn Rovers,West Ham United,2001-10-14,2001-10-14
2001–02,Tottenham Hotspur,Derby County,2001-10-15,2001-10-15
2001–02,Arsenal,Blackburn Rovers,2001-10-20,2001-10-20
2001–02,Derby County,Charlton Athletic,2001-10-20,2001-10-20
2001–02,Everton,Aston Villa,2001-10-20,2001-10-20
2001–02,Leicester City,Liverpool,2001-10-20,2001-10-20
2001–02,Manchester United,Bolton Wanderers,2001-10-20,2001-10-20
2001–02,West Ham United,Southampton,2001-10-20,2001-10-20
2001–02,Fulham,Ipswich Town,2001-10-21,2001-10-21
2001–02,Leeds United,Chelsea,2001-10-21,2001-10-21
2001–02,Newcastle United,Tottenham Hotspur,2001-10-21,2001-10-21
2001–02,Middlesbrough,Sunderland,2001-10-22,2001-10-22
2001–02,Aston Villa,Charlton Athletic,2001-10-24,2001-10-24
2001–02,Southampton,Ipswich Town,2001-10-24,2001-10-24
2001–02,West Ham United,Chelsea,2001-10-24,2001-10-24
2001–02,Aston Villa,Bolton Wanderers,2001-10-27,2001-10-27
2001–02,Charlton Athletic,Liverpool,2001-10-27,2001-10-27
2001–02,Everton,Newcastle United,2001-10-27,2001-10-27
2001–02,Fulham,Southampton,2001-10-27,2001-10-27
2001–02,Manchester United,Leeds United,2001-10-27,2001-10-27
2001–02,Sunderland,Arsenal,2001-10-27,2001-10-27
2001–02,Tottenham Hotspur,Middlesbrough,2001-10-27,2001-10-27
2001–02,Derby County,Chelsea,2001-10-28,2001-10-28
2001–02,Ipswich Town,West Ham United,2001-10-28,2001-10-28
2001–02,Blackburn Rovers,Leicester City,2001-10-29,2001-10-29
2001–02,Bolton Wanderers,Everton,2001-11-03,2001-11-03
2001–02,Leicester City,Sunderland,2001-11-03,2001-11-03
2001–02,Middlesbrough,Derby County,2001-11-03,2001-11-03
2001–02,Newcastle United,Aston Villa,2001-11-03,2001-11-03
2001–02,Southampton,Blackburn Rovers,2001-11-03,2001-11-03
2001–02,West Ham United,Fulham,2001-11-03,2001-11-03
2001–02,Arsenal,Charlton Athletic,2001-11-04,2001-11-04
2001–02,Chelsea,Ipswich Town,2001-11-04,2001-11-04
2001–02,Leeds United,Tottenham Hotspur,2001-11-04,2001-11-04
2001–02,Liverpool,Manchester United,2001-11-04,2001-11-04
2001–02,Aston Villa,Middlesbrough,2001-11-17,2001-11-17
2001–02,Blackburn Rovers,Liverpool,2001-11-17,2001-11-17
2001–02,Derby County,Southampton,2001-11-17,2001-11-17
2001–02,Fulham,Newcastle United,2001-11-17,2001-11-17
2001–02,Manchester United,Leicester City,2001-11-17,2001-11-17
2001–02,Tottenham Hotspur,Arsenal,2001-11-17,2001-11-17
2001–02,Everton,Chelsea,2001-11-18,2001-11-18
2001–02,Ipswich Town,Bolton Wanderers,2001-11-18,2001-11-18
2001–02,Sunderland,Leeds United,2001-11-18,2001-11-18
2001–02,Charlton Athletic,West Ham United,2001-11-19,2001-11-19
2001–02,Bolton Wanderers,Fulham,2001-11-24,2001-11-24
2001–02,Chelsea,Blackburn Rovers,2001-11-24,2001-11-24
2001–02,Leicester City,Everton,2001-11-24,2001-11-24
2001–02,Newcastle United,Derby County,2001-11-24,2001-11-24
2001–02,Southampton,Charlton Athletic,2001-11-24,2001-11-24
2001–02,West Ham United,Tottenham Hotspur,2001-11-24,2001-11-24
2001–02,Arsenal,Manchester United,2001-11-25,2001-11-25
2001–02,Leeds United,Aston Villa,2001-11-25,2001-11-25
2001–02,Liverpool,Sunderland,2001-11-25,2001-11-25
2001–02,Middlesbrough,Ipswich Town,2001-11-25,2001-11-25
2001–02,Aston Villa,Leicester City,2001-12-01,2001-12-01
2001–02,Blackburn Rovers,Middlesbrough,2001-12-01,2001-12-01
2001–02,Charlton Athletic,Newcastle United,2001-12-01,2001-12-01
2001–02,Derby County,Liverpool,2001-12-01,2001-12-01
2001–02,Ipswich Town,Arsenal,2001-12-01,2001-12-01
2001–02,Manchester United,Chelsea,2001-12-01,2001-12-01
2001–02,Sunderland,West Ham United,2001-12-01,2001-12-01
2001–02,Everton,Southampton,2001-12-02,2001-12-02
2001–02,Fulham,Leeds United,2001-12-02,2001-12-02
2001–02,Tottenham Hotspur,Bolton Wanderers,2001-12-03,2001-12-03
2001–02,Chelsea,Charlton Athletic,2001-12-05,2001-12-05
2001–02,West Ham United,Aston Villa,2001-12-05,2001-12-05
2001–02,Charlton Athletic,Tottenham Hotspur,2001-12-08,2001-12-08
2001–02,Derby County,Bolton Wanderers,2001-12-08,2001-12-08
2001–02,Fulham,Everton,2001-12-08,2001-12-08
2001–02,Leicester City,Southampton,2001-12-08,2001-12-08
2001–02,Liverpool,Middlesbrough,2001-12-08,2001-12-08
2001–02,Manchester United,West Ham United,2001-12-08,2001-12-08
2001–02,Arsenal,Aston Villa,2001-12-09,2001-12-09
2001–02,Blackburn Rovers,Leeds United,2001-12-09,2001-12-09
2001–02,Ipswich Town,Newcastle United,2001-12-09,2001-12-09
2001–02,Sunderland,Chelsea,2001-12-09,2001-12-09
2001–02,Liverpool,Fulham,2001-12-12,2001-12-12
2001–02,Manchester United,Derby County,2001-12-12,2001-12-12
2001–02,Bolton Wanderers,Charlton Athletic,2001-12-15,2001-12-15
2001–02,Everton,Derby County,2001-12-15,2001-12-15
2001–02,Middlesbrough,Manchester United,2001-12-15,2001-12-15
2001–02,Newcastle United,Blackburn Rovers,2001-12-15,2001-12-15
2001–02,Southampton,Sunderland,2001-12-15,2001-12-15
2001–02,Tottenham Hotspur,Fulham,2001-12-15,2001-12-15
2001–02,West Ham United,Arsenal,2001-12-15,2001-12-15
2001–02,Chelsea,Liverpool,2001-12-16,2001-12-16
2001–02,Leeds United,Leicester City,2001-12-16,2001-12-16
2001–02,Aston Villa,Ipswich Town,2001-12-17,2001-12-17
2001–02,Arsenal,Newcastle United,2001-12-18,2001-12-18
2001–02,Leeds United,Everton,2001-12-19,2001-12-19
2001–02,Charlton Athletic,Blackburn Rovers,2001-12-22,2001-12-22
2001–02,Derby County,Aston Villa,2001-12-22,2001-12-22
2001–02,Leeds United,Newcastle United,2001-12-22,2001-12-22
2001–02,Leicester City,West Ham United,2001-12-22,2001-12-22
2001–02,Manchester United,Southampton,2001-12-22,2001-12-22
2001–02,Sunderland,Everton,2001-12-22,2001-12-22
2001–02,Tottenham Hotspur,Ipswich Town,2001-12-22,2001-12-22
2001–02,Chelsea,Bolton Wanderers,2001-12-23,2001-12-23
2001–02,Liverpool,Arsenal,2001-12-23,2001-12-23
2001–02,Arsenal,Chelsea,2001-12-26,2001-12-26
2001–02,Aston Villa,Liverpool,2001-12-26,2001-12-26
2001–02,Blackburn Rovers,Sunderland,2001-12-26,2001-12-26
2001–02,Bolton Wanderers,Leeds United,2001-12-26,2001-12-26
2001–02,Everton,Manchester United,2001-12-26,2001-12-26
2001–02,Fulham,Charlton Athletic,2001-12-26,2001-12-26
2001–02,Ipswich Town,Leicester City,2001-12-26,2001-12-26
2001–02,Newcastle United,Middlesbrough,2001-12-26,2001-12-26
2001–02,Southampton,Tottenham Hotspur,2001-12-26,2001-12-26
2001–02,West Ham United,Derby County,2001-12-26,2001-12-26
2001–02,Arsenal,Middlesbrough,2001-12-29,2001-12-29
2001–02,Aston Villa,Tottenham Hotspur,2001-12-29,2001-12-29
2001–02,Blackburn Rovers,Derby County,2001-12-29,2001-12-29
2001–02,Bolton Wanderers,Leicester City,2001-12-29,2001-12-29
2001–02,Everton,Charlton Athletic,2001-12-29,2001-12-29
2001–02,Ipswich Town,Sunderland,2001-12-29,2001-12-29
2001–02,Newcastle United,Chelsea,2001-12-29,2001-12-29
2001–02,Southampton,Leeds United,2001-12-29,2001-12-29
2001–02,West Ham United,Liverpool,2001-12-29,2001-12-29
2001–02,Fulham,Manchester United,2001-12-30,2001-12-30
2001–02,Charlton Athletic,Ipswich Town,2002-01-01,2002-01-01
2001–02,Chelsea,Southampton,2002-01-01,2002-01-01
2001–02,Leeds United,West Ham United,2002-01-01,2002-01-01
2001–02,Liverpool,Bolton Wanderers,2002-01-01,2002-01-01
2001–02,Middlesbrough,Everton,2002-01-01,2002-01-01
2001–02,Sunderland,Aston Villa,2002-01-01,2002-01-01
2001–02,Tottenham Hotspur,Blackburn Rovers,2002-01-01,2002-01-01
2001–02,Derby County,Fulham,2002-01-02,2002-01-02
2001–02,Manchester United,Newcastle United,2002-01-02,2002-01-02
2001–02,Southampton,Liverpool,2002-01-09,2002-01-09
2001–02,Aston Villa,Derby County,2002-01-12,2002-01-12
2001–02,Blackburn Rovers,Charlton Athletic,2002-01-12,2002-01-12
2001–02,Bolton Wanderers,Chelsea,2002-01-12,2002-01-12
2001–02,Everton,Sunderland,2002-01-12,2002-01-12
2001–02,Fulham,Middlesbrough,2002-01-12,2002-01-12
2001–02,Ipswich Town,Tottenham Hotspur,2002-01-12,2002-01-12
2001–02,Newcastle United,Leeds United,2002-01-12,2002-01-12
2001–02,West Ham United,Leicester City,2002-01-12,2002-01-12
2001–02,Arsenal,Liverpool,2002-01-13,2002-01-13
2001–02,Southampton,Manchester United,2002-01-13,2002-01-13
2001–02,Derby County,Ipswich Town,2002-01-19,2002-01-19
2001–02,Leicester City,Newcastle United,2002-01-19,2002-01-19
2001–02,Liverpool,Southampton,2002-01-19,2002-01-19
2001–02,Manchester United,Blackburn Rovers,2002-01-19,2002-01-19
2001–02,Middlesbrough,Bolton Wanderers,2002-01-19,2002-01-19
2001–02,Sunderland,Fulham,2002-01-19,2002-01-19
2001–02,Tottenham Hotspur,Everton,2002-01-19,2002-01-19
2001–02,Chelsea,West Ham United,2002-01-20,2002-01-20
2001–02,Leeds United,Arsenal,2002-01-20,2002-01-20
2001–02,Charlton Athletic,Aston Villa,2002-01-21,2002-01-21
2001–02,Manchester United,Liverpool,2002-01-22,2002-01-22
2001–02,Leicester City,Arsenal,2002-01-23,2002-01-23
2001–02,Bolton Wanderers,Manchester United,2002-01-29,2002-01-29
2001–02,Charlton Athletic,Derby County,2002-01-29,2002-01-29
2001–02,Sunderland,Middlesbrough,2002-01-29,2002-01-29
2001–02,Aston Villa,Everton,2002-01-30,2002-01-30
2001–02,Blackburn Rovers,Arsenal,2002-01-30,2002-01-30
2001–02,Chelsea,Leeds United,2002-01-30,2002-01-30
2001–02,Ipswich Town,Fulham,2002-01-30,2002-01-30
2001–02,Liverpool,Leicester City,2002-01-30,2002-01-30
2001–02,Southampton,West Ham United,2002-01-30,2002-01-30
2001–02,Tottenham Hotspur,Newcastle United,2002-01-30,2002-01-30
2001–02,Arsenal,Southampton,2002-02-02,2002-02-02
2001–02,Derby County,Tottenham Hotspur,2002-02-02,2002-02-02
2001–02,Everton,Ipswich Town,2002-02-02,2002-02-02
2001–02,Fulham,Aston Villa,2002-02-02,2002-02-02
2001–02,Leicester City,Chelsea,2002-02-02,2002-02-02
2001–02,Manchester United,Sunderland,2002-02-02,2002-02-02
2001–02,Newcastle United,Bolton Wanderers,2002-02-02,2002-02-02
2001–02,West Ham United,Blackburn Rovers,2002-02-02,2002-02-02
2001–02,Leeds United,Liverpool,2002-02-03,2002-02-03
2001–02,Middlesbrough,Charlton Athletic,2002-02-03,2002-02-03
2001–02,Aston Villa,Chelsea,2002-02-09,2002-02-09
2001–02,Bolton Wanderers,West Ham United,2002-02-09,2002-02-09
2001–02,Derby County,Sunderland,2002-02-09,2002-02-09
2001–02,Fulham,Blackburn Rovers,2002-02-09,2002-02-09
2001–02,Ipswich Town,Liverpool,2002-02-09,2002-02-09
2001–02,Middlesbrough,Leeds United,2002-02-09,2002-02-09
2001–02,Newcastle United,Southampton,2002-02-09,2002-02-09
2001–02,Tottenham Hotspur,Leicester City,2002-02-09,2002-02-09
2001–02,Charlton Athletic,Manchester United,2002-02-10,2002-02-10
2001–02,Everton,Arsenal,2002-02-10,2002-02-10
2001–02,Middlesbrough,Fulham,2002-02-19,2002-02-19
2001–02,Arsenal,Fulham,2002-02-23,2002-02-23
2001–02,Leicester City,Derby County,2002-02-23,2002-02-23
2001–02,Liverpool,Everton,2002-02-23,2002-02-23
2001–02,Manchester United,Aston Villa,2002-02-23,2002-02-23
2001–02,Southampton,Bolton Wanderers,2002-02-23,2002-02-23
2001–02,West Ham United,Middlesbrough,2002-02-23,2002-02-23
2001–02,Leeds United,Charlton Athletic,2002-02-24,2002-02-24
2001–02,Sunderland,Newcastle United,2002-02-24,2002-02-24
2001–02,Aston Villa,West Ham United,2002-03-02,2002-03-02
2001–02,Bolton Wanderers,Blackburn Rovers,2002-03-02,2002-03-02
2001–02,Charlton Athletic,Chelsea,2002-03-02,2002-03-02
2001–02,Fulham,Liverpool,2002-03-02,2002-03-02
2001–02,Ipswich Town,Southampton,2002-03-02,2002-03-02
2001–02,Middlesbrough,Leicester City,2002-03-02,2002-03-02
2001–02,Newcastle United,Arsenal,2002-03-02,2002-03-02
2001–02,Tottenham Hotspur,Sunderland,2002-03-02,2002-03-02
2001–02,Derby County,Manchester United,2002-03-03,2002-03-03
2001–02,Everton,Leeds United,2002-03-03,2002-03-03
2001–02,Arsenal,Derby County,2002-03-05,2002-03-05
2001–02,Blackburn Rovers,Aston Villa,2002-03-05,2002-03-05
2001–02,Sunderland,Bolton Wanderers,2002-03-05,2002-03-05
2001–02,Chelsea,Fulham,2002-03-06,2002-03-06
2001–02,Leeds United,Ipswich Town,2002-03-06,2002-03-06
2001–02,Liverpool,Newcastle United,2002-03-06,2002-03-06
2001–02,Manchester United,Tottenham Hotspur,2002-03-06,2002-03-06
2001–02,Southampton,Middlesbrough,2002-03-06,2002-03-06
2001–02,West Ham United,Everton,2002-03-06,2002-03-06
2001–02,Leicester City,Charlton Athletic,2002-03-09,2002-03-09
2001–02,Blackburn Rovers,Ipswich Town,2002-03-13,2002-03-13
2001–02,Chelsea,Tottenham Hotspur,2002-03-13,2002-03-13
2001–02,Bolton Wanderers,Derby County,2002-03-16,2002-03-16
2001–02,Chelsea,Sunderland,2002-03-16,2002-03-16
2001–02,Everton,Fulham,2002-03-16,2002-03-16
2001–02,Middlesbrough,Liverpool,2002-03-16,2002-03-16
2001–02,Newcastle United,Ipswich Town,2002-03-16,2002-03-16
2001–02,Southampton,Leicester City,2002-03-16,2002-03-16
2001–02,West Ham United,Manchester United,2002-03-16,2002-03-16
2001–02,Aston Villa,Arsenal,2002-03-17,2002-03-17
2001–02,Leeds United,Blackburn Rovers,2002-03-17,2002-03-17
2001–02,Tottenham Hotspur,Charlton Athletic,2002-03-18,2002-03-18
2001–02,Charlton Athletic,Bolton Wanderers,2002-03-23,2002-03-23
2001–02,Derby County,Everton,2002-03-23,2002-03-23
2001–02,Ipswich Town,Aston Villa,2002-03-23,2002-03-23
2001–02,Leicester City,Leeds United,2002-03-23,2002-03-23
2001–02,Manchester United,Middlesbrough,2002-03-23,2002-03-23
2001–02,Sunderland,Southampton,2002-03-23,2002-03-23
2001–02,Fulham,Tottenham Hotspur,2002-03-24,2002-03-24
2001–02,Liverpool,Chelsea,2002-03-24,2002-03-24
2001–02,Newcastle United,Everton,2002-03-29,2002-03-29
2001–02,Arsenal,Sunderland,2002-03-30,2002-03-30
2001–02,Bolton Wanderers,Aston Villa,2002-03-30,2002-03-30
2001–02,Chelsea,Derby County,2002-03-30,2002-03-30
2001–02,Leeds United,Manchester United,2002-03-30,2002-03-30
2001–02,Leicester City,Blackburn Rovers,2002-03-30,2002-03-30
2001–02,Liverpool,Charlton Athletic,2002-03-30,2002-03-30
2001–02,Middlesbrough,Tottenham Hotspur,2002-03-30,2002-03-30
2001–02,Southampton,Fulham,2002-03-30,2002-03-30
2001–02,West Ham United,Ipswich Town,2002-03-30,2002-03-30
2001–02,Blackburn Rovers,Southampton,2002-04-01,2002-04-01
2001–02,Charlton Athletic,Arsenal,2002-04-01,2002-04-01
2001–02,Derby County,Middlesbrough,2002-04-01,2002-04-01
2001–02,Everton,Bolton Wanderers,2002-04-01,2002-04-01
2001–02,Fulham,West Ham United,2002-04-01,2002-04-01
2001–02,Ipswich Town,Chelsea,2002-04-01,2002-04-01
2001–02,Sunderland,Leicester City,2002-04-01,2002-04-01
2001–02,Tottenham Hotspur,Leeds United,2002-04-01,2002-04-01
2001–02,Aston Villa,Newcastle United,2002-04-02,2002-04-02
2001–02,Arsenal,Tottenham Hotspur,2002-04-06,2002-04-06
2001–02,Bolton Wanderers,Ipswich Town,2002-04-06,2002-04-06
2001–02,Chelsea,Everton,2002-04-06,2002-04-06
2001–02,Leicester City,Manchester United,2002-04-06,2002-04-06
2001–02,Middlesbrough,Aston Villa,2002-04-06,2002-04-06
2001–02,Southampton,Derby County,2002-04-06,2002-04-06
2001–02,West Ham United,Charlton Athletic,2002-04-06,2002-04-06
2001–02,Leeds United,Sunderland,2002-04-07,2002-04-07
2001–02,Newcastle United,Fulham,2002-04-08,2002-04-08
2001–02,Blackburn Rovers,Chelsea,2002-04-10,2002-04-10
2001–02,Aston Villa,Leeds United,2002-04-13,2002-04-13
2001–02,Charlton Athletic,Southampton,2002-04-13,2002-04-13
2001–02,Derby County,Newcastle United,2002-04-13,2002-04-13
2001–02,Everton,Leicester City,2002-04-13,2002-04-13
2001–02,Sunderland,Liverpool,2002-04-13,2002-04-13
2001–02,Tottenham Hotspur,West Ham United,2002-04-13,2002-04-13
2001–02,Bolton Wanderers,Tottenham Hotspur,2002-04-20,2002-04-20
2001–02,Chelsea,Manchester United,2002-04-20,2002-04-20
2001–02,Leeds United,Fulham,2002-04-20,2002-04-20
2001–02,Leicester City,Aston Villa,2002-04-20,2002-04-20
2001–02,Liverpool,Derby County,2002-04-20,2002-04-20
2001–02,Middlesbrough,Blackburn Rovers,2002-04-20,2002-04-20
2001–02,Newcastle United,Charlton Athletic,2002-04-20,2002-04-20
2001–02,Southampton,Everton,2002-04-20,2002-04-20
2001–02,West Ham United,Sunderland,2002-04-20,2002-04-20
2001–02,Arsenal,Ipswich Town,2002-04-21,2002-04-21
2001–02,Blackburn Rovers,Newcastle United,2002-04-23,2002-04-23
2001–02,Fulham,Bolton Wanderers,2002-04-23,2002-04-23
2001–02,Arsenal,West Ham United,2002-04-24,2002-04-24
2001–02,Ipswich Town,Middlesbrough,2002-04-24,2002-04-24
2001–02,Aston Villa,Southampton,2002-04-27,2002-04-27
2001–02,Charlton Athletic,Sunderland,2002-04-27,2002-04-27
2001–02,Derby County,Leeds United,2002-04-27,2002-04-27
2001–02,Fulham,Leicester City,2002-04-27,2002-04-27
2001–02,Ipswich Town,Manchester United,2002-04-27,2002-04-27
2001–02,Middlesbrough,Chelsea,2002-04-27,2002-04-27
2001–02,Newcastle United,West Ham United,2002-04-27,2002-04-27
2001–02,Tottenham Hotspur,Liverpool,2002-04-27,2002-04-27
2001–02,Everton,Blackburn Rovers,2002-04-28,2002-04-28
2001–02,Bolton Wanderers,Arsenal,2002-04-29,2002-04-29
2001–02,Liverpool,Blackburn Rovers,2002-05-08,2002-05-08
2001–02,Manchester United,Arsenal,2002-05-08,2002-05-08
2001–02,Arsenal,Everton,2002-05-11,2002-05-11
2001–02,Blackburn Rovers,Fulham,2002-05-11,2002-05-11
2001–02,Chelsea,Aston Villa,2002-05-11,2002-05-11
2001–02,Leeds United,Middlesbrough,2002-05-11,2002-05-11
2001–02,Leicester City,Tottenham Hotspur,2002-05-11,2002-05-11
2001–02,Liverpool,Ipswich Town,2002-05-11,2002-05-11
2001–02,Manchester United,Charlton Athletic,2002-05-11,2002-05-11
2001–02,Southampton,Newcastle United,2002-05-11,2002-05-11
2001–02,Sunderland,Derby County,2002-05-11,2002-05-11
2001–02,West Ham United,Bolton Wanderers,2002-05-11,2002-05-11
2002–03,Blackburn Rovers,Sunderland,2002-08-17,2002-08-17
2002–03,Charlton Athletic,Chelsea,2002-08-17,2002-08-17
2002–03,Everton,Tottenham Hotspur,2002-08-17,2002-08-17
2002–03,Fulham,Bolton Wanderers,2002-08-17,2002-08-17
2002–03,Leeds United,Manchester City,2002-08-17,2002-08-17
2002–03,Manchester United,West Bromwich Albion,2002-08-17,2002-08-17
2002–03,Southampton,Middlesbrough,2002-08-17,2002-08-17
2002–03,Arsenal,Birmingham City,2002-08-18,2002-08-18
2002–03,Aston Villa,Liverpool,2002-08-18,2002-08-18
2002–03,Newcastle United,West Ham United,2002-08-19,2002-08-19
2002–03,Chelsea,Manchester United,2002-08-23,2002-08-23
2002–03,Birmingham City,Blackburn Rovers,2002-08-24,2002-08-24
2002–03,Bolton Wanderers,Charlton Athletic,2002-08-24,2002-08-24
2002–03,Liverpool,Southampton,2002-08-24,2002-08-24
2002–03,Manchester City,Newcastle United,2002-08-24,2002-08-24
2002–03,Middlesbrough,Fulham,2002-08-24,2002-08-24
2002–03,Sunderland,Everton,2002-08-24,2002-08-24
2002–03,Tottenham Hotspur,Aston Villa,2002-08-24,2002-08-24
2002–03,West Bromwich Albion,Leeds United,2002-08-24,2002-08-24
2002–03,West Ham United,Arsenal,2002-08-24,2002-08-24
2002–03,Arsenal,West Bromwich Albion,2002-08-27,2002-08-27
2002–03,Charlton Athletic,Tottenham Hotspur,2002-08-27,2002-08-27
2002–03,Aston Villa,Manchester City,2002-08-28,2002-08-28
2002–03,Blackburn Rovers,Liverpool,2002-08-28,2002-08-28
2002–03,Everton,Birmingham City,2002-08-28,2002-08-28
2002–03,Leeds United,Sunderland,2002-08-28,2002-08-28
2002–03,Southampton,Chelsea,2002-08-28,2002-08-28
2002–03,Birmingham City,Leeds United,2002-08-31,2002-08-31
2002–03,Manchester City,Everton,2002-08-31,2002-08-31
2002–03,Middlesbrough,Blackburn Rovers,2002-08-31,2002-08-31
2002–03,Sunderland,Manchester United,2002-08-31,2002-08-31
2002–03,Tottenham Hotspur,Southampton,2002-08-31,2002-08-31
2002–03,West Bromwich Albion,Fulham,2002-08-31,2002-08-31
2002–03,West Ham United,Charlton Athletic,2002-08-31,2002-08-31
2002–03,Bolton Wanderers,Aston Villa,2002-09-01,2002-09-01
2002–03,Chelsea,Arsenal,2002-09-01,2002-09-01
2002–03,Liverpool,Newcastle United,2002-09-02,2002-09-02
2002–03,Manchester United,Middlesbrough,2002-09-03,2002-09-03
2002–03,Arsenal,Manchester City,2002-09-10,2002-09-10
2002–03,Middlesbrough,Sunderland,2002-09-10,2002-09-10
2002–03,Aston Villa,Charlton Athletic,2002-09-11,2002-09-11
2002–03,Blackburn Rovers,Chelsea,2002-09-11,2002-09-11
2002–03,Fulham,Tottenham Hotspur,2002-09-11,2002-09-11
2002–03,Liverpool,Birmingham City,2002-09-11,2002-09-11
2002–03,Manchester United,Bolton Wanderers,2002-09-11,2002-09-11
2002–03,Newcastle United,Leeds United,2002-09-11,2002-09-11
2002–03,Southampton,Everton,2002-09-11,2002-09-11
2002–03,West Ham United,West Bromwich Albion,2002-09-11,2002-09-11
2002–03,Bolton Wanderers,Liverpool,2002-09-14,2002-09-14
2002–03,Charlton Athletic,Arsenal,2002-09-14,2002-09-14
2002–03,Chelsea,Newcastle United,2002-09-14,2002-09-14
2002–03,Everton,Middlesbrough,2002-09-14,2002-09-14
2002–03,Leeds United,Manchester United,2002-09-14,2002-09-14
2002–03,Sunderland,Fulham,2002-09-14,2002-09-14
2002–03,West Bromwich Albion,Southampton,2002-09-14,2002-09-14
2002–03,Manchester City,Blackburn Rovers,2002-09-15,2002-09-15
2002–03,Tottenham Hotspur,West Ham United,2002-09-15,2002-09-15
2002–03,Birmingham City,Aston Villa,2002-09-16,2002-09-16
2002–03,Arsenal,Bolton Wanderers,2002-09-21,2002-09-21
2002–03,Liverpool,West Bromwich Albion,2002-09-21,2002-09-21
2002–03,Manchester United,Tottenham Hotspur,2002-09-21,2002-09-21
2002–03,Middlesbrough,Birmingham City,2002-09-21,2002-09-21
2002–03,Newcastle United,Sunderland,2002-09-21,2002-09-21
2002–03,Southampton,Charlton Athletic,2002-09-21,2002-09-21
2002–03,West Ham United,Manchester City,2002-09-21,2002-09-21
2002–03,Aston Villa,Everton,2002-09-22,2002-09-22
2002–03,Blackburn Rovers,Leeds United,2002-09-22,2002-09-22
2002–03,Fulham,Chelsea,2002-09-23,2002-09-23
2002–03,Birmingham City,Newcastle United,2002-09-28,2002-09-28
2002–03,Bolton Wanderers,Southampton,2002-09-28,2002-09-28
2002–03,Charlton Athletic,Manchester United,2002-09-28,2002-09-28
2002–03,Chelsea,West Ham United,2002-09-28,2002-09-28
2002–03,Everton,Fulham,2002-09-28,2002-09-28
2002–03,Leeds United,Arsenal,2002-09-28,2002-09-28
2002–03,Manchester City,Liverpool,2002-09-28,2002-09-28
2002–03,Sunderland,Aston Villa,2002-09-28,2002-09-28
2002–03,Tottenham Hotspur,Middlesbrough,2002-09-28,2002-09-28
2002–03,West Bromwich Albion,Blackburn Rovers,2002-09-30,2002-09-30
2002–03,Middlesbrough,Bolton Wanderers,2002-10-05,2002-10-05
2002–03,Newcastle United,West Bromwich Albion,2002-10-05,2002-10-05
2002–03,Southampton,Manchester City,2002-10-05,2002-10-05
2002–03,West Ham United,Birmingham City,2002-10-05,2002-10-05
2002–03,Arsenal,Sunderland,2002-10-06,2002-10-06
2002–03,Aston Villa,Leeds United,2002-10-06,2002-10-06
2002–03,Blackburn Rovers,Tottenham Hotspur,2002-10-06,2002-10-06
2002–03,Fulham,Charlton Athletic,2002-10-06,2002-10-06
2002–03,Liverpool,Chelsea,2002-10-06,2002-10-06
2002–03,Manchester United,Everton,2002-10-07,2002-10-07
2002–03,Blackburn Rovers,Newcastle United,2002-10-19,2002-10-19
2002–03,Everton,Arsenal,2002-10-19,2002-10-19
2002–03,Fulham,Manchester United,2002-10-19,2002-10-19
2002–03,Leeds United,Liverpool,2002-10-19,2002-10-19
2002–03,Manchester City,Chelsea,2002-10-19,2002-10-19
2002–03,Sunderland,West Ham United,2002-10-19,2002-10-19
2002–03,West Bromwich Albion,Birmingham City,2002-10-19,2002-10-19
2002–03,Charlton Athletic,Middlesbrough,2002-10-20,2002-10-20
2002–03,Tottenham Hotspur,Bolton Wanderers,2002-10-20,2002-10-20
2002–03,Aston Villa,Southampton,2002-10-21,2002-10-21
2002–03,Fulham,West Ham United,2002-10-23,2002-10-23
2002–03,Arsenal,Blackburn Rovers,2002-10-26,2002-10-26
2002–03,Birmingham City,Manchester City,2002-10-26,2002-10-26
2002–03,Chelsea,West Bromwich Albion,2002-10-26,2002-10-26
2002–03,Liverpool,Tottenham Hotspur,2002-10-26,2002-10-26
2002–03,Manchester United,Aston Villa,2002-10-26,2002-10-26
2002–03,Middlesbrough,Leeds United,2002-10-26,2002-10-26
2002–03,Newcastle United,Charlton Athletic,2002-10-26,2002-10-26
2002–03,Southampton,Fulham,2002-10-27,2002-10-27
2002–03,West Ham United,Everton,2002-10-27,2002-10-27
2002–03,Bolton Wanderers,Sunderland,2002-10-28,2002-10-28
2002–03,Birmingham City,Bolton Wanderers,2002-11-02,2002-11-02
2002–03,Liverpool,West Ham United,2002-11-02,2002-11-02
2002–03,Manchester United,Southampton,2002-11-02,2002-11-02
2002–03,West Bromwich Albion,Manchester City,2002-11-02,2002-11-02
2002–03,Blackburn Rovers,Aston Villa,2002-11-03,2002-11-03
2002–03,Charlton Athletic,Sunderland,2002-11-03,2002-11-03
2002–03,Fulham,Arsenal,2002-11-03,2002-11-03
2002–03,Leeds United,Everton,2002-11-03,2002-11-03
2002–03,Tottenham Hotspur,Chelsea,2002-11-03,2002-11-03
2002–03,Newcastle United,Middlesbrough,2002-11-04,2002-11-04
2002–03,Arsenal,Newcastle United,2002-11-09,2002-11-09
2002–03,Aston Villa,Fulham,2002-11-09,2002-11-09
2002–03,Bolton Wanderers,West Bromwich Albion,2002-11-09,2002-11-09
2002–03,Chelsea,Birmingham City,2002-11-09,2002-11-09
2002–03,Everton,Charlton Athletic,2002-11-09,2002-11-09
2002–03,Manchester City,Manchester United,2002-11-09,2002-11-09
2002–03,Middlesbrough,Liverpool,2002-11-09,2002-11-09
2002–03,Southampton,Blackburn Rovers,2002-11-09,2002-11-09
2002–03,Sunderland,Tottenham Hotspur,2002-11-10,2002-11-10
2002–03,West Ham United,Leeds United,2002-11-10,2002-11-10
2002–03,Arsenal,Tottenham Hotspur,2002-11-16,2002-11-16
2002–03,Chelsea,Middlesbrough,2002-11-16,2002-11-16
2002–03,Manchester City,Charlton Athletic,2002-11-16,2002-11-16
2002–03,Newcastle United,Southampton,2002-11-16,2002-11-16
2002–03,West Bromwich Albion,Aston Villa,2002-11-16,2002-11-16
2002–03,Birmingham City,Fulham,2002-11-17,2002-11-17
2002–03,Blackburn Rovers,Everton,2002-11-17,2002-11-17
2002–03,Leeds United,Bolton Wanderers,2002-11-17,2002-11-17
2002–03,Liverpool,Sunderland,2002-11-17,2002-11-17
2002–03,West Ham United,Manchester United,2002-11-17,2002-11-17
2002–03,Aston Villa,West Ham United,2002-11-23,2002-11-23
2002–03,Bolton Wanderers,Chelsea,2002-11-23,2002-11-23
2002–03,Everton,West Bromwich Albion,2002-11-23,2002-11-23
2002–03,Fulham,Liverpool,2002-11-23,2002-11-23
2002–03,Manchester United,Newcastle United,2002-11-23,2002-11-23
2002–03,Middlesbrough,Manchester City,2002-11-23,2002-11-23
2002–03,Southampton,Arsenal,2002-11-23,2002-11-23
2002–03,Sunderland,Birmingham City,2002-11-23,2002-11-23
2002–03,Charlton Athletic,Blackburn Rovers,2002-11-24,2002-11-24
2002–03,Tottenham Hotspur,Leeds United,2002-11-24,2002-11-24
2002–03,Arsenal,Aston Villa,2002-11-30,2002-11-30
2002–03,Birmingham City,Tottenham Hotspur,2002-11-30,2002-11-30
2002–03,Blackburn Rovers,Fulham,2002-11-30,2002-11-30
2002–03,Chelsea,Sunderland,2002-11-30,2002-11-30
2002–03,Manchester City,Bolton Wanderers,2002-11-30,2002-11-30
2002–03,West Bromwich Albion,Middlesbrough,2002-11-30,2002-11-30
2002–03,Leeds United,Charlton Athletic,2002-12-01,2002-12-01
2002–03,Liverpool,Manchester United,2002-12-01,2002-12-01
2002–03,Newcastle United,Everton,2002-12-01,2002-12-01
2002–03,West Ham United,Southampton,2002-12-02,2002-12-02
2002–03,Aston Villa,Newcastle United,2002-12-07,2002-12-07
2002–03,Bolton Wanderers,Blackburn Rovers,2002-12-07,2002-12-07
2002–03,Charlton Athletic,Liverpool,2002-12-07,2002-12-07
2002–03,Everton,Chelsea,2002-12-07,2002-12-07
2002–03,Fulham,Leeds United,2002-12-07,2002-12-07
2002–03,Manchester United,Arsenal,2002-12-07,2002-12-07
2002–03,Middlesbrough,West Ham United,2002-12-07,2002-12-07
2002–03,Southampton,Birmingham City,2002-12-07,2002-12-07
2002–03,Tottenham Hotspur,West Bromwich Albion,2002-12-08,2002-12-08
2002–03,Sunderland,Manchester City,2002-12-09,2002-12-09
2002–03,Aston Villa,West Bromwich Albion,2002-12-14,2002-12-14
2002–03,Charlton Athletic,Manchester City,2002-12-14,2002-12-14
2002–03,Everton,Blackburn Rovers,2002-12-14,2002-12-14
2002–03,Manchester United,West Ham United,2002-12-14,2002-12-14
2002–03,Middlesbrough,Chelsea,2002-12-14,2002-12-14
2002–03,Southampton,Newcastle United,2002-12-14,2002-12-14
2002–03,Fulham,Birmingham City,2002-12-15,2002-12-15
2002–03,Sunderland,Liverpool,2002-12-15,2002-12-15
2002–03,Tottenham Hotspur,Arsenal,2002-12-15,2002-12-15
2002–03,Bolton Wanderers,Leeds United,2002-12-16,2002-12-16
2002–03,Arsenal,Middlesbrough,2002-12-21,2002-12-21
2002–03,Birmingham City,Charlton Athletic,2002-12-21,2002-12-21
2002–03,Chelsea,Aston Villa,2002-12-21,2002-12-21
2002–03,Leeds United,Southampton,2002-12-21,2002-12-21
2002–03,Newcastle United,Fulham,2002-12-21,2002-12-21
2002–03,West Bromwich Albion,Sunderland,2002-12-21,2002-12-21
2002–03,West Ham United,Bolton Wanderers,2002-12-21,2002-12-21
2002–03,Blackburn Rovers,Manchester United,2002-12-22,2002-12-22
2002–03,Liverpool,Everton,2002-12-22,2002-12-22
2002–03,Manchester City,Tottenham Hotspur,2002-12-23,2002-12-23
2002–03,Birmingham City,Everton,2002-12-26,2002-12-26
2002–03,Bolton Wanderers,Newcastle United,2002-12-26,2002-12-26
2002–03,Chelsea,Southampton,2002-12-26,2002-12-26
2002–03,Liverpool,Blackburn Rovers,2002-12-26,2002-12-26
2002–03,Manchester City,Aston Villa,2002-12-26,2002-12-26
2002–03,Middlesbrough,Manchester United,2002-12-26,2002-12-26
2002–03,Sunderland,Leeds United,2002-12-26,2002-12-26
2002–03,Tottenham Hotspur,Charlton Athletic,2002-12-26,2002-12-26
2002–03,West Bromwich Albion,Arsenal,2002-12-26,2002-12-26
2002–03,West Ham United,Fulham,2002-12-26,2002-12-26
2002–03,Aston Villa,Middlesbrough,2002-12-28,2002-12-28
2002–03,Blackburn Rovers,West Ham United,2002-12-28,2002-12-28
2002–03,Charlton Athletic,West Bromwich Albion,2002-12-28,2002-12-28
2002–03,Everton,Bolton Wanderers,2002-12-28,2002-12-28
2002–03,Fulham,Manchester City,2002-12-28,2002-12-28
2002–03,Leeds United,Chelsea,2002-12-28,2002-12-28
2002–03,Manchester United,Birmingham City,2002-12-28,2002-12-28
2002–03,Southampton,Sunderland,2002-12-28,2002-12-28
2002–03,Arsenal,Liverpool,2002-12-29,2002-12-29
2002–03,Newcastle United,Tottenham Hotspur,2002-12-29,2002-12-29
2002–03,Arsenal,Chelsea,2003-01-01,2003-01-01
2002–03,Aston Villa,Bolton Wanderers,2003-01-01,2003-01-01
2002–03,Blackburn Rovers,Middlesbrough,2003-01-01,2003-01-01
2002–03,Everton,Manchester City,2003-01-01,2003-01-01
2002–03,Leeds United,Birmingham City,2003-01-01,2003-01-01
2002–03,Manchester United,Sunderland,2003-01-01,2003-01-01
2002–03,Newcastle United,Liverpool,2003-01-01,2003-01-01
2002–03,Southampton,Tottenham Hotspur,2003-01-01,2003-01-01
2002–03,Bolton Wanderers,Fulham,2003-01-11,2003-01-11
2002–03,Chelsea,Charlton Athletic,2003-01-11,2003-01-11
2002–03,Liverpool,Aston Villa,2003-01-11,2003-01-11
2002–03,Manchester City,Leeds United,2003-01-11,2003-01-11
2002–03,Middlesbrough,Southampton,2003-01-11,2003-01-11
2002–03,Sunderland,Blackburn Rovers,2003-01-11,2003-01-11
2002–03,West Bromwich Albion,Manchester United,2003-01-11,2003-01-11
2002–03,West Ham United,Newcastle United,2003-01-11,2003-01-11
2002–03,Birmingham City,Arsenal,2003-01-12,2003-01-12
2002–03,Tottenham Hotspur,Everton,2003-01-12,2003-01-12
2002–03,Aston Villa,Tottenham Hotspur,2003-01-18,2003-01-18
2002–03,Blackburn Rovers,Birmingham City,2003-01-18,2003-01-18
2002–03,Charlton Athletic,Bolton Wanderers,2003-01-18,2003-01-18
2002–03,Everton,Sunderland,2003-01-18,2003-01-18
2002–03,Leeds United,West Bromwich Albion,2003-01-18,2003-01-18
2002–03,Manchester United,Chelsea,2003-01-18,2003-01-18
2002–03,Newcastle United,Manchester City,2003-01-18,2003-01-18
2002–03,Southampton,Liverpool,2003-01-18,2003-01-18
2002–03,Arsenal,West Ham United,2003-01-19,2003-01-19
2002–03,Fulham,Middlesbrough,2003-01-19,2003-01-19
2002–03,Charlton Athletic,West Ham United,2003-01-22,2003-01-22
2002–03,Newcastle United,Bolton Wanderers,2003-01-22,2003-01-22
2002–03,Bolton Wanderers,Everton,2003-01-28,2003-01-28
2002–03,Chelsea,Leeds United,2003-01-28,2003-01-28
2002–03,Middlesbrough,Aston Villa,2003-01-28,2003-01-28
2002–03,Sunderland,Southampton,2003-01-28,2003-01-28
2002–03,Liverpool,Arsenal,2003-01-29,2003-01-29
2002–03,Manchester City,Fulham,2003-01-29,2003-01-29
2002–03,Tottenham Hotspur,Newcastle United,2003-01-29,2003-01-29
2002–03,West Bromwich Albion,Charlton Athletic,2003-01-29,2003-01-29
2002–03,West Ham United,Blackburn Rovers,2003-01-29,2003-01-29
2002–03,Arsenal,Fulham,2003-02-01,2003-02-01
2002–03,Bolton Wanderers,Birmingham City,2003-02-01,2003-02-01
2002–03,Chelsea,Tottenham Hotspur,2003-02-01,2003-02-01
2002–03,Everton,Leeds United,2003-02-01,2003-02-01
2002–03,Manchester City,West Bromwich Albion,2003-02-01,2003-02-01
2002–03,Southampton,Manchester United,2003-02-01,2003-02-01
2002–03,Sunderland,Charlton Athletic,2003-02-01,2003-02-01
2002–03,Aston Villa,Blackburn Rovers,2003-02-02,2003-02-02
2002–03,West Ham United,Liverpool,2003-02-02,2003-02-02
2002–03,Birmingham City,Manchester United,2003-02-04,2003-02-04
2002–03,Birmingham City,Chelsea,2003-02-08,2003-02-08
2002–03,Blackburn Rovers,Southampton,2003-02-08,2003-02-08
2002–03,Charlton Athletic,Everton,2003-02-08,2003-02-08
2002–03,Fulham,Aston Villa,2003-02-08,2003-02-08
2002–03,Leeds United,West Ham United,2003-02-08,2003-02-08
2002–03,Liverpool,Middlesbrough,2003-02-08,2003-02-08
2002–03,Tottenham Hotspur,Sunderland,2003-02-08,2003-02-08
2002–03,West Bromwich Albion,Bolton Wanderers,2003-02-08,2003-02-08
2002–03,Manchester United,Manchester City,2003-02-09,2003-02-09
2002–03,Newcastle United,Arsenal,2003-02-09,2003-02-09
2002–03,Fulham,West Bromwich Albion,2003-02-19,2003-02-19
2002–03,Bolton Wanderers,Manchester United,2003-02-22,2003-02-22
2002–03,Charlton Athletic,Aston Villa,2003-02-22,2003-02-22
2002–03,Chelsea,Blackburn Rovers,2003-02-22,2003-02-22
2002–03,Everton,Southampton,2003-02-22,2003-02-22
2002–03,Leeds United,Newcastle United,2003-02-22,2003-02-22
2002–03,Manchester City,Arsenal,2003-02-22,2003-02-22
2002–03,Sunderland,Middlesbrough,2003-02-22,2003-02-22
2002–03,Birmingham City,Liverpool,2003-02-23,2003-02-23
2002–03,West Bromwich Albion,West Ham United,2003-02-23,2003-02-23
2002–03,Tottenham Hotspur,Fulham,2003-02-24,2003-02-24
2002–03,Blackburn Rovers,Manchester City,2003-03-01,2003-03-01
2002–03,Fulham,Sunderland,2003-03-01,2003-03-01
2002–03,Middlesbrough,Everton,2003-03-01,2003-03-01
2002–03,Newcastle United,Chelsea,2003-03-01,2003-03-01
2002–03,Southampton,West Bromwich Albion,2003-03-01,2003-03-01
2002–03,West Ham United,Tottenham Hotspur,2003-03-01,2003-03-01
2002–03,Arsenal,Charlton Athletic,2003-03-02,2003-03-02
2002–03,Aston Villa,Birmingham City,2003-03-03,2003-03-03
2002–03,Manchester United,Leeds United,2003-03-05,2003-03-05
2002–03,Middlesbrough,Newcastle United,2003-03-05,2003-03-05
2002–03,Liverpool,Bolton Wanderers,2003-03-08,2003-03-08
2002–03,Aston Villa,Manchester United,2003-03-15,2003-03-15
2002–03,Blackburn Rovers,Arsenal,2003-03-15,2003-03-15
2002–03,Charlton Athletic,Newcastle United,2003-03-15,2003-03-15
2002–03,Everton,West Ham United,2003-03-15,2003-03-15
2002–03,Fulham,Southampton,2003-03-15,2003-03-15
2002–03,Leeds United,Middlesbrough,2003-03-15,2003-03-15
2002–03,Sunderland,Bolton Wanderers,2003-03-15,2003-03-15
2002–03,Manchester City,Birmingham City,2003-03-16,2003-03-16
2002–03,Tottenham Hotspur,Liverpool,2003-03-16,2003-03-16
2002–03,West Bromwich Albion,Chelsea,2003-03-16,2003-03-16
2002–03,Birmingham City,West Bromwich Albion,2003-03-22,2003-03-22
2002–03,Chelsea,Manchester City,2003-03-22,2003-03-22
2002–03,Manchester United,Fulham,2003-03-22,2003-03-22
2002–03,Middlesbrough,Charlton Athletic,2003-03-22,2003-03-22
2002–03,Newcastle United,Blackburn Rovers,2003-03-22,2003-03-22
2002–03,Southampton,Aston Villa,2003-03-22,2003-03-22
2002–03,West Ham United,Sunderland,2003-03-22,2003-03-22
2002–03,Arsenal,Everton,2003-03-23,2003-03-23
2002–03,Liverpool,Leeds United,2003-03-23,2003-03-23
2002–03,Bolton Wanderers,Tottenham Hotspur,2003-03-24,2003-03-24
2002–03,Aston Villa,Arsenal,2003-04-05,2003-04-05
2002–03,Bolton Wanderers,Manchester City,2003-04-05,2003-04-05
2002–03,Charlton Athletic,Leeds United,2003-04-05,2003-04-05
2002–03,Manchester United,Liverpool,2003-04-05,2003-04-05
2002–03,Middlesbrough,West Bromwich Albion,2003-04-05,2003-04-05
2002–03,Southampton,West Ham United,2003-04-05,2003-04-05
2002–03,Sunderland,Chelsea,2003-04-05,2003-04-05
2002–03,Tottenham Hotspur,Birmingham City,2003-04-05,2003-04-05
2002–03,Everton,Newcastle United,2003-04-06,2003-04-06
2002–03,Fulham,Blackburn Rovers,2003-04-07,2003-04-07
2002–03,Birmingham City,Sunderland,2003-04-12,2003-04-12
2002–03,Blackburn Rovers,Charlton Athletic,2003-04-12,2003-04-12
2002–03,Chelsea,Bolton Wanderers,2003-04-12,2003-04-12
2002–03,Leeds United,Tottenham Hotspur,2003-04-12,2003-04-12
2002–03,Liverpool,Fulham,2003-04-12,2003-04-12
2002–03,Manchester City,Middlesbrough,2003-04-12,2003-04-12
2002–03,Newcastle United,Manchester United,2003-04-12,2003-04-12
2002–03,West Bromwich Albion,Everton,2003-04-12,2003-04-12
2002–03,West Ham United,Aston Villa,2003-04-12,2003-04-12
2002–03,Arsenal,Manchester United,2003-04-16,2003-04-16
2002–03,Tottenham Hotspur,Manchester City,2003-04-18,2003-04-18
2002–03,Aston Villa,Chelsea,2003-04-19,2003-04-19
2002–03,Bolton Wanderers,West Ham United,2003-04-19,2003-04-19
2002–03,Charlton Athletic,Birmingham City,2003-04-19,2003-04-19
2002–03,Everton,Liverpool,2003-04-19,2003-04-19
2002–03,Fulham,Newcastle United,2003-04-19,2003-04-19
2002–03,Manchester United,Blackburn Rovers,2003-04-19,2003-04-19
2002–03,Middlesbrough,Arsenal,2003-04-19,2003-04-19
2002–03,Southampton,Leeds United,2003-04-19,2003-04-19
2002–03,Sunderland,West Bromwich Albion,2003-04-19,2003-04-19
2002–03,Birmingham City,Southampton,2003-04-21,2003-04-21
2002–03,Blackburn Rovers,Bolton Wanderers,2003-04-21,2003-04-21
2002–03,Chelsea,Everton,2003-04-21,2003-04-21
2002–03,Liverpool,Charlton Athletic,2003-04-21,2003-04-21
2002–03,Manchester City,Sunderland,2003-04-21,2003-04-21
2002–03,Newcastle United,Aston Villa,2003-04-21,2003-04-21
2002–03,West Bromwich Albion,Tottenham Hotspur,2003-04-21,2003-04-21
2002–03,West Ham United,Middlesbrough,2003-04-21,2003-04-21
2002–03,Leeds United,Fulham,2003-04-22,2003-04-22
2002–03,Birmingham City,Middlesbrough,2003-04-26,2003-04-26
2002–03,Bolton Wanderers,Arsenal,2003-04-26,2003-04-26
2002–03,Charlton Athletic,Southampton,2003-04-26,2003-04-26
2002–03,Chelsea,Fulham,2003-04-26,2003-04-26
2002–03,Everton,Aston Villa,2003-04-26,2003-04-26
2002–03,Leeds United,Blackburn Rovers,2003-04-26,2003-04-26
2002–03,Sunderland,Newcastle United,2003-04-26,2003-04-26
2002–03,West Bromwich Albion,Liverpool,2003-04-26,2003-04-26
2002–03,Manchester City,West Ham United,2003-04-27,2003-04-27
2002–03,Tottenham Hotspur,Manchester United,2003-04-27,2003-04-27
2002–03,Aston Villa,Sunderland,2003-05-03,2003-05-03
2002–03,Blackburn Rovers,West Bromwich Albion,2003-05-03,2003-05-03
2002–03,Fulham,Everton,2003-05-03,2003-05-03
2002–03,Liverpool,Manchester City,2003-05-03,2003-05-03
2002–03,Manchester United,Charlton Athletic,2003-05-03,2003-05-03
2002–03,Middlesbrough,Tottenham Hotspur,2003-05-03,2003-05-03
2002–03,Newcastle United,Birmingham City,2003-05-03,2003-05-03
2002–03,Southampton,Bolton Wanderers,2003-05-03,2003-05-03
2002–03,West Ham United,Chelsea,2003-05-03,2003-05-03
2002–03,Arsenal,Leeds United,2003-05-04,2003-05-04
2002–03,Arsenal,Southampton,2003-05-07,2003-05-07
2002–03,Birmingham City,West Ham United,2003-05-11,2003-05-11
2002–03,Bolton Wanderers,Middlesbrough,2003-05-11,2003-05-11
2002–03,Charlton Athletic,Fulham,2003-05-11,2003-05-11
2002–03,Chelsea,Liverpool,2003-05-11,2003-05-11
2002–03,Everton,Manchester United,2003-05-11,2003-05-11
2002–03,Leeds United,Aston Villa,2003-05-11,2003-05-11
2002–03,Manchester City,Southampton,2003-05-11,2003-05-11
2002–03,Sunderland,Arsenal,2003-05-11,2003-05-11
2002–03,Tottenham Hotspur,Blackburn Rovers,2003-05-11,2003-05-11
2002–03,West Bromwich Albion,Newcastle United,2003-05-11,2003-05-11
2003–04,Arsenal,Everton,2003-08-16,2003-08-16
2003–04,Birmingham City,Tottenham Hotspur,2003-08-16,2003-08-16
2003–04,Blackburn Rovers,Wolverhampton Wanderers,2003-08-16,2003-08-16
2003–04,Fulham,Middlesbrough,2003-08-16,2003-08-16
2003–04,Leicester City,Southampton,2003-08-16,2003-08-16
2003–04,Manchester United,Bolton Wanderers,2003-08-16,2003-08-16
2003–04,Portsmouth,Aston Villa,2003-08-16,2003-08-16
2003–04,Charlton Athletic,Manchester City,2003-08-17,2003-08-17
2003–04,Leeds United,Newcastle United,2003-08-17,2003-08-17
2003–04,Liverpool,Chelsea,2003-08-17,2003-08-17
2003–04,Bolton Wanderers,Blackburn Rovers,2003-08-23,2003-08-23
2003–04,Chelsea,Leicester City,2003-08-23,2003-08-23
2003–04,Everton,Fulham,2003-08-23,2003-08-23
2003–04,Manchester City,Portsmouth,2003-08-23,2003-08-23
2003–04,Newcastle United,Manchester United,2003-08-23,2003-08-23
2003–04,Southampton,Birmingham City,2003-08-23,2003-08-23
2003–04,Tottenham Hotspur,Leeds United,2003-08-23,2003-08-23
2003–04,Wolverhampton Wanderers,Charlton Athletic,2003-08-23,2003-08-23
2003–04,Aston Villa,Liverpool,2003-08-24,2003-08-24
2003–04,Middlesbrough,Arsenal,2003-08-24,2003-08-24
2003–04,Blackburn Rovers,Manchester City,2003-08-25,2003-08-25
2003–04,Charlton Athletic,Everton,2003-08-26,2003-08-26
2003–04,Leeds United,Southampton,2003-08-26,2003-08-26
2003–04,Leicester City,Middlesbrough,2003-08-26,2003-08-26
2003–04,Portsmouth,Bolton Wanderers,2003-08-26,2003-08-26
2003–04,Arsenal,Aston Villa,2003-08-27,2003-08-27
2003–04,Liverpool,Tottenham Hotspur,2003-08-27,2003-08-27
2003–04,Manchester United,Wolverhampton Wanderers,2003-08-27,2003-08-27
2003–04,Aston Villa,Leicester City,2003-08-30,2003-08-30
2003–04,Bolton Wanderers,Charlton Athletic,2003-08-30,2003-08-30
2003–04,Chelsea,Blackburn Rovers,2003-08-30,2003-08-30
2003–04,Everton,Liverpool,2003-08-30,2003-08-30
2003–04,Middlesbrough,Leeds United,2003-08-30,2003-08-30
2003–04,Newcastle United,Birmingham City,2003-08-30,2003-08-30
2003–04,Tottenham Hotspur,Fulham,2003-08-30,2003-08-30
2003–04,Wolverhampton Wanderers,Portsmouth,2003-08-30,2003-08-30
2003–04,Manchester City,Arsenal,2003-08-31,2003-08-31
2003–04,Southampton,Manchester United,2003-08-31,2003-08-31
2003–04,Arsenal,Portsmouth,2003-09-12,2003-09-13
2003–04,Blackburn Rovers,Liverpool,2003-09-12,2003-09-13
2003–04,Bolton Wanderers,Middlesbrough,2003-09-12,2003-09-13
2003–04,Charlton Athletic,Manchester United,2003-09-12,2003-09-13
2003–04,Everton,Newcastle United,2003-09-12,2003-09-13
2003–04,Chelsea,Tottenham Hotspur,2003-09-13,2003-09-13
2003–04,Southampton,Wolverhampton Wanderers,2003-09-13,2003-09-13
2003–04,Birmingham City,Fulham,2003-09-14,2003-09-14
2003–04,Manchester City,Aston Villa,2003-09-14,2003-09-14
2003–04,Leicester City,Leeds United,2003-09-15,2003-09-15
2003–04,Aston Villa,Charlton Athletic,2003-09-19,2003-09-20
2003–04,Liverpool,Leicester City,2003-09-19,2003-09-20
2003–04,Newcastle United,Bolton Wanderers,2003-09-19,2003-09-20
2003–04,Portsmouth,Blackburn Rovers,2003-09-19,2003-09-20
2003–04,Fulham,Manchester City,2003-09-20,2003-09-20
2003–04,Leeds United,Birmingham City,2003-09-20,2003-09-20
2003–04,Middlesbrough,Everton,2003-09-20,2003-09-21
2003–04,Tottenham Hotspur,Southampton,2003-09-20,2003-09-20
2003–04,Wolverhampton Wanderers,Chelsea,2003-09-20,2003-09-20
2003–04,Manchester United,Arsenal,2003-09-21,2003-09-21
2003–04,Arsenal,Newcastle United,2003-09-26,2003-09-26
2003–04,Birmingham City,Portsmouth,2003-09-26,2003-09-27
2003–04,Bolton Wanderers,Wolverhampton Wanderers,2003-09-26,2003-09-27
2003–04,Chelsea,Aston Villa,2003-09-26,2003-09-27
2003–04,Leicester City,Manchester United,2003-09-26,2003-09-27
2003–04,Blackburn Rovers,Fulham,2003-09-27,2003-09-28
2003–04,Charlton Athletic,Liverpool,2003-09-27,2003-09-28
2003–04,Southampton,Middlesbrough,2003-09-27,2003-09-27
2003–04,Everton,Leeds United,2003-09-28,2003-09-28
2003–04,Manchester City,Tottenham Hotspur,2003-09-28,2003-09-28
2003–04,Fulham,Leicester City,2003-10-03,2003-10-04
2003–04,Manchester United,Birmingham City,2003-10-03,2003-10-04
2003–04,Portsmouth,Charlton Athletic,2003-10-03,2003-10-04
2003–04,Leeds United,Blackburn Rovers,2003-10-04,2003-10-04
2003–04,Liverpool,Arsenal,2003-10-04,2003-10-04
2003–04,Middlesbrough,Chelsea,2003-10-04,2003-10-05
2003–04,Newcastle United,Southampton,2003-10-04,2003-10-04
2003–04,Tottenham Hotspur,Everton,2003-10-04,2003-10-04
2003–04,Wolverhampton Wanderers,Manchester City,2003-10-04,2003-10-04
2003–04,Aston Villa,Bolton Wanderers,2003-10-05,2003-10-05
2003–04,Birmingham City,Chelsea,2003-10-14,2003-10-14
2003–04,Arsenal,Chelsea,2003-10-17,2003-10-18
2003–04,Fulham,Wolverhampton Wanderers,2003-10-17,2003-10-18
2003–04,Middlesbrough,Newcastle United,2003-10-17,2003-10-18
2003–04,Portsmouth,Liverpool,2003-10-17,2003-10-18
2003–04,Birmingham City,Aston Villa,2003-10-18,2003-10-19
2003–04,Leeds United,Manchester United,2003-10-18,2003-10-18
2003–04,Manchester City,Bolton Wanderers,2003-10-18,2003-10-18
2003–04,Everton,Southampton,2003-10-19,2003-10-19
2003–04,Leicester City,Tottenham Hotspur,2003-10-19,2003-10-19
2003–04,Blackburn Rovers,Charlton Athletic,2003-10-20,2003-10-20
2003–04,Fulham,Newcastle United,2003-10-21,2003-10-21
2003–04,Aston Villa,Everton,2003-10-24,2003-10-25
2003–04,Manchester United,Fulham,2003-10-24,2003-10-25
2003–04,Newcastle United,Portsmouth,2003-10-24,2003-10-25
2003–04,Wolverhampton Wanderers,Leicester City,2003-10-24,2003-10-25
2003–04,Bolton Wanderers,Birmingham City,2003-10-25,2003-10-25
2003–04,Charlton Athletic,Arsenal,2003-10-25,2003-10-26
2003–04,Chelsea,Manchester City,2003-10-25,2003-10-25
2003–04,Liverpool,Leeds United,2003-10-25,2003-10-25
2003–04,Southampton,Blackburn Rovers,2003-10-25,2003-10-25
2003–04,Tottenham Hotspur,Middlesbrough,2003-10-26,2003-10-26
2003–04,Everton,Chelsea,2003-11-01,2003-11-01
2003–04,Leeds United,Arsenal,2003-11-01,2003-11-01
2003–04,Manchester United,Portsmouth,2003-11-01,2003-11-01
2003–04,Middlesbrough,Wolverhampton Wanderers,2003-11-01,2003-11-01
2003–04,Newcastle United,Aston Villa,2003-11-01,2003-11-01
2003–04,Southampton,Manchester City,2003-11-01,2003-11-01
2003–04,Tottenham Hotspur,Bolton Wanderers,2003-11-01,2003-11-01
2003–04,Fulham,Liverpool,2003-11-02,2003-11-02
2003–04,Leicester City,Blackburn Rovers,2003-11-02,2003-11-02
2003–04,Birmingham City,Charlton Athletic,2003-11-03,2003-11-03
2003–04,Arsenal,Tottenham Hotspur,2003-11-08,2003-11-08
2003–04,Aston Villa,Middlesbrough,2003-11-08,2003-11-08
2003–04,Bolton Wanderers,Southampton,2003-11-08,2003-11-08
2003–04,Charlton Athletic,Fulham,2003-11-08,2003-11-08
2003–04,Portsmouth,Leeds United,2003-11-08,2003-11-08
2003–04,Wolverhampton Wanderers,Birmingham City,2003-11-08,2003-11-08
2003–04,Chelsea,Newcastle United,2003-11-09,2003-11-09
2003–04,Liverpool,Manchester United,2003-11-09,2003-11-09
2003–04,Manchester City,Leicester City,2003-11-09,2003-11-09
2003–04,Blackburn Rovers,Everton,2003-11-10,2003-11-10
2003–04,Birmingham City,Arsenal,2003-11-22,2003-11-22
2003–04,Everton,Wolverhampton Wanderers,2003-11-22,2003-11-22
2003–04,Leeds United,Bolton Wanderers,2003-11-22,2003-11-22
2003–04,Leicester City,Charlton Athletic,2003-11-22,2003-11-22
2003–04,Manchester United,Blackburn Rovers,2003-11-22,2003-11-22
2003–04,Middlesbrough,Liverpool,2003-11-22,2003-11-22
2003–04,Newcastle United,Manchester City,2003-11-22,2003-11-22
2003–04,Southampton,Chelsea,2003-11-22,2003-11-22
2003–04,Tottenham Hotspur,Aston Villa,2003-11-23,2003-11-23
2003–04,Fulham,Portsmouth,2003-11-24,2003-11-24
2003–04,Aston Villa,Southampton,2003-11-29,2003-11-29
2003–04,Blackburn Rovers,Tottenham Hotspur,2003-11-29,2003-11-29
2003–04,Bolton Wanderers,Everton,2003-11-29,2003-11-29
2003–04,Charlton Athletic,Leeds United,2003-11-29,2003-11-29
2003–04,Portsmouth,Leicester City,2003-11-29,2003-11-29
2003–04,Wolverhampton Wanderers,Newcastle United,2003-11-29,2003-11-29
2003–04,Arsenal,Fulham,2003-11-30,2003-11-30
2003–04,Chelsea,Manchester United,2003-11-30,2003-11-30
2003–04,Liverpool,Birmingham City,2003-11-30,2003-11-30
2003–04,Manchester City,Middlesbrough,2003-11-30,2003-11-30
2003–04,Birmingham City,Blackburn Rovers,2003-12-06,2003-12-06
2003–04,Fulham,Bolton Wanderers,2003-12-06,2003-12-06
2003–04,Leeds United,Chelsea,2003-12-06,2003-12-06
2003–04,Leicester City,Arsenal,2003-12-06,2003-12-06
2003–04,Manchester United,Aston Villa,2003-12-06,2003-12-06
2003–04,Middlesbrough,Portsmouth,2003-12-06,2003-12-06
2003–04,Newcastle United,Liverpool,2003-12-06,2003-12-06
2003–04,Tottenham Hotspur,Wolverhampton Wanderers,2003-12-06,2003-12-06
2003–04,Everton,Manchester City,2003-12-07,2003-12-07
2003–04,Southampton,Charlton Athletic,2003-12-07,2003-12-07
2003–04,Chelsea,Bolton Wanderers,2003-12-13,2003-12-13
2003–04,Leicester City,Birmingham City,2003-12-13,2003-12-13
2003–04,Liverpool,Southampton,2003-12-13,2003-12-13
2003–04,Manchester United,Manchester City,2003-12-13,2003-12-13
2003–04,Middlesbrough,Charlton Athletic,2003-12-13,2003-12-13
2003–04,Newcastle United,Tottenham Hotspur,2003-12-13,2003-12-13
2003–04,Portsmouth,Everton,2003-12-13,2003-12-13
2003–04,Arsenal,Blackburn Rovers,2003-12-14,2003-12-14
2003–04,Aston Villa,Wolverhampton Wanderers,2003-12-14,2003-12-14
2003–04,Leeds United,Fulham,2003-12-14,2003-12-14
2003–04,Blackburn Rovers,Aston Villa,2003-12-20,2003-12-20
2003–04,Bolton Wanderers,Arsenal,2003-12-20,2003-12-20
2003–04,Charlton Athletic,Newcastle United,2003-12-20,2003-12-20
2003–04,Everton,Leicester City,2003-12-20,2003-12-20
2003–04,Fulham,Chelsea,2003-12-20,2003-12-20
2003–04,Southampton,Portsmouth,2003-12-21,2003-12-21
2003–04,Tottenham Hotspur,Manchester United,2003-12-21,2003-12-21
2003–04,Manchester City,Leeds United,2003-12-22,2003-12-22
2003–04,Arsenal,Wolverhampton Wanderers,2003-12-26,2003-12-26
2003–04,Birmingham City,Manchester City,2003-12-26,2003-12-26
2003–04,Blackburn Rovers,Middlesbrough,2003-12-26,2003-12-26
2003–04,Charlton Athletic,Chelsea,2003-12-26,2003-12-26
2003–04,Fulham,Southampton,2003-12-26,2003-12-26
2003–04,Leeds United,Aston Villa,2003-12-26,2003-12-26
2003–04,Leicester City,Newcastle United,2003-12-26,2003-12-26
2003–04,Liverpool,Bolton Wanderers,2003-12-26,2003-12-26
2003–04,Manchester United,Everton,2003-12-26,2003-12-26
2003–04,Portsmouth,Tottenham Hotspur,2003-12-26,2003-12-26
2003–04,Aston Villa,Fulham,2003-12-28,2003-12-28
2003–04,Bolton Wanderers,Leicester City,2003-12-28,2003-12-28
2003–04,Chelsea,Portsmouth,2003-12-28,2003-12-28
2003–04,Everton,Birmingham City,2003-12-28,2003-12-28
2003–04,Manchester City,Liverpool,2003-12-28,2003-12-28
2003–04,Middlesbrough,Manchester United,2003-12-28,2003-12-28
2003–04,Newcastle United,Blackburn Rovers,2003-12-28,2003-12-28
2003–04,Tottenham Hotspur,Charlton Athletic,2003-12-28,2003-12-28
2003–04,Wolverhampton Wanderers,Leeds United,2003-12-28,2003-12-28
2003–04,Southampton,Arsenal,2003-12-29,2003-12-29
2003–04,Aston Villa,Portsmouth,2004-01-06,2004-01-06
2003–04,Bolton Wanderers,Manchester United,2004-01-07,2004-01-07
2003–04,Chelsea,Liverpool,2004-01-07,2004-01-07
2003–04,Everton,Arsenal,2004-01-07,2004-01-07
2003–04,Manchester City,Charlton Athletic,2004-01-07,2004-01-07
2003–04,Middlesbrough,Fulham,2004-01-07,2004-01-07
2003–04,Newcastle United,Leeds United,2004-01-07,2004-01-07
2003–04,Southampton,Leicester City,2004-01-07,2004-01-07
2003–04,Tottenham Hotspur,Birmingham City,2004-01-07,2004-01-07
2003–04,Wolverhampton Wanderers,Blackburn Rovers,2004-01-07,2004-01-07
2003–04,Arsenal,Middlesbrough,2004-01-10,2004-01-10
2003–04,Birmingham City,Southampton,2004-01-10,2004-01-10
2003–04,Blackburn Rovers,Bolton Wanderers,2004-01-10,2004-01-10
2003–04,Charlton Athletic,Wolverhampton Wanderers,2004-01-10,2004-01-10
2003–04,Fulham,Everton,2004-01-10,2004-01-10
2003–04,Leeds United,Tottenham Hotspur,2004-01-10,2004-01-10
2003–04,Liverpool,Aston Villa,2004-01-10,2004-01-10
2003–04,Portsmouth,Manchester City,2004-01-10,2004-01-10
2003–04,Leicester City,Chelsea,2004-01-11,2004-01-11
2003–04,Manchester United,Newcastle United,2004-01-11,2004-01-11
2003–04,Bolton Wanderers,Portsmouth,2004-01-17,2004-01-17
2003–04,Everton,Charlton Athletic,2004-01-17,2004-01-17
2003–04,Manchester City,Blackburn Rovers,2004-01-17,2004-01-17
2003–04,Middlesbrough,Leicester City,2004-01-17,2004-01-17
2003–04,Southampton,Leeds United,2004-01-17,2004-01-17
2003–04,Tottenham Hotspur,Liverpool,2004-01-17,2004-01-17
2003–04,Wolverhampton Wanderers,Manchester United,2004-01-17,2004-01-17
2003–04,Aston Villa,Arsenal,2004-01-18,2004-01-18
2003–04,Chelsea,Birmingham City,2004-01-18,2004-01-18
2003–04,Newcastle United,Fulham,2004-01-19,2004-01-19
2003–04,Wolverhampton Wanderers,Liverpool,2004-01-21,2004-01-21
2003–04,Birmingham City,Newcastle United,2004-01-31,2004-01-31
2003–04,Charlton Athletic,Bolton Wanderers,2004-01-31,2004-01-31
2003–04,Fulham,Tottenham Hotspur,2004-01-31,2004-01-31
2003–04,Leeds United,Middlesbrough,2004-01-31,2004-01-31
2003–04,Leicester City,Aston Villa,2004-01-31,2004-01-31
2003–04,Liverpool,Everton,2004-01-31,2004-01-31
2003–04,Manchester United,Southampton,2004-01-31,2004-01-31
2003–04,Portsmouth,Wolverhampton Wanderers,2004-01-31,2004-01-31
2003–04,Arsenal,Manchester City,2004-02-01,2004-02-01
2003–04,Blackburn Rovers,Chelsea,2004-02-01,2004-02-01
2003–04,Aston Villa,Leeds United,2004-02-07,2004-02-07
2003–04,Bolton Wanderers,Liverpool,2004-02-07,2004-02-07
2003–04,Everton,Manchester United,2004-02-07,2004-02-07
2003–04,Middlesbrough,Blackburn Rovers,2004-02-07,2004-02-07
2003–04,Newcastle United,Leicester City,2004-02-07,2004-02-07
2003–04,Southampton,Fulham,2004-02-07,2004-02-07
2003–04,Tottenham Hotspur,Portsmouth,2004-02-07,2004-02-07
2003–04,Wolverhampton Wanderers,Arsenal,2004-02-07,2004-02-07
2003–04,Chelsea,Charlton Athletic,2004-02-08,2004-02-08
2003–04,Manchester City,Birmingham City,2004-02-08,2004-02-08
2003–04,Arsenal,Southampton,2004-02-10,2004-02-10
2003–04,Leeds United,Wolverhampton Wanderers,2004-02-10,2004-02-10
2003–04,Leicester City,Bolton Wanderers,2004-02-10,2004-02-10
2003–04,Birmingham City,Everton,2004-02-11,2004-02-11
2003–04,Blackburn Rovers,Newcastle United,2004-02-11,2004-02-11
2003–04,Charlton Athletic,Tottenham Hotspur,2004-02-11,2004-02-11
2003–04,Fulham,Aston Villa,2004-02-11,2004-02-11
2003–04,Liverpool,Manchester City,2004-02-11,2004-02-11
2003–04,Manchester United,Middlesbrough,2004-02-11,2004-02-11
2003–04,Portsmouth,Chelsea,2004-02-11,2004-02-11
2003–04,Bolton Wanderers,Manchester City,2004-02-21,2004-02-21
2003–04,Charlton Athletic,Blackburn Rovers,2004-02-21,2004-02-21
2003–04,Chelsea,Arsenal,2004-02-21,2004-02-21
2003–04,Manchester United,Leeds United,2004-02-21,2004-02-21
2003–04,Newcastle United,Middlesbrough,2004-02-21,2004-02-21
2003–04,Southampton,Everton,2004-02-21,2004-02-21
2003–04,Wolverhampton Wanderers,Fulham,2004-02-21,2004-02-21
2003–04,Aston Villa,Birmingham City,2004-02-22,2004-02-22
2003–04,Tottenham Hotspur,Leicester City,2004-02-22,2004-02-22
2003–04,Arsenal,Charlton Athletic,2004-02-28,2004-02-28
2003–04,Blackburn Rovers,Southampton,2004-02-28,2004-02-28
2003–04,Everton,Aston Villa,2004-02-28,2004-02-28
2003–04,Fulham,Manchester United,2004-02-28,2004-02-28
2003–04,Leicester City,Wolverhampton Wanderers,2004-02-28,2004-02-28
2003–04,Manchester City,Chelsea,2004-02-28,2004-02-28
2003–04,Leeds United,Liverpool,2004-02-29,2004-02-29
2003–04,Portsmouth,Newcastle United,2004-02-29,2004-02-29
2003–04,Birmingham City,Middlesbrough,2004-03-03,2004-03-03
2003–04,Birmingham City,Bolton Wanderers,2004-03-06,2004-03-06
2003–04,Middlesbrough,Tottenham Hotspur,2004-03-09,2004-03-09
2003–04,Birmingham City,Leicester City,2004-03-13,2004-03-13
2003–04,Blackburn Rovers,Arsenal,2004-03-13,2004-03-13
2003–04,Bolton Wanderers,Chelsea,2004-03-13,2004-03-13
2003–04,Charlton Athletic,Middlesbrough,2004-03-13,2004-03-13
2003–04,Everton,Portsmouth,2004-03-13,2004-03-13
2003–04,Fulham,Leeds United,2004-03-13,2004-03-13
2003–04,Manchester City,Manchester United,2004-03-14,2004-03-14
2003–04,Southampton,Liverpool,2004-03-14,2004-03-14
2003–04,Tottenham Hotspur,Newcastle United,2004-03-14,2004-03-14
2003–04,Wolverhampton Wanderers,Aston Villa,2004-03-14,2004-03-14
2003–04,Liverpool,Portsmouth,2004-03-17,2004-03-17
2003–04,Arsenal,Bolton Wanderers,2004-03-20,2004-03-20
2003–04,Aston Villa,Blackburn Rovers,2004-03-20,2004-03-20
2003–04,Chelsea,Fulham,2004-03-20,2004-03-20
2003–04,Leicester City,Everton,2004-03-20,2004-03-20
2003–04,Liverpool,Wolverhampton Wanderers,2004-03-20,2004-03-20
2003–04,Manchester United,Tottenham Hotspur,2004-03-20,2004-03-20
2003–04,Middlesbrough,Birmingham City,2004-03-20,2004-03-20
2003–04,Newcastle United,Charlton Athletic,2004-03-20,2004-03-20
2003–04,Portsmouth,Southampton,2004-03-21,2004-03-21
2003–04,Leeds United,Manchester City,2004-03-22,2004-03-22
2003–04,Birmingham City,Leeds United,2004-03-27,2004-03-27
2003–04,Blackburn Rovers,Portsmouth,2004-03-27,2004-03-27
2003–04,Charlton Athletic,Aston Villa,2004-03-27,2004-03-27
2003–04,Chelsea,Wolverhampton Wanderers,2004-03-27,2004-03-27
2003–04,Everton,Middlesbrough,2004-03-27,2004-03-27
2003–04,Manchester City,Fulham,2004-03-27,2004-03-27
2003–04,Southampton,Tottenham Hotspur,2004-03-27,2004-03-27
2003–04,Arsenal,Manchester United,2004-03-28,2004-03-28
2003–04,Bolton Wanderers,Newcastle United,2004-03-28,2004-03-28
2003–04,Leicester City,Liverpool,2004-03-28,2004-03-28
2003–04,Fulham,Birmingham City,2004-04-02,2004-04-03
2003–04,Middlesbrough,Bolton Wanderers,2004-04-02,2004-04-03
2003–04,Newcastle United,Everton,2004-04-02,2004-04-03
2003–04,Tottenham Hotspur,Chelsea,2004-04-02,2004-04-03
2003–04,Wolverhampton Wanderers,Southampton,2004-04-03,2004-04-03
2003–04,Aston Villa,Manchester City,2004-04-04,2004-04-04
2003–04,Liverpool,Blackburn Rovers,2004-04-04,2004-04-04
2003–04,Leeds United,Leicester City,2004-04-05,2004-04-05
2003–04,Arsenal,Liverpool,2004-04-08,2004-04-09
2003–04,Everton,Tottenham Hotspur,2004-04-08,2004-04-09
2003–04,Birmingham City,Manchester United,2004-04-09,2004-04-10
2003–04,Bolton Wanderers,Aston Villa,2004-04-09,2004-04-10
2003–04,Charlton Athletic,Portsmouth,2004-04-09,2004-04-10
2003–04,Chelsea,Middlesbrough,2004-04-09,2004-04-10
2003–04,Leicester City,Fulham,2004-04-09,2004-04-10
2003–04,Blackburn Rovers,Leeds United,2004-04-10,2004-04-10
2003–04,Manchester City,Wolverhampton Wanderers,2004-04-10,2004-04-10
2003–04,Newcastle United,Arsenal,2004-04-10,2004-04-11
2003–04,Aston Villa,Chelsea,2004-04-11,2004-04-12
2003–04,Fulham,Blackburn Rovers,2004-04-11,2004-04-12
2003–04,Liverpool,Charlton Athletic,2004-04-11,2004-04-12
2003–04,Portsmouth,Birmingham City,2004-04-11,2004-04-12
2003–04,Wolverhampton Wanderers,Bolton Wanderers,2004-04-11,2004-04-12
2003–04,Manchester United,Leicester City,2004-04-12,2004-04-13
2003–04,Middlesbrough,Southampton,2004-04-12,2004-04-12
2003–04,Tottenham Hotspur,Manchester City,2004-04-12,2004-04-12
2003–04,Leeds United,Everton,2004-04-13,2004-04-13
2003–04,Arsenal,Leeds United,2004-04-16,2004-04-16
2003–04,Blackburn Rovers,Leicester City,2004-04-16,2004-04-17
2003–04,Bolton Wanderers,Tottenham Hotspur,2004-04-16,2004-04-17
2003–04,Charlton Athletic,Birmingham City,2004-04-16,2004-04-17
2003–04,Chelsea,Everton,2004-04-16,2004-04-17
2003–04,Liverpool,Fulham,2004-04-16,2004-04-17
2003–04,Portsmouth,Manchester United,2004-04-16,2004-04-17
2003–04,Wolverhampton Wanderers,Middlesbrough,2004-04-16,2004-04-17
2003–04,Aston Villa,Newcastle United,2004-04-17,2004-04-18
2003–04,Manchester City,Southampton,2004-04-17,2004-04-17
2003–04,Manchester United,Charlton Athletic,2004-04-19,2004-04-20
2003–04,Everton,Blackburn Rovers,2004-04-23,2004-04-24
2003–04,Fulham,Charlton Athletic,2004-04-23,2004-04-24
2003–04,Manchester United,Liverpool,2004-04-23,2004-04-24
2003–04,Middlesbrough,Aston Villa,2004-04-23,2004-04-24
2003–04,Birmingham City,Wolverhampton Wanderers,2004-04-24,2004-04-25
2003–04,Leicester City,Manchester City,2004-04-24,2004-04-24
2003–04,Newcastle United,Chelsea,2004-04-24,2004-04-25
2003–04,Southampton,Bolton Wanderers,2004-04-24,2004-04-24
2003–04,Leeds United,Portsmouth,2004-04-25,2004-04-25
2003–04,Tottenham Hotspur,Arsenal,2004-04-25,2004-04-25
2003–04,Arsenal,Birmingham City,2004-04-30,2004-05-01
2003–04,Blackburn Rovers,Manchester United,2004-04-30,2004-05-01
2003–04,Charlton Athletic,Leicester City,2004-04-30,2004-05-01
2003–04,Portsmouth,Fulham,2004-04-30,2004-05-01
2003–04,Wolverhampton Wanderers,Everton,2004-04-30,2004-05-01
2003–04,Aston Villa,Tottenham Hotspur,2004-05-01,2004-05-02
2003–04,Chelsea,Southampton,2004-05-01,2004-05-01
2003–04,Liverpool,Middlesbrough,2004-05-01,2004-05-02
2003–04,Manchester City,Newcastle United,2004-05-01,2004-05-01
2003–04,Bolton Wanderers,Leeds United,2004-05-02,2004-05-02
2003–04,Portsmouth,Arsenal,2004-05-04,2004-05-04
2003–04,Birmingham City,Liverpool,2004-05-07,2004-05-08
2003–04,Everton,Bolton Wanderers,2004-05-07,2004-05-08
2003–04,Leicester City,Portsmouth,2004-05-07,2004-05-08
2003–04,Manchester United,Chelsea,2004-05-07,2004-05-08
2003–04,Tottenham Hotspur,Blackburn Rovers,2004-05-07,2004-05-08
2003–04,Fulham,Arsenal,2004-05-08,2004-05-09
2003–04,Leeds United,Charlton Athletic,2004-05-08,2004-05-08
2003–04,Middlesbrough,Manchester City,2004-05-08,2004-05-08
2003–04,Newcastle United,Wolverhampton Wanderers,2004-05-08,2004-05-09
2003–04,Southampton,Aston Villa,2004-05-08,2004-05-08
2003–04,Southampton,Newcastle United,2004-05-12,2004-05-12
2003–04,Arsenal,Leicester City,2004-05-14,2004-05-15
2003–04,Aston Villa,Manchester United,2004-05-14,2004-05-15
2003–04,Blackburn Rovers,Birmingham City,2004-05-14,2004-05-15
2003–04,Bolton Wanderers,Fulham,2004-05-14,2004-05-15
2003–04,Liverpool,Newcastle United,2004-05-14,2004-05-15
2003–04,Portsmouth,Middlesbrough,2004-05-14,2004-05-15
2003–04,Wolverhampton Wanderers,Tottenham Hotspur,2004-05-14,2004-05-15
2003–04,Charlton Athletic,Southampton,2004-05-15,2004-05-15
2003–04,Chelsea,Leeds United,2004-05-15,2004-05-15
2003–04,Manchester City,Everton,2004-05-15,2004-05-15
2004–05,Aston Villa,Southampton,2004-08-14,2004-08-14
2004–05,Blackburn Rovers,West Bromwich Albion,2004-08-14,2004-08-14
2004–05,Bolton Wanderers,Charlton Athletic,2004-08-14,2004-08-14
2004–05,Manchester City,Fulham,2004-08-14,2004-08-14
2004–05,Middlesbrough,Newcastle United,2004-08-14,2004-08-14
2004–05,Norwich City,Crystal Palace,2004-08-14,2004-08-14
2004–05,Portsmouth,Birmingham City,2004-08-14,2004-08-14
2004–05,Tottenham Hotspur,Liverpool,2004-08-14,2004-08-14
2004–05,Chelsea,Manchester United,2004-08-15,2004-08-15
2004–05,Everton,Arsenal,2004-08-15,2004-08-15
2004–05,Birmingham City,Chelsea,2004-08-21,2004-08-21
2004–05,Charlton Athletic,Portsmouth,2004-08-21,2004-08-21
2004–05,Crystal Palace,Everton,2004-08-21,2004-08-21
2004–05,Fulham,Bolton Wanderers,2004-08-21,2004-08-21
2004–05,Liverpool,Manchester City,2004-08-21,2004-08-21
2004–05,Manchester United,Norwich City,2004-08-21,2004-08-21
2004–05,Newcastle United,Tottenham Hotspur,2004-08-21,2004-08-21
2004–05,Southampton,Blackburn Rovers,2004-08-21,2004-08-21
2004–05,Arsenal,Middlesbrough,2004-08-22,2004-08-22
2004–05,West Bromwich Albion,Aston Villa,2004-08-22,2004-08-22
2004–05,Birmingham City,Manchester City,2004-08-24,2004-08-24
2004–05,Crystal Palace,Chelsea,2004-08-24,2004-08-24
2004–05,Arsenal,Blackburn Rovers,2004-08-25,2004-08-25
2004–05,Charlton Athletic,Aston Villa,2004-08-25,2004-08-25
2004–05,Fulham,Middlesbrough,2004-08-25,2004-08-25
2004–05,Newcastle United,Norwich City,2004-08-25,2004-08-25
2004–05,Southampton,Bolton Wanderers,2004-08-25,2004-08-25
2004–05,West Bromwich Albion,Tottenham Hotspur,2004-08-25,2004-08-25
2004–05,Aston Villa,Newcastle United,2004-08-28,2004-08-28
2004–05,Blackburn Rovers,Manchester United,2004-08-28,2004-08-28
2004–05,Chelsea,Southampton,2004-08-28,2004-08-28
2004–05,Everton,West Bromwich Albion,2004-08-28,2004-08-28
2004–05,Manchester City,Charlton Athletic,2004-08-28,2004-08-28
2004–05,Middlesbrough,Crystal Palace,2004-08-28,2004-08-28
2004–05,Norwich City,Arsenal,2004-08-28,2004-08-28
2004–05,Tottenham Hotspur,Birmingham City,2004-08-28,2004-08-28
2004–05,Bolton Wanderers,Liverpool,2004-08-29,2004-08-29
2004–05,Manchester United,Everton,2004-08-30,2004-08-30
2004–05,Portsmouth,Fulham,2004-08-30,2004-08-30
2004–05,Aston Villa,Chelsea,2004-09-11,2004-09-11
2004–05,Bolton Wanderers,Manchester United,2004-09-11,2004-09-11
2004–05,Fulham,Arsenal,2004-09-11,2004-09-11
2004–05,Liverpool,West Bromwich Albion,2004-09-11,2004-09-11
2004–05,Manchester City,Everton,2004-09-11,2004-09-11
2004–05,Middlesbrough,Birmingham City,2004-09-11,2004-09-11
2004–05,Newcastle United,Blackburn Rovers,2004-09-11,2004-09-11
2004–05,Portsmouth,Crystal Palace,2004-09-11,2004-09-11
2004–05,Tottenham Hotspur,Norwich City,2004-09-12,2004-09-12
2004–05,Charlton Athletic,Southampton,2004-09-13,2004-09-13
2004–05,Arsenal,Bolton Wanderers,2004-09-18,2004-09-18
2004–05,Birmingham City,Charlton Athletic,2004-09-18,2004-09-18
2004–05,Blackburn Rovers,Portsmouth,2004-09-18,2004-09-18
2004–05,Crystal Palace,Manchester City,2004-09-18,2004-09-18
2004–05,Norwich City,Aston Villa,2004-09-18,2004-09-18
2004–05,West Bromwich Albion,Fulham,2004-09-18,2004-09-18
2004–05,Chelsea,Tottenham Hotspur,2004-09-19,2004-09-19
2004–05,Everton,Middlesbrough,2004-09-19,2004-09-19
2004–05,Southampton,Newcastle United,2004-09-19,2004-09-19
2004–05,Manchester United,Liverpool,2004-09-20,2004-09-20
2004–05,Aston Villa,Crystal Palace,2004-09-25,2004-09-25
2004–05,Bolton Wanderers,Birmingham City,2004-09-25,2004-09-25
2004–05,Fulham,Southampton,2004-09-25,2004-09-25
2004–05,Liverpool,Norwich City,2004-09-25,2004-09-25
2004–05,Manchester City,Arsenal,2004-09-25,2004-09-25
2004–05,Middlesbrough,Chelsea,2004-09-25,2004-09-25
2004–05,Newcastle United,West Bromwich Albion,2004-09-25,2004-09-25
2004–05,Tottenham Hotspur,Manchester United,2004-09-25,2004-09-25
2004–05,Portsmouth,Everton,2004-09-26,2004-09-26
2004–05,Charlton Athletic,Blackburn Rovers,2004-09-27,2004-09-27
2004–05,Arsenal,Charlton Athletic,2004-10-02,2004-10-02
2004–05,Blackburn Rovers,Aston Villa,2004-10-02,2004-10-02
2004–05,Everton,Tottenham Hotspur,2004-10-02,2004-10-02
2004–05,Norwich City,Portsmouth,2004-10-02,2004-10-02
2004–05,Southampton,Manchester City,2004-10-02,2004-10-02
2004–05,West Bromwich Albion,Bolton Wanderers,2004-10-02,2004-10-02
2004–05,Birmingham City,Newcastle United,2004-10-03,2004-10-03
2004–05,Chelsea,Liverpool,2004-10-03,2004-10-03
2004–05,Manchester United,Middlesbrough,2004-10-03,2004-10-03
2004–05,Crystal Palace,Fulham,2004-10-04,2004-10-04
2004–05,Arsenal,Aston Villa,2004-10-16,2004-10-16
2004–05,Birmingham City,Manchester United,2004-10-16,2004-10-16
2004–05,Blackburn Rovers,Middlesbrough,2004-10-16,2004-10-16
2004–05,Bolton Wanderers,Crystal Palace,2004-10-16,2004-10-16
2004–05,Everton,Southampton,2004-10-16,2004-10-16
2004–05,Fulham,Liverpool,2004-10-16,2004-10-16
2004–05,Manchester City,Chelsea,2004-10-16,2004-10-16
2004–05,West Bromwich Albion,Norwich City,2004-10-16,2004-10-16
2004–05,Charlton Athletic,Newcastle United,2004-10-17,2004-10-17
2004–05,Portsmouth,Tottenham Hotspur,2004-10-18,2004-10-18
2004–05,Aston Villa,Fulham,2004-10-23,2004-10-23
2004–05,Chelsea,Blackburn Rovers,2004-10-23,2004-10-23
2004–05,Crystal Palace,West Bromwich Albion,2004-10-23,2004-10-23
2004–05,Liverpool,Charlton Athletic,2004-10-23,2004-10-23
2004–05,Norwich City,Everton,2004-10-23,2004-10-23
2004–05,Tottenham Hotspur,Bolton Wanderers,2004-10-23,2004-10-23
2004–05,Manchester United,Arsenal,2004-10-24,2004-10-24
2004–05,Middlesbrough,Portsmouth,2004-10-24,2004-10-24
2004–05,Newcastle United,Manchester City,2004-10-24,2004-10-24
2004–05,Southampton,Birmingham City,2004-10-24,2004-10-24
2004–05,Arsenal,Southampton,2004-10-30,2004-10-30
2004–05,Birmingham City,Crystal Palace,2004-10-30,2004-10-30
2004–05,Blackburn Rovers,Liverpool,2004-10-30,2004-10-30
2004–05,Charlton Athletic,Middlesbrough,2004-10-30,2004-10-30
2004–05,Everton,Aston Villa,2004-10-30,2004-10-30
2004–05,Fulham,Tottenham Hotspur,2004-10-30,2004-10-30
2004–05,Portsmouth,Manchester United,2004-10-30,2004-10-30
2004–05,West Bromwich Albion,Chelsea,2004-10-30,2004-10-30
2004–05,Bolton Wanderers,Newcastle United,2004-10-31,2004-10-31
2004–05,Manchester City,Norwich City,2004-11-01,2004-11-01
2004–05,Aston Villa,Portsmouth,2004-11-06,2004-11-06
2004–05,Chelsea,Everton,2004-11-06,2004-11-06
2004–05,Crystal Palace,Arsenal,2004-11-06,2004-11-06
2004–05,Liverpool,Birmingham City,2004-11-06,2004-11-06
2004–05,Norwich City,Blackburn Rovers,2004-11-06,2004-11-06
2004–05,Southampton,West Bromwich Albion,2004-11-06,2004-11-06
2004–05,Tottenham Hotspur,Charlton Athletic,2004-11-06,2004-11-06
2004–05,Manchester United,Manchester City,2004-11-07,2004-11-07
2004–05,Middlesbrough,Bolton Wanderers,2004-11-07,2004-11-07
2004–05,Newcastle United,Fulham,2004-11-07,2004-11-07
2004–05,Birmingham City,Everton,2004-11-13,2004-11-13
2004–05,Bolton Wanderers,Aston Villa,2004-11-13,2004-11-13
2004–05,Charlton Athletic,Norwich City,2004-11-13,2004-11-13
2004–05,Fulham,Chelsea,2004-11-13,2004-11-13
2004–05,Liverpool,Crystal Palace,2004-11-13,2004-11-13
2004–05,Manchester City,Blackburn Rovers,2004-11-13,2004-11-13
2004–05,Southampton,Portsmouth,2004-11-13,2004-11-13
2004–05,Tottenham Hotspur,Arsenal,2004-11-13,2004-11-13
2004–05,Newcastle United,Manchester United,2004-11-14,2004-11-14
2004–05,West Bromwich Albion,Middlesbrough,2004-11-14,2004-11-14
2004–05,Arsenal,West Bromwich Albion,2004-11-20,2004-11-20
2004–05,Chelsea,Bolton Wanderers,2004-11-20,2004-11-20
2004–05,Crystal Palace,Newcastle United,2004-11-20,2004-11-20
2004–05,Everton,Fulham,2004-11-20,2004-11-20
2004–05,Manchester United,Charlton Athletic,2004-11-20,2004-11-20
2004–05,Middlesbrough,Liverpool,2004-11-20,2004-11-20
2004–05,Norwich City,Southampton,2004-11-20,2004-11-20
2004–05,Portsmouth,Manchester City,2004-11-20,2004-11-20
2004–05,Blackburn Rovers,Birmingham City,2004-11-21,2004-11-21
2004–05,Aston Villa,Tottenham Hotspur,2004-11-22,2004-11-22
2004–05,Birmingham City,Norwich City,2004-11-27,2004-11-27
2004–05,Bolton Wanderers,Portsmouth,2004-11-27,2004-11-27
2004–05,Charlton Athletic,Chelsea,2004-11-27,2004-11-27
2004–05,Fulham,Blackburn Rovers,2004-11-27,2004-11-27
2004–05,Manchester City,Aston Villa,2004-11-27,2004-11-27
2004–05,Southampton,Crystal Palace,2004-11-27,2004-11-27
2004–05,West Bromwich Albion,Manchester United,2004-11-27,2004-11-27
2004–05,Liverpool,Arsenal,2004-11-28,2004-11-28
2004–05,Newcastle United,Everton,2004-11-28,2004-11-28
2004–05,Tottenham Hotspur,Middlesbrough,2004-11-28,2004-11-28
2004–05,Arsenal,Birmingham City,2004-12-04,2004-12-04
2004–05,Aston Villa,Liverpool,2004-12-04,2004-12-04
2004–05,Blackburn Rovers,Tottenham Hotspur,2004-12-04,2004-12-04
2004–05,Chelsea,Newcastle United,2004-12-04,2004-12-04
2004–05,Everton,Bolton Wanderers,2004-12-04,2004-12-04
2004–05,Manchester United,Southampton,2004-12-04,2004-12-04
2004–05,Norwich City,Fulham,2004-12-04,2004-12-04
2004–05,Portsmouth,West Bromwich Albion,2004-12-04,2004-12-04
2004–05,Crystal Palace,Charlton Athletic,2004-12-05,2004-12-05
2004–05,Middlesbrough,Manchester City,2004-12-06,2004-12-06
2004–05,Crystal Palace,Blackburn Rovers,2004-12-11,2004-12-11
2004–05,Everton,Liverpool,2004-12-11,2004-12-11
2004–05,Manchester City,Tottenham Hotspur,2004-12-11,2004-12-11
2004–05,Newcastle United,Portsmouth,2004-12-11,2004-12-11
2004–05,Norwich City,Bolton Wanderers,2004-12-11,2004-12-11
2004–05,Southampton,Middlesbrough,2004-12-11,2004-12-11
2004–05,West Bromwich Albion,Charlton Athletic,2004-12-11,2004-12-11
2004–05,Arsenal,Chelsea,2004-12-12,2004-12-12
2004–05,Aston Villa,Birmingham City,2004-12-12,2004-12-12
2004–05,Fulham,Manchester United,2004-12-13,2004-12-13
2004–05,Liverpool,Portsmouth,2004-12-14,2004-12-14
2004–05,Birmingham City,West Bromwich Albion,2004-12-18,2004-12-18
2004–05,Blackburn Rovers,Everton,2004-12-18,2004-12-18
2004–05,Bolton Wanderers,Manchester City,2004-12-18,2004-12-18
2004–05,Chelsea,Norwich City,2004-12-18,2004-12-18
2004–05,Manchester United,Crystal Palace,2004-12-18,2004-12-18
2004–05,Middlesbrough,Aston Villa,2004-12-18,2004-12-18
2004–05,Tottenham Hotspur,Southampton,2004-12-18,2004-12-18
2004–05,Liverpool,Newcastle United,2004-12-19,2004-12-19
2004–05,Portsmouth,Arsenal,2004-12-19,2004-12-19
2004–05,Charlton Athletic,Fulham,2004-12-20,2004-12-20
2004–05,Arsenal,Fulham,2004-12-26,2004-12-26
2004–05,Birmingham City,Middlesbrough,2004-12-26,2004-12-26
2004–05,Blackburn Rovers,Newcastle United,2004-12-26,2004-12-26
2004–05,Chelsea,Aston Villa,2004-12-26,2004-12-26
2004–05,Crystal Palace,Portsmouth,2004-12-26,2004-12-26
2004–05,Everton,Manchester City,2004-12-26,2004-12-26
2004–05,Manchester United,Bolton Wanderers,2004-12-26,2004-12-26
2004–05,Norwich City,Tottenham Hotspur,2004-12-26,2004-12-26
2004–05,Southampton,Charlton Athletic,2004-12-26,2004-12-26
2004–05,West Bromwich Albion,Liverpool,2004-12-26,2004-12-26
2004–05,Aston Villa,Manchester United,2004-12-28,2004-12-28
2004–05,Bolton Wanderers,Blackburn Rovers,2004-12-28,2004-12-28
2004–05,Charlton Athletic,Everton,2004-12-28,2004-12-28
2004–05,Fulham,Birmingham City,2004-12-28,2004-12-28
2004–05,Liverpool,Southampton,2004-12-28,2004-12-28
2004–05,Manchester City,West Bromwich Albion,2004-12-28,2004-12-28
2004–05,Middlesbrough,Norwich City,2004-12-28,2004-12-28
2004–05,Portsmouth,Chelsea,2004-12-28,2004-12-28
2004–05,Tottenham Hotspur,Crystal Palace,2004-12-28,2004-12-28
2004–05,Newcastle United,Arsenal,2004-12-29,2004-12-29
2004–05,Aston Villa,Blackburn Rovers,2005-01-01,2005-01-01
2004–05,Bolton Wanderers,West Bromwich Albion,2005-01-01,2005-01-01
2004–05,Charlton Athletic,Arsenal,2005-01-01,2005-01-01
2004–05,Fulham,Crystal Palace,2005-01-01,2005-01-01
2004–05,Liverpool,Chelsea,2005-01-01,2005-01-01
2004–05,Manchester City,Southampton,2005-01-01,2005-01-01
2004–05,Middlesbrough,Manchester United,2005-01-01,2005-01-01
2004–05,Newcastle United,Birmingham City,2005-01-01,2005-01-01
2004–05,Portsmouth,Norwich City,2005-01-01,2005-01-01
2004–05,Tottenham Hotspur,Everton,2005-01-01,2005-01-01
2004–05,Blackburn Rovers,Charlton Athletic,2005-01-03,2005-01-03
2004–05,Crystal Palace,Aston Villa,2005-01-03,2005-01-03
2004–05,Norwich City,Liverpool,2005-01-03,2005-01-03
2004–05,West Bromwich Albion,Newcastle United,2005-01-03,2005-01-03
2004–05,Arsenal,Manchester City,2005-01-04,2005-01-04
2004–05,Birmingham City,Bolton Wanderers,2005-01-04,2005-01-04
2004–05,Chelsea,Middlesbrough,2005-01-04,2005-01-04
2004–05,Everton,Portsmouth,2005-01-04,2005-01-04
2004–05,Manchester United,Tottenham Hotspur,2005-01-04,2005-01-04
2004–05,Southampton,Fulham,2005-01-05,2005-01-05
2004–05,Aston Villa,Norwich City,2005-01-15,2005-01-15
2004–05,Bolton Wanderers,Arsenal,2005-01-15,2005-01-15
2004–05,Charlton Athletic,Birmingham City,2005-01-15,2005-01-15
2004–05,Liverpool,Manchester United,2005-01-15,2005-01-15
2004–05,Manchester City,Crystal Palace,2005-01-15,2005-01-15
2004–05,Newcastle United,Southampton,2005-01-15,2005-01-15
2004–05,Portsmouth,Blackburn Rovers,2005-01-15,2005-01-15
2004–05,Tottenham Hotspur,Chelsea,2005-01-15,2005-01-15
2004–05,Fulham,West Bromwich Albion,2005-01-16,2005-01-16
2004–05,Middlesbrough,Everton,2005-01-16,2005-01-16
2004–05,Birmingham City,Fulham,2005-01-22,2005-01-22
2004–05,Chelsea,Portsmouth,2005-01-22,2005-01-22
2004–05,Crystal Palace,Tottenham Hotspur,2005-01-22,2005-01-22
2004–05,Everton,Charlton Athletic,2005-01-22,2005-01-22
2004–05,Manchester United,Aston Villa,2005-01-22,2005-01-22
2004–05,Norwich City,Middlesbrough,2005-01-22,2005-01-22
2004–05,Southampton,Liverpool,2005-01-22,2005-01-22
2004–05,West Bromwich Albion,Manchester City,2005-01-22,2005-01-22
2004–05,Arsenal,Newcastle United,2005-01-23,2005-01-23
2004–05,Blackburn Rovers,Bolton Wanderers,2005-01-24,2005-01-24
2004–05,Arsenal,Manchester United,2005-02-01,2005-02-01
2004–05,Bolton Wanderers,Tottenham Hotspur,2005-02-01,2005-02-01
2004–05,Charlton Athletic,Liverpool,2005-02-01,2005-02-01
2004–05,Portsmouth,Middlesbrough,2005-02-01,2005-02-01
2004–05,West Bromwich Albion,Crystal Palace,2005-02-01,2005-02-01
2004–05,Birmingham City,Southampton,2005-02-02,2005-02-02
2004–05,Blackburn Rovers,Chelsea,2005-02-02,2005-02-02
2004–05,Everton,Norwich City,2005-02-02,2005-02-02
2004–05,Fulham,Aston Villa,2005-02-02,2005-02-02
2004–05,Manchester City,Newcastle United,2005-02-02,2005-02-02
2004–05,Aston Villa,Arsenal,2005-02-05,2005-02-05
2004–05,Crystal Palace,Bolton Wanderers,2005-02-05,2005-02-05
2004–05,Liverpool,Fulham,2005-02-05,2005-02-05
2004–05,Manchester United,Birmingham City,2005-02-05,2005-02-05
2004–05,Middlesbrough,Blackburn Rovers,2005-02-05,2005-02-05
2004–05,Newcastle United,Charlton Athletic,2005-02-05,2005-02-05
2004–05,Norwich City,West Bromwich Albion,2005-02-05,2005-02-05
2004–05,Tottenham Hotspur,Portsmouth,2005-02-05,2005-02-05
2004–05,Chelsea,Manchester City,2005-02-06,2005-02-06
2004–05,Southampton,Everton,2005-02-06,2005-02-06
2004–05,Birmingham City,Liverpool,2005-02-12,2005-02-12
2004–05,Blackburn Rovers,Norwich City,2005-02-12,2005-02-12
2004–05,Bolton Wanderers,Middlesbrough,2005-02-12,2005-02-12
2004–05,Everton,Chelsea,2005-02-12,2005-02-12
2004–05,Portsmouth,Aston Villa,2005-02-12,2005-02-12
2004–05,Manchester City,Manchester United,2005-02-13,2005-02-13
2004–05,Arsenal,Crystal Palace,2005-02-14,2005-02-14
2004–05,West Bromwich Albion,Southampton,2005-02-22,2005-02-22
2004–05,Aston Villa,Everton,2005-02-26,2005-02-26
2004–05,Crystal Palace,Birmingham City,2005-02-26,2005-02-26
2004–05,Manchester United,Portsmouth,2005-02-26,2005-02-26
2004–05,Southampton,Arsenal,2005-02-26,2005-02-26
2004–05,Tottenham Hotspur,Fulham,2005-02-26,2005-02-26
2004–05,Middlesbrough,Charlton Athletic,2005-02-27,2005-02-27
2004–05,Newcastle United,Bolton Wanderers,2005-02-27,2005-02-27
2004–05,Norwich City,Manchester City,2005-02-28,2005-02-28
2004–05,Arsenal,Portsmouth,2005-03-05,2005-03-05
2004–05,Aston Villa,Middlesbrough,2005-03-05,2005-03-05
2004–05,Crystal Palace,Manchester United,2005-03-05,2005-03-05
2004–05,Fulham,Charlton Athletic,2005-03-05,2005-03-05
2004–05,Newcastle United,Liverpool,2005-03-05,2005-03-05
2004–05,Norwich City,Chelsea,2005-03-05,2005-03-05
2004–05,Southampton,Tottenham Hotspur,2005-03-05,2005-03-05
2004–05,Everton,Blackburn Rovers,2005-03-06,2005-03-06
2004–05,West Bromwich Albion,Birmingham City,2005-03-06,2005-03-06
2004–05,Manchester City,Bolton Wanderers,2005-03-07,2005-03-07
2004–05,Chelsea,West Bromwich Albion,2005-03-15,2005-03-15
2004–05,Charlton Athletic,Tottenham Hotspur,2005-03-16,2005-03-16
2004–05,Liverpool,Blackburn Rovers,2005-03-16,2005-03-16
2004–05,Blackburn Rovers,Arsenal,2005-03-19,2005-03-19
2004–05,Bolton Wanderers,Norwich City,2005-03-19,2005-03-19
2004–05,Charlton Athletic,West Bromwich Albion,2005-03-19,2005-03-19
2004–05,Chelsea,Crystal Palace,2005-03-19,2005-03-19
2004–05,Manchester United,Fulham,2005-03-19,2005-03-19
2004–05,Portsmouth,Newcastle United,2005-03-19,2005-03-19
2004–05,Tottenham Hotspur,Manchester City,2005-03-19,2005-03-19
2004–05,Birmingham City,Aston Villa,2005-03-20,2005-03-20
2004–05,Liverpool,Everton,2005-03-20,2005-03-20
2004–05,Middlesbrough,Southampton,2005-03-20,2005-03-20
2004–05,Arsenal,Norwich City,2005-04-02,2005-04-02
2004–05,Birmingham City,Tottenham Hotspur,2005-04-02,2005-04-02
2004–05,Charlton Athletic,Manchester City,2005-04-02,2005-04-02
2004–05,Crystal Palace,Middlesbrough,2005-04-02,2005-04-02
2004–05,Liverpool,Bolton Wanderers,2005-04-02,2005-04-02
2004–05,Manchester United,Blackburn Rovers,2005-04-02,2005-04-02
2004–05,Newcastle United,Aston Villa,2005-04-02,2005-04-02
2004–05,Southampton,Chelsea,2005-04-02,2005-04-02
2004–05,Fulham,Portsmouth,2005-04-03,2005-04-03
2004–05,West Bromwich Albion,Everton,2005-04-03,2005-04-03
2004–05,Blackburn Rovers,Southampton,2005-04-09,2005-04-09
2004–05,Bolton Wanderers,Fulham,2005-04-09,2005-04-09
2004–05,Chelsea,Birmingham City,2005-04-09,2005-04-09
2004–05,Manchester City,Liverpool,2005-04-09,2005-04-09
2004–05,Middlesbrough,Arsenal,2005-04-09,2005-04-09
2004–05,Norwich City,Manchester United,2005-04-09,2005-04-09
2004–05,Portsmouth,Charlton Athletic,2005-04-09,2005-04-09
2004–05,Aston Villa,West Bromwich Albion,2005-04-10,2005-04-10
2004–05,Everton,Crystal Palace,2005-04-10,2005-04-10
2004–05,Tottenham Hotspur,Newcastle United,2005-04-10,2005-04-10
2004–05,Birmingham City,Portsmouth,2005-04-16,2005-04-16
2004–05,Charlton Athletic,Bolton Wanderers,2005-04-16,2005-04-16
2004–05,Crystal Palace,Norwich City,2005-04-16,2005-04-16
2004–05,Fulham,Manchester City,2005-04-16,2005-04-16
2004–05,Liverpool,Tottenham Hotspur,2005-04-16,2005-04-16
2004–05,Southampton,Aston Villa,2005-04-16,2005-04-16
2004–05,Bolton Wanderers,Southampton,2005-04-19,2005-04-19
2004–05,Middlesbrough,Fulham,2005-04-19,2005-04-19
2004–05,Aston Villa,Charlton Athletic,2005-04-20,2005-04-20
2004–05,Blackburn Rovers,Crystal Palace,2005-04-20,2005-04-20
2004–05,Chelsea,Arsenal,2005-04-20,2005-04-20
2004–05,Everton,Manchester United,2005-04-20,2005-04-20
2004–05,Manchester City,Birmingham City,2005-04-20,2005-04-20
2004–05,Norwich City,Newcastle United,2005-04-20,2005-04-20
2004–05,Portsmouth,Liverpool,2005-04-20,2005-04-20
2004–05,Tottenham Hotspur,West Bromwich Albion,2005-04-20,2005-04-20
2004–05,Aston Villa,Bolton Wanderers,2005-04-23,2005-04-23
2004–05,Blackburn Rovers,Manchester City,2005-04-23,2005-04-23
2004–05,Chelsea,Fulham,2005-04-23,2005-04-23
2004–05,Crystal Palace,Liverpool,2005-04-23,2005-04-23
2004–05,Everton,Birmingham City,2005-04-23,2005-04-23
2004–05,Middlesbrough,West Bromwich Albion,2005-04-23,2005-04-23
2004–05,Norwich City,Charlton Athletic,2005-04-23,2005-04-23
2004–05,Manchester United,Newcastle United,2005-04-24,2005-04-24
2004–05,Portsmouth,Southampton,2005-04-24,2005-04-24
2004–05,Arsenal,Tottenham Hotspur,2005-04-25,2005-04-25
2004–05,West Bromwich Albion,Blackburn Rovers,2005-04-26,2005-04-26
2004–05,Newcastle United,Middlesbrough,2005-04-27,2005-04-27
2004–05,Birmingham City,Blackburn Rovers,2005-04-30,2005-04-30
2004–05,Bolton Wanderers,Chelsea,2005-04-30,2005-04-30
2004–05,Fulham,Everton,2005-04-30,2005-04-30
2004–05,Liverpool,Middlesbrough,2005-04-30,2005-04-30
2004–05,Manchester City,Portsmouth,2005-04-30,2005-04-30
2004–05,Newcastle United,Crystal Palace,2005-04-30,2005-04-30
2004–05,Southampton,Norwich City,2005-04-30,2005-04-30
2004–05,Charlton Athletic,Manchester United,2005-05-01,2005-05-01
2004–05,Tottenham Hotspur,Aston Villa,2005-05-01,2005-05-01
2004–05,West Bromwich Albion,Arsenal,2005-05-02,2005-05-02
2004–05,Fulham,Newcastle United,2005-05-04,2005-05-04
2004–05,Aston Villa,Manchester City,2005-05-07,2005-05-07
2004–05,Blackburn Rovers,Fulham,2005-05-07,2005-05-07
2004–05,Chelsea,Charlton Athletic,2005-05-07,2005-05-07
2004–05,Crystal Palace,Southampton,2005-05-07,2005-05-07
2004–05,Everton,Newcastle United,2005-05-07,2005-05-07
2004–05,Manchester United,West Bromwich Albion,2005-05-07,2005-05-07
2004–05,Middlesbrough,Tottenham Hotspur,2005-05-07,2005-05-07
2004–05,Norwich City,Birmingham City,2005-05-07,2005-05-07
2004–05,Portsmouth,Bolton Wanderers,2005-05-07,2005-05-07
2004–05,Arsenal,Liverpool,2005-05-08,2005-05-08
2004–05,Manchester United,Chelsea,2005-05-10,2005-05-10
2004–05,Arsenal,Everton,2005-05-11,2005-05-11
2004–05,Birmingham City,Arsenal,2005-05-15,2005-05-15
2004–05,Bolton Wanderers,Everton,2005-05-15,2005-05-15
2004–05,Charlton Athletic,Crystal Palace,2005-05-15,2005-05-15
2004–05,Fulham,Norwich City,2005-05-15,2005-05-15
2004–05,Liverpool,Aston Villa,2005-05-15,2005-05-15
2004–05,Manchester City,Middlesbrough,2005-05-15,2005-05-15
2004–05,Newcastle United,Chelsea,2005-05-15,2005-05-15
2004–05,Southampton,Manchester United,2005-05-15,2005-05-15
2004–05,Tottenham Hotspur,Blackburn Rovers,2005-05-15,2005-05-15
2004–05,West Bromwich Albion,Portsmouth,2005-05-15,2005-05-15
2005–06,Aston Villa,Bolton Wanderers,2005-08-13,2005-08-13
2005–06,Everton,Manchester United,2005-08-13,2005-08-13
2005–06,Fulham,Birmingham City,2005-08-13,2005-08-13
2005–06,Manchester City,West Bromwich Albion,2005-08-13,2005-08-13
2005–06,Middlesbrough,Liverpool,2005-08-13,2005-08-13
2005–06,Portsmouth,Tottenham Hotspur,2005-08-13,2005-08-13
2005–06,Sunderland,Charlton Athletic,2005-08-13,2005-08-13
2005–06,West Ham United,Blackburn Rovers,2005-08-13,2005-08-13
2005–06,Arsenal,Newcastle United,2005-08-14,2005-08-14
2005–06,Wigan Athletic,Chelsea,2005-08-14,2005-08-14
2005–06,Birmingham City,Manchester City,2005-08-20,2005-08-20
2005–06,Blackburn Rovers,Fulham,2005-08-20,2005-08-20
2005–06,Charlton Athletic,Wigan Athletic,2005-08-20,2005-08-20
2005–06,Liverpool,Sunderland,2005-08-20,2005-08-20
2005–06,Manchester United,Aston Villa,2005-08-20,2005-08-20
2005–06,Newcastle United,West Ham United,2005-08-20,2005-08-20
2005–06,Tottenham Hotspur,Middlesbrough,2005-08-20,2005-08-20
2005–06,West Bromwich Albion,Portsmouth,2005-08-20,2005-08-20
2005–06,Bolton Wanderers,Everton,2005-08-21,2005-08-21
2005–06,Chelsea,Arsenal,2005-08-21,2005-08-21
2005–06,Birmingham City,Middlesbrough,2005-08-23,2005-08-23
2005–06,Portsmouth,Aston Villa,2005-08-23,2005-08-23
2005–06,Sunderland,Manchester City,2005-08-23,2005-08-23
2005–06,Arsenal,Fulham,2005-08-24,2005-08-24
2005–06,Blackburn Rovers,Tottenham Hotspur,2005-08-24,2005-08-24
2005–06,Bolton Wanderers,Newcastle United,2005-08-24,2005-08-24
2005–06,Chelsea,West Bromwich Albion,2005-08-24,2005-08-24
2005–06,Aston Villa,Blackburn Rovers,2005-08-27,2005-08-27
2005–06,Fulham,Everton,2005-08-27,2005-08-27
2005–06,Manchester City,Portsmouth,2005-08-27,2005-08-27
2005–06,Tottenham Hotspur,Chelsea,2005-08-27,2005-08-27
2005–06,West Bromwich Albion,Birmingham City,2005-08-27,2005-08-27
2005–06,West Ham United,Bolton Wanderers,2005-08-27,2005-08-27
2005–06,Wigan Athletic,Sunderland,2005-08-27,2005-08-27
2005–06,Middlesbrough,Charlton Athletic,2005-08-28,2005-08-28
2005–06,Newcastle United,Manchester United,2005-08-28,2005-08-28
2005–06,Birmingham City,Charlton Athletic,2005-09-10,2005-09-10
2005–06,Chelsea,Sunderland,2005-09-10,2005-09-10
2005–06,Everton,Portsmouth,2005-09-10,2005-09-10
2005–06,Manchester United,Manchester City,2005-09-10,2005-09-10
2005–06,Middlesbrough,Arsenal,2005-09-10,2005-09-10
2005–06,Newcastle United,Fulham,2005-09-10,2005-09-10
2005–06,Tottenham Hotspur,Liverpool,2005-09-10,2005-09-10
2005–06,West Bromwich Albion,Wigan Athletic,2005-09-10,2005-09-10
2005–06,Bolton Wanderers,Blackburn Rovers,2005-09-11,2005-09-11
2005–06,West Ham United,Aston Villa,2005-09-12,2005-09-12
2005–06,Aston Villa,Tottenham Hotspur,2005-09-17,2005-09-17
2005–06,Charlton Athletic,Chelsea,2005-09-17,2005-09-17
2005–06,Fulham,West Ham United,2005-09-17,2005-09-17
2005–06,Portsmouth,Birmingham City,2005-09-17,2005-09-17
2005–06,Sunderland,West Bromwich Albion,2005-09-17,2005-09-17
2005–06,Blackburn Rovers,Newcastle United,2005-09-18,2005-09-18
2005–06,Liverpool,Manchester United,2005-09-18,2005-09-18
2005–06,Manchester City,Bolton Wanderers,2005-09-18,2005-09-18
2005–06,Wigan Athletic,Middlesbrough,2005-09-18,2005-09-18
2005–06,Arsenal,Everton,2005-09-19,2005-09-19
2005–06,Birmingham City,Liverpool,2005-09-24,2005-09-24
2005–06,Bolton Wanderers,Portsmouth,2005-09-24,2005-09-24
2005–06,Chelsea,Aston Villa,2005-09-24,2005-09-24
2005–06,Everton,Wigan Athletic,2005-09-24,2005-09-24
2005–06,Manchester United,Blackburn Rovers,2005-09-24,2005-09-24
2005–06,Newcastle United,Manchester City,2005-09-24,2005-09-24
2005–06,West Bromwich Albion,Charlton Athletic,2005-09-24,2005-09-24
2005–06,West Ham United,Arsenal,2005-09-24,2005-09-24
2005–06,Middlesbrough,Sunderland,2005-09-25,2005-09-25
2005–06,Tottenham Hotspur,Fulham,2005-09-26,2005-09-26
2005–06,Blackburn Rovers,West Bromwich Albion,2005-10-01,2005-10-01
2005–06,Charlton Athletic,Tottenham Hotspur,2005-10-01,2005-10-01
2005–06,Fulham,Manchester United,2005-10-01,2005-10-01
2005–06,Portsmouth,Newcastle United,2005-10-01,2005-10-01
2005–06,Sunderland,West Ham United,2005-10-01,2005-10-01
2005–06,Arsenal,Birmingham City,2005-10-02,2005-10-02
2005–06,Aston Villa,Middlesbrough,2005-10-02,2005-10-02
2005–06,Liverpool,Chelsea,2005-10-02,2005-10-02
2005–06,Manchester City,Everton,2005-10-02,2005-10-02
2005–06,Wigan Athletic,Bolton Wanderers,2005-10-02,2005-10-02
2005–06,Chelsea,Bolton Wanderers,2005-10-15,2005-10-15
2005–06,Liverpool,Blackburn Rovers,2005-10-15,2005-10-15
2005–06,Middlesbrough,Portsmouth,2005-10-15,2005-10-15
2005–06,Sunderland,Manchester United,2005-10-15,2005-10-15
2005–06,Tottenham Hotspur,Everton,2005-10-15,2005-10-15
2005–06,West Bromwich Albion,Arsenal,2005-10-15,2005-10-15
2005–06,Wigan Athletic,Newcastle United,2005-10-15,2005-10-15
2005–06,Birmingham City,Aston Villa,2005-10-16,2005-10-16
2005–06,Manchester City,West Ham United,2005-10-16,2005-10-16
2005–06,Charlton Athletic,Fulham,2005-10-17,2005-10-17
2005–06,Arsenal,Manchester City,2005-10-22,2005-10-22
2005–06,Aston Villa,Wigan Athletic,2005-10-22,2005-10-22
2005–06,Blackburn Rovers,Birmingham City,2005-10-22,2005-10-22
2005–06,Fulham,Liverpool,2005-10-22,2005-10-22
2005–06,Manchester United,Tottenham Hotspur,2005-10-22,2005-10-22
2005–06,Portsmouth,Charlton Athletic,2005-10-22,2005-10-22
2005–06,Bolton Wanderers,West Bromwich Albion,2005-10-23,2005-10-23
2005–06,Everton,Chelsea,2005-10-23,2005-10-23
2005–06,Newcastle United,Sunderland,2005-10-23,2005-10-23
2005–06,West Ham United,Middlesbrough,2005-10-23,2005-10-23
2005–06,Birmingham City,Everton,2005-10-29,2005-10-29
2005–06,Charlton Athletic,Bolton Wanderers,2005-10-29,2005-10-29
2005–06,Chelsea,Blackburn Rovers,2005-10-29,2005-10-29
2005–06,Liverpool,West Ham United,2005-10-29,2005-10-29
2005–06,Middlesbrough,Manchester United,2005-10-29,2005-10-29
2005–06,Sunderland,Portsmouth,2005-10-29,2005-10-29
2005–06,Tottenham Hotspur,Arsenal,2005-10-29,2005-10-29
2005–06,Wigan Athletic,Fulham,2005-10-29,2005-10-29
2005–06,West Bromwich Albion,Newcastle United,2005-10-30,2005-10-30
2005–06,Manchester City,Aston Villa,2005-10-31,2005-10-31
2005–06,Arsenal,Sunderland,2005-11-05,2005-11-05
2005–06,Aston Villa,Liverpool,2005-11-05,2005-11-05
2005–06,Blackburn Rovers,Charlton Athletic,2005-11-05,2005-11-05
2005–06,Fulham,Manchester City,2005-11-05,2005-11-05
2005–06,Newcastle United,Birmingham City,2005-11-05,2005-11-05
2005–06,Portsmouth,Wigan Athletic,2005-11-05,2005-11-05
2005–06,West Ham United,West Bromwich Albion,2005-11-05,2005-11-05
2005–06,Everton,Middlesbrough,2005-11-06,2005-11-06
2005–06,Manchester United,Chelsea,2005-11-06,2005-11-06
2005–06,Bolton Wanderers,Tottenham Hotspur,2005-11-07,2005-11-07
2005–06,Charlton Athletic,Manchester United,2005-11-19,2005-11-19
2005–06,Chelsea,Newcastle United,2005-11-19,2005-11-19
2005–06,Liverpool,Portsmouth,2005-11-19,2005-11-19
2005–06,Manchester City,Blackburn Rovers,2005-11-19,2005-11-19
2005–06,Sunderland,Aston Villa,2005-11-19,2005-11-19
2005–06,West Bromwich Albion,Everton,2005-11-19,2005-11-19
2005–06,Wigan Athletic,Arsenal,2005-11-19,2005-11-19
2005–06,Middlesbrough,Fulham,2005-11-20,2005-11-20
2005–06,Tottenham Hotspur,West Ham United,2005-11-20,2005-11-20
2005–06,Arsenal,Blackburn Rovers,2005-11-26,2005-11-26
2005–06,Aston Villa,Charlton Athletic,2005-11-26,2005-11-26
2005–06,Manchester City,Liverpool,2005-11-26,2005-11-26
2005–06,Portsmouth,Chelsea,2005-11-26,2005-11-26
2005–06,Sunderland,Birmingham City,2005-11-26,2005-11-26
2005–06,Wigan Athletic,Tottenham Hotspur,2005-11-26,2005-11-26
2005–06,Everton,Newcastle United,2005-11-27,2005-11-27
2005–06,Fulham,Bolton Wanderers,2005-11-27,2005-11-27
2005–06,Middlesbrough,West Bromwich Albion,2005-11-27,2005-11-27
2005–06,West Ham United,Manchester United,2005-11-27,2005-11-27
2005–06,Sunderland,Liverpool,2005-11-30,2005-11-30
2005–06,Blackburn Rovers,Everton,2005-12-03,2005-12-03
2005–06,Bolton Wanderers,Arsenal,2005-12-03,2005-12-03
2005–06,Chelsea,Middlesbrough,2005-12-03,2005-12-03
2005–06,Liverpool,Wigan Athletic,2005-12-03,2005-12-03
2005–06,Manchester United,Portsmouth,2005-12-03,2005-12-03
2005–06,Newcastle United,Aston Villa,2005-12-03,2005-12-03
2005–06,Tottenham Hotspur,Sunderland,2005-12-03,2005-12-03
2005–06,West Bromwich Albion,Fulham,2005-12-03,2005-12-03
2005–06,Charlton Athletic,Manchester City,2005-12-04,2005-12-04
2005–06,Birmingham City,West Ham United,2005-12-05,2005-12-05
2005–06,Birmingham City,Fulham,2005-12-10,2005-12-10
2005–06,Blackburn Rovers,West Ham United,2005-12-10,2005-12-10
2005–06,Bolton Wanderers,Aston Villa,2005-12-10,2005-12-10
2005–06,Charlton Athletic,Sunderland,2005-12-10,2005-12-10
2005–06,Chelsea,Wigan Athletic,2005-12-10,2005-12-10
2005–06,Liverpool,Middlesbrough,2005-12-10,2005-12-10
2005–06,Newcastle United,Arsenal,2005-12-10,2005-12-10
2005–06,West Bromwich Albion,Manchester City,2005-12-10,2005-12-10
2005–06,Manchester United,Everton,2005-12-11,2005-12-11
2005–06,Tottenham Hotspur,Portsmouth,2005-12-12,2005-12-12
2005–06,Everton,West Ham United,2005-12-14,2005-12-14
2005–06,Manchester United,Wigan Athletic,2005-12-14,2005-12-14
2005–06,Aston Villa,Manchester United,2005-12-17,2005-12-17
2005–06,Everton,Bolton Wanderers,2005-12-17,2005-12-17
2005–06,Fulham,Blackburn Rovers,2005-12-17,2005-12-17
2005–06,Manchester City,Birmingham City,2005-12-17,2005-12-17
2005–06,Portsmouth,West Bromwich Albion,2005-12-17,2005-12-17
2005–06,West Ham United,Newcastle United,2005-12-17,2005-12-17
2005–06,Wigan Athletic,Charlton Athletic,2005-12-17,2005-12-17
2005–06,Arsenal,Chelsea,2005-12-18,2005-12-18
2005–06,Middlesbrough,Tottenham Hotspur,2005-12-18,2005-12-18
2005–06,Aston Villa,Everton,2005-12-26,2005-12-26
2005–06,Charlton Athletic,Arsenal,2005-12-26,2005-12-26
2005–06,Chelsea,Fulham,2005-12-26,2005-12-26
2005–06,Liverpool,Newcastle United,2005-12-26,2005-12-26
2005–06,Manchester United,West Bromwich Albion,2005-12-26,2005-12-26
2005–06,Middlesbrough,Blackburn Rovers,2005-12-26,2005-12-26
2005–06,Portsmouth,West Ham United,2005-12-26,2005-12-26
2005–06,Sunderland,Bolton Wanderers,2005-12-26,2005-12-26
2005–06,Tottenham Hotspur,Birmingham City,2005-12-26,2005-12-26
2005–06,Wigan Athletic,Manchester City,2005-12-26,2005-12-26
2005–06,Arsenal,Portsmouth,2005-12-28,2005-12-28
2005–06,Birmingham City,Manchester United,2005-12-28,2005-12-28
2005–06,Everton,Liverpool,2005-12-28,2005-12-28
2005–06,Fulham,Aston Villa,2005-12-28,2005-12-28
2005–06,Manchester City,Chelsea,2005-12-28,2005-12-28
2005–06,West Bromwich Albion,Tottenham Hotspur,2005-12-28,2005-12-28
2005–06,West Ham United,Wigan Athletic,2005-12-28,2005-12-28
2005–06,Aston Villa,Arsenal,2005-12-31,2005-12-31
2005–06,Charlton Athletic,West Ham United,2005-12-31,2005-12-31
2005–06,Chelsea,Birmingham City,2005-12-31,2005-12-31
2005–06,Liverpool,West Bromwich Albion,2005-12-31,2005-12-31
2005–06,Manchester United,Bolton Wanderers,2005-12-31,2005-12-31
2005–06,Middlesbrough,Manchester City,2005-12-31,2005-12-31
2005–06,Portsmouth,Fulham,2005-12-31,2005-12-31
2005–06,Sunderland,Everton,2005-12-31,2005-12-31
2005–06,Tottenham Hotspur,Newcastle United,2005-12-31,2005-12-31
2005–06,Wigan Athletic,Blackburn Rovers,2005-12-31,2005-12-31
2005–06,Birmingham City,Wigan Athletic,2006-01-02,2006-01-02
2005–06,Blackburn Rovers,Portsmouth,2006-01-02,2006-01-02
2005–06,Bolton Wanderers,Liverpool,2006-01-02,2006-01-02
2005–06,Everton,Charlton Athletic,2006-01-02,2006-01-02
2005–06,Fulham,Sunderland,2006-01-02,2006-01-02
2005–06,Newcastle United,Middlesbrough,2006-01-02,2006-01-02
2005–06,West Bromwich Albion,Aston Villa,2006-01-02,2006-01-02
2005–06,West Ham United,Chelsea,2006-01-02,2006-01-02
2005–06,Arsenal,Manchester United,2006-01-03,2006-01-03
2005–06,Manchester City,Tottenham Hotspur,2006-01-04,2006-01-04
2005–06,Arsenal,Middlesbrough,2006-01-14,2006-01-14
2005–06,Aston Villa,West Ham United,2006-01-14,2006-01-14
2005–06,Blackburn Rovers,Bolton Wanderers,2006-01-14,2006-01-14
2005–06,Charlton Athletic,Birmingham City,2006-01-14,2006-01-14
2005–06,Fulham,Newcastle United,2006-01-14,2006-01-14
2005–06,Liverpool,Tottenham Hotspur,2006-01-14,2006-01-14
2005–06,Manchester City,Manchester United,2006-01-14,2006-01-14
2005–06,Portsmouth,Everton,2006-01-14,2006-01-14
2005–06,Sunderland,Chelsea,2006-01-15,2006-01-15
2005–06,Wigan Athletic,West Bromwich Albion,2006-01-15,2006-01-15
2005–06,Birmingham City,Portsmouth,2006-01-21,2006-01-21
2005–06,Bolton Wanderers,Manchester City,2006-01-21,2006-01-21
2005–06,Everton,Arsenal,2006-01-21,2006-01-21
2005–06,Middlesbrough,Wigan Athletic,2006-01-21,2006-01-21
2005–06,Newcastle United,Blackburn Rovers,2006-01-21,2006-01-21
2005–06,Tottenham Hotspur,Aston Villa,2006-01-21,2006-01-21
2005–06,West Bromwich Albion,Sunderland,2006-01-21,2006-01-21
2005–06,Chelsea,Charlton Athletic,2006-01-22,2006-01-22
2005–06,Manchester United,Liverpool,2006-01-22,2006-01-22
2005–06,West Ham United,Fulham,2006-01-23,2006-01-23
2005–06,Charlton Athletic,West Bromwich Albion,2006-01-31,2006-01-31
2005–06,Fulham,Tottenham Hotspur,2006-01-31,2006-01-31
2005–06,Sunderland,Middlesbrough,2006-01-31,2006-01-31
2005–06,Wigan Athletic,Everton,2006-01-31,2006-01-31
2005–06,Arsenal,West Ham United,2006-02-01,2006-02-01
2005–06,Aston Villa,Chelsea,2006-02-01,2006-02-01
2005–06,Blackburn Rovers,Manchester United,2006-02-01,2006-02-01
2005–06,Liverpool,Birmingham City,2006-02-01,2006-02-01
2005–06,Manchester City,Newcastle United,2006-02-01,2006-02-01
2005–06,Portsmouth,Bolton Wanderers,2006-02-01,2006-02-01
2005–06,Birmingham City,Arsenal,2006-02-04,2006-02-04
2005–06,Bolton Wanderers,Wigan Athletic,2006-02-04,2006-02-04
2005–06,Everton,Manchester City,2006-02-04,2006-02-04
2005–06,Manchester United,Fulham,2006-02-04,2006-02-04
2005–06,Middlesbrough,Aston Villa,2006-02-04,2006-02-04
2005–06,Newcastle United,Portsmouth,2006-02-04,2006-02-04
2005–06,West Bromwich Albion,Blackburn Rovers,2006-02-04,2006-02-04
2005–06,West Ham United,Sunderland,2006-02-04,2006-02-04
2005–06,Chelsea,Liverpool,2006-02-05,2006-02-05
2005–06,Tottenham Hotspur,Charlton Athletic,2006-02-05,2006-02-05
2005–06,Charlton Athletic,Liverpool,2006-02-08,2006-02-08
2005–06,Arsenal,Bolton Wanderers,2006-02-11,2006-02-11
2005–06,Aston Villa,Newcastle United,2006-02-11,2006-02-11
2005–06,Everton,Blackburn Rovers,2006-02-11,2006-02-11
2005–06,Fulham,West Bromwich Albion,2006-02-11,2006-02-11
2005–06,Middlesbrough,Chelsea,2006-02-11,2006-02-11
2005–06,Portsmouth,Manchester United,2006-02-11,2006-02-11
2005–06,Wigan Athletic,Liverpool,2006-02-11,2006-02-11
2005–06,Manchester City,Charlton Athletic,2006-02-12,2006-02-12
2005–06,Sunderland,Tottenham Hotspur,2006-02-12,2006-02-12
2005–06,West Ham United,Birmingham City,2006-02-13,2006-02-13
2005–06,Liverpool,Arsenal,2006-02-14,2006-02-14
2005–06,Blackburn Rovers,Sunderland,2006-02-15,2006-02-15
2005–06,Tottenham Hotspur,Wigan Athletic,2006-02-19,2006-02-19
2005–06,Newcastle United,Charlton Athletic,2006-02-22,2006-02-22
2005–06,Birmingham City,Sunderland,2006-02-25,2006-02-25
2005–06,Blackburn Rovers,Arsenal,2006-02-25,2006-02-25
2005–06,Charlton Athletic,Aston Villa,2006-02-25,2006-02-25
2005–06,Chelsea,Portsmouth,2006-02-25,2006-02-25
2005–06,Newcastle United,Everton,2006-02-25,2006-02-25
2005–06,Bolton Wanderers,Fulham,2006-02-26,2006-02-26
2005–06,Liverpool,Manchester City,2006-02-26,2006-02-26
2005–06,West Bromwich Albion,Middlesbrough,2006-02-26,2006-02-26
2005–06,Aston Villa,Portsmouth,2006-03-04,2006-03-04
2005–06,Fulham,Arsenal,2006-03-04,2006-03-04
2005–06,Liverpool,Charlton Athletic,2006-03-04,2006-03-04
2005–06,Middlesbrough,Birmingham City,2006-03-04,2006-03-04
2005–06,Newcastle United,Bolton Wanderers,2006-03-04,2006-03-04
2005–06,West Bromwich Albion,Chelsea,2006-03-04,2006-03-04
2005–06,West Ham United,Everton,2006-03-04,2006-03-04
2005–06,Manchester City,Sunderland,2006-03-05,2006-03-05
2005–06,Tottenham Hotspur,Blackburn Rovers,2006-03-05,2006-03-05
2005–06,Wigan Athletic,Manchester United,2006-03-06,2006-03-06
2005–06,Birmingham City,West Bromwich Albion,2006-03-11,2006-03-11
2005–06,Blackburn Rovers,Aston Villa,2006-03-11,2006-03-11
2005–06,Bolton Wanderers,West Ham United,2006-03-11,2006-03-11
2005–06,Chelsea,Tottenham Hotspur,2006-03-11,2006-03-11
2005–06,Everton,Fulham,2006-03-11,2006-03-11
2005–06,Portsmouth,Manchester City,2006-03-11,2006-03-11
2005–06,Sunderland,Wigan Athletic,2006-03-11,2006-03-11
2005–06,Arsenal,Liverpool,2006-03-12,2006-03-12
2005–06,Charlton Athletic,Middlesbrough,2006-03-12,2006-03-12
2005–06,Manchester United,Newcastle United,2006-03-12,2006-03-12
2005–06,Liverpool,Fulham,2006-03-15,2006-03-15
2005–06,Arsenal,Charlton Athletic,2006-03-18,2006-03-18
2005–06,Birmingham City,Tottenham Hotspur,2006-03-18,2006-03-18
2005–06,Blackburn Rovers,Middlesbrough,2006-03-18,2006-03-18
2005–06,Bolton Wanderers,Sunderland,2006-03-18,2006-03-18
2005–06,Everton,Aston Villa,2006-03-18,2006-03-18
2005–06,Manchester City,Wigan Athletic,2006-03-18,2006-03-18
2005–06,West Bromwich Albion,Manchester United,2006-03-18,2006-03-18
2005–06,West Ham United,Portsmouth,2006-03-18,2006-03-18
2005–06,Fulham,Chelsea,2006-03-19,2006-03-19
2005–06,Newcastle United,Liverpool,2006-03-19,2006-03-19
2005–06,Aston Villa,Fulham,2006-03-25,2006-03-25
2005–06,Chelsea,Manchester City,2006-03-25,2006-03-25
2005–06,Liverpool,Everton,2006-03-25,2006-03-25
2005–06,Sunderland,Blackburn Rovers,2006-03-25,2006-03-25
2005–06,Wigan Athletic,West Ham United,2006-03-25,2006-03-25
2005–06,Charlton Athletic,Newcastle United,2006-03-26,2006-03-26
2005–06,Manchester United,Birmingham City,2006-03-26,2006-03-26
2005–06,Middlesbrough,Bolton Wanderers,2006-03-26,2006-03-26
2005–06,Tottenham Hotspur,West Bromwich Albion,2006-03-27,2006-03-27
2005–06,Manchester United,West Ham United,2006-03-29,2006-03-29
2005–06,Arsenal,Aston Villa,2006-04-01,2006-04-01
2005–06,Birmingham City,Chelsea,2006-04-01,2006-04-01
2005–06,Bolton Wanderers,Manchester United,2006-04-01,2006-04-01
2005–06,Everton,Sunderland,2006-04-01,2006-04-01
2005–06,Fulham,Portsmouth,2006-04-01,2006-04-01
2005–06,Newcastle United,Tottenham Hotspur,2006-04-01,2006-04-01
2005–06,West Bromwich Albion,Liverpool,2006-04-01,2006-04-01
2005–06,Manchester City,Middlesbrough,2006-04-02,2006-04-02
2005–06,West Ham United,Charlton Athletic,2006-04-02,2006-04-02
2005–06,Blackburn Rovers,Wigan Athletic,2006-04-03,2006-04-03
2005–06,Birmingham City,Bolton Wanderers,2006-04-04,2006-04-04
2005–06,Charlton Athletic,Everton,2006-04-08,2006-04-08
2005–06,Portsmouth,Blackburn Rovers,2006-04-08,2006-04-08
2005–06,Tottenham Hotspur,Manchester City,2006-04-08,2006-04-08
2005–06,Wigan Athletic,Birmingham City,2006-04-08,2006-04-08
2005–06,Aston Villa,West Bromwich Albion,2006-04-09,2006-04-09
2005–06,Chelsea,West Ham United,2006-04-09,2006-04-09
2005–06,Liverpool,Bolton Wanderers,2006-04-09,2006-04-09
2005–06,Manchester United,Arsenal,2006-04-09,2006-04-09
2005–06,Middlesbrough,Newcastle United,2006-04-09,2006-04-09
2005–06,Portsmouth,Arsenal,2006-04-12,2006-04-12
2005–06,Manchester United,Sunderland,2006-04-14,2006-04-14
2005–06,Arsenal,West Bromwich Albion,2006-04-15,2006-04-15
2005–06,Bolton Wanderers,Chelsea,2006-04-15,2006-04-15
2005–06,Everton,Tottenham Hotspur,2006-04-15,2006-04-15
2005–06,Fulham,Charlton Athletic,2006-04-15,2006-04-15
2005–06,Newcastle United,Wigan Athletic,2006-04-15,2006-04-15
2005–06,Portsmouth,Middlesbrough,2006-04-15,2006-04-15
2005–06,West Ham United,Manchester City,2006-04-15,2006-04-15
2005–06,Aston Villa,Birmingham City,2006-04-16,2006-04-16
2005–06,Blackburn Rovers,Liverpool,2006-04-16,2006-04-16
2005–06,Charlton Athletic,Portsmouth,2006-04-17,2006-04-17
2005–06,Chelsea,Everton,2006-04-17,2006-04-17
2005–06,Middlesbrough,West Ham United,2006-04-17,2006-04-17
2005–06,Sunderland,Newcastle United,2006-04-17,2006-04-17
2005–06,Tottenham Hotspur,Manchester United,2006-04-17,2006-04-17
2005–06,West Bromwich Albion,Bolton Wanderers,2006-04-17,2006-04-17
2005–06,Wigan Athletic,Aston Villa,2006-04-18,2006-04-18
2005–06,Birmingham City,Blackburn Rovers,2006-04-19,2006-04-19
2005–06,Arsenal,Tottenham Hotspur,2006-04-22,2006-04-22
2005–06,Bolton Wanderers,Charlton Athletic,2006-04-22,2006-04-22
2005–06,Everton,Birmingham City,2006-04-22,2006-04-22
2005–06,Newcastle United,West Bromwich Albion,2006-04-22,2006-04-22
2005–06,Portsmouth,Sunderland,2006-04-22,2006-04-22
2005–06,Fulham,Wigan Athletic,2006-04-24,2006-04-24
2005–06,Aston Villa,Manchester City,2006-04-25,2006-04-25
2005–06,West Ham United,Liverpool,2006-04-26,2006-04-26
2005–06,Birmingham City,Newcastle United,2006-04-29,2006-04-29
2005–06,Charlton Athletic,Blackburn Rovers,2006-04-29,2006-04-29
2005–06,Chelsea,Manchester United,2006-04-29,2006-04-29
2005–06,Liverpool,Aston Villa,2006-04-29,2006-04-29
2005–06,Manchester City,Fulham,2006-04-29,2006-04-29
2005–06,Middlesbrough,Everton,2006-04-29,2006-04-29
2005–06,Wigan Athletic,Portsmouth,2006-04-29,2006-04-29
2005–06,Tottenham Hotspur,Bolton Wanderers,2006-04-30,2006-04-30
2005–06,Manchester United,Middlesbrough,2006-05-01,2006-05-01
2005–06,Sunderland,Arsenal,2006-05-01,2006-05-01
2005–06,West Bromwich Albion,West Ham United,2006-05-01,2006-05-01
2005–06,Blackburn Rovers,Chelsea,2006-05-02,2006-05-02
2005–06,Bolton Wanderers,Middlesbrough,2006-05-03,2006-05-03
2005–06,Manchester City,Arsenal,2006-05-04,2006-05-04
2005–06,Sunderland,Fulham,2006-05-04,2006-05-04
2005–06,Arsenal,Wigan Athletic,2006-05-07,2006-05-07
2005–06,Aston Villa,Sunderland,2006-05-07,2006-05-07
2005–06,Blackburn Rovers,Manchester City,2006-05-07,2006-05-07
2005–06,Bolton Wanderers,Birmingham City,2006-05-07,2006-05-07
2005–06,Everton,West Bromwich Albion,2006-05-07,2006-05-07
2005–06,Fulham,Middlesbrough,2006-05-07,2006-05-07
2005–06,Manchester United,Charlton Athletic,2006-05-07,2006-05-07
2005–06,Newcastle United,Chelsea,2006-05-07,2006-05-07
2005–06,Portsmouth,Liverpool,2006-05-07,2006-05-07
2005–06,West Ham United,Tottenham Hotspur,2006-05-07,2006-05-07
2006–07,Arsenal,Aston Villa,2006-08-19,2006-08-19
2006–07,Bolton Wanderers,Tottenham Hotspur,2006-08-19,2006-08-19
2006–07,Everton,Watford,2006-08-19,2006-08-19
2006–07,Newcastle United,Wigan Athletic,2006-08-19,2006-08-19
2006–07,Portsmouth,Blackburn Rovers,2006-08-19,2006-08-19
2006–07,Reading,Middlesbrough,2006-08-19,2006-08-19
2006–07,Sheffield United,Liverpool,2006-08-19,2006-08-19
2006–07,West Ham United,Charlton Athletic,2006-08-19,2006-08-19
2006–07,Chelsea,Manchester City,2006-08-20,2006-08-20
2006–07,Manchester United,Fulham,2006-08-20,2006-08-20
2006–07,Tottenham Hotspur,Sheffield United,2006-08-22,2006-08-22
2006–07,Watford,West Ham United,2006-08-22,2006-08-22
2006–07,Aston Villa,Reading,2006-08-23,2006-08-23
2006–07,Blackburn Rovers,Everton,2006-08-23,2006-08-23
2006–07,Charlton Athletic,Manchester United,2006-08-23,2006-08-23
2006–07,Fulham,Bolton Wanderers,2006-08-23,2006-08-23
2006–07,Manchester City,Portsmouth,2006-08-23,2006-08-23
2006–07,Middlesbrough,Chelsea,2006-08-23,2006-08-23
2006–07,Charlton Athletic,Bolton Wanderers,2006-08-26,2006-08-26
2006–07,Fulham,Sheffield United,2006-08-26,2006-08-26
2006–07,Liverpool,West Ham United,2006-08-26,2006-08-26
2006–07,Manchester City,Arsenal,2006-08-26,2006-08-26
2006–07,Tottenham Hotspur,Everton,2006-08-26,2006-08-26
2006–07,Watford,Manchester United,2006-08-26,2006-08-26
2006–07,Wigan Athletic,Reading,2006-08-26,2006-08-26
2006–07,Aston Villa,Newcastle United,2006-08-27,2006-08-27
2006–07,Blackburn Rovers,Chelsea,2006-08-27,2006-08-27
2006–07,Middlesbrough,Portsmouth,2006-08-28,2006-08-28
2006–07,Arsenal,Middlesbrough,2006-09-09,2006-09-09
2006–07,Bolton Wanderers,Watford,2006-09-09,2006-09-09
2006–07,Chelsea,Charlton Athletic,2006-09-09,2006-09-09
2006–07,Everton,Liverpool,2006-09-09,2006-09-09
2006–07,Manchester United,Tottenham Hotspur,2006-09-09,2006-09-09
2006–07,Newcastle United,Fulham,2006-09-09,2006-09-09
2006–07,Portsmouth,Wigan Athletic,2006-09-09,2006-09-09
2006–07,Sheffield United,Blackburn Rovers,2006-09-09,2006-09-09
2006–07,West Ham United,Aston Villa,2006-09-10,2006-09-10
2006–07,Reading,Manchester City,2006-09-11,2006-09-11
2006–07,Bolton Wanderers,Middlesbrough,2006-09-16,2006-09-16
2006–07,Charlton Athletic,Portsmouth,2006-09-16,2006-09-16
2006–07,Everton,Wigan Athletic,2006-09-16,2006-09-16
2006–07,Sheffield United,Reading,2006-09-16,2006-09-16
2006–07,Watford,Aston Villa,2006-09-16,2006-09-16
2006–07,Blackburn Rovers,Manchester City,2006-09-17,2006-09-17
2006–07,Chelsea,Liverpool,2006-09-17,2006-09-17
2006–07,Manchester United,Arsenal,2006-09-17,2006-09-17
2006–07,Tottenham Hotspur,Fulham,2006-09-17,2006-09-17
2006–07,West Ham United,Newcastle United,2006-09-17,2006-09-17
2006–07,Liverpool,Newcastle United,2006-09-20,2006-09-20
2006–07,Arsenal,Sheffield United,2006-09-23,2006-09-23
2006–07,Aston Villa,Charlton Athletic,2006-09-23,2006-09-23
2006–07,Fulham,Chelsea,2006-09-23,2006-09-23
2006–07,Liverpool,Tottenham Hotspur,2006-09-23,2006-09-23
2006–07,Manchester City,West Ham United,2006-09-23,2006-09-23
2006–07,Middlesbrough,Blackburn Rovers,2006-09-23,2006-09-23
2006–07,Reading,Manchester United,2006-09-23,2006-09-23
2006–07,Wigan Athletic,Watford,2006-09-23,2006-09-23
2006–07,Newcastle United,Everton,2006-09-24,2006-09-24
2006–07,Portsmouth,Bolton Wanderers,2006-09-25,2006-09-25
2006–07,Bolton Wanderers,Liverpool,2006-09-30,2006-09-30
2006–07,Charlton Athletic,Arsenal,2006-09-30,2006-09-30
2006–07,Chelsea,Aston Villa,2006-09-30,2006-09-30
2006–07,Everton,Manchester City,2006-09-30,2006-09-30
2006–07,Sheffield United,Middlesbrough,2006-09-30,2006-09-30
2006–07,Blackburn Rovers,Wigan Athletic,2006-10-01,2006-10-01
2006–07,Manchester United,Newcastle United,2006-10-01,2006-10-01
2006–07,Tottenham Hotspur,Portsmouth,2006-10-01,2006-10-01
2006–07,West Ham United,Reading,2006-10-01,2006-10-01
2006–07,Watford,Fulham,2006-10-02,2006-10-02
2006–07,Arsenal,Watford,2006-10-14,2006-10-14
2006–07,Aston Villa,Tottenham Hotspur,2006-10-14,2006-10-14
2006–07,Liverpool,Blackburn Rovers,2006-10-14,2006-10-14
2006–07,Manchester City,Sheffield United,2006-10-14,2006-10-14
2006–07,Middlesbrough,Everton,2006-10-14,2006-10-14
2006–07,Portsmouth,West Ham United,2006-10-14,2006-10-14
2006–07,Reading,Chelsea,2006-10-14,2006-10-14
2006–07,Wigan Athletic,Manchester United,2006-10-14,2006-10-14
2006–07,Newcastle United,Bolton Wanderers,2006-10-15,2006-10-15
2006–07,Fulham,Charlton Athletic,2006-10-16,2006-10-16
2006–07,Aston Villa,Fulham,2006-10-21,2006-10-21
2006–07,Charlton Athletic,Watford,2006-10-21,2006-10-21
2006–07,Chelsea,Portsmouth,2006-10-21,2006-10-21
2006–07,Everton,Sheffield United,2006-10-21,2006-10-21
2006–07,Wigan Athletic,Manchester City,2006-10-21,2006-10-21
2006–07,Blackburn Rovers,Bolton Wanderers,2006-10-22,2006-10-22
2006–07,Manchester United,Liverpool,2006-10-22,2006-10-22
2006–07,Middlesbrough,Newcastle United,2006-10-22,2006-10-22
2006–07,Reading,Arsenal,2006-10-22,2006-10-22
2006–07,Tottenham Hotspur,West Ham United,2006-10-22,2006-10-22
2006–07,Arsenal,Everton,2006-10-28,2006-10-28
2006–07,Bolton Wanderers,Manchester United,2006-10-28,2006-10-28
2006–07,Fulham,Wigan Athletic,2006-10-28,2006-10-28
2006–07,Liverpool,Aston Villa,2006-10-28,2006-10-28
2006–07,Newcastle United,Charlton Athletic,2006-10-28,2006-10-28
2006–07,Portsmouth,Reading,2006-10-28,2006-10-28
2006–07,Sheffield United,Chelsea,2006-10-28,2006-10-28
2006–07,Watford,Tottenham Hotspur,2006-10-28,2006-10-28
2006–07,West Ham United,Blackburn Rovers,2006-10-29,2006-10-29
2006–07,Manchester City,Middlesbrough,2006-10-30,2006-10-30
2006–07,Bolton Wanderers,Wigan Athletic,2006-11-04,2006-11-04
2006–07,Charlton Athletic,Manchester City,2006-11-04,2006-11-04
2006–07,Fulham,Everton,2006-11-04,2006-11-04
2006–07,Liverpool,Reading,2006-11-04,2006-11-04
2006–07,Manchester United,Portsmouth,2006-11-04,2006-11-04
2006–07,Newcastle United,Sheffield United,2006-11-04,2006-11-04
2006–07,Watford,Middlesbrough,2006-11-04,2006-11-04
2006–07,Aston Villa,Blackburn Rovers,2006-11-05,2006-11-05
2006–07,Tottenham Hotspur,Chelsea,2006-11-05,2006-11-05
2006–07,West Ham United,Arsenal,2006-11-05,2006-11-05
2006–07,Blackburn Rovers,Manchester United,2006-11-11,2006-11-11
2006–07,Chelsea,Watford,2006-11-11,2006-11-11
2006–07,Everton,Aston Villa,2006-11-11,2006-11-11
2006–07,Manchester City,Newcastle United,2006-11-11,2006-11-11
2006–07,Middlesbrough,West Ham United,2006-11-11,2006-11-11
2006–07,Portsmouth,Fulham,2006-11-11,2006-11-11
2006–07,Sheffield United,Bolton Wanderers,2006-11-11,2006-11-11
2006–07,Wigan Athletic,Charlton Athletic,2006-11-11,2006-11-11
2006–07,Arsenal,Liverpool,2006-11-12,2006-11-12
2006–07,Reading,Tottenham Hotspur,2006-11-12,2006-11-12
2006–07,Arsenal,Newcastle United,2006-11-18,2006-11-18
2006–07,Chelsea,West Ham United,2006-11-18,2006-11-18
2006–07,Everton,Bolton Wanderers,2006-11-18,2006-11-18
2006–07,Manchester City,Fulham,2006-11-18,2006-11-18
2006–07,Middlesbrough,Liverpool,2006-11-18,2006-11-18
2006–07,Portsmouth,Watford,2006-11-18,2006-11-18
2006–07,Reading,Charlton Athletic,2006-11-18,2006-11-18
2006–07,Sheffield United,Manchester United,2006-11-18,2006-11-18
2006–07,Blackburn Rovers,Tottenham Hotspur,2006-11-19,2006-11-19
2006–07,Wigan Athletic,Aston Villa,2006-11-19,2006-11-19
2006–07,Aston Villa,Middlesbrough,2006-11-25,2006-11-25
2006–07,Bolton Wanderers,Arsenal,2006-11-25,2006-11-25
2006–07,Charlton Athletic,Everton,2006-11-25,2006-11-25
2006–07,Fulham,Reading,2006-11-25,2006-11-25
2006–07,Liverpool,Manchester City,2006-11-25,2006-11-25
2006–07,West Ham United,Sheffield United,2006-11-25,2006-11-25
2006–07,Manchester United,Chelsea,2006-11-26,2006-11-26
2006–07,Newcastle United,Portsmouth,2006-11-26,2006-11-26
2006–07,Tottenham Hotspur,Wigan Athletic,2006-11-26,2006-11-26
2006–07,Watford,Sheffield United,2006-11-28,2006-11-28
2006–07,Aston Villa,Manchester City,2006-11-29,2006-11-29
2006–07,Bolton Wanderers,Chelsea,2006-11-29,2006-11-29
2006–07,Fulham,Arsenal,2006-11-29,2006-11-29
2006–07,Liverpool,Portsmouth,2006-11-29,2006-11-29
2006–07,Manchester United,Everton,2006-11-29,2006-11-29
2006–07,Arsenal,Tottenham Hotspur,2006-12-02,2006-12-02
2006–07,Blackburn Rovers,Fulham,2006-12-02,2006-12-02
2006–07,Middlesbrough,Manchester United,2006-12-02,2006-12-02
2006–07,Portsmouth,Aston Villa,2006-12-02,2006-12-02
2006–07,Reading,Bolton Wanderers,2006-12-02,2006-12-02
2006–07,Sheffield United,Charlton Athletic,2006-12-02,2006-12-02
2006–07,Wigan Athletic,Liverpool,2006-12-02,2006-12-02
2006–07,Everton,West Ham United,2006-12-03,2006-12-03
2006–07,Manchester City,Watford,2006-12-04,2006-12-04
2006–07,Charlton Athletic,Blackburn Rovers,2006-12-05,2006-12-05
2006–07,Tottenham Hotspur,Middlesbrough,2006-12-05,2006-12-05
2006–07,Newcastle United,Reading,2006-12-06,2006-12-06
2006–07,West Ham United,Wigan Athletic,2006-12-06,2006-12-06
2006–07,Blackburn Rovers,Newcastle United,2006-12-09,2006-12-09
2006–07,Bolton Wanderers,West Ham United,2006-12-09,2006-12-09
2006–07,Liverpool,Fulham,2006-12-09,2006-12-09
2006–07,Manchester United,Manchester City,2006-12-09,2006-12-09
2006–07,Middlesbrough,Wigan Athletic,2006-12-09,2006-12-09
2006–07,Portsmouth,Everton,2006-12-09,2006-12-09
2006–07,Tottenham Hotspur,Charlton Athletic,2006-12-09,2006-12-09
2006–07,Watford,Reading,2006-12-09,2006-12-09
2006–07,Chelsea,Arsenal,2006-12-10,2006-12-10
2006–07,Sheffield United,Aston Villa,2006-12-11,2006-12-11
2006–07,Chelsea,Newcastle United,2006-12-13,2006-12-13
2006–07,Wigan Athletic,Arsenal,2006-12-13,2006-12-13
2006–07,Arsenal,Portsmouth,2006-12-16,2006-12-16
2006–07,Aston Villa,Bolton Wanderers,2006-12-16,2006-12-16
2006–07,Charlton Athletic,Liverpool,2006-12-16,2006-12-16
2006–07,Newcastle United,Watford,2006-12-16,2006-12-16
2006–07,Reading,Blackburn Rovers,2006-12-16,2006-12-16
2006–07,Wigan Athletic,Sheffield United,2006-12-16,2006-12-16
2006–07,Everton,Chelsea,2006-12-17,2006-12-17
2006–07,Manchester City,Tottenham Hotspur,2006-12-17,2006-12-17
2006–07,West Ham United,Manchester United,2006-12-17,2006-12-17
2006–07,Fulham,Middlesbrough,2006-12-18,2006-12-18
2006–07,Arsenal,Blackburn Rovers,2006-12-23,2006-12-23
2006–07,Aston Villa,Manchester United,2006-12-23,2006-12-23
2006–07,Fulham,West Ham United,2006-12-23,2006-12-23
2006–07,Liverpool,Watford,2006-12-23,2006-12-23
2006–07,Manchester City,Bolton Wanderers,2006-12-23,2006-12-23
2006–07,Middlesbrough,Charlton Athletic,2006-12-23,2006-12-23
2006–07,Newcastle United,Tottenham Hotspur,2006-12-23,2006-12-23
2006–07,Portsmouth,Sheffield United,2006-12-23,2006-12-23
2006–07,Reading,Everton,2006-12-23,2006-12-23
2006–07,Wigan Athletic,Chelsea,2006-12-23,2006-12-23
2006–07,Blackburn Rovers,Liverpool,2006-12-26,2006-12-26
2006–07,Bolton Wanderers,Newcastle United,2006-12-26,2006-12-26
2006–07,Chelsea,Reading,2006-12-26,2006-12-26
2006–07,Everton,Middlesbrough,2006-12-26,2006-12-26
2006–07,Manchester United,Wigan Athletic,2006-12-26,2006-12-26
2006–07,Sheffield United,Manchester City,2006-12-26,2006-12-26
2006–07,Tottenham Hotspur,Aston Villa,2006-12-26,2006-12-26
2006–07,Watford,Arsenal,2006-12-26,2006-12-26
2006–07,West Ham United,Portsmouth,2006-12-26,2006-12-26
2006–07,Charlton Athletic,Fulham,2006-12-27,2006-12-27
2006–07,Blackburn Rovers,Middlesbrough,2006-12-30,2006-12-30
2006–07,Bolton Wanderers,Portsmouth,2006-12-30,2006-12-30
2006–07,Charlton Athletic,Aston Villa,2006-12-30,2006-12-30
2006–07,Chelsea,Fulham,2006-12-30,2006-12-30
2006–07,Everton,Newcastle United,2006-12-30,2006-12-30
2006–07,Manchester United,Reading,2006-12-30,2006-12-30
2006–07,Sheffield United,Arsenal,2006-12-30,2006-12-30
2006–07,Tottenham Hotspur,Liverpool,2006-12-30,2006-12-30
2006–07,West Ham United,Manchester City,2006-12-30,2006-12-30
2006–07,Fulham,Watford,2007-01-01,2007-01-01
2006–07,Liverpool,Bolton Wanderers,2007-01-01,2007-01-01
2006–07,Manchester City,Everton,2007-01-01,2007-01-01
2006–07,Middlesbrough,Sheffield United,2007-01-01,2007-01-01
2006–07,Newcastle United,Manchester United,2007-01-01,2007-01-01
2006–07,Portsmouth,Tottenham Hotspur,2007-01-01,2007-01-01
2006–07,Reading,West Ham United,2007-01-01,2007-01-01
2006–07,Wigan Athletic,Blackburn Rovers,2007-01-01,2007-01-01
2006–07,Arsenal,Charlton Athletic,2007-01-02,2007-01-02
2006–07,Aston Villa,Chelsea,2007-01-02,2007-01-02
2006–07,Blackburn Rovers,Arsenal,2007-01-13,2007-01-13
2006–07,Bolton Wanderers,Manchester City,2007-01-13,2007-01-13
2006–07,Charlton Athletic,Middlesbrough,2007-01-13,2007-01-13
2006–07,Chelsea,Wigan Athletic,2007-01-13,2007-01-13
2006–07,Manchester United,Aston Villa,2007-01-13,2007-01-13
2006–07,Sheffield United,Portsmouth,2007-01-13,2007-01-13
2006–07,Watford,Liverpool,2007-01-13,2007-01-13
2006–07,West Ham United,Fulham,2007-01-13,2007-01-13
2006–07,Everton,Reading,2007-01-14,2007-01-14
2006–07,Tottenham Hotspur,Newcastle United,2007-01-14,2007-01-14
2006–07,Aston Villa,Watford,2007-01-20,2007-01-20
2006–07,Fulham,Tottenham Hotspur,2007-01-20,2007-01-20
2006–07,Liverpool,Chelsea,2007-01-20,2007-01-20
2006–07,Manchester City,Blackburn Rovers,2007-01-20,2007-01-20
2006–07,Middlesbrough,Bolton Wanderers,2007-01-20,2007-01-20
2006–07,Newcastle United,West Ham United,2007-01-20,2007-01-20
2006–07,Portsmouth,Charlton Athletic,2007-01-20,2007-01-20
2006–07,Reading,Sheffield United,2007-01-20,2007-01-20
2006–07,Arsenal,Manchester United,2007-01-21,2007-01-21
2006–07,Wigan Athletic,Everton,2007-01-21,2007-01-21
2006–07,Watford,Blackburn Rovers,2007-01-23,2007-01-23
2006–07,Portsmouth,Middlesbrough,2007-01-30,2007-01-30
2006–07,Reading,Wigan Athletic,2007-01-30,2007-01-30
2006–07,Sheffield United,Fulham,2007-01-30,2007-01-30
2006–07,West Ham United,Liverpool,2007-01-30,2007-01-30
2006–07,Bolton Wanderers,Charlton Athletic,2007-01-31,2007-01-31
2006–07,Chelsea,Blackburn Rovers,2007-01-31,2007-01-31
2006–07,Manchester United,Watford,2007-01-31,2007-01-31
2006–07,Newcastle United,Aston Villa,2007-01-31,2007-01-31
2006–07,Aston Villa,West Ham United,2007-02-03,2007-02-03
2006–07,Blackburn Rovers,Sheffield United,2007-02-03,2007-02-03
2006–07,Charlton Athletic,Chelsea,2007-02-03,2007-02-03
2006–07,Fulham,Newcastle United,2007-02-03,2007-02-03
2006–07,Liverpool,Everton,2007-02-03,2007-02-03
2006–07,Manchester City,Reading,2007-02-03,2007-02-03
2006–07,Middlesbrough,Arsenal,2007-02-03,2007-02-03
2006–07,Watford,Bolton Wanderers,2007-02-03,2007-02-03
2006–07,Wigan Athletic,Portsmouth,2007-02-03,2007-02-03
2006–07,Tottenham Hotspur,Manchester United,2007-02-04,2007-02-04
2006–07,Chelsea,Middlesbrough,2007-02-10,2007-02-10
2006–07,Everton,Blackburn Rovers,2007-02-10,2007-02-10
2006–07,Manchester United,Charlton Athletic,2007-02-10,2007-02-10
2006–07,Newcastle United,Liverpool,2007-02-10,2007-02-10
2006–07,Portsmouth,Manchester City,2007-02-10,2007-02-10
2006–07,Reading,Aston Villa,2007-02-10,2007-02-10
2006–07,Sheffield United,Tottenham Hotspur,2007-02-10,2007-02-10
2006–07,West Ham United,Watford,2007-02-10,2007-02-10
2006–07,Arsenal,Wigan Athletic,2007-02-11,2007-02-11
2006–07,Bolton Wanderers,Fulham,2007-02-11,2007-02-11
2006–07,Everton,Tottenham Hotspur,2007-02-21,2007-02-21
2006–07,Watford,Wigan Athletic,2007-02-21,2007-02-21
2006–07,Charlton Athletic,West Ham United,2007-02-24,2007-02-24
2006–07,Fulham,Manchester United,2007-02-24,2007-02-24
2006–07,Liverpool,Sheffield United,2007-02-24,2007-02-24
2006–07,Middlesbrough,Reading,2007-02-24,2007-02-24
2006–07,Watford,Everton,2007-02-24,2007-02-24
2006–07,Blackburn Rovers,Portsmouth,2007-02-25,2007-02-25
2006–07,Tottenham Hotspur,Bolton Wanderers,2007-02-25,2007-02-25
2006–07,Wigan Athletic,Newcastle United,2007-02-25,2007-02-25
2006–07,Arsenal,Reading,2007-03-03,2007-03-03
2006–07,Fulham,Aston Villa,2007-03-03,2007-03-03
2006–07,Liverpool,Manchester United,2007-03-03,2007-03-03
2006–07,Manchester City,Wigan Athletic,2007-03-03,2007-03-03
2006–07,Newcastle United,Middlesbrough,2007-03-03,2007-03-03
2006–07,Portsmouth,Chelsea,2007-03-03,2007-03-03
2006–07,Sheffield United,Everton,2007-03-03,2007-03-03
2006–07,Watford,Charlton Athletic,2007-03-03,2007-03-03
2006–07,Bolton Wanderers,Blackburn Rovers,2007-03-04,2007-03-04
2006–07,West Ham United,Tottenham Hotspur,2007-03-04,2007-03-04
2006–07,Aston Villa,Arsenal,2007-03-14,2007-03-14
2006–07,Manchester City,Chelsea,2007-03-14,2007-03-14
2006–07,Blackburn Rovers,West Ham United,2007-03-17,2007-03-17
2006–07,Chelsea,Sheffield United,2007-03-17,2007-03-17
2006–07,Manchester United,Bolton Wanderers,2007-03-17,2007-03-17
2006–07,Middlesbrough,Manchester City,2007-03-17,2007-03-17
2006–07,Reading,Portsmouth,2007-03-17,2007-03-17
2006–07,Tottenham Hotspur,Watford,2007-03-17,2007-03-17
2006–07,Wigan Athletic,Fulham,2007-03-17,2007-03-17
2006–07,Aston Villa,Liverpool,2007-03-18,2007-03-18
2006–07,Charlton Athletic,Newcastle United,2007-03-18,2007-03-18
2006–07,Everton,Arsenal,2007-03-18,2007-03-18
2006–07,Bolton Wanderers,Sheffield United,2007-03-31,2007-03-31
2006–07,Charlton Athletic,Wigan Athletic,2007-03-31,2007-03-31
2006–07,Fulham,Portsmouth,2007-03-31,2007-03-31
2006–07,Liverpool,Arsenal,2007-03-31,2007-03-31
2006–07,Manchester United,Blackburn Rovers,2007-03-31,2007-03-31
2006–07,Newcastle United,Manchester City,2007-03-31,2007-03-31
2006–07,Watford,Chelsea,2007-03-31,2007-03-31
2006–07,West Ham United,Middlesbrough,2007-03-31,2007-03-31
2006–07,Tottenham Hotspur,Reading,2007-04-01,2007-04-01
2006–07,Aston Villa,Everton,2007-04-02,2007-04-02
2006–07,Everton,Fulham,2007-04-06,2007-04-06
2006–07,Manchester City,Charlton Athletic,2007-04-06,2007-04-06
2006–07,Arsenal,West Ham United,2007-04-07,2007-04-07
2006–07,Blackburn Rovers,Aston Villa,2007-04-07,2007-04-07
2006–07,Chelsea,Tottenham Hotspur,2007-04-07,2007-04-07
2006–07,Middlesbrough,Watford,2007-04-07,2007-04-07
2006–07,Portsmouth,Manchester United,2007-04-07,2007-04-07
2006–07,Reading,Liverpool,2007-04-07,2007-04-07
2006–07,Sheffield United,Newcastle United,2007-04-07,2007-04-07
2006–07,Wigan Athletic,Bolton Wanderers,2007-04-07,2007-04-07
2006–07,Aston Villa,Wigan Athletic,2007-04-09,2007-04-09
2006–07,Bolton Wanderers,Everton,2007-04-09,2007-04-09
2006–07,Charlton Athletic,Reading,2007-04-09,2007-04-09
2006–07,Fulham,Manchester City,2007-04-09,2007-04-09
2006–07,Newcastle United,Arsenal,2007-04-09,2007-04-09
2006–07,Watford,Portsmouth,2007-04-09,2007-04-09
2006–07,Arsenal,Bolton Wanderers,2007-04-14,2007-04-14
2006–07,Manchester City,Liverpool,2007-04-14,2007-04-14
2006–07,Middlesbrough,Aston Villa,2007-04-14,2007-04-14
2006–07,Portsmouth,Newcastle United,2007-04-14,2007-04-14
2006–07,Reading,Fulham,2007-04-14,2007-04-14
2006–07,Sheffield United,West Ham United,2007-04-14,2007-04-14
2006–07,Everton,Charlton Athletic,2007-04-15,2007-04-15
2006–07,Wigan Athletic,Tottenham Hotspur,2007-04-15,2007-04-15
2006–07,Arsenal,Manchester City,2007-04-17,2007-04-17
2006–07,Manchester United,Sheffield United,2007-04-17,2007-04-17
2006–07,Blackburn Rovers,Watford,2007-04-18,2007-04-18
2006–07,Liverpool,Middlesbrough,2007-04-18,2007-04-18
2006–07,West Ham United,Chelsea,2007-04-18,2007-04-18
2006–07,Bolton Wanderers,Reading,2007-04-21,2007-04-21
2006–07,Charlton Athletic,Sheffield United,2007-04-21,2007-04-21
2006–07,Fulham,Blackburn Rovers,2007-04-21,2007-04-21
2006–07,Liverpool,Wigan Athletic,2007-04-21,2007-04-21
2006–07,Manchester United,Middlesbrough,2007-04-21,2007-04-21
2006–07,Tottenham Hotspur,Arsenal,2007-04-21,2007-04-21
2006–07,Watford,Manchester City,2007-04-21,2007-04-21
2006–07,West Ham United,Everton,2007-04-21,2007-04-21
2006–07,Aston Villa,Portsmouth,2007-04-22,2007-04-22
2006–07,Newcastle United,Chelsea,2007-04-22,2007-04-22
2006–07,Blackburn Rovers,Charlton Athletic,2007-04-28,2007-04-28
2006–07,Chelsea,Bolton Wanderers,2007-04-28,2007-04-28
2006–07,Everton,Manchester United,2007-04-28,2007-04-28
2006–07,Manchester City,Aston Villa,2007-04-28,2007-04-28
2006–07,Middlesbrough,Tottenham Hotspur,2007-04-28,2007-04-28
2006–07,Portsmouth,Liverpool,2007-04-28,2007-04-28
2006–07,Sheffield United,Watford,2007-04-28,2007-04-28
2006–07,Wigan Athletic,West Ham United,2007-04-28,2007-04-28
2006–07,Arsenal,Fulham,2007-04-29,2007-04-29
2006–07,Reading,Newcastle United,2007-04-30,2007-04-30
2006–07,Aston Villa,Sheffield United,2007-05-05,2007-05-05
2006–07,Everton,Portsmouth,2007-05-05,2007-05-05
2006–07,Fulham,Liverpool,2007-05-05,2007-05-05
2006–07,Manchester City,Manchester United,2007-05-05,2007-05-05
2006–07,Newcastle United,Blackburn Rovers,2007-05-05,2007-05-05
2006–07,Reading,Watford,2007-05-05,2007-05-05
2006–07,West Ham United,Bolton Wanderers,2007-05-05,2007-05-05
2006–07,Wigan Athletic,Middlesbrough,2007-05-05,2007-05-05
2006–07,Arsenal,Chelsea,2007-05-06,2007-05-06
2006–07,Charlton Athletic,Tottenham Hotspur,2007-05-07,2007-05-07
2006–07,Chelsea,Manchester United,2007-05-09,2007-05-09
2006–07,Tottenham Hotspur,Blackburn Rovers,2007-05-10,2007-05-10
2006–07,Blackburn Rovers,Reading,2007-05-13,2007-05-13
2006–07,Bolton Wanderers,Aston Villa,2007-05-13,2007-05-13
2006–07,Chelsea,Everton,2007-05-13,2007-05-13
2006–07,Liverpool,Charlton Athletic,2007-05-13,2007-05-13
2006–07,Manchester United,West Ham United,2007-05-13,2007-05-13
2006–07,Middlesbrough,Fulham,2007-05-13,2007-05-13
2006–07,Portsmouth,Arsenal,2007-05-13,2007-05-13
2006–07,Sheffield United,Wigan Athletic,2007-05-13,2007-05-13
2006–07,Tottenham Hotspur,Manchester City,2007-05-13,2007-05-13
2006–07,Watford,Newcastle United,2007-05-13,2007-05-13
2007–08,Aston Villa,Liverpool,2007-08-11,2007-08-11
2007–08,Bolton Wanderers,Newcastle United,2007-08-11,2007-08-11
2007–08,Derby County,Portsmouth,2007-08-11,2007-08-11
2007–08,Everton,Wigan Athletic,2007-08-11,2007-08-11
2007–08,Middlesbrough,Blackburn Rovers,2007-08-11,2007-08-11
2007–08,Sunderland,Tottenham Hotspur,2007-08-11,2007-08-11
2007–08,West Ham United,Manchester City,2007-08-11,2007-08-11
2007–08,Arsenal,Fulham,2007-08-12,2007-08-12
2007–08,Chelsea,Birmingham City,2007-08-12,2007-08-12
2007–08,Manchester United,Reading,2007-08-12,2007-08-12
2007–08,Tottenham Hotspur,Everton,2007-08-14,2007-08-14
2007–08,Birmingham City,Sunderland,2007-08-15,2007-08-15
2007–08,Fulham,Bolton Wanderers,2007-08-15,2007-08-15
2007–08,Manchester City,Derby County,2007-08-15,2007-08-15
2007–08,Portsmouth,Manchester United,2007-08-15,2007-08-15
2007–08,Reading,Chelsea,2007-08-15,2007-08-15
2007–08,Wigan Athletic,Middlesbrough,2007-08-15,2007-08-15
2007–08,Birmingham City,West Ham United,2007-08-18,2007-08-18
2007–08,Fulham,Middlesbrough,2007-08-18,2007-08-18
2007–08,Newcastle United,Aston Villa,2007-08-18,2007-08-18
2007–08,Portsmouth,Bolton Wanderers,2007-08-18,2007-08-18
2007–08,Reading,Everton,2007-08-18,2007-08-18
2007–08,Tottenham Hotspur,Derby County,2007-08-18,2007-08-18
2007–08,Wigan Athletic,Sunderland,2007-08-18,2007-08-18
2007–08,Blackburn Rovers,Arsenal,2007-08-19,2007-08-19
2007–08,Liverpool,Chelsea,2007-08-19,2007-08-19
2007–08,Manchester City,Manchester United,2007-08-19,2007-08-19
2007–08,Arsenal,Manchester City,2007-08-25,2007-08-25
2007–08,Aston Villa,Fulham,2007-08-25,2007-08-25
2007–08,Bolton Wanderers,Reading,2007-08-25,2007-08-25
2007–08,Chelsea,Portsmouth,2007-08-25,2007-08-25
2007–08,Derby County,Birmingham City,2007-08-25,2007-08-25
2007–08,Everton,Blackburn Rovers,2007-08-25,2007-08-25
2007–08,Sunderland,Liverpool,2007-08-25,2007-08-25
2007–08,West Ham United,Wigan Athletic,2007-08-25,2007-08-25
2007–08,Manchester United,Tottenham Hotspur,2007-08-26,2007-08-26
2007–08,Middlesbrough,Newcastle United,2007-08-26,2007-08-26
2007–08,Bolton Wanderers,Everton,2007-09-01,2007-09-01
2007–08,Fulham,Tottenham Hotspur,2007-09-01,2007-09-01
2007–08,Liverpool,Derby County,2007-09-01,2007-09-01
2007–08,Manchester United,Sunderland,2007-09-01,2007-09-01
2007–08,Middlesbrough,Birmingham City,2007-09-01,2007-09-01
2007–08,Newcastle United,Wigan Athletic,2007-09-01,2007-09-01
2007–08,Reading,West Ham United,2007-09-01,2007-09-01
2007–08,Arsenal,Portsmouth,2007-09-02,2007-09-02
2007–08,Aston Villa,Chelsea,2007-09-02,2007-09-02
2007–08,Blackburn Rovers,Manchester City,2007-09-02,2007-09-02
2007–08,Birmingham City,Bolton Wanderers,2007-09-15,2007-09-15
2007–08,Chelsea,Blackburn Rovers,2007-09-15,2007-09-15
2007–08,Everton,Manchester United,2007-09-15,2007-09-15
2007–08,Portsmouth,Liverpool,2007-09-15,2007-09-15
2007–08,Sunderland,Reading,2007-09-15,2007-09-15
2007–08,Tottenham Hotspur,Arsenal,2007-09-15,2007-09-15
2007–08,West Ham United,Middlesbrough,2007-09-15,2007-09-15
2007–08,Wigan Athletic,Fulham,2007-09-15,2007-09-15
2007–08,Manchester City,Aston Villa,2007-09-16,2007-09-16
2007–08,Derby County,Newcastle United,2007-09-17,2007-09-17
2007–08,Arsenal,Derby County,2007-09-22,2007-09-22
2007–08,Fulham,Manchester City,2007-09-22,2007-09-22
2007–08,Liverpool,Birmingham City,2007-09-22,2007-09-22
2007–08,Middlesbrough,Sunderland,2007-09-22,2007-09-22
2007–08,Reading,Wigan Athletic,2007-09-22,2007-09-22
2007–08,Aston Villa,Everton,2007-09-23,2007-09-23
2007–08,Blackburn Rovers,Portsmouth,2007-09-23,2007-09-23
2007–08,Bolton Wanderers,Tottenham Hotspur,2007-09-23,2007-09-23
2007–08,Manchester United,Chelsea,2007-09-23,2007-09-23
2007–08,Newcastle United,West Ham United,2007-09-23,2007-09-23
2007–08,Birmingham City,Manchester United,2007-09-29,2007-09-29
2007–08,Chelsea,Fulham,2007-09-29,2007-09-29
2007–08,Derby County,Bolton Wanderers,2007-09-29,2007-09-29
2007–08,Manchester City,Newcastle United,2007-09-29,2007-09-29
2007–08,Portsmouth,Reading,2007-09-29,2007-09-29
2007–08,Sunderland,Blackburn Rovers,2007-09-29,2007-09-29
2007–08,West Ham United,Arsenal,2007-09-29,2007-09-29
2007–08,Wigan Athletic,Liverpool,2007-09-29,2007-09-29
2007–08,Everton,Middlesbrough,2007-09-30,2007-09-30
2007–08,Tottenham Hotspur,Aston Villa,2007-10-01,2007-10-01
2007–08,Aston Villa,West Ham United,2007-10-06,2007-10-06
2007–08,Manchester United,Wigan Athletic,2007-10-06,2007-10-06
2007–08,Arsenal,Sunderland,2007-10-07,2007-10-07
2007–08,Blackburn Rovers,Birmingham City,2007-10-07,2007-10-07
2007–08,Bolton Wanderers,Chelsea,2007-10-07,2007-10-07
2007–08,Fulham,Portsmouth,2007-10-07,2007-10-07
2007–08,Liverpool,Tottenham Hotspur,2007-10-07,2007-10-07
2007–08,Manchester City,Middlesbrough,2007-10-07,2007-10-07
2007–08,Newcastle United,Everton,2007-10-07,2007-10-07
2007–08,Reading,Derby County,2007-10-07,2007-10-07
2007–08,Arsenal,Bolton Wanderers,2007-10-20,2007-10-20
2007–08,Aston Villa,Manchester United,2007-10-20,2007-10-20
2007–08,Blackburn Rovers,Reading,2007-10-20,2007-10-20
2007–08,Everton,Liverpool,2007-10-20,2007-10-20
2007–08,Fulham,Derby County,2007-10-20,2007-10-20
2007–08,Manchester City,Birmingham City,2007-10-20,2007-10-20
2007–08,Middlesbrough,Chelsea,2007-10-20,2007-10-20
2007–08,Wigan Athletic,Portsmouth,2007-10-20,2007-10-20
2007–08,West Ham United,Sunderland,2007-10-21,2007-10-21
2007–08,Newcastle United,Tottenham Hotspur,2007-10-22,2007-10-22
2007–08,Birmingham City,Wigan Athletic,2007-10-27,2007-10-27
2007–08,Chelsea,Manchester City,2007-10-27,2007-10-27
2007–08,Manchester United,Middlesbrough,2007-10-27,2007-10-27
2007–08,Portsmouth,West Ham United,2007-10-27,2007-10-27
2007–08,Reading,Newcastle United,2007-10-27,2007-10-27
2007–08,Sunderland,Fulham,2007-10-27,2007-10-27
2007–08,Bolton Wanderers,Aston Villa,2007-10-28,2007-10-28
2007–08,Derby County,Everton,2007-10-28,2007-10-28
2007–08,Liverpool,Arsenal,2007-10-28,2007-10-28
2007–08,Tottenham Hotspur,Blackburn Rovers,2007-10-28,2007-10-28
2007–08,Arsenal,Manchester United,2007-11-03,2007-11-03
2007–08,Aston Villa,Derby County,2007-11-03,2007-11-03
2007–08,Blackburn Rovers,Liverpool,2007-11-03,2007-11-03
2007–08,Everton,Birmingham City,2007-11-03,2007-11-03
2007–08,Fulham,Reading,2007-11-03,2007-11-03
2007–08,Middlesbrough,Tottenham Hotspur,2007-11-03,2007-11-03
2007–08,Newcastle United,Portsmouth,2007-11-03,2007-11-03
2007–08,Wigan Athletic,Chelsea,2007-11-03,2007-11-03
2007–08,West Ham United,Bolton Wanderers,2007-11-04,2007-11-04
2007–08,Manchester City,Sunderland,2007-11-05,2007-11-05
2007–08,Derby County,West Ham United,2007-11-10,2007-11-10
2007–08,Liverpool,Fulham,2007-11-10,2007-11-10
2007–08,Sunderland,Newcastle United,2007-11-10,2007-11-10
2007–08,Birmingham City,Aston Villa,2007-11-11,2007-11-11
2007–08,Bolton Wanderers,Middlesbrough,2007-11-11,2007-11-11
2007–08,Chelsea,Everton,2007-11-11,2007-11-11
2007–08,Manchester United,Blackburn Rovers,2007-11-11,2007-11-11
2007–08,Portsmouth,Manchester City,2007-11-11,2007-11-11
2007–08,Tottenham Hotspur,Wigan Athletic,2007-11-11,2007-11-11
2007–08,Reading,Arsenal,2007-11-12,2007-11-12
2007–08,Arsenal,Wigan Athletic,2007-11-24,2007-11-24
2007–08,Birmingham City,Portsmouth,2007-11-24,2007-11-24
2007–08,Bolton Wanderers,Manchester United,2007-11-24,2007-11-24
2007–08,Derby County,Chelsea,2007-11-24,2007-11-24
2007–08,Everton,Sunderland,2007-11-24,2007-11-24
2007–08,Manchester City,Reading,2007-11-24,2007-11-24
2007–08,Middlesbrough,Aston Villa,2007-11-24,2007-11-24
2007–08,Newcastle United,Liverpool,2007-11-24,2007-11-24
2007–08,Fulham,Blackburn Rovers,2007-11-25,2007-11-25
2007–08,West Ham United,Tottenham Hotspur,2007-11-25,2007-11-25
2007–08,Blackburn Rovers,Aston Villa,2007-11-28,2007-11-28
2007–08,Aston Villa,Arsenal,2007-12-01,2007-12-01
2007–08,Blackburn Rovers,Newcastle United,2007-12-01,2007-12-01
2007–08,Chelsea,West Ham United,2007-12-01,2007-12-01
2007–08,Portsmouth,Everton,2007-12-01,2007-12-01
2007–08,Reading,Middlesbrough,2007-12-01,2007-12-01
2007–08,Sunderland,Derby County,2007-12-01,2007-12-01
2007–08,Wigan Athletic,Manchester City,2007-12-01,2007-12-01
2007–08,Liverpool,Bolton Wanderers,2007-12-02,2007-12-02
2007–08,Tottenham Hotspur,Birmingham City,2007-12-02,2007-12-02
2007–08,Manchester United,Fulham,2007-12-03,2007-12-03
2007–08,Newcastle United,Arsenal,2007-12-05,2007-12-05
2007–08,Aston Villa,Portsmouth,2007-12-08,2007-12-08
2007–08,Chelsea,Sunderland,2007-12-08,2007-12-08
2007–08,Everton,Fulham,2007-12-08,2007-12-08
2007–08,Manchester United,Derby County,2007-12-08,2007-12-08
2007–08,Newcastle United,Birmingham City,2007-12-08,2007-12-08
2007–08,Reading,Liverpool,2007-12-08,2007-12-08
2007–08,Blackburn Rovers,West Ham United,2007-12-09,2007-12-09
2007–08,Bolton Wanderers,Wigan Athletic,2007-12-09,2007-12-09
2007–08,Middlesbrough,Arsenal,2007-12-09,2007-12-09
2007–08,Tottenham Hotspur,Manchester City,2007-12-09,2007-12-09
2007–08,Birmingham City,Reading,2007-12-15,2007-12-15
2007–08,Derby County,Middlesbrough,2007-12-15,2007-12-15
2007–08,Fulham,Newcastle United,2007-12-15,2007-12-15
2007–08,Manchester City,Bolton Wanderers,2007-12-15,2007-12-15
2007–08,Portsmouth,Tottenham Hotspur,2007-12-15,2007-12-15
2007–08,Sunderland,Aston Villa,2007-12-15,2007-12-15
2007–08,West Ham United,Everton,2007-12-15,2007-12-15
2007–08,Wigan Athletic,Blackburn Rovers,2007-12-15,2007-12-15
2007–08,Arsenal,Chelsea,2007-12-16,2007-12-16
2007–08,Liverpool,Manchester United,2007-12-16,2007-12-16
2007–08,Arsenal,Tottenham Hotspur,2007-12-22,2007-12-22
2007–08,Aston Villa,Manchester City,2007-12-22,2007-12-22
2007–08,Bolton Wanderers,Birmingham City,2007-12-22,2007-12-22
2007–08,Fulham,Wigan Athletic,2007-12-22,2007-12-22
2007–08,Liverpool,Portsmouth,2007-12-22,2007-12-22
2007–08,Middlesbrough,West Ham United,2007-12-22,2007-12-22
2007–08,Reading,Sunderland,2007-12-22,2007-12-22
2007–08,Blackburn Rovers,Chelsea,2007-12-23,2007-12-23
2007–08,Manchester United,Everton,2007-12-23,2007-12-23
2007–08,Newcastle United,Derby County,2007-12-23,2007-12-23
2007–08,Birmingham City,Middlesbrough,2007-12-26,2007-12-26
2007–08,Chelsea,Aston Villa,2007-12-26,2007-12-26
2007–08,Derby County,Liverpool,2007-12-26,2007-12-26
2007–08,Everton,Bolton Wanderers,2007-12-26,2007-12-26
2007–08,Portsmouth,Arsenal,2007-12-26,2007-12-26
2007–08,Sunderland,Manchester United,2007-12-26,2007-12-26
2007–08,Tottenham Hotspur,Fulham,2007-12-26,2007-12-26
2007–08,West Ham United,Reading,2007-12-26,2007-12-26
2007–08,Wigan Athletic,Newcastle United,2007-12-26,2007-12-26
2007–08,Manchester City,Blackburn Rovers,2007-12-27,2007-12-27
2007–08,Birmingham City,Fulham,2007-12-29,2007-12-29
2007–08,Chelsea,Newcastle United,2007-12-29,2007-12-29
2007–08,Everton,Arsenal,2007-12-29,2007-12-29
2007–08,Portsmouth,Middlesbrough,2007-12-29,2007-12-29
2007–08,Sunderland,Bolton Wanderers,2007-12-29,2007-12-29
2007–08,Tottenham Hotspur,Reading,2007-12-29,2007-12-29
2007–08,West Ham United,Manchester United,2007-12-29,2007-12-29
2007–08,Wigan Athletic,Aston Villa,2007-12-29,2007-12-29
2007–08,Derby County,Blackburn Rovers,2007-12-30,2007-12-30
2007–08,Manchester City,Liverpool,2007-12-30,2007-12-30
2007–08,Arsenal,West Ham United,2008-01-01,2008-01-01
2007–08,Aston Villa,Tottenham Hotspur,2008-01-01,2008-01-01
2007–08,Fulham,Chelsea,2008-01-01,2008-01-01
2007–08,Manchester United,Birmingham City,2008-01-01,2008-01-01
2007–08,Middlesbrough,Everton,2008-01-01,2008-01-01
2007–08,Reading,Portsmouth,2008-01-01,2008-01-01
2007–08,Blackburn Rovers,Sunderland,2008-01-02,2008-01-02
2007–08,Bolton Wanderers,Derby County,2008-01-02,2008-01-02
2007–08,Liverpool,Wigan Athletic,2008-01-02,2008-01-02
2007–08,Newcastle United,Manchester City,2008-01-02,2008-01-02
2007–08,Arsenal,Birmingham City,2008-01-12,2008-01-12
2007–08,Aston Villa,Reading,2008-01-12,2008-01-12
2007–08,Chelsea,Tottenham Hotspur,2008-01-12,2008-01-12
2007–08,Derby County,Wigan Athletic,2008-01-12,2008-01-12
2007–08,Everton,Manchester City,2008-01-12,2008-01-12
2007–08,Manchester United,Newcastle United,2008-01-12,2008-01-12
2007–08,Middlesbrough,Liverpool,2008-01-12,2008-01-12
2007–08,West Ham United,Fulham,2008-01-12,2008-01-12
2007–08,Bolton Wanderers,Blackburn Rovers,2008-01-13,2008-01-13
2007–08,Sunderland,Portsmouth,2008-01-13,2008-01-13
2007–08,Birmingham City,Chelsea,2008-01-19,2008-01-19
2007–08,Blackburn Rovers,Middlesbrough,2008-01-19,2008-01-19
2007–08,Fulham,Arsenal,2008-01-19,2008-01-19
2007–08,Newcastle United,Bolton Wanderers,2008-01-19,2008-01-19
2007–08,Portsmouth,Derby County,2008-01-19,2008-01-19
2007–08,Reading,Manchester United,2008-01-19,2008-01-19
2007–08,Tottenham Hotspur,Sunderland,2008-01-19,2008-01-19
2007–08,Manchester City,West Ham United,2008-01-20,2008-01-20
2007–08,Wigan Athletic,Everton,2008-01-20,2008-01-20
2007–08,Liverpool,Aston Villa,2008-01-21,2008-01-21
2007–08,Aston Villa,Blackburn Rovers,2008-01-26,2008-01-26
2007–08,Arsenal,Newcastle United,2008-01-29,2008-01-29
2007–08,Bolton Wanderers,Fulham,2008-01-29,2008-01-29
2007–08,Middlesbrough,Wigan Athletic,2008-01-29,2008-01-29
2007–08,Sunderland,Birmingham City,2008-01-29,2008-01-29
2007–08,Chelsea,Reading,2008-01-30,2008-01-30
2007–08,Derby County,Manchester City,2008-01-30,2008-01-30
2007–08,Everton,Tottenham Hotspur,2008-01-30,2008-01-30
2007–08,Manchester United,Portsmouth,2008-01-30,2008-01-30
2007–08,West Ham United,Liverpool,2008-01-30,2008-01-30
2007–08,Birmingham City,Derby County,2008-02-02,2008-02-02
2007–08,Blackburn Rovers,Everton,2008-02-02,2008-02-02
2007–08,Liverpool,Sunderland,2008-02-02,2008-02-02
2007–08,Manchester City,Arsenal,2008-02-02,2008-02-02
2007–08,Portsmouth,Chelsea,2008-02-02,2008-02-02
2007–08,Reading,Bolton Wanderers,2008-02-02,2008-02-02
2007–08,Tottenham Hotspur,Manchester United,2008-02-02,2008-02-02
2007–08,Wigan Athletic,West Ham United,2008-02-02,2008-02-02
2007–08,Fulham,Aston Villa,2008-02-03,2008-02-03
2007–08,Newcastle United,Middlesbrough,2008-02-03,2008-02-03
2007–08,Aston Villa,Newcastle United,2008-02-09,2008-02-09
2007–08,Bolton Wanderers,Portsmouth,2008-02-09,2008-02-09
2007–08,Derby County,Tottenham Hotspur,2008-02-09,2008-02-09
2007–08,Everton,Reading,2008-02-09,2008-02-09
2007–08,Middlesbrough,Fulham,2008-02-09,2008-02-09
2007–08,Sunderland,Wigan Athletic,2008-02-09,2008-02-09
2007–08,West Ham United,Birmingham City,2008-02-09,2008-02-09
2007–08,Chelsea,Liverpool,2008-02-10,2008-02-10
2007–08,Manchester United,Manchester City,2008-02-10,2008-02-10
2007–08,Arsenal,Blackburn Rovers,2008-02-11,2008-02-11
2007–08,Birmingham City,Arsenal,2008-02-23,2008-02-23
2007–08,Fulham,West Ham United,2008-02-23,2008-02-23
2007–08,Liverpool,Middlesbrough,2008-02-23,2008-02-23
2007–08,Newcastle United,Manchester United,2008-02-23,2008-02-23
2007–08,Portsmouth,Sunderland,2008-02-23,2008-02-23
2007–08,Wigan Athletic,Derby County,2008-02-23,2008-02-23
2007–08,Blackburn Rovers,Bolton Wanderers,2008-02-24,2008-02-24
2007–08,Reading,Aston Villa,2008-02-24,2008-02-24
2007–08,Manchester City,Everton,2008-02-25,2008-02-25
2007–08,Arsenal,Aston Villa,2008-03-01,2008-03-01
2007–08,Birmingham City,Tottenham Hotspur,2008-03-01,2008-03-01
2007–08,Derby County,Sunderland,2008-03-01,2008-03-01
2007–08,Fulham,Manchester United,2008-03-01,2008-03-01
2007–08,Manchester City,Wigan Athletic,2008-03-01,2008-03-01
2007–08,Middlesbrough,Reading,2008-03-01,2008-03-01
2007–08,Newcastle United,Blackburn Rovers,2008-03-01,2008-03-01
2007–08,West Ham United,Chelsea,2008-03-01,2008-03-01
2007–08,Bolton Wanderers,Liverpool,2008-03-02,2008-03-02
2007–08,Everton,Portsmouth,2008-03-02,2008-03-02
2007–08,Liverpool,West Ham United,2008-03-05,2008-03-05
2007–08,Blackburn Rovers,Fulham,2008-03-08,2008-03-08
2007–08,Liverpool,Newcastle United,2008-03-08,2008-03-08
2007–08,Reading,Manchester City,2008-03-08,2008-03-08
2007–08,Sunderland,Everton,2008-03-09,2008-03-09
2007–08,Tottenham Hotspur,West Ham United,2008-03-09,2008-03-09
2007–08,Wigan Athletic,Arsenal,2008-03-09,2008-03-09
2007–08,Aston Villa,Middlesbrough,2008-03-12,2008-03-12
2007–08,Chelsea,Derby County,2008-03-12,2008-03-12
2007–08,Portsmouth,Birmingham City,2008-03-12,2008-03-12
2007–08,Arsenal,Middlesbrough,2008-03-15,2008-03-15
2007–08,Derby County,Manchester United,2008-03-15,2008-03-15
2007–08,Liverpool,Reading,2008-03-15,2008-03-15
2007–08,Portsmouth,Aston Villa,2008-03-15,2008-03-15
2007–08,Sunderland,Chelsea,2008-03-15,2008-03-15
2007–08,West Ham United,Blackburn Rovers,2008-03-15,2008-03-15
2007–08,Fulham,Everton,2008-03-16,2008-03-16
2007–08,Manchester City,Tottenham Hotspur,2008-03-16,2008-03-16
2007–08,Wigan Athletic,Bolton Wanderers,2008-03-16,2008-03-16
2007–08,Birmingham City,Newcastle United,2008-03-17,2008-03-17
2007–08,Manchester United,Bolton Wanderers,2008-03-19,2008-03-19
2007–08,Tottenham Hotspur,Chelsea,2008-03-19,2008-03-19
2007–08,Aston Villa,Sunderland,2008-03-22,2008-03-22
2007–08,Blackburn Rovers,Wigan Athletic,2008-03-22,2008-03-22
2007–08,Bolton Wanderers,Manchester City,2008-03-22,2008-03-22
2007–08,Everton,West Ham United,2008-03-22,2008-03-22
2007–08,Middlesbrough,Derby County,2008-03-22,2008-03-22
2007–08,Newcastle United,Fulham,2008-03-22,2008-03-22
2007–08,Reading,Birmingham City,2008-03-22,2008-03-22
2007–08,Tottenham Hotspur,Portsmouth,2008-03-22,2008-03-22
2007–08,Chelsea,Arsenal,2008-03-23,2008-03-23
2007–08,Manchester United,Liverpool,2008-03-23,2008-03-23
2007–08,Birmingham City,Manchester City,2008-03-29,2008-03-29
2007–08,Bolton Wanderers,Arsenal,2008-03-29,2008-03-29
2007–08,Derby County,Fulham,2008-03-29,2008-03-29
2007–08,Manchester United,Aston Villa,2008-03-29,2008-03-29
2007–08,Portsmouth,Wigan Athletic,2008-03-29,2008-03-29
2007–08,Reading,Blackburn Rovers,2008-03-29,2008-03-29
2007–08,Sunderland,West Ham United,2008-03-29,2008-03-29
2007–08,Chelsea,Middlesbrough,2008-03-30,2008-03-30
2007–08,Liverpool,Everton,2008-03-30,2008-03-30
2007–08,Tottenham Hotspur,Newcastle United,2008-03-30,2008-03-30
2007–08,Arsenal,Liverpool,2008-04-05,2008-04-05
2007–08,Aston Villa,Bolton Wanderers,2008-04-05,2008-04-05
2007–08,Blackburn Rovers,Tottenham Hotspur,2008-04-05,2008-04-05
2007–08,Fulham,Sunderland,2008-04-05,2008-04-05
2007–08,Manchester City,Chelsea,2008-04-05,2008-04-05
2007–08,Newcastle United,Reading,2008-04-05,2008-04-05
2007–08,Wigan Athletic,Birmingham City,2008-04-05,2008-04-05
2007–08,Everton,Derby County,2008-04-06,2008-04-06
2007–08,Middlesbrough,Manchester United,2008-04-06,2008-04-06
2007–08,West Ham United,Portsmouth,2008-04-08,2008-04-08
2007–08,Birmingham City,Everton,2008-04-12,2008-04-12
2007–08,Bolton Wanderers,West Ham United,2008-04-12,2008-04-12
2007–08,Derby County,Aston Villa,2008-04-12,2008-04-12
2007–08,Portsmouth,Newcastle United,2008-04-12,2008-04-12
2007–08,Reading,Fulham,2008-04-12,2008-04-12
2007–08,Sunderland,Manchester City,2008-04-12,2008-04-12
2007–08,Tottenham Hotspur,Middlesbrough,2008-04-12,2008-04-12
2007–08,Liverpool,Blackburn Rovers,2008-04-13,2008-04-13
2007–08,Manchester United,Arsenal,2008-04-13,2008-04-13
2007–08,Chelsea,Wigan Athletic,2008-04-14,2008-04-14
2007–08,Everton,Chelsea,2008-04-17,2008-04-17
2007–08,Arsenal,Reading,2008-04-19,2008-04-19
2007–08,Blackburn Rovers,Manchester United,2008-04-19,2008-04-19
2007–08,Fulham,Liverpool,2008-04-19,2008-04-19
2007–08,Middlesbrough,Bolton Wanderers,2008-04-19,2008-04-19
2007–08,West Ham United,Derby County,2008-04-19,2008-04-19
2007–08,Wigan Athletic,Tottenham Hotspur,2008-04-19,2008-04-19
2007–08,Aston Villa,Birmingham City,2008-04-20,2008-04-20
2007–08,Manchester City,Portsmouth,2008-04-20,2008-04-20
2007–08,Newcastle United,Sunderland,2008-04-20,2008-04-20
2007–08,Birmingham City,Liverpool,2008-04-26,2008-04-26
2007–08,Chelsea,Manchester United,2008-04-26,2008-04-26
2007–08,Manchester City,Fulham,2008-04-26,2008-04-26
2007–08,Sunderland,Middlesbrough,2008-04-26,2008-04-26
2007–08,Tottenham Hotspur,Bolton Wanderers,2008-04-26,2008-04-26
2007–08,West Ham United,Newcastle United,2008-04-26,2008-04-26
2007–08,Wigan Athletic,Reading,2008-04-26,2008-04-26
2007–08,Everton,Aston Villa,2008-04-27,2008-04-27
2007–08,Portsmouth,Blackburn Rovers,2008-04-27,2008-04-27
2007–08,Derby County,Arsenal,2008-04-28,2008-04-28
2007–08,Aston Villa,Wigan Athletic,2008-05-03,2008-05-03
2007–08,Blackburn Rovers,Derby County,2008-05-03,2008-05-03
2007–08,Bolton Wanderers,Sunderland,2008-05-03,2008-05-03
2007–08,Fulham,Birmingham City,2008-05-03,2008-05-03
2007–08,Manchester United,West Ham United,2008-05-03,2008-05-03
2007–08,Middlesbrough,Portsmouth,2008-05-03,2008-05-03
2007–08,Reading,Tottenham Hotspur,2008-05-03,2008-05-03
2007–08,Arsenal,Everton,2008-05-04,2008-05-04
2007–08,Liverpool,Manchester City,2008-05-04,2008-05-04
2007–08,Newcastle United,Chelsea,2008-05-05,2008-05-05
2007–08,Birmingham City,Blackburn Rovers,2008-05-11,2008-05-11
2007–08,Chelsea,Bolton Wanderers,2008-05-11,2008-05-11
2007–08,Derby County,Reading,2008-05-11,2008-05-11
2007–08,Everton,Newcastle United,2008-05-11,2008-05-11
2007–08,Middlesbrough,Manchester City,2008-05-11,2008-05-11
2007–08,Portsmouth,Fulham,2008-05-11,2008-05-11
2007–08,Sunderland,Arsenal,2008-05-11,2008-05-11
2007–08,Tottenham Hotspur,Liverpool,2008-05-11,2008-05-11
2007–08,West Ham United,Aston Villa,2008-05-11,2008-05-11
2007–08,Wigan Athletic,Manchester United,2008-05-11,2008-05-11
2008–09,Arsenal,West Bromwich Albion,2008-08-16,2008-08-16
2008–09,Bolton Wanderers,Stoke City,2008-08-16,2008-08-16
2008–09,Everton,Blackburn Rovers,2008-08-16,2008-08-16
2008–09,Hull City,Fulham,2008-08-16,2008-08-16
2008–09,Middlesbrough,Tottenham Hotspur,2008-08-16,2008-08-16
2008–09,Sunderland,Liverpool,2008-08-16,2008-08-16
2008–09,West Ham United,Wigan Athletic,2008-08-16,2008-08-16
2008–09,Aston Villa,Manchester City,2008-08-17,2008-08-17
2008–09,Chelsea,Portsmouth,2008-08-17,2008-08-17
2008–09,Manchester United,Newcastle United,2008-08-17,2008-08-17
2008–09,Blackburn Rovers,Hull City,2008-08-23,2008-08-23
2008–09,Fulham,Arsenal,2008-08-23,2008-08-23
2008–09,Liverpool,Middlesbrough,2008-08-23,2008-08-23
2008–09,Newcastle United,Bolton Wanderers,2008-08-23,2008-08-23
2008–09,Stoke City,Aston Villa,2008-08-23,2008-08-23
2008–09,Tottenham Hotspur,Sunderland,2008-08-23,2008-08-23
2008–09,West Bromwich Albion,Everton,2008-08-23,2008-08-23
2008–09,Manchester City,West Ham United,2008-08-24,2008-08-24
2008–09,Wigan Athletic,Chelsea,2008-08-24,2008-08-24
2008–09,Portsmouth,Manchester United,2008-08-25,2008-08-25
2008–09,Arsenal,Newcastle United,2008-08-30,2008-08-30
2008–09,Bolton Wanderers,West Bromwich Albion,2008-08-30,2008-08-30
2008–09,Everton,Portsmouth,2008-08-30,2008-08-30
2008–09,Hull City,Wigan Athletic,2008-08-30,2008-08-30
2008–09,Middlesbrough,Stoke City,2008-08-30,2008-08-30
2008–09,West Ham United,Blackburn Rovers,2008-08-30,2008-08-30
2008–09,Aston Villa,Liverpool,2008-08-31,2008-08-31
2008–09,Chelsea,Tottenham Hotspur,2008-08-31,2008-08-31
2008–09,Sunderland,Manchester City,2008-08-31,2008-08-31
2008–09,Blackburn Rovers,Arsenal,2008-09-13,2008-09-13
2008–09,Fulham,Bolton Wanderers,2008-09-13,2008-09-13
2008–09,Liverpool,Manchester United,2008-09-13,2008-09-13
2008–09,Manchester City,Chelsea,2008-09-13,2008-09-13
2008–09,Newcastle United,Hull City,2008-09-13,2008-09-13
2008–09,Portsmouth,Middlesbrough,2008-09-13,2008-09-13
2008–09,West Bromwich Albion,West Ham United,2008-09-13,2008-09-13
2008–09,Wigan Athletic,Sunderland,2008-09-13,2008-09-13
2008–09,Stoke City,Everton,2008-09-14,2008-09-14
2008–09,Tottenham Hotspur,Aston Villa,2008-09-15,2008-09-15
2008–09,Blackburn Rovers,Fulham,2008-09-20,2008-09-20
2008–09,Bolton Wanderers,Arsenal,2008-09-20,2008-09-20
2008–09,Liverpool,Stoke City,2008-09-20,2008-09-20
2008–09,Sunderland,Middlesbrough,2008-09-20,2008-09-20
2008–09,West Ham United,Newcastle United,2008-09-20,2008-09-20
2008–09,Chelsea,Manchester United,2008-09-21,2008-09-21
2008–09,Hull City,Everton,2008-09-21,2008-09-21
2008–09,Manchester City,Portsmouth,2008-09-21,2008-09-21
2008–09,Tottenham Hotspur,Wigan Athletic,2008-09-21,2008-09-21
2008–09,West Bromwich Albion,Aston Villa,2008-09-21,2008-09-21
2008–09,Arsenal,Hull City,2008-09-27,2008-09-27
2008–09,Aston Villa,Sunderland,2008-09-27,2008-09-27
2008–09,Everton,Liverpool,2008-09-27,2008-09-27
2008–09,Fulham,West Ham United,2008-09-27,2008-09-27
2008–09,Manchester United,Bolton Wanderers,2008-09-27,2008-09-27
2008–09,Middlesbrough,West Bromwich Albion,2008-09-27,2008-09-27
2008–09,Newcastle United,Blackburn Rovers,2008-09-27,2008-09-27
2008–09,Stoke City,Chelsea,2008-09-27,2008-09-27
2008–09,Portsmouth,Tottenham Hotspur,2008-09-28,2008-09-28
2008–09,Wigan Athletic,Manchester City,2008-09-28,2008-09-28
2008–09,Blackburn Rovers,Manchester United,2008-10-04,2008-10-04
2008–09,Sunderland,Arsenal,2008-10-04,2008-10-04
2008–09,West Bromwich Albion,Fulham,2008-10-04,2008-10-04
2008–09,Wigan Athletic,Middlesbrough,2008-10-04,2008-10-04
2008–09,Chelsea,Aston Villa,2008-10-05,2008-10-05
2008–09,Everton,Newcastle United,2008-10-05,2008-10-05
2008–09,Manchester City,Liverpool,2008-10-05,2008-10-05
2008–09,Portsmouth,Stoke City,2008-10-05,2008-10-05
2008–09,Tottenham Hotspur,Hull City,2008-10-05,2008-10-05
2008–09,West Ham United,Bolton Wanderers,2008-10-05,2008-10-05
2008–09,Arsenal,Everton,2008-10-18,2008-10-18
2008–09,Aston Villa,Portsmouth,2008-10-18,2008-10-18
2008–09,Bolton Wanderers,Blackburn Rovers,2008-10-18,2008-10-18
2008–09,Fulham,Sunderland,2008-10-18,2008-10-18
2008–09,Liverpool,Wigan Athletic,2008-10-18,2008-10-18
2008–09,Manchester United,West Bromwich Albion,2008-10-18,2008-10-18
2008–09,Middlesbrough,Chelsea,2008-10-18,2008-10-18
2008–09,Hull City,West Ham United,2008-10-19,2008-10-19
2008–09,Stoke City,Tottenham Hotspur,2008-10-19,2008-10-19
2008–09,Newcastle United,Manchester City,2008-10-20,2008-10-20
2008–09,Blackburn Rovers,Middlesbrough,2008-10-25,2008-10-25
2008–09,Everton,Manchester United,2008-10-25,2008-10-25
2008–09,Sunderland,Newcastle United,2008-10-25,2008-10-25
2008–09,West Bromwich Albion,Hull City,2008-10-25,2008-10-25
2008–09,Chelsea,Liverpool,2008-10-26,2008-10-26
2008–09,Manchester City,Stoke City,2008-10-26,2008-10-26
2008–09,Portsmouth,Fulham,2008-10-26,2008-10-26
2008–09,Tottenham Hotspur,Bolton Wanderers,2008-10-26,2008-10-26
2008–09,West Ham United,Arsenal,2008-10-26,2008-10-26
2008–09,Wigan Athletic,Aston Villa,2008-10-26,2008-10-26
2008–09,Newcastle United,West Bromwich Albion,2008-10-28,2008-10-28
2008–09,Arsenal,Tottenham Hotspur,2008-10-29,2008-10-29
2008–09,Aston Villa,Blackburn Rovers,2008-10-29,2008-10-29
2008–09,Bolton Wanderers,Everton,2008-10-29,2008-10-29
2008–09,Fulham,Wigan Athletic,2008-10-29,2008-10-29
2008–09,Hull City,Chelsea,2008-10-29,2008-10-29
2008–09,Liverpool,Portsmouth,2008-10-29,2008-10-29
2008–09,Manchester United,West Ham United,2008-10-29,2008-10-29
2008–09,Middlesbrough,Manchester City,2008-10-29,2008-10-29
2008–09,Stoke City,Sunderland,2008-10-29,2008-10-29
2008–09,Chelsea,Sunderland,2008-11-01,2008-11-01
2008–09,Everton,Fulham,2008-11-01,2008-11-01
2008–09,Manchester United,Hull City,2008-11-01,2008-11-01
2008–09,Middlesbrough,West Ham United,2008-11-01,2008-11-01
2008–09,Portsmouth,Wigan Athletic,2008-11-01,2008-11-01
2008–09,Stoke City,Arsenal,2008-11-01,2008-11-01
2008–09,Tottenham Hotspur,Liverpool,2008-11-01,2008-11-01
2008–09,West Bromwich Albion,Blackburn Rovers,2008-11-01,2008-11-01
2008–09,Bolton Wanderers,Manchester City,2008-11-02,2008-11-02
2008–09,Newcastle United,Aston Villa,2008-11-03,2008-11-03
2008–09,Arsenal,Manchester United,2008-11-08,2008-11-08
2008–09,Hull City,Bolton Wanderers,2008-11-08,2008-11-08
2008–09,Liverpool,West Bromwich Albion,2008-11-08,2008-11-08
2008–09,Sunderland,Portsmouth,2008-11-08,2008-11-08
2008–09,West Ham United,Everton,2008-11-08,2008-11-08
2008–09,Wigan Athletic,Stoke City,2008-11-08,2008-11-08
2008–09,Aston Villa,Middlesbrough,2008-11-09,2008-11-09
2008–09,Blackburn Rovers,Chelsea,2008-11-09,2008-11-09
2008–09,Fulham,Newcastle United,2008-11-09,2008-11-09
2008–09,Manchester City,Tottenham Hotspur,2008-11-09,2008-11-09
2008–09,Arsenal,Aston Villa,2008-11-15,2008-11-15
2008–09,Blackburn Rovers,Sunderland,2008-11-15,2008-11-15
2008–09,Bolton Wanderers,Liverpool,2008-11-15,2008-11-15
2008–09,Fulham,Tottenham Hotspur,2008-11-15,2008-11-15
2008–09,Manchester United,Stoke City,2008-11-15,2008-11-15
2008–09,Newcastle United,Wigan Athletic,2008-11-15,2008-11-15
2008–09,West Bromwich Albion,Chelsea,2008-11-15,2008-11-15
2008–09,West Ham United,Portsmouth,2008-11-15,2008-11-15
2008–09,Everton,Middlesbrough,2008-11-16,2008-11-16
2008–09,Hull City,Manchester City,2008-11-16,2008-11-16
2008–09,Aston Villa,Manchester United,2008-11-22,2008-11-22
2008–09,Chelsea,Newcastle United,2008-11-22,2008-11-22
2008–09,Liverpool,Fulham,2008-11-22,2008-11-22
2008–09,Manchester City,Arsenal,2008-11-22,2008-11-22
2008–09,Middlesbrough,Bolton Wanderers,2008-11-22,2008-11-22
2008–09,Portsmouth,Hull City,2008-11-22,2008-11-22
2008–09,Stoke City,West Bromwich Albion,2008-11-22,2008-11-22
2008–09,Sunderland,West Ham United,2008-11-23,2008-11-23
2008–09,Tottenham Hotspur,Blackburn Rovers,2008-11-23,2008-11-23
2008–09,Wigan Athletic,Everton,2008-11-24,2008-11-24
2008–09,Aston Villa,Fulham,2008-11-29,2008-11-29
2008–09,Middlesbrough,Newcastle United,2008-11-29,2008-11-29
2008–09,Stoke City,Hull City,2008-11-29,2008-11-29
2008–09,Sunderland,Bolton Wanderers,2008-11-29,2008-11-29
2008–09,Wigan Athletic,West Bromwich Albion,2008-11-29,2008-11-29
2008–09,Chelsea,Arsenal,2008-11-30,2008-11-30
2008–09,Manchester City,Manchester United,2008-11-30,2008-11-30
2008–09,Portsmouth,Blackburn Rovers,2008-11-30,2008-11-30
2008–09,Tottenham Hotspur,Everton,2008-11-30,2008-11-30
2008–09,Liverpool,West Ham United,2008-12-01,2008-12-01
2008–09,Arsenal,Wigan Athletic,2008-12-06,2008-12-06
2008–09,Blackburn Rovers,Liverpool,2008-12-06,2008-12-06
2008–09,Bolton Wanderers,Chelsea,2008-12-06,2008-12-06
2008–09,Fulham,Manchester City,2008-12-06,2008-12-06
2008–09,Hull City,Middlesbrough,2008-12-06,2008-12-06
2008–09,Manchester United,Sunderland,2008-12-06,2008-12-06
2008–09,Newcastle United,Stoke City,2008-12-06,2008-12-06
2008–09,Everton,Aston Villa,2008-12-07,2008-12-07
2008–09,West Bromwich Albion,Portsmouth,2008-12-07,2008-12-07
2008–09,West Ham United,Tottenham Hotspur,2008-12-08,2008-12-08
2008–09,Aston Villa,Bolton Wanderers,2008-12-13,2008-12-13
2008–09,Liverpool,Hull City,2008-12-13,2008-12-13
2008–09,Manchester City,Everton,2008-12-13,2008-12-13
2008–09,Middlesbrough,Arsenal,2008-12-13,2008-12-13
2008–09,Stoke City,Fulham,2008-12-13,2008-12-13
2008–09,Sunderland,West Bromwich Albion,2008-12-13,2008-12-13
2008–09,Tottenham Hotspur,Manchester United,2008-12-13,2008-12-13
2008–09,Wigan Athletic,Blackburn Rovers,2008-12-13,2008-12-13
2008–09,Chelsea,West Ham United,2008-12-14,2008-12-14
2008–09,Portsmouth,Newcastle United,2008-12-14,2008-12-14
2008–09,Blackburn Rovers,Stoke City,2008-12-20,2008-12-20
2008–09,Bolton Wanderers,Portsmouth,2008-12-20,2008-12-20
2008–09,Fulham,Middlesbrough,2008-12-20,2008-12-20
2008–09,Hull City,Sunderland,2008-12-20,2008-12-20
2008–09,West Ham United,Aston Villa,2008-12-20,2008-12-20
2008–09,Arsenal,Liverpool,2008-12-21,2008-12-21
2008–09,Newcastle United,Tottenham Hotspur,2008-12-21,2008-12-21
2008–09,West Bromwich Albion,Manchester City,2008-12-21,2008-12-21
2008–09,Everton,Chelsea,2008-12-22,2008-12-22
2008–09,Aston Villa,Arsenal,2008-12-26,2008-12-26
2008–09,Chelsea,West Bromwich Albion,2008-12-26,2008-12-26
2008–09,Liverpool,Bolton Wanderers,2008-12-26,2008-12-26
2008–09,Manchester City,Hull City,2008-12-26,2008-12-26
2008–09,Middlesbrough,Everton,2008-12-26,2008-12-26
2008–09,Portsmouth,West Ham United,2008-12-26,2008-12-26
2008–09,Stoke City,Manchester United,2008-12-26,2008-12-26
2008–09,Sunderland,Blackburn Rovers,2008-12-26,2008-12-26
2008–09,Tottenham Hotspur,Fulham,2008-12-26,2008-12-26
2008–09,Wigan Athletic,Newcastle United,2008-12-26,2008-12-26
2008–09,Arsenal,Portsmouth,2008-12-28,2008-12-28
2008–09,Blackburn Rovers,Manchester City,2008-12-28,2008-12-28
2008–09,Bolton Wanderers,Wigan Athletic,2008-12-28,2008-12-28
2008–09,Everton,Sunderland,2008-12-28,2008-12-28
2008–09,Fulham,Chelsea,2008-12-28,2008-12-28
2008–09,Newcastle United,Liverpool,2008-12-28,2008-12-28
2008–09,West Bromwich Albion,Tottenham Hotspur,2008-12-28,2008-12-28
2008–09,West Ham United,Stoke City,2008-12-28,2008-12-28
2008–09,Manchester United,Middlesbrough,2008-12-29,2008-12-29
2008–09,Hull City,Aston Villa,2008-12-30,2008-12-30
2008–09,Arsenal,Bolton Wanderers,2009-01-10,2009-01-10
2008–09,Aston Villa,West Bromwich Albion,2009-01-10,2009-01-10
2008–09,Everton,Hull City,2009-01-10,2009-01-10
2008–09,Middlesbrough,Sunderland,2009-01-10,2009-01-10
2008–09,Newcastle United,West Ham United,2009-01-10,2009-01-10
2008–09,Stoke City,Liverpool,2009-01-10,2009-01-10
2008–09,Manchester United,Chelsea,2009-01-11,2009-01-11
2008–09,Wigan Athletic,Tottenham Hotspur,2009-01-11,2009-01-11
2008–09,Manchester United,Wigan Athletic,2009-01-14,2009-01-14
2008–09,Blackburn Rovers,Newcastle United,2009-01-17,2009-01-17
2008–09,Bolton Wanderers,Manchester United,2009-01-17,2009-01-17
2008–09,Chelsea,Stoke City,2009-01-17,2009-01-17
2008–09,Hull City,Arsenal,2009-01-17,2009-01-17
2008–09,Manchester City,Wigan Athletic,2009-01-17,2009-01-17
2008–09,Sunderland,Aston Villa,2009-01-17,2009-01-17
2008–09,West Bromwich Albion,Middlesbrough,2009-01-17,2009-01-17
2008–09,Tottenham Hotspur,Portsmouth,2009-01-18,2009-01-18
2008–09,West Ham United,Fulham,2009-01-18,2009-01-18
2008–09,Liverpool,Everton,2009-01-19,2009-01-19
2008–09,Portsmouth,Aston Villa,2009-01-27,2009-01-27
2008–09,Sunderland,Fulham,2009-01-27,2009-01-27
2008–09,Tottenham Hotspur,Stoke City,2009-01-27,2009-01-27
2008–09,West Bromwich Albion,Manchester United,2009-01-27,2009-01-27
2008–09,Blackburn Rovers,Bolton Wanderers,2009-01-28,2009-01-28
2008–09,Chelsea,Middlesbrough,2009-01-28,2009-01-28
2008–09,Everton,Arsenal,2009-01-28,2009-01-28
2008–09,Manchester City,Newcastle United,2009-01-28,2009-01-28
2008–09,West Ham United,Hull City,2009-01-28,2009-01-28
2008–09,Wigan Athletic,Liverpool,2009-01-28,2009-01-28
2008–09,Arsenal,West Ham United,2009-01-31,2009-01-31
2008–09,Aston Villa,Wigan Athletic,2009-01-31,2009-01-31
2008–09,Bolton Wanderers,Tottenham Hotspur,2009-01-31,2009-01-31
2008–09,Fulham,Portsmouth,2009-01-31,2009-01-31
2008–09,Hull City,West Bromwich Albion,2009-01-31,2009-01-31
2008–09,Manchester United,Everton,2009-01-31,2009-01-31
2008–09,Middlesbrough,Blackburn Rovers,2009-01-31,2009-01-31
2008–09,Stoke City,Manchester City,2009-01-31,2009-01-31
2008–09,Liverpool,Chelsea,2009-02-01,2009-02-01
2008–09,Newcastle United,Sunderland,2009-02-01,2009-02-01
2008–09,Blackburn Rovers,Aston Villa,2009-02-07,2009-02-07
2008–09,Chelsea,Hull City,2009-02-07,2009-02-07
2008–09,Everton,Bolton Wanderers,2009-02-07,2009-02-07
2008–09,Manchester City,Middlesbrough,2009-02-07,2009-02-07
2008–09,Portsmouth,Liverpool,2009-02-07,2009-02-07
2008–09,Sunderland,Stoke City,2009-02-07,2009-02-07
2008–09,West Bromwich Albion,Newcastle United,2009-02-07,2009-02-07
2008–09,Wigan Athletic,Fulham,2009-02-07,2009-02-07
2008–09,Tottenham Hotspur,Arsenal,2009-02-08,2009-02-08
2008–09,West Ham United,Manchester United,2009-02-08,2009-02-08
2008–09,Portsmouth,Manchester City,2009-02-14,2009-02-14
2008–09,Manchester United,Fulham,2009-02-18,2009-02-18
2008–09,Arsenal,Sunderland,2009-02-21,2009-02-21
2008–09,Aston Villa,Chelsea,2009-02-21,2009-02-21
2008–09,Bolton Wanderers,West Ham United,2009-02-21,2009-02-21
2008–09,Manchester United,Blackburn Rovers,2009-02-21,2009-02-21
2008–09,Middlesbrough,Wigan Athletic,2009-02-21,2009-02-21
2008–09,Stoke City,Portsmouth,2009-02-21,2009-02-21
2008–09,Fulham,West Bromwich Albion,2009-02-22,2009-02-22
2008–09,Liverpool,Manchester City,2009-02-22,2009-02-22
2008–09,Newcastle United,Everton,2009-02-22,2009-02-22
2008–09,Hull City,Tottenham Hotspur,2009-02-23,2009-02-23
2008–09,Arsenal,Fulham,2009-02-28,2009-02-28
2008–09,Chelsea,Wigan Athletic,2009-02-28,2009-02-28
2008–09,Everton,West Bromwich Albion,2009-02-28,2009-02-28
2008–09,Middlesbrough,Liverpool,2009-02-28,2009-02-28
2008–09,Aston Villa,Stoke City,2009-03-01,2009-03-01
2008–09,Bolton Wanderers,Newcastle United,2009-03-01,2009-03-01
2008–09,Hull City,Blackburn Rovers,2009-03-01,2009-03-01
2008–09,West Ham United,Manchester City,2009-03-01,2009-03-01
2008–09,Liverpool,Sunderland,2009-03-03,2009-03-03
2008–09,Portsmouth,Chelsea,2009-03-03,2009-03-03
2008–09,West Bromwich Albion,Arsenal,2009-03-03,2009-03-03
2008–09,Blackburn Rovers,Everton,2009-03-04,2009-03-04
2008–09,Fulham,Hull City,2009-03-04,2009-03-04
2008–09,Manchester City,Aston Villa,2009-03-04,2009-03-04
2008–09,Newcastle United,Manchester United,2009-03-04,2009-03-04
2008–09,Stoke City,Bolton Wanderers,2009-03-04,2009-03-04
2008–09,Tottenham Hotspur,Middlesbrough,2009-03-04,2009-03-04
2008–09,Wigan Athletic,West Ham United,2009-03-04,2009-03-04
2008–09,Sunderland,Tottenham Hotspur,2009-03-07,2009-03-07
2008–09,Fulham,Blackburn Rovers,2009-03-11,2009-03-11
2008–09,Arsenal,Blackburn Rovers,2009-03-14,2009-03-14
2008–09,Bolton Wanderers,Fulham,2009-03-14,2009-03-14
2008–09,Everton,Stoke City,2009-03-14,2009-03-14
2008–09,Hull City,Newcastle United,2009-03-14,2009-03-14
2008–09,Manchester United,Liverpool,2009-03-14,2009-03-14
2008–09,Middlesbrough,Portsmouth,2009-03-14,2009-03-14
2008–09,Sunderland,Wigan Athletic,2009-03-14,2009-03-14
2008–09,Aston Villa,Tottenham Hotspur,2009-03-15,2009-03-15
2008–09,Chelsea,Manchester City,2009-03-15,2009-03-15
2008–09,West Ham United,West Bromwich Albion,2009-03-16,2009-03-16
2008–09,Blackburn Rovers,West Ham United,2009-03-21,2009-03-21
2008–09,Fulham,Manchester United,2009-03-21,2009-03-21
2008–09,Newcastle United,Arsenal,2009-03-21,2009-03-21
2008–09,Portsmouth,Everton,2009-03-21,2009-03-21
2008–09,Stoke City,Middlesbrough,2009-03-21,2009-03-21
2008–09,Tottenham Hotspur,Chelsea,2009-03-21,2009-03-21
2008–09,West Bromwich Albion,Bolton Wanderers,2009-03-21,2009-03-21
2008–09,Liverpool,Aston Villa,2009-03-22,2009-03-22
2008–09,Manchester City,Sunderland,2009-03-22,2009-03-22
2008–09,Wigan Athletic,Hull City,2009-03-22,2009-03-22
2008–09,Arsenal,Manchester City,2009-04-04,2009-04-04
2008–09,Blackburn Rovers,Tottenham Hotspur,2009-04-04,2009-04-04
2008–09,Bolton Wanderers,Middlesbrough,2009-04-04,2009-04-04
2008–09,Fulham,Liverpool,2009-04-04,2009-04-04
2008–09,Hull City,Portsmouth,2009-04-04,2009-04-04
2008–09,Newcastle United,Chelsea,2009-04-04,2009-04-04
2008–09,West Bromwich Albion,Stoke City,2009-04-04,2009-04-04
2008–09,West Ham United,Sunderland,2009-04-04,2009-04-04
2008–09,Everton,Wigan Athletic,2009-04-05,2009-04-05
2008–09,Manchester United,Aston Villa,2009-04-05,2009-04-05
2008–09,Chelsea,Bolton Wanderers,2009-04-11,2009-04-11
2008–09,Liverpool,Blackburn Rovers,2009-04-11,2009-04-11
2008–09,Middlesbrough,Hull City,2009-04-11,2009-04-11
2008–09,Portsmouth,West Bromwich Albion,2009-04-11,2009-04-11
2008–09,Stoke City,Newcastle United,2009-04-11,2009-04-11
2008–09,Sunderland,Manchester United,2009-04-11,2009-04-11
2008–09,Tottenham Hotspur,West Ham United,2009-04-11,2009-04-11
2008–09,Wigan Athletic,Arsenal,2009-04-11,2009-04-11
2008–09,Aston Villa,Everton,2009-04-12,2009-04-12
2008–09,Manchester City,Fulham,2009-04-12,2009-04-12
2008–09,Aston Villa,West Ham United,2009-04-18,2009-04-18
2008–09,Middlesbrough,Fulham,2009-04-18,2009-04-18
2008–09,Portsmouth,Bolton Wanderers,2009-04-18,2009-04-18
2008–09,Stoke City,Blackburn Rovers,2009-04-18,2009-04-18
2008–09,Sunderland,Hull City,2009-04-18,2009-04-18
2008–09,Manchester City,West Bromwich Albion,2009-04-19,2009-04-19
2008–09,Tottenham Hotspur,Newcastle United,2009-04-19,2009-04-19
2008–09,Liverpool,Arsenal,2009-04-21,2009-04-21
2008–09,Chelsea,Everton,2009-04-22,2009-04-22
2008–09,Manchester United,Portsmouth,2009-04-22,2009-04-22
2008–09,Bolton Wanderers,Aston Villa,2009-04-25,2009-04-25
2008–09,Everton,Manchester City,2009-04-25,2009-04-25
2008–09,Fulham,Stoke City,2009-04-25,2009-04-25
2008–09,Hull City,Liverpool,2009-04-25,2009-04-25
2008–09,Manchester United,Tottenham Hotspur,2009-04-25,2009-04-25
2008–09,West Bromwich Albion,Sunderland,2009-04-25,2009-04-25
2008–09,West Ham United,Chelsea,2009-04-25,2009-04-25
2008–09,Arsenal,Middlesbrough,2009-04-26,2009-04-26
2008–09,Blackburn Rovers,Wigan Athletic,2009-04-26,2009-04-26
2008–09,Newcastle United,Portsmouth,2009-04-27,2009-04-27
2008–09,Chelsea,Fulham,2009-05-02,2009-05-02
2008–09,Manchester City,Blackburn Rovers,2009-05-02,2009-05-02
2008–09,Middlesbrough,Manchester United,2009-05-02,2009-05-02
2008–09,Portsmouth,Arsenal,2009-05-02,2009-05-02
2008–09,Stoke City,West Ham United,2009-05-02,2009-05-02
2008–09,Tottenham Hotspur,West Bromwich Albion,2009-05-02,2009-05-02
2008–09,Wigan Athletic,Bolton Wanderers,2009-05-02,2009-05-02
2008–09,Liverpool,Newcastle United,2009-05-03,2009-05-03
2008–09,Sunderland,Everton,2009-05-03,2009-05-03
2008–09,Aston Villa,Hull City,2009-05-04,2009-05-04
2008–09,Blackburn Rovers,Portsmouth,2009-05-09,2009-05-09
2008–09,Bolton Wanderers,Sunderland,2009-05-09,2009-05-09
2008–09,Everton,Tottenham Hotspur,2009-05-09,2009-05-09
2008–09,Fulham,Aston Villa,2009-05-09,2009-05-09
2008–09,Hull City,Stoke City,2009-05-09,2009-05-09
2008–09,West Bromwich Albion,Wigan Athletic,2009-05-09,2009-05-09
2008–09,West Ham United,Liverpool,2009-05-09,2009-05-09
2008–09,Arsenal,Chelsea,2009-05-10,2009-05-10
2008–09,Manchester United,Manchester City,2009-05-10,2009-05-10
2008–09,Newcastle United,Middlesbrough,2009-05-11,2009-05-11
2008–09,Wigan Athletic,Manchester United,2009-05-13,2009-05-13
2008–09,Bolton Wanderers,Hull City,2009-05-16,2009-05-16
2008–09,Everton,West Ham United,2009-05-16,2009-05-16
2008–09,Manchester United,Arsenal,2009-05-16,2009-05-16
2008–09,Middlesbrough,Aston Villa,2009-05-16,2009-05-16
2008–09,Newcastle United,Fulham,2009-05-16,2009-05-16
2008–09,Stoke City,Wigan Athletic,2009-05-16,2009-05-16
2008–09,Tottenham Hotspur,Manchester City,2009-05-16,2009-05-16
2008–09,Chelsea,Blackburn Rovers,2009-05-17,2009-05-17
2008–09,West Bromwich Albion,Liverpool,2009-05-17,2009-05-17
2008–09,Portsmouth,Sunderland,2009-05-18,2009-05-18
2008–09,Arsenal,Stoke City,2009-05-24,2009-05-24
2008–09,Aston Villa,Newcastle United,2009-05-24,2009-05-24
2008–09,Blackburn Rovers,West Bromwich Albion,2009-05-24,2009-05-24
2008–09,Fulham,Everton,2009-05-24,2009-05-24
2008–09,Hull City,Manchester United,2009-05-24,2009-05-24
2008–09,Liverpool,Tottenham Hotspur,2009-05-24,2009-05-24
2008–09,Manchester City,Bolton Wanderers,2009-05-24,2009-05-24
2008–09,Sunderland,Chelsea,2009-05-24,2009-05-24
2008–09,West Ham United,Middlesbrough,2009-05-24,2009-05-24
2008–09,Wigan Athletic,Portsmouth,2009-05-24,2009-05-24
2009–10,Aston Villa,Wigan Athletic,2009-08-15,2009-08-15
2009–10,Blackburn Rovers,Manchester City,2009-08-15,2009-08-15
2009–10,Bolton Wanderers,Sunderland,2009-08-15,2009-08-15
2009–10,Chelsea,Hull City,2009-08-15,2009-08-15
2009–10,Everton,Arsenal,2009-08-15,2009-08-15
2009–10,Portsmouth,Fulham,2009-08-15,2009-08-15
2009–10,Stoke City,Burnley,2009-08-15,2009-08-15
2009–10,Wolverhampton Wanderers,West Ham United,2009-08-15,2009-08-15
2009–10,Manchester United,Birmingham City,2009-08-16,2009-08-16
2009–10,Tottenham Hotspur,Liverpool,2009-08-16,2009-08-16
2009–10,Sunderland,Chelsea,2009-08-18,2009-08-18
2009–10,Wigan Athletic,Wolverhampton Wanderers,2009-08-18,2009-08-18
2009–10,Birmingham City,Portsmouth,2009-08-19,2009-08-19
2009–10,Burnley,Manchester United,2009-08-19,2009-08-19
2009–10,Hull City,Tottenham Hotspur,2009-08-19,2009-08-19
2009–10,Liverpool,Stoke City,2009-08-19,2009-08-19
2009–10,Arsenal,Portsmouth,2009-08-22,2009-08-22
2009–10,Birmingham City,Stoke City,2009-08-22,2009-08-22
2009–10,Hull City,Bolton Wanderers,2009-08-22,2009-08-22
2009–10,Manchester City,Wolverhampton Wanderers,2009-08-22,2009-08-22
2009–10,Sunderland,Blackburn Rovers,2009-08-22,2009-08-22
2009–10,Wigan Athletic,Manchester United,2009-08-22,2009-08-22
2009–10,Burnley,Everton,2009-08-23,2009-08-23
2009–10,Fulham,Chelsea,2009-08-23,2009-08-23
2009–10,West Ham United,Tottenham Hotspur,2009-08-23,2009-08-23
2009–10,Liverpool,Aston Villa,2009-08-24,2009-08-24
2009–10,Blackburn Rovers,West Ham United,2009-08-29,2009-08-29
2009–10,Bolton Wanderers,Liverpool,2009-08-29,2009-08-29
2009–10,Chelsea,Burnley,2009-08-29,2009-08-29
2009–10,Manchester United,Arsenal,2009-08-29,2009-08-29
2009–10,Stoke City,Sunderland,2009-08-29,2009-08-29
2009–10,Tottenham Hotspur,Birmingham City,2009-08-29,2009-08-29
2009–10,Wolverhampton Wanderers,Hull City,2009-08-29,2009-08-29
2009–10,Aston Villa,Fulham,2009-08-30,2009-08-30
2009–10,Everton,Wigan Athletic,2009-08-30,2009-08-30
2009–10,Portsmouth,Manchester City,2009-08-30,2009-08-30
2009–10,Blackburn Rovers,Wolverhampton Wanderers,2009-09-12,2009-09-12
2009–10,Liverpool,Burnley,2009-09-12,2009-09-12
2009–10,Manchester City,Arsenal,2009-09-12,2009-09-12
2009–10,Portsmouth,Bolton Wanderers,2009-09-12,2009-09-12
2009–10,Stoke City,Chelsea,2009-09-12,2009-09-12
2009–10,Sunderland,Hull City,2009-09-12,2009-09-12
2009–10,Tottenham Hotspur,Manchester United,2009-09-12,2009-09-12
2009–10,Wigan Athletic,West Ham United,2009-09-12,2009-09-12
2009–10,Birmingham City,Aston Villa,2009-09-13,2009-09-13
2009–10,Fulham,Everton,2009-09-13,2009-09-13
2009–10,Arsenal,Wigan Athletic,2009-09-19,2009-09-19
2009–10,Aston Villa,Portsmouth,2009-09-19,2009-09-19
2009–10,Bolton Wanderers,Stoke City,2009-09-19,2009-09-19
2009–10,Burnley,Sunderland,2009-09-19,2009-09-19
2009–10,Hull City,Birmingham City,2009-09-19,2009-09-19
2009–10,West Ham United,Liverpool,2009-09-19,2009-09-19
2009–10,Chelsea,Tottenham Hotspur,2009-09-20,2009-09-20
2009–10,Everton,Blackburn Rovers,2009-09-20,2009-09-20
2009–10,Manchester United,Manchester City,2009-09-20,2009-09-20
2009–10,Wolverhampton Wanderers,Fulham,2009-09-20,2009-09-20
2009–10,Birmingham City,Bolton Wanderers,2009-09-26,2009-09-26
2009–10,Blackburn Rovers,Aston Villa,2009-09-26,2009-09-26
2009–10,Fulham,Arsenal,2009-09-26,2009-09-26
2009–10,Liverpool,Hull City,2009-09-26,2009-09-26
2009–10,Portsmouth,Everton,2009-09-26,2009-09-26
2009–10,Stoke City,Manchester United,2009-09-26,2009-09-26
2009–10,Tottenham Hotspur,Burnley,2009-09-26,2009-09-26
2009–10,Wigan Athletic,Chelsea,2009-09-26,2009-09-26
2009–10,Sunderland,Wolverhampton Wanderers,2009-09-27,2009-09-27
2009–10,Manchester City,West Ham United,2009-09-28,2009-09-28
2009–10,Bolton Wanderers,Tottenham Hotspur,2009-10-03,2009-10-03
2009–10,Burnley,Birmingham City,2009-10-03,2009-10-03
2009–10,Hull City,Wigan Athletic,2009-10-03,2009-10-03
2009–10,Manchester United,Sunderland,2009-10-03,2009-10-03
2009–10,Wolverhampton Wanderers,Portsmouth,2009-10-03,2009-10-03
2009–10,Arsenal,Blackburn Rovers,2009-10-04,2009-10-04
2009–10,Chelsea,Liverpool,2009-10-04,2009-10-04
2009–10,Everton,Stoke City,2009-10-04,2009-10-04
2009–10,West Ham United,Fulham,2009-10-04,2009-10-04
2009–10,Aston Villa,Manchester City,2009-10-05,2009-10-05
2009–10,Arsenal,Birmingham City,2009-10-17,2009-10-17
2009–10,Aston Villa,Chelsea,2009-10-17,2009-10-17
2009–10,Everton,Wolverhampton Wanderers,2009-10-17,2009-10-17
2009–10,Manchester United,Bolton Wanderers,2009-10-17,2009-10-17
2009–10,Portsmouth,Tottenham Hotspur,2009-10-17,2009-10-17
2009–10,Stoke City,West Ham United,2009-10-17,2009-10-17
2009–10,Sunderland,Liverpool,2009-10-17,2009-10-17
2009–10,Blackburn Rovers,Burnley,2009-10-18,2009-10-18
2009–10,Wigan Athletic,Manchester City,2009-10-18,2009-10-18
2009–10,Fulham,Hull City,2009-10-19,2009-10-19
2009–10,Birmingham City,Sunderland,2009-10-24,2009-10-24
2009–10,Burnley,Wigan Athletic,2009-10-24,2009-10-24
2009–10,Chelsea,Blackburn Rovers,2009-10-24,2009-10-24
2009–10,Hull City,Portsmouth,2009-10-24,2009-10-24
2009–10,Tottenham Hotspur,Stoke City,2009-10-24,2009-10-24
2009–10,Wolverhampton Wanderers,Aston Villa,2009-10-24,2009-10-24
2009–10,Bolton Wanderers,Everton,2009-10-25,2009-10-25
2009–10,Liverpool,Manchester United,2009-10-25,2009-10-25
2009–10,Manchester City,Fulham,2009-10-25,2009-10-25
2009–10,West Ham United,Arsenal,2009-10-25,2009-10-25
2009–10,Arsenal,Tottenham Hotspur,2009-10-31,2009-10-31
2009–10,Bolton Wanderers,Chelsea,2009-10-31,2009-10-31
2009–10,Burnley,Hull City,2009-10-31,2009-10-31
2009–10,Everton,Aston Villa,2009-10-31,2009-10-31
2009–10,Fulham,Liverpool,2009-10-31,2009-10-31
2009–10,Manchester United,Blackburn Rovers,2009-10-31,2009-10-31
2009–10,Portsmouth,Wigan Athletic,2009-10-31,2009-10-31
2009–10,Stoke City,Wolverhampton Wanderers,2009-10-31,2009-10-31
2009–10,Sunderland,West Ham United,2009-10-31,2009-10-31
2009–10,Birmingham City,Manchester City,2009-11-01,2009-11-01
2009–10,West Ham United,Aston Villa,2009-11-04,2009-11-04
2009–10,Aston Villa,Bolton Wanderers,2009-11-07,2009-11-07
2009–10,Blackburn Rovers,Portsmouth,2009-11-07,2009-11-07
2009–10,Manchester City,Burnley,2009-11-07,2009-11-07
2009–10,Tottenham Hotspur,Sunderland,2009-11-07,2009-11-07
2009–10,Wolverhampton Wanderers,Arsenal,2009-11-07,2009-11-07
2009–10,Chelsea,Manchester United,2009-11-08,2009-11-08
2009–10,Hull City,Stoke City,2009-11-08,2009-11-08
2009–10,West Ham United,Everton,2009-11-08,2009-11-08
2009–10,Wigan Athletic,Fulham,2009-11-08,2009-11-08
2009–10,Liverpool,Birmingham City,2009-11-09,2009-11-09
2009–10,Birmingham City,Fulham,2009-11-21,2009-11-21
2009–10,Burnley,Aston Villa,2009-11-21,2009-11-21
2009–10,Chelsea,Wolverhampton Wanderers,2009-11-21,2009-11-21
2009–10,Hull City,West Ham United,2009-11-21,2009-11-21
2009–10,Liverpool,Manchester City,2009-11-21,2009-11-21
2009–10,Manchester United,Everton,2009-11-21,2009-11-21
2009–10,Sunderland,Arsenal,2009-11-21,2009-11-21
2009–10,Bolton Wanderers,Blackburn Rovers,2009-11-22,2009-11-22
2009–10,Stoke City,Portsmouth,2009-11-22,2009-11-22
2009–10,Tottenham Hotspur,Wigan Athletic,2009-11-22,2009-11-22
2009–10,Fulham,Blackburn Rovers,2009-11-25,2009-11-25
2009–10,Hull City,Everton,2009-11-25,2009-11-25
2009–10,Aston Villa,Tottenham Hotspur,2009-11-28,2009-11-28
2009–10,Blackburn Rovers,Stoke City,2009-11-28,2009-11-28
2009–10,Fulham,Bolton Wanderers,2009-11-28,2009-11-28
2009–10,Manchester City,Hull City,2009-11-28,2009-11-28
2009–10,Portsmouth,Manchester United,2009-11-28,2009-11-28
2009–10,West Ham United,Burnley,2009-11-28,2009-11-28
2009–10,Wigan Athletic,Sunderland,2009-11-28,2009-11-28
2009–10,Arsenal,Chelsea,2009-11-29,2009-11-29
2009–10,Everton,Liverpool,2009-11-29,2009-11-29
2009–10,Wolverhampton Wanderers,Birmingham City,2009-11-29,2009-11-29
2009–10,Arsenal,Stoke City,2009-12-05,2009-12-05
2009–10,Aston Villa,Hull City,2009-12-05,2009-12-05
2009–10,Blackburn Rovers,Liverpool,2009-12-05,2009-12-05
2009–10,Manchester City,Chelsea,2009-12-05,2009-12-05
2009–10,Portsmouth,Burnley,2009-12-05,2009-12-05
2009–10,West Ham United,Manchester United,2009-12-05,2009-12-05
2009–10,Wigan Athletic,Birmingham City,2009-12-05,2009-12-05
2009–10,Wolverhampton Wanderers,Bolton Wanderers,2009-12-05,2009-12-05
2009–10,Everton,Tottenham Hotspur,2009-12-06,2009-12-06
2009–10,Fulham,Sunderland,2009-12-06,2009-12-06
2009–10,Birmingham City,West Ham United,2009-12-12,2009-12-12
2009–10,Bolton Wanderers,Manchester City,2009-12-12,2009-12-12
2009–10,Burnley,Fulham,2009-12-12,2009-12-12
2009–10,Chelsea,Everton,2009-12-12,2009-12-12
2009–10,Hull City,Blackburn Rovers,2009-12-12,2009-12-12
2009–10,Manchester United,Aston Villa,2009-12-12,2009-12-12
2009–10,Stoke City,Wigan Athletic,2009-12-12,2009-12-12
2009–10,Sunderland,Portsmouth,2009-12-12,2009-12-12
2009–10,Tottenham Hotspur,Wolverhampton Wanderers,2009-12-12,2009-12-12
2009–10,Liverpool,Arsenal,2009-12-13,2009-12-13
2009–10,Birmingham City,Blackburn Rovers,2009-12-15,2009-12-15
2009–10,Bolton Wanderers,West Ham United,2009-12-15,2009-12-15
2009–10,Manchester United,Wolverhampton Wanderers,2009-12-15,2009-12-15
2009–10,Sunderland,Aston Villa,2009-12-15,2009-12-15
2009–10,Burnley,Arsenal,2009-12-16,2009-12-16
2009–10,Chelsea,Portsmouth,2009-12-16,2009-12-16
2009–10,Liverpool,Wigan Athletic,2009-12-16,2009-12-16
2009–10,Tottenham Hotspur,Manchester City,2009-12-16,2009-12-16
2009–10,Arsenal,Hull City,2009-12-19,2009-12-19
2009–10,Aston Villa,Stoke City,2009-12-19,2009-12-19
2009–10,Blackburn Rovers,Tottenham Hotspur,2009-12-19,2009-12-19
2009–10,Fulham,Manchester United,2009-12-19,2009-12-19
2009–10,Manchester City,Sunderland,2009-12-19,2009-12-19
2009–10,Portsmouth,Liverpool,2009-12-19,2009-12-19
2009–10,Everton,Birmingham City,2009-12-20,2009-12-20
2009–10,West Ham United,Chelsea,2009-12-20,2009-12-20
2009–10,Wolverhampton Wanderers,Burnley,2009-12-20,2009-12-20
2009–10,Birmingham City,Chelsea,2009-12-26,2009-12-26
2009–10,Burnley,Bolton Wanderers,2009-12-26,2009-12-26
2009–10,Fulham,Tottenham Hotspur,2009-12-26,2009-12-26
2009–10,Liverpool,Wolverhampton Wanderers,2009-12-26,2009-12-26
2009–10,Manchester City,Stoke City,2009-12-26,2009-12-26
2009–10,Sunderland,Everton,2009-12-26,2009-12-26
2009–10,West Ham United,Portsmouth,2009-12-26,2009-12-26
2009–10,Wigan Athletic,Blackburn Rovers,2009-12-26,2009-12-26
2009–10,Arsenal,Aston Villa,2009-12-27,2009-12-27
2009–10,Hull City,Manchester United,2009-12-27,2009-12-27
2009–10,Blackburn Rovers,Sunderland,2009-12-28,2009-12-28
2009–10,Chelsea,Fulham,2009-12-28,2009-12-28
2009–10,Everton,Burnley,2009-12-28,2009-12-28
2009–10,Stoke City,Birmingham City,2009-12-28,2009-12-28
2009–10,Tottenham Hotspur,West Ham United,2009-12-28,2009-12-28
2009–10,Wolverhampton Wanderers,Manchester City,2009-12-28,2009-12-28
2009–10,Aston Villa,Liverpool,2009-12-29,2009-12-29
2009–10,Bolton Wanderers,Hull City,2009-12-29,2009-12-29
2009–10,Manchester United,Wigan Athletic,2009-12-30,2009-12-30
2009–10,Portsmouth,Arsenal,2009-12-30,2009-12-30
2009–10,Stoke City,Fulham,2010-01-05,2010-01-05
2009–10,Arsenal,Everton,2010-01-09,2010-01-09
2009–10,Birmingham City,Manchester United,2010-01-09,2010-01-09
2009–10,Manchester City,Blackburn Rovers,2010-01-11,2010-01-11
2009–10,Chelsea,Sunderland,2010-01-16,2010-01-16
2009–10,Everton,Manchester City,2010-01-16,2010-01-16
2009–10,Manchester United,Burnley,2010-01-16,2010-01-16
2009–10,Stoke City,Liverpool,2010-01-16,2010-01-16
2009–10,Tottenham Hotspur,Hull City,2010-01-16,2010-01-16
2009–10,Wolverhampton Wanderers,Wigan Athletic,2010-01-16,2010-01-16
2009–10,Aston Villa,West Ham United,2010-01-17,2010-01-17
2009–10,Blackburn Rovers,Fulham,2010-01-17,2010-01-17
2009–10,Bolton Wanderers,Arsenal,2010-01-17,2010-01-17
2009–10,Arsenal,Bolton Wanderers,2010-01-20,2010-01-20
2009–10,Liverpool,Tottenham Hotspur,2010-01-20,2010-01-20
2009–10,Manchester United,Hull City,2010-01-23,2010-01-23
2009–10,Bolton Wanderers,Burnley,2010-01-26,2010-01-26
2009–10,Portsmouth,West Ham United,2010-01-26,2010-01-26
2009–10,Tottenham Hotspur,Fulham,2010-01-26,2010-01-26
2009–10,Wolverhampton Wanderers,Liverpool,2010-01-26,2010-01-26
2009–10,Aston Villa,Arsenal,2010-01-27,2010-01-27
2009–10,Blackburn Rovers,Wigan Athletic,2010-01-27,2010-01-27
2009–10,Chelsea,Birmingham City,2010-01-27,2010-01-27
2009–10,Everton,Sunderland,2010-01-27,2010-01-27
2009–10,Birmingham City,Tottenham Hotspur,2010-01-30,2010-01-30
2009–10,Burnley,Chelsea,2010-01-30,2010-01-30
2009–10,Fulham,Aston Villa,2010-01-30,2010-01-30
2009–10,Hull City,Wolverhampton Wanderers,2010-01-30,2010-01-30
2009–10,Liverpool,Bolton Wanderers,2010-01-30,2010-01-30
2009–10,West Ham United,Blackburn Rovers,2010-01-30,2010-01-30
2009–10,Wigan Athletic,Everton,2010-01-30,2010-01-30
2009–10,Arsenal,Manchester United,2010-01-31,2010-01-31
2009–10,Manchester City,Portsmouth,2010-01-31,2010-01-31
2009–10,Sunderland,Stoke City,2010-02-01,2010-02-01
2009–10,Hull City,Chelsea,2010-02-02,2010-02-02
2009–10,Fulham,Portsmouth,2010-02-03,2010-02-03
2009–10,Bolton Wanderers,Fulham,2010-02-06,2010-02-06
2009–10,Burnley,West Ham United,2010-02-06,2010-02-06
2009–10,Hull City,Manchester City,2010-02-06,2010-02-06
2009–10,Liverpool,Everton,2010-02-06,2010-02-06
2009–10,Manchester United,Portsmouth,2010-02-06,2010-02-06
2009–10,Stoke City,Blackburn Rovers,2010-02-06,2010-02-06
2009–10,Sunderland,Wigan Athletic,2010-02-06,2010-02-06
2009–10,Tottenham Hotspur,Aston Villa,2010-02-06,2010-02-06
2009–10,Birmingham City,Wolverhampton Wanderers,2010-02-07,2010-02-07
2009–10,Chelsea,Arsenal,2010-02-07,2010-02-07
2009–10,Fulham,Burnley,2010-02-09,2010-02-09
2009–10,Manchester City,Bolton Wanderers,2010-02-09,2010-02-09
2009–10,Portsmouth,Sunderland,2010-02-09,2010-02-09
2009–10,Wigan Athletic,Stoke City,2010-02-09,2010-02-09
2009–10,Arsenal,Liverpool,2010-02-10,2010-02-10
2009–10,Aston Villa,Manchester United,2010-02-10,2010-02-10
2009–10,Blackburn Rovers,Hull City,2010-02-10,2010-02-10
2009–10,Everton,Chelsea,2010-02-10,2010-02-10
2009–10,West Ham United,Birmingham City,2010-02-10,2010-02-10
2009–10,Wolverhampton Wanderers,Tottenham Hotspur,2010-02-10,2010-02-10
2009–10,Stoke City,Manchester City,2010-02-16,2010-02-16
2009–10,Wigan Athletic,Bolton Wanderers,2010-02-17,2010-02-17
2009–10,Arsenal,Sunderland,2010-02-20,2010-02-20
2009–10,Everton,Manchester United,2010-02-20,2010-02-20
2009–10,Portsmouth,Stoke City,2010-02-20,2010-02-20
2009–10,West Ham United,Hull City,2010-02-20,2010-02-20
2009–10,Wolverhampton Wanderers,Chelsea,2010-02-20,2010-02-20
2009–10,Aston Villa,Burnley,2010-02-21,2010-02-21
2009–10,Blackburn Rovers,Bolton Wanderers,2010-02-21,2010-02-21
2009–10,Fulham,Birmingham City,2010-02-21,2010-02-21
2009–10,Manchester City,Liverpool,2010-02-21,2010-02-21
2009–10,Wigan Athletic,Tottenham Hotspur,2010-02-21,2010-02-21
2009–10,Manchester United,West Ham United,2010-02-23,2010-02-23
2009–10,Birmingham City,Wigan Athletic,2010-02-27,2010-02-27
2009–10,Bolton Wanderers,Wolverhampton Wanderers,2010-02-27,2010-02-27
2009–10,Burnley,Portsmouth,2010-02-27,2010-02-27
2009–10,Chelsea,Manchester City,2010-02-27,2010-02-27
2009–10,Stoke City,Arsenal,2010-02-27,2010-02-27
2009–10,Liverpool,Blackburn Rovers,2010-02-28,2010-02-28
2009–10,Sunderland,Fulham,2010-02-28,2010-02-28
2009–10,Tottenham Hotspur,Everton,2010-02-28,2010-02-28
2009–10,Arsenal,Burnley,2010-03-06,2010-03-06
2009–10,West Ham United,Bolton Wanderers,2010-03-06,2010-03-06
2009–10,Wolverhampton Wanderers,Manchester United,2010-03-06,2010-03-06
2009–10,Everton,Hull City,2010-03-07,2010-03-07
2009–10,Wigan Athletic,Liverpool,2010-03-08,2010-03-08
2009–10,Portsmouth,Birmingham City,2010-03-09,2010-03-09
2009–10,Sunderland,Bolton Wanderers,2010-03-09,2010-03-09
2009–10,Burnley,Stoke City,2010-03-10,2010-03-10
2009–10,Birmingham City,Everton,2010-03-13,2010-03-13
2009–10,Bolton Wanderers,Wigan Athletic,2010-03-13,2010-03-13
2009–10,Burnley,Wolverhampton Wanderers,2010-03-13,2010-03-13
2009–10,Chelsea,West Ham United,2010-03-13,2010-03-13
2009–10,Hull City,Arsenal,2010-03-13,2010-03-13
2009–10,Stoke City,Aston Villa,2010-03-13,2010-03-13
2009–10,Tottenham Hotspur,Blackburn Rovers,2010-03-13,2010-03-13
2009–10,Manchester United,Fulham,2010-03-14,2010-03-14
2009–10,Sunderland,Manchester City,2010-03-14,2010-03-14
2009–10,Liverpool,Portsmouth,2010-03-15,2010-03-15
2009–10,Wigan Athletic,Aston Villa,2010-03-16,2010-03-16
2009–10,Arsenal,West Ham United,2010-03-20,2010-03-20
2009–10,Aston Villa,Wolverhampton Wanderers,2010-03-20,2010-03-20
2009–10,Everton,Bolton Wanderers,2010-03-20,2010-03-20
2009–10,Portsmouth,Hull City,2010-03-20,2010-03-20
2009–10,Stoke City,Tottenham Hotspur,2010-03-20,2010-03-20
2009–10,Sunderland,Birmingham City,2010-03-20,2010-03-20
2009–10,Wigan Athletic,Burnley,2010-03-20,2010-03-20
2009–10,Blackburn Rovers,Chelsea,2010-03-21,2010-03-21
2009–10,Fulham,Manchester City,2010-03-21,2010-03-21
2009–10,Manchester United,Liverpool,2010-03-21,2010-03-21
2009–10,West Ham United,Wolverhampton Wanderers,2010-03-23,2010-03-23
2009–10,Aston Villa,Sunderland,2010-03-24,2010-03-24
2009–10,Blackburn Rovers,Birmingham City,2010-03-24,2010-03-24
2009–10,Manchester City,Everton,2010-03-24,2010-03-24
2009–10,Portsmouth,Chelsea,2010-03-24,2010-03-24
2009–10,Birmingham City,Arsenal,2010-03-27,2010-03-27
2009–10,Bolton Wanderers,Manchester United,2010-03-27,2010-03-27
2009–10,Chelsea,Aston Villa,2010-03-27,2010-03-27
2009–10,Hull City,Fulham,2010-03-27,2010-03-27
2009–10,Tottenham Hotspur,Portsmouth,2010-03-27,2010-03-27
2009–10,West Ham United,Stoke City,2010-03-27,2010-03-27
2009–10,Wolverhampton Wanderers,Everton,2010-03-27,2010-03-27
2009–10,Burnley,Blackburn Rovers,2010-03-28,2010-03-28
2009–10,Liverpool,Sunderland,2010-03-28,2010-03-28
2009–10,Manchester City,Wigan Athletic,2010-03-29,2010-03-29
2009–10,Arsenal,Wolverhampton Wanderers,2010-04-03,2010-04-03
2009–10,Bolton Wanderers,Aston Villa,2010-04-03,2010-04-03
2009–10,Burnley,Manchester City,2010-04-03,2010-04-03
2009–10,Manchester United,Chelsea,2010-04-03,2010-04-03
2009–10,Portsmouth,Blackburn Rovers,2010-04-03,2010-04-03
2009–10,Stoke City,Hull City,2010-04-03,2010-04-03
2009–10,Sunderland,Tottenham Hotspur,2010-04-03,2010-04-03
2009–10,Birmingham City,Liverpool,2010-04-04,2010-04-04
2009–10,Everton,West Ham United,2010-04-04,2010-04-04
2009–10,Fulham,Wigan Athletic,2010-04-04,2010-04-04
2009–10,Hull City,Burnley,2010-04-10,2010-04-10
2009–10,West Ham United,Sunderland,2010-04-10,2010-04-10
2009–10,Blackburn Rovers,Manchester United,2010-04-11,2010-04-11
2009–10,Liverpool,Fulham,2010-04-11,2010-04-11
2009–10,Manchester City,Birmingham City,2010-04-11,2010-04-11
2009–10,Wolverhampton Wanderers,Stoke City,2010-04-11,2010-04-11
2009–10,Chelsea,Bolton Wanderers,2010-04-13,2010-04-13
2009–10,Aston Villa,Everton,2010-04-14,2010-04-14
2009–10,Tottenham Hotspur,Arsenal,2010-04-14,2010-04-14
2009–10,Wigan Athletic,Portsmouth,2010-04-14,2010-04-14
2009–10,Birmingham City,Hull City,2010-04-17,2010-04-17
2009–10,Blackburn Rovers,Everton,2010-04-17,2010-04-17
2009–10,Fulham,Wolverhampton Wanderers,2010-04-17,2010-04-17
2009–10,Manchester City,Manchester United,2010-04-17,2010-04-17
2009–10,Stoke City,Bolton Wanderers,2010-04-17,2010-04-17
2009–10,Sunderland,Burnley,2010-04-17,2010-04-17
2009–10,Tottenham Hotspur,Chelsea,2010-04-17,2010-04-17
2009–10,Portsmouth,Aston Villa,2010-04-18,2010-04-18
2009–10,Wigan Athletic,Arsenal,2010-04-18,2010-04-18
2009–10,Liverpool,West Ham United,2010-04-19,2010-04-19
2009–10,Hull City,Aston Villa,2010-04-21,2010-04-21
2009–10,Arsenal,Manchester City,2010-04-24,2010-04-24
2009–10,Bolton Wanderers,Portsmouth,2010-04-24,2010-04-24
2009–10,Hull City,Sunderland,2010-04-24,2010-04-24
2009–10,Manchester United,Tottenham Hotspur,2010-04-24,2010-04-24
2009–10,West Ham United,Wigan Athletic,2010-04-24,2010-04-24
2009–10,Wolverhampton Wanderers,Blackburn Rovers,2010-04-24,2010-04-24
2009–10,Aston Villa,Birmingham City,2010-04-25,2010-04-25
2009–10,Burnley,Liverpool,2010-04-25,2010-04-25
2009–10,Chelsea,Stoke City,2010-04-25,2010-04-25
2009–10,Everton,Fulham,2010-04-25,2010-04-25
2009–10,Birmingham City,Burnley,2010-05-01,2010-05-01
2009–10,Manchester City,Aston Villa,2010-05-01,2010-05-01
2009–10,Portsmouth,Wolverhampton Wanderers,2010-05-01,2010-05-01
2009–10,Stoke City,Everton,2010-05-01,2010-05-01
2009–10,Tottenham Hotspur,Bolton Wanderers,2010-05-01,2010-05-01
2009–10,Fulham,West Ham United,2010-05-02,2010-05-02
2009–10,Liverpool,Chelsea,2010-05-02,2010-05-02
2009–10,Sunderland,Manchester United,2010-05-02,2010-05-02
2009–10,Blackburn Rovers,Arsenal,2010-05-03,2010-05-03
2009–10,Wigan Athletic,Hull City,2010-05-03,2010-05-03
2009–10,Fulham,Stoke City,2010-05-05,2010-05-05
2009–10,Manchester City,Tottenham Hotspur,2010-05-05,2010-05-05
2009–10,Arsenal,Fulham,2010-05-09,2010-05-09
2009–10,Aston Villa,Blackburn Rovers,2010-05-09,2010-05-09
2009–10,Bolton Wanderers,Birmingham City,2010-05-09,2010-05-09
2009–10,Burnley,Tottenham Hotspur,2010-05-09,2010-05-09
2009–10,Chelsea,Wigan Athletic,2010-05-09,2010-05-09
2009–10,Everton,Portsmouth,2010-05-09,2010-05-09
2009–10,Hull City,Liverpool,2010-05-09,2010-05-09
2009–10,Manchester United,Stoke City,2010-05-09,2010-05-09
2009–10,West Ham United,Manchester City,2010-05-09,2010-05-09
2009–10,Wolverhampton Wanderers,Sunderland,2010-05-09,2010-05-09
2010–11,Aston Villa,West Ham United,2010-08-14,2010-08-14
2010–11,Blackburn Rovers,Everton,2010-08-14,2010-08-14
2010–11,Bolton Wanderers,Fulham,2010-08-14,2010-08-14
2010–11,Chelsea,West Bromwich Albion,2010-08-14,2010-08-14
2010–11,Sunderland,Birmingham City,2010-08-14,2010-08-14
2010–11,Tottenham Hotspur,Manchester City,2010-08-14,2010-08-14
2010–11,Wigan Athletic,Blackpool,2010-08-14,2010-08-14
2010–11,Wolverhampton Wanderers,Stoke City,2010-08-14,2010-08-14
2010–11,Liverpool,Arsenal,2010-08-15,2010-08-15
2010–11,Manchester United,Newcastle United,2010-08-16,2010-08-16
2010–11,Arsenal,Blackpool,2010-08-21,2010-08-21
2010–11,Birmingham City,Blackburn Rovers,2010-08-21,2010-08-21
2010–11,Everton,Wolverhampton Wanderers,2010-08-21,2010-08-21
2010–11,Stoke City,Tottenham Hotspur,2010-08-21,2010-08-21
2010–11,West Bromwich Albion,Sunderland,2010-08-21,2010-08-21
2010–11,West Ham United,Bolton Wanderers,2010-08-21,2010-08-21
2010–11,Wigan Athletic,Chelsea,2010-08-21,2010-08-21
2010–11,Fulham,Manchester United,2010-08-22,2010-08-22
2010–11,Newcastle United,Aston Villa,2010-08-22,2010-08-22
2010–11,Manchester City,Liverpool,2010-08-23,2010-08-23
2010–11,Blackburn Rovers,Arsenal,2010-08-28,2010-08-28
2010–11,Blackpool,Fulham,2010-08-28,2010-08-28
2010–11,Chelsea,Stoke City,2010-08-28,2010-08-28
2010–11,Manchester United,West Ham United,2010-08-28,2010-08-28
2010–11,Tottenham Hotspur,Wigan Athletic,2010-08-28,2010-08-28
2010–11,Wolverhampton Wanderers,Newcastle United,2010-08-28,2010-08-28
2010–11,Aston Villa,Everton,2010-08-29,2010-08-29
2010–11,Bolton Wanderers,Birmingham City,2010-08-29,2010-08-29
2010–11,Liverpool,West Bromwich Albion,2010-08-29,2010-08-29
2010–11,Sunderland,Manchester City,2010-08-29,2010-08-29
2010–11,Arsenal,Bolton Wanderers,2010-09-11,2010-09-11
2010–11,Everton,Manchester United,2010-09-11,2010-09-11
2010–11,Fulham,Wolverhampton Wanderers,2010-09-11,2010-09-11
2010–11,Manchester City,Blackburn Rovers,2010-09-11,2010-09-11
2010–11,Newcastle United,Blackpool,2010-09-11,2010-09-11
2010–11,West Bromwich Albion,Tottenham Hotspur,2010-09-11,2010-09-11
2010–11,West Ham United,Chelsea,2010-09-11,2010-09-11
2010–11,Wigan Athletic,Sunderland,2010-09-11,2010-09-11
2010–11,Birmingham City,Liverpool,2010-09-12,2010-09-12
2010–11,Stoke City,Aston Villa,2010-09-13,2010-09-13
2010–11,Aston Villa,Bolton Wanderers,2010-09-18,2010-09-18
2010–11,Blackburn Rovers,Fulham,2010-09-18,2010-09-18
2010–11,Everton,Newcastle United,2010-09-18,2010-09-18
2010–11,Stoke City,West Ham United,2010-09-18,2010-09-18
2010–11,Sunderland,Arsenal,2010-09-18,2010-09-18
2010–11,Tottenham Hotspur,Wolverhampton Wanderers,2010-09-18,2010-09-18
2010–11,West Bromwich Albion,Birmingham City,2010-09-18,2010-09-18
2010–11,Chelsea,Blackpool,2010-09-19,2010-09-19
2010–11,Manchester United,Liverpool,2010-09-19,2010-09-19
2010–11,Wigan Athletic,Manchester City,2010-09-19,2010-09-19
2010–11,Arsenal,West Bromwich Albion,2010-09-25,2010-09-25
2010–11,Birmingham City,Wigan Athletic,2010-09-25,2010-09-25
2010–11,Blackpool,Blackburn Rovers,2010-09-25,2010-09-25
2010–11,Fulham,Everton,2010-09-25,2010-09-25
2010–11,Liverpool,Sunderland,2010-09-25,2010-09-25
2010–11,Manchester City,Chelsea,2010-09-25,2010-09-25
2010–11,West Ham United,Tottenham Hotspur,2010-09-25,2010-09-25
2010–11,Bolton Wanderers,Manchester United,2010-09-26,2010-09-26
2010–11,Newcastle United,Stoke City,2010-09-26,2010-09-26
2010–11,Wolverhampton Wanderers,Aston Villa,2010-09-26,2010-09-26
2010–11,Birmingham City,Everton,2010-10-02,2010-10-02
2010–11,Stoke City,Blackburn Rovers,2010-10-02,2010-10-02
2010–11,Sunderland,Manchester United,2010-10-02,2010-10-02
2010–11,Tottenham Hotspur,Aston Villa,2010-10-02,2010-10-02
2010–11,West Bromwich Albion,Bolton Wanderers,2010-10-02,2010-10-02
2010–11,West Ham United,Fulham,2010-10-02,2010-10-02
2010–11,Wigan Athletic,Wolverhampton Wanderers,2010-10-02,2010-10-02
2010–11,Chelsea,Arsenal,2010-10-03,2010-10-03
2010–11,Liverpool,Blackpool,2010-10-03,2010-10-03
2010–11,Manchester City,Newcastle United,2010-10-03,2010-10-03
2010–11,Arsenal,Birmingham City,2010-10-16,2010-10-16
2010–11,Aston Villa,Chelsea,2010-10-16,2010-10-16
2010–11,Bolton Wanderers,Stoke City,2010-10-16,2010-10-16
2010–11,Fulham,Tottenham Hotspur,2010-10-16,2010-10-16
2010–11,Manchester United,West Bromwich Albion,2010-10-16,2010-10-16
2010–11,Newcastle United,Wigan Athletic,2010-10-16,2010-10-16
2010–11,Wolverhampton Wanderers,West Ham United,2010-10-16,2010-10-16
2010–11,Blackpool,Manchester City,2010-10-17,2010-10-17
2010–11,Everton,Liverpool,2010-10-17,2010-10-17
2010–11,Blackburn Rovers,Sunderland,2010-10-18,2010-10-18
2010–11,Birmingham City,Blackpool,2010-10-23,2010-10-23
2010–11,Chelsea,Wolverhampton Wanderers,2010-10-23,2010-10-23
2010–11,Sunderland,Aston Villa,2010-10-23,2010-10-23
2010–11,Tottenham Hotspur,Everton,2010-10-23,2010-10-23
2010–11,West Bromwich Albion,Fulham,2010-10-23,2010-10-23
2010–11,West Ham United,Newcastle United,2010-10-23,2010-10-23
2010–11,Wigan Athletic,Bolton Wanderers,2010-10-23,2010-10-23
2010–11,Liverpool,Blackburn Rovers,2010-10-24,2010-10-24
2010–11,Manchester City,Arsenal,2010-10-24,2010-10-24
2010–11,Stoke City,Manchester United,2010-10-24,2010-10-24
2010–11,Arsenal,West Ham United,2010-10-30,2010-10-30
2010–11,Blackburn Rovers,Chelsea,2010-10-30,2010-10-30
2010–11,Everton,Stoke City,2010-10-30,2010-10-30
2010–11,Fulham,Wigan Athletic,2010-10-30,2010-10-30
2010–11,Manchester United,Tottenham Hotspur,2010-10-30,2010-10-30
2010–11,Wolverhampton Wanderers,Manchester City,2010-10-30,2010-10-30
2010–11,Aston Villa,Birmingham City,2010-10-31,2010-10-31
2010–11,Bolton Wanderers,Liverpool,2010-10-31,2010-10-31
2010–11,Newcastle United,Sunderland,2010-10-31,2010-10-31
2010–11,Blackpool,West Bromwich Albion,2010-11-01,2010-11-01
2010–11,Birmingham City,West Ham United,2010-11-06,2010-11-06
2010–11,Blackburn Rovers,Wigan Athletic,2010-11-06,2010-11-06
2010–11,Blackpool,Everton,2010-11-06,2010-11-06
2010–11,Bolton Wanderers,Tottenham Hotspur,2010-11-06,2010-11-06
2010–11,Fulham,Aston Villa,2010-11-06,2010-11-06
2010–11,Manchester United,Wolverhampton Wanderers,2010-11-06,2010-11-06
2010–11,Sunderland,Stoke City,2010-11-06,2010-11-06
2010–11,Arsenal,Newcastle United,2010-11-07,2010-11-07
2010–11,Liverpool,Chelsea,2010-11-07,2010-11-07
2010–11,West Bromwich Albion,Manchester City,2010-11-07,2010-11-07
2010–11,Stoke City,Birmingham City,2010-11-09,2010-11-09
2010–11,Tottenham Hotspur,Sunderland,2010-11-09,2010-11-09
2010–11,Aston Villa,Blackpool,2010-11-10,2010-11-10
2010–11,Chelsea,Fulham,2010-11-10,2010-11-10
2010–11,Everton,Bolton Wanderers,2010-11-10,2010-11-10
2010–11,Manchester City,Manchester United,2010-11-10,2010-11-10
2010–11,Newcastle United,Blackburn Rovers,2010-11-10,2010-11-10
2010–11,West Ham United,West Bromwich Albion,2010-11-10,2010-11-10
2010–11,Wigan Athletic,Liverpool,2010-11-10,2010-11-10
2010–11,Wolverhampton Wanderers,Arsenal,2010-11-10,2010-11-10
2010–11,Aston Villa,Manchester United,2010-11-13,2010-11-13
2010–11,Manchester City,Birmingham City,2010-11-13,2010-11-13
2010–11,Newcastle United,Fulham,2010-11-13,2010-11-13
2010–11,Stoke City,Liverpool,2010-11-13,2010-11-13
2010–11,Tottenham Hotspur,Blackburn Rovers,2010-11-13,2010-11-13
2010–11,West Ham United,Blackpool,2010-11-13,2010-11-13
2010–11,Wigan Athletic,West Bromwich Albion,2010-11-13,2010-11-13
2010–11,Wolverhampton Wanderers,Bolton Wanderers,2010-11-13,2010-11-13
2010–11,Chelsea,Sunderland,2010-11-14,2010-11-14
2010–11,Everton,Arsenal,2010-11-14,2010-11-14
2010–11,Arsenal,Tottenham Hotspur,2010-11-20,2010-11-20
2010–11,Birmingham City,Chelsea,2010-11-20,2010-11-20
2010–11,Blackpool,Wolverhampton Wanderers,2010-11-20,2010-11-20
2010–11,Bolton Wanderers,Newcastle United,2010-11-20,2010-11-20
2010–11,Liverpool,West Ham United,2010-11-20,2010-11-20
2010–11,Manchester United,Wigan Athletic,2010-11-20,2010-11-20
2010–11,West Bromwich Albion,Stoke City,2010-11-20,2010-11-20
2010–11,Blackburn Rovers,Aston Villa,2010-11-21,2010-11-21
2010–11,Fulham,Manchester City,2010-11-21,2010-11-21
2010–11,Sunderland,Everton,2010-11-22,2010-11-22
2010–11,Aston Villa,Arsenal,2010-11-27,2010-11-27
2010–11,Bolton Wanderers,Blackpool,2010-11-27,2010-11-27
2010–11,Everton,West Bromwich Albion,2010-11-27,2010-11-27
2010–11,Fulham,Birmingham City,2010-11-27,2010-11-27
2010–11,Manchester United,Blackburn Rovers,2010-11-27,2010-11-27
2010–11,Stoke City,Manchester City,2010-11-27,2010-11-27
2010–11,West Ham United,Wigan Athletic,2010-11-27,2010-11-27
2010–11,Wolverhampton Wanderers,Sunderland,2010-11-27,2010-11-27
2010–11,Newcastle United,Chelsea,2010-11-28,2010-11-28
2010–11,Tottenham Hotspur,Liverpool,2010-11-28,2010-11-28
2010–11,Arsenal,Fulham,2010-12-04,2010-12-04
2010–11,Birmingham City,Tottenham Hotspur,2010-12-04,2010-12-04
2010–11,Blackburn Rovers,Wolverhampton Wanderers,2010-12-04,2010-12-04
2010–11,Chelsea,Everton,2010-12-04,2010-12-04
2010–11,Manchester City,Bolton Wanderers,2010-12-04,2010-12-04
2010–11,Wigan Athletic,Stoke City,2010-12-04,2010-12-04
2010–11,Sunderland,West Ham United,2010-12-05,2010-12-05
2010–11,West Bromwich Albion,Newcastle United,2010-12-05,2010-12-05
2010–11,Liverpool,Aston Villa,2010-12-06,2010-12-06
2010–11,Aston Villa,West Bromwich Albion,2010-12-11,2010-12-11
2010–11,Everton,Wigan Athletic,2010-12-11,2010-12-11
2010–11,Fulham,Sunderland,2010-12-11,2010-12-11
2010–11,Newcastle United,Liverpool,2010-12-11,2010-12-11
2010–11,Stoke City,Blackpool,2010-12-11,2010-12-11
2010–11,West Ham United,Manchester City,2010-12-11,2010-12-11
2010–11,Bolton Wanderers,Blackburn Rovers,2010-12-12,2010-12-12
2010–11,Tottenham Hotspur,Chelsea,2010-12-12,2010-12-12
2010–11,Wolverhampton Wanderers,Birmingham City,2010-12-12,2010-12-12
2010–11,Manchester United,Arsenal,2010-12-13,2010-12-13
2010–11,Blackburn Rovers,West Ham United,2010-12-18,2010-12-18
2010–11,Sunderland,Bolton Wanderers,2010-12-18,2010-12-18
2010–11,Manchester City,Everton,2010-12-20,2010-12-20
2010–11,Aston Villa,Tottenham Hotspur,2010-12-26,2010-12-26
2010–11,Blackburn Rovers,Stoke City,2010-12-26,2010-12-26
2010–11,Bolton Wanderers,West Bromwich Albion,2010-12-26,2010-12-26
2010–11,Fulham,West Ham United,2010-12-26,2010-12-26
2010–11,Manchester United,Sunderland,2010-12-26,2010-12-26
2010–11,Newcastle United,Manchester City,2010-12-26,2010-12-26
2010–11,Wolverhampton Wanderers,Wigan Athletic,2010-12-26,2010-12-26
2010–11,Arsenal,Chelsea,2010-12-27,2010-12-27
2010–11,Birmingham City,Manchester United,2010-12-28,2010-12-28
2010–11,Manchester City,Aston Villa,2010-12-28,2010-12-28
2010–11,Stoke City,Fulham,2010-12-28,2010-12-28
2010–11,Sunderland,Blackpool,2010-12-28,2010-12-28
2010–11,Tottenham Hotspur,Newcastle United,2010-12-28,2010-12-28
2010–11,West Bromwich Albion,Blackburn Rovers,2010-12-28,2010-12-28
2010–11,West Ham United,Everton,2010-12-28,2010-12-28
2010–11,Chelsea,Bolton Wanderers,2010-12-29,2010-12-29
2010–11,Liverpool,Wolverhampton Wanderers,2010-12-29,2010-12-29
2010–11,Wigan Athletic,Arsenal,2010-12-29,2010-12-29
2010–11,Birmingham City,Arsenal,2011-01-01,2011-01-01
2010–11,Liverpool,Bolton Wanderers,2011-01-01,2011-01-01
2010–11,Manchester City,Blackpool,2011-01-01,2011-01-01
2010–11,Stoke City,Everton,2011-01-01,2011-01-01
2010–11,Sunderland,Blackburn Rovers,2011-01-01,2011-01-01
2010–11,Tottenham Hotspur,Fulham,2011-01-01,2011-01-01
2010–11,West Bromwich Albion,Manchester United,2011-01-01,2011-01-01
2010–11,West Ham United,Wolverhampton Wanderers,2011-01-01,2011-01-01
2010–11,Chelsea,Aston Villa,2011-01-02,2011-01-02
2010–11,Wigan Athletic,Newcastle United,2011-01-02,2011-01-02
2010–11,Blackpool,Birmingham City,2011-01-04,2011-01-04
2010–11,Fulham,West Bromwich Albion,2011-01-04,2011-01-04
2010–11,Manchester United,Stoke City,2011-01-04,2011-01-04
2010–11,Arsenal,Manchester City,2011-01-05,2011-01-05
2010–11,Aston Villa,Sunderland,2011-01-05,2011-01-05
2010–11,Blackburn Rovers,Liverpool,2011-01-05,2011-01-05
2010–11,Bolton Wanderers,Wigan Athletic,2011-01-05,2011-01-05
2010–11,Everton,Tottenham Hotspur,2011-01-05,2011-01-05
2010–11,Newcastle United,West Ham United,2011-01-05,2011-01-05
2010–11,Wolverhampton Wanderers,Chelsea,2011-01-05,2011-01-05
2010–11,Blackpool,Liverpool,2011-01-12,2011-01-12
2010–11,Chelsea,Blackburn Rovers,2011-01-15,2011-01-15
2010–11,Manchester City,Wolverhampton Wanderers,2011-01-15,2011-01-15
2010–11,Stoke City,Bolton Wanderers,2011-01-15,2011-01-15
2010–11,West Bromwich Albion,Blackpool,2011-01-15,2011-01-15
2010–11,West Ham United,Arsenal,2011-01-15,2011-01-15
2010–11,Wigan Athletic,Fulham,2011-01-15,2011-01-15
2010–11,Birmingham City,Aston Villa,2011-01-16,2011-01-16
2010–11,Liverpool,Everton,2011-01-16,2011-01-16
2010–11,Sunderland,Newcastle United,2011-01-16,2011-01-16
2010–11,Tottenham Hotspur,Manchester United,2011-01-16,2011-01-16
2010–11,Arsenal,Wigan Athletic,2011-01-22,2011-01-22
2010–11,Aston Villa,Manchester City,2011-01-22,2011-01-22
2010–11,Blackpool,Sunderland,2011-01-22,2011-01-22
2010–11,Everton,West Ham United,2011-01-22,2011-01-22
2010–11,Fulham,Stoke City,2011-01-22,2011-01-22
2010–11,Manchester United,Birmingham City,2011-01-22,2011-01-22
2010–11,Newcastle United,Tottenham Hotspur,2011-01-22,2011-01-22
2010–11,Wolverhampton Wanderers,Liverpool,2011-01-22,2011-01-22
2010–11,Blackburn Rovers,West Bromwich Albion,2011-01-23,2011-01-23
2010–11,Bolton Wanderers,Chelsea,2011-01-24,2011-01-24
2010–11,Blackpool,Manchester United,2011-01-25,2011-01-25
2010–11,Wigan Athletic,Aston Villa,2011-01-25,2011-01-25
2010–11,Liverpool,Fulham,2011-01-26,2011-01-26
2010–11,Arsenal,Everton,2011-02-01,2011-02-01
2010–11,Manchester United,Aston Villa,2011-02-01,2011-02-01
2010–11,Sunderland,Chelsea,2011-02-01,2011-02-01
2010–11,West Bromwich Albion,Wigan Athletic,2011-02-01,2011-02-01
2010–11,Birmingham City,Manchester City,2011-02-02,2011-02-02
2010–11,Blackburn Rovers,Tottenham Hotspur,2011-02-02,2011-02-02
2010–11,Blackpool,West Ham United,2011-02-02,2011-02-02
2010–11,Bolton Wanderers,Wolverhampton Wanderers,2011-02-02,2011-02-02
2010–11,Fulham,Newcastle United,2011-02-02,2011-02-02
2010–11,Liverpool,Stoke City,2011-02-02,2011-02-02
2010–11,Aston Villa,Fulham,2011-02-05,2011-02-05
2010–11,Everton,Blackpool,2011-02-05,2011-02-05
2010–11,Manchester City,West Bromwich Albion,2011-02-05,2011-02-05
2010–11,Newcastle United,Arsenal,2011-02-05,2011-02-05
2010–11,Stoke City,Sunderland,2011-02-05,2011-02-05
2010–11,Tottenham Hotspur,Bolton Wanderers,2011-02-05,2011-02-05
2010–11,Wigan Athletic,Blackburn Rovers,2011-02-05,2011-02-05
2010–11,Wolverhampton Wanderers,Manchester United,2011-02-05,2011-02-05
2010–11,Chelsea,Liverpool,2011-02-06,2011-02-06
2010–11,West Ham United,Birmingham City,2011-02-06,2011-02-06
2010–11,Arsenal,Wolverhampton Wanderers,2011-02-12,2011-02-12
2010–11,Birmingham City,Stoke City,2011-02-12,2011-02-12
2010–11,Blackburn Rovers,Newcastle United,2011-02-12,2011-02-12
2010–11,Blackpool,Aston Villa,2011-02-12,2011-02-12
2010–11,Liverpool,Wigan Athletic,2011-02-12,2011-02-12
2010–11,Manchester United,Manchester City,2011-02-12,2011-02-12
2010–11,Sunderland,Tottenham Hotspur,2011-02-12,2011-02-12
2010–11,West Bromwich Albion,West Ham United,2011-02-12,2011-02-12
2010–11,Bolton Wanderers,Everton,2011-02-13,2011-02-13
2010–11,Fulham,Chelsea,2011-02-14,2011-02-14
2010–11,Birmingham City,Newcastle United,2011-02-15,2011-02-15
2010–11,West Bromwich Albion,Wolverhampton Wanderers,2011-02-20,2011-02-20
2010–11,Blackpool,Tottenham Hotspur,2011-02-22,2011-02-22
2010–11,Arsenal,Stoke City,2011-02-23,2011-02-23
2010–11,Aston Villa,Blackburn Rovers,2011-02-26,2011-02-26
2010–11,Everton,Sunderland,2011-02-26,2011-02-26
2010–11,Newcastle United,Bolton Wanderers,2011-02-26,2011-02-26
2010–11,Wigan Athletic,Manchester United,2011-02-26,2011-02-26
2010–11,Wolverhampton Wanderers,Blackpool,2011-02-26,2011-02-26
2010–11,Manchester City,Fulham,2011-02-27,2011-02-27
2010–11,West Ham United,Liverpool,2011-02-27,2011-02-27
2010–11,Stoke City,West Bromwich Albion,2011-02-28,2011-02-28
2010–11,Chelsea,Manchester United,2011-03-01,2011-03-01
2010–11,Arsenal,Sunderland,2011-03-05,2011-03-05
2010–11,Birmingham City,West Bromwich Albion,2011-03-05,2011-03-05
2010–11,Bolton Wanderers,Aston Villa,2011-03-05,2011-03-05
2010–11,Fulham,Blackburn Rovers,2011-03-05,2011-03-05
2010–11,Manchester City,Wigan Athletic,2011-03-05,2011-03-05
2010–11,Newcastle United,Everton,2011-03-05,2011-03-05
2010–11,West Ham United,Stoke City,2011-03-05,2011-03-05
2010–11,Liverpool,Manchester United,2011-03-06,2011-03-06
2010–11,Wolverhampton Wanderers,Tottenham Hotspur,2011-03-06,2011-03-06
2010–11,Blackpool,Chelsea,2011-03-07,2011-03-07
2010–11,Everton,Birmingham City,2011-03-09,2011-03-09
2010–11,Aston Villa,Wolverhampton Wanderers,2011-03-19,2011-03-19
2010–11,Blackburn Rovers,Blackpool,2011-03-19,2011-03-19
2010–11,Everton,Fulham,2011-03-19,2011-03-19
2010–11,Manchester United,Bolton Wanderers,2011-03-19,2011-03-19
2010–11,Stoke City,Newcastle United,2011-03-19,2011-03-19
2010–11,Tottenham Hotspur,West Ham United,2011-03-19,2011-03-19
2010–11,West Bromwich Albion,Arsenal,2011-03-19,2011-03-19
2010–11,Wigan Athletic,Birmingham City,2011-03-19,2011-03-19
2010–11,Chelsea,Manchester City,2011-03-20,2011-03-20
2010–11,Sunderland,Liverpool,2011-03-20,2011-03-20
2010–11,Arsenal,Blackburn Rovers,2011-04-02,2011-04-02
2010–11,Birmingham City,Bolton Wanderers,2011-04-02,2011-04-02
2010–11,Everton,Aston Villa,2011-04-02,2011-04-02
2010–11,Newcastle United,Wolverhampton Wanderers,2011-04-02,2011-04-02
2010–11,Stoke City,Chelsea,2011-04-02,2011-04-02
2010–11,West Bromwich Albion,Liverpool,2011-04-02,2011-04-02
2010–11,West Ham United,Manchester United,2011-04-02,2011-04-02
2010–11,Wigan Athletic,Tottenham Hotspur,2011-04-02,2011-04-02
2010–11,Fulham,Blackpool,2011-04-03,2011-04-03
2010–11,Manchester City,Sunderland,2011-04-03,2011-04-03
2010–11,Blackburn Rovers,Birmingham City,2011-04-09,2011-04-09
2010–11,Bolton Wanderers,West Ham United,2011-04-09,2011-04-09
2010–11,Chelsea,Wigan Athletic,2011-04-09,2011-04-09
2010–11,Manchester United,Fulham,2011-04-09,2011-04-09
2010–11,Sunderland,West Bromwich Albion,2011-04-09,2011-04-09
2010–11,Tottenham Hotspur,Stoke City,2011-04-09,2011-04-09
2010–11,Wolverhampton Wanderers,Everton,2011-04-09,2011-04-09
2010–11,Aston Villa,Newcastle United,2011-04-10,2011-04-10
2010–11,Blackpool,Arsenal,2011-04-10,2011-04-10
2010–11,Liverpool,Manchester City,2011-04-11,2011-04-11
2010–11,Birmingham City,Sunderland,2011-04-16,2011-04-16
2010–11,Blackpool,Wigan Athletic,2011-04-16,2011-04-16
2010–11,Everton,Blackburn Rovers,2011-04-16,2011-04-16
2010–11,West Bromwich Albion,Chelsea,2011-04-16,2011-04-16
2010–11,West Ham United,Aston Villa,2011-04-16,2011-04-16
2010–11,Arsenal,Liverpool,2011-04-17,2011-04-17
2010–11,Newcastle United,Manchester United,2011-04-19,2011-04-19
2010–11,Chelsea,Birmingham City,2011-04-20,2011-04-20
2010–11,Tottenham Hotspur,Arsenal,2011-04-20,2011-04-20
2010–11,Aston Villa,Stoke City,2011-04-23,2011-04-23
2010–11,Blackpool,Newcastle United,2011-04-23,2011-04-23
2010–11,Chelsea,West Ham United,2011-04-23,2011-04-23
2010–11,Liverpool,Birmingham City,2011-04-23,2011-04-23
2010–11,Manchester United,Everton,2011-04-23,2011-04-23
2010–11,Sunderland,Wigan Athletic,2011-04-23,2011-04-23
2010–11,Tottenham Hotspur,West Bromwich Albion,2011-04-23,2011-04-23
2010–11,Wolverhampton Wanderers,Fulham,2011-04-23,2011-04-23
2010–11,Bolton Wanderers,Arsenal,2011-04-24,2011-04-24
2010–11,Blackburn Rovers,Manchester City,2011-04-25,2011-04-25
2010–11,Stoke City,Wolverhampton Wanderers,2011-04-26,2011-04-26
2010–11,Fulham,Bolton Wanderers,2011-04-27,2011-04-27
2010–11,Blackburn Rovers,Bolton Wanderers,2011-04-30,2011-04-30
2010–11,Blackpool,Stoke City,2011-04-30,2011-04-30
2010–11,Chelsea,Tottenham Hotspur,2011-04-30,2011-04-30
2010–11,Sunderland,Fulham,2011-04-30,2011-04-30
2010–11,West Bromwich Albion,Aston Villa,2011-04-30,2011-04-30
2010–11,Wigan Athletic,Everton,2011-04-30,2011-04-30
2010–11,Arsenal,Manchester United,2011-05-01,2011-05-01
2010–11,Birmingham City,Wolverhampton Wanderers,2011-05-01,2011-05-01
2010–11,Liverpool,Newcastle United,2011-05-01,2011-05-01
2010–11,Manchester City,West Ham United,2011-05-01,2011-05-01
2010–11,Aston Villa,Wigan Athletic,2011-05-07,2011-05-07
2010–11,Bolton Wanderers,Sunderland,2011-05-07,2011-05-07
2010–11,Everton,Manchester City,2011-05-07,2011-05-07
2010–11,Newcastle United,Birmingham City,2011-05-07,2011-05-07
2010–11,Tottenham Hotspur,Blackpool,2011-05-07,2011-05-07
2010–11,West Ham United,Blackburn Rovers,2011-05-07,2011-05-07
2010–11,Manchester United,Chelsea,2011-05-08,2011-05-08
2010–11,Stoke City,Arsenal,2011-05-08,2011-05-08
2010–11,Wolverhampton Wanderers,West Bromwich Albion,2011-05-08,2011-05-08
2010–11,Fulham,Liverpool,2011-05-09,2011-05-09
2010–11,Manchester City,Tottenham Hotspur,2011-05-10,2011-05-10
2010–11,Blackburn Rovers,Manchester United,2011-05-14,2011-05-14
2010–11,Blackpool,Bolton Wanderers,2011-05-14,2011-05-14
2010–11,Sunderland,Wolverhampton Wanderers,2011-05-14,2011-05-14
2010–11,West Bromwich Albion,Everton,2011-05-14,2011-05-14
2010–11,Arsenal,Aston Villa,2011-05-15,2011-05-15
2010–11,Birmingham City,Fulham,2011-05-15,2011-05-15
2010–11,Chelsea,Newcastle United,2011-05-15,2011-05-15
2010–11,Liverpool,Tottenham Hotspur,2011-05-15,2011-05-15
2010–11,Wigan Athletic,West Ham United,2011-05-15,2011-05-15
2010–11,Manchester City,Stoke City,2011-05-17,2011-05-17
2010–11,Aston Villa,Liverpool,2011-05-22,2011-05-22
2010–11,Bolton Wanderers,Manchester City,2011-05-22,2011-05-22
2010–11,Everton,Chelsea,2011-05-22,2011-05-22
2010–11,Fulham,Arsenal,2011-05-22,2011-05-22
2010–11,Manchester United,Blackpool,2011-05-22,2011-05-22
2010–11,Newcastle United,West Bromwich Albion,2011-05-22,2011-05-22
2010–11,Stoke City,Wigan Athletic,2011-05-22,2011-05-22
2010–11,Tottenham Hotspur,Birmingham City,2011-05-22,2011-05-22
2010–11,West Ham United,Sunderland,2011-05-22,2011-05-22
2010–11,Wolverhampton Wanderers,Blackburn Rovers,2011-05-22,2011-05-22
2011–12,Blackburn Rovers,Wolverhampton Wanderers,2011-08-13,2011-08-13
2011–12,Fulham,Aston Villa,2011-08-13,2011-08-13
2011–12,Liverpool,Sunderland,2011-08-13,2011-08-13
2011–12,Newcastle United,Arsenal,2011-08-13,2011-08-13
2011–12,Queens Park Rangers,Bolton Wanderers,2011-08-13,2011-08-13
2011–12,Wigan Athletic,Norwich City,2011-08-13,2011-08-13
2011–12,Stoke City,Chelsea,2011-08-14,2011-08-14
2011–12,West Bromwich Albion,Manchester United,2011-08-14,2011-08-14
2011–12,Manchester City,Swansea City,2011-08-15,2011-08-15
2011–12,Arsenal,Liverpool,2011-08-20,2011-08-20
2011–12,Aston Villa,Blackburn Rovers,2011-08-20,2011-08-20
2011–12,Chelsea,West Bromwich Albion,2011-08-20,2011-08-20
2011–12,Everton,Queens Park Rangers,2011-08-20,2011-08-20
2011–12,Sunderland,Newcastle United,2011-08-20,2011-08-20
2011–12,Swansea City,Wigan Athletic,2011-08-20,2011-08-20
2011–12,Bolton Wanderers,Manchester City,2011-08-21,2011-08-21
2011–12,Norwich City,Stoke City,2011-08-21,2011-08-21
2011–12,Wolverhampton Wanderers,Fulham,2011-08-21,2011-08-21
2011–12,Manchester United,Tottenham Hotspur,2011-08-22,2011-08-22
2011–12,Aston Villa,Wolverhampton Wanderers,2011-08-27,2011-08-27
2011–12,Blackburn Rovers,Everton,2011-08-27,2011-08-27
2011–12,Chelsea,Norwich City,2011-08-27,2011-08-27
2011–12,Liverpool,Bolton Wanderers,2011-08-27,2011-08-27
2011–12,Swansea City,Sunderland,2011-08-27,2011-08-27
2011–12,Wigan Athletic,Queens Park Rangers,2011-08-27,2011-08-27
2011–12,Manchester United,Arsenal,2011-08-28,2011-08-28
2011–12,Newcastle United,Fulham,2011-08-28,2011-08-28
2011–12,Tottenham Hotspur,Manchester City,2011-08-28,2011-08-28
2011–12,West Bromwich Albion,Stoke City,2011-08-28,2011-08-28
2011–12,Arsenal,Swansea City,2011-09-10,2011-09-10
2011–12,Bolton Wanderers,Manchester United,2011-09-10,2011-09-10
2011–12,Everton,Aston Villa,2011-09-10,2011-09-10
2011–12,Manchester City,Wigan Athletic,2011-09-10,2011-09-10
2011–12,Stoke City,Liverpool,2011-09-10,2011-09-10
2011–12,Sunderland,Chelsea,2011-09-10,2011-09-10
2011–12,Wolverhampton Wanderers,Tottenham Hotspur,2011-09-10,2011-09-10
2011–12,Fulham,Blackburn Rovers,2011-09-11,2011-09-11
2011–12,Norwich City,West Bromwich Albion,2011-09-11,2011-09-11
2011–12,Queens Park Rangers,Newcastle United,2011-09-12,2011-09-12
2011–12,Aston Villa,Newcastle United,2011-09-17,2011-09-17
2011–12,Blackburn Rovers,Arsenal,2011-09-17,2011-09-17
2011–12,Bolton Wanderers,Norwich City,2011-09-17,2011-09-17
2011–12,Everton,Wigan Athletic,2011-09-17,2011-09-17
2011–12,Swansea City,West Bromwich Albion,2011-09-17,2011-09-17
2011–12,Wolverhampton Wanderers,Queens Park Rangers,2011-09-17,2011-09-17
2011–12,Fulham,Manchester City,2011-09-18,2011-09-18
2011–12,Manchester United,Chelsea,2011-09-18,2011-09-18
2011–12,Sunderland,Stoke City,2011-09-18,2011-09-18
2011–12,Tottenham Hotspur,Liverpool,2011-09-18,2011-09-18
2011–12,Arsenal,Bolton Wanderers,2011-09-24,2011-09-24
2011–12,Chelsea,Swansea City,2011-09-24,2011-09-24
2011–12,Liverpool,Wolverhampton Wanderers,2011-09-24,2011-09-24
2011–12,Manchester City,Everton,2011-09-24,2011-09-24
2011–12,Newcastle United,Blackburn Rovers,2011-09-24,2011-09-24
2011–12,Stoke City,Manchester United,2011-09-24,2011-09-24
2011–12,West Bromwich Albion,Fulham,2011-09-24,2011-09-24
2011–12,Wigan Athletic,Tottenham Hotspur,2011-09-24,2011-09-24
2011–12,Queens Park Rangers,Aston Villa,2011-09-25,2011-09-25
2011–12,Norwich City,Sunderland,2011-09-26,2011-09-26
2011–12,Aston Villa,Wigan Athletic,2011-10-01,2011-10-01
2011–12,Blackburn Rovers,Manchester City,2011-10-01,2011-10-01
2011–12,Everton,Liverpool,2011-10-01,2011-10-01
2011–12,Manchester United,Norwich City,2011-10-01,2011-10-01
2011–12,Sunderland,West Bromwich Albion,2011-10-01,2011-10-01
2011–12,Wolverhampton Wanderers,Newcastle United,2011-10-01,2011-10-01
2011–12,Bolton Wanderers,Chelsea,2011-10-02,2011-10-02
2011–12,Fulham,Queens Park Rangers,2011-10-02,2011-10-02
2011–12,Swansea City,Stoke City,2011-10-02,2011-10-02
2011–12,Tottenham Hotspur,Arsenal,2011-10-02,2011-10-02
2011–12,Chelsea,Everton,2011-10-15,2011-10-15
2011–12,Liverpool,Manchester United,2011-10-15,2011-10-15
2011–12,Manchester City,Aston Villa,2011-10-15,2011-10-15
2011–12,Norwich City,Swansea City,2011-10-15,2011-10-15
2011–12,Queens Park Rangers,Blackburn Rovers,2011-10-15,2011-10-15
2011–12,Stoke City,Fulham,2011-10-15,2011-10-15
2011–12,Wigan Athletic,Bolton Wanderers,2011-10-15,2011-10-15
2011–12,Arsenal,Sunderland,2011-10-16,2011-10-16
2011–12,Newcastle United,Tottenham Hotspur,2011-10-16,2011-10-16
2011–12,West Bromwich Albion,Wolverhampton Wanderers,2011-10-16,2011-10-16
2011–12,Aston Villa,West Bromwich Albion,2011-10-22,2011-10-22
2011–12,Bolton Wanderers,Sunderland,2011-10-22,2011-10-22
2011–12,Liverpool,Norwich City,2011-10-22,2011-10-22
2011–12,Newcastle United,Wigan Athletic,2011-10-22,2011-10-22
2011–12,Wolverhampton Wanderers,Swansea City,2011-10-22,2011-10-22
2011–12,Arsenal,Stoke City,2011-10-23,2011-10-23
2011–12,Blackburn Rovers,Tottenham Hotspur,2011-10-23,2011-10-23
2011–12,Fulham,Everton,2011-10-23,2011-10-23
2011–12,Manchester United,Manchester City,2011-10-23,2011-10-23
2011–12,Queens Park Rangers,Chelsea,2011-10-23,2011-10-23
2011–12,Chelsea,Arsenal,2011-10-29,2011-10-29
2011–12,Everton,Manchester United,2011-10-29,2011-10-29
2011–12,Manchester City,Wolverhampton Wanderers,2011-10-29,2011-10-29
2011–12,Norwich City,Blackburn Rovers,2011-10-29,2011-10-29
2011–12,Sunderland,Aston Villa,2011-10-29,2011-10-29
2011–12,Swansea City,Bolton Wanderers,2011-10-29,2011-10-29
2011–12,West Bromwich Albion,Liverpool,2011-10-29,2011-10-29
2011–12,Wigan Athletic,Fulham,2011-10-29,2011-10-29
2011–12,Tottenham Hotspur,Queens Park Rangers,2011-10-30,2011-10-30
2011–12,Stoke City,Newcastle United,2011-10-31,2011-10-31
2011–12,Arsenal,West Bromwich Albion,2011-11-05,2011-11-05
2011–12,Aston Villa,Norwich City,2011-11-05,2011-11-05
2011–12,Blackburn Rovers,Chelsea,2011-11-05,2011-11-05
2011–12,Liverpool,Swansea City,2011-11-05,2011-11-05
2011–12,Manchester United,Sunderland,2011-11-05,2011-11-05
2011–12,Newcastle United,Everton,2011-11-05,2011-11-05
2011–12,Queens Park Rangers,Manchester City,2011-11-05,2011-11-05
2011–12,Bolton Wanderers,Stoke City,2011-11-06,2011-11-06
2011–12,Fulham,Tottenham Hotspur,2011-11-06,2011-11-06
2011–12,Wolverhampton Wanderers,Wigan Athletic,2011-11-06,2011-11-06
2011–12,Everton,Wolverhampton Wanderers,2011-11-19,2011-11-19
2011–12,Manchester City,Newcastle United,2011-11-19,2011-11-19
2011–12,Norwich City,Arsenal,2011-11-19,2011-11-19
2011–12,Stoke City,Queens Park Rangers,2011-11-19,2011-11-19
2011–12,Sunderland,Fulham,2011-11-19,2011-11-19
2011–12,Swansea City,Manchester United,2011-11-19,2011-11-19
2011–12,West Bromwich Albion,Bolton Wanderers,2011-11-19,2011-11-19
2011–12,Wigan Athletic,Blackburn Rovers,2011-11-19,2011-11-19
2011–12,Chelsea,Liverpool,2011-11-20,2011-11-20
2011–12,Tottenham Hotspur,Aston Villa,2011-11-21,2011-11-21
2011–12,Arsenal,Fulham,2011-11-26,2011-11-26
2011–12,Bolton Wanderers,Everton,2011-11-26,2011-11-26
2011–12,Chelsea,Wolverhampton Wanderers,2011-11-26,2011-11-26
2011–12,Manchester United,Newcastle United,2011-11-26,2011-11-26
2011–12,Norwich City,Queens Park Rangers,2011-11-26,2011-11-26
2011–12,Stoke City,Blackburn Rovers,2011-11-26,2011-11-26
2011–12,Sunderland,Wigan Athletic,2011-11-26,2011-11-26
2011–12,West Bromwich Albion,Tottenham Hotspur,2011-11-26,2011-11-26
2011–12,Liverpool,Manchester City,2011-11-27,2011-11-27
2011–12,Swansea City,Aston Villa,2011-11-27,2011-11-27
2011–12,Aston Villa,Manchester United,2011-12-03,2011-12-03
2011–12,Blackburn Rovers,Swansea City,2011-12-03,2011-12-03
2011–12,Manchester City,Norwich City,2011-12-03,2011-12-03
2011–12,Newcastle United,Chelsea,2011-12-03,2011-12-03
2011–12,Queens Park Rangers,West Bromwich Albion,2011-12-03,2011-12-03
2011–12,Tottenham Hotspur,Bolton Wanderers,2011-12-03,2011-12-03
2011–12,Wigan Athletic,Arsenal,2011-12-03,2011-12-03
2011–12,Everton,Stoke City,2011-12-04,2011-12-04
2011–12,Wolverhampton Wanderers,Sunderland,2011-12-04,2011-12-04
2011–12,Fulham,Liverpool,2011-12-05,2011-12-05
2011–12,Arsenal,Everton,2011-12-10,2011-12-10
2011–12,Bolton Wanderers,Aston Villa,2011-12-10,2011-12-10
2011–12,Liverpool,Queens Park Rangers,2011-12-10,2011-12-10
2011–12,Manchester United,Wolverhampton Wanderers,2011-12-10,2011-12-10
2011–12,Norwich City,Newcastle United,2011-12-10,2011-12-10
2011–12,Swansea City,Fulham,2011-12-10,2011-12-10
2011–12,West Bromwich Albion,Wigan Athletic,2011-12-10,2011-12-10
2011–12,Stoke City,Tottenham Hotspur,2011-12-11,2011-12-11
2011–12,Sunderland,Blackburn Rovers,2011-12-11,2011-12-11
2011–12,Chelsea,Manchester City,2011-12-12,2011-12-12
2011–12,Blackburn Rovers,West Bromwich Albion,2011-12-17,2011-12-17
2011–12,Everton,Norwich City,2011-12-17,2011-12-17
2011–12,Fulham,Bolton Wanderers,2011-12-17,2011-12-17
2011–12,Newcastle United,Swansea City,2011-12-17,2011-12-17
2011–12,Wigan Athletic,Chelsea,2011-12-17,2011-12-17
2011–12,Wolverhampton Wanderers,Stoke City,2011-12-17,2011-12-17
2011–12,Aston Villa,Liverpool,2011-12-18,2011-12-18
2011–12,Manchester City,Arsenal,2011-12-18,2011-12-18
2011–12,Queens Park Rangers,Manchester United,2011-12-18,2011-12-18
2011–12,Tottenham Hotspur,Sunderland,2011-12-18,2011-12-18
2011–12,Blackburn Rovers,Bolton Wanderers,2011-12-20,2011-12-20
2011–12,Wolverhampton Wanderers,Norwich City,2011-12-20,2011-12-20
2011–12,Aston Villa,Arsenal,2011-12-21,2011-12-21
2011–12,Everton,Swansea City,2011-12-21,2011-12-21
2011–12,Fulham,Manchester United,2011-12-21,2011-12-21
2011–12,Manchester City,Stoke City,2011-12-21,2011-12-21
2011–12,Newcastle United,West Bromwich Albion,2011-12-21,2011-12-21
2011–12,Queens Park Rangers,Sunderland,2011-12-21,2011-12-21
2011–12,Wigan Athletic,Liverpool,2011-12-21,2011-12-21
2011–12,Tottenham Hotspur,Chelsea,2011-12-22,2011-12-22
2011–12,Bolton Wanderers,Newcastle United,2011-12-26,2011-12-26
2011–12,Chelsea,Fulham,2011-12-26,2011-12-26
2011–12,Liverpool,Blackburn Rovers,2011-12-26,2011-12-26
2011–12,Manchester United,Wigan Athletic,2011-12-26,2011-12-26
2011–12,Stoke City,Aston Villa,2011-12-26,2011-12-26
2011–12,Sunderland,Everton,2011-12-26,2011-12-26
2011–12,West Bromwich Albion,Manchester City,2011-12-26,2011-12-26
2011–12,Arsenal,Wolverhampton Wanderers,2011-12-27,2011-12-27
2011–12,Norwich City,Tottenham Hotspur,2011-12-27,2011-12-27
2011–12,Swansea City,Queens Park Rangers,2011-12-27,2011-12-27
2011–12,Liverpool,Newcastle United,2011-12-30,2011-12-30
2011–12,Arsenal,Queens Park Rangers,2011-12-31,2011-12-31
2011–12,Bolton Wanderers,Wolverhampton Wanderers,2011-12-31,2011-12-31
2011–12,Chelsea,Aston Villa,2011-12-31,2011-12-31
2011–12,Manchester United,Blackburn Rovers,2011-12-31,2011-12-31
2011–12,Norwich City,Fulham,2011-12-31,2011-12-31
2011–12,Stoke City,Wigan Athletic,2011-12-31,2011-12-31
2011–12,Swansea City,Tottenham Hotspur,2011-12-31,2011-12-31
2011–12,Sunderland,Manchester City,2012-01-01,2012-01-01
2011–12,West Bromwich Albion,Everton,2012-01-01,2012-01-01
2011–12,Aston Villa,Swansea City,2012-01-02,2012-01-02
2011–12,Blackburn Rovers,Stoke City,2012-01-02,2012-01-02
2011–12,Fulham,Arsenal,2012-01-02,2012-01-02
2011–12,Queens Park Rangers,Norwich City,2012-01-02,2012-01-02
2011–12,Wolverhampton Wanderers,Chelsea,2012-01-02,2012-01-02
2011–12,Manchester City,Liverpool,2012-01-03,2012-01-03
2011–12,Tottenham Hotspur,West Bromwich Albion,2012-01-03,2012-01-03
2011–12,Wigan Athletic,Sunderland,2012-01-03,2012-01-03
2011–12,Everton,Bolton Wanderers,2012-01-04,2012-01-04
2011–12,Newcastle United,Manchester United,2012-01-04,2012-01-04
2011–12,Tottenham Hotspur,Everton,2012-01-11,2012-01-11
2011–12,Aston Villa,Everton,2012-01-14,2012-01-14
2011–12,Blackburn Rovers,Fulham,2012-01-14,2012-01-14
2011–12,Chelsea,Sunderland,2012-01-14,2012-01-14
2011–12,Liverpool,Stoke City,2012-01-14,2012-01-14
2011–12,Manchester United,Bolton Wanderers,2012-01-14,2012-01-14
2011–12,Tottenham Hotspur,Wolverhampton Wanderers,2012-01-14,2012-01-14
2011–12,West Bromwich Albion,Norwich City,2012-01-14,2012-01-14
2011–12,Newcastle United,Queens Park Rangers,2012-01-15,2012-01-15
2011–12,Swansea City,Arsenal,2012-01-15,2012-01-15
2011–12,Wigan Athletic,Manchester City,2012-01-16,2012-01-16
2011–12,Bolton Wanderers,Liverpool,2012-01-21,2012-01-21
2011–12,Everton,Blackburn Rovers,2012-01-21,2012-01-21
2011–12,Fulham,Newcastle United,2012-01-21,2012-01-21
2011–12,Norwich City,Chelsea,2012-01-21,2012-01-21
2011–12,Queens Park Rangers,Wigan Athletic,2012-01-21,2012-01-21
2011–12,Stoke City,West Bromwich Albion,2012-01-21,2012-01-21
2011–12,Sunderland,Swansea City,2012-01-21,2012-01-21
2011–12,Wolverhampton Wanderers,Aston Villa,2012-01-21,2012-01-21
2011–12,Arsenal,Manchester United,2012-01-22,2012-01-22
2011–12,Manchester City,Tottenham Hotspur,2012-01-22,2012-01-22
2011–12,Everton,Manchester City,2012-01-31,2012-01-31
2011–12,Manchester United,Stoke City,2012-01-31,2012-01-31
2011–12,Swansea City,Chelsea,2012-01-31,2012-01-31
2011–12,Tottenham Hotspur,Wigan Athletic,2012-01-31,2012-01-31
2011–12,Wolverhampton Wanderers,Liverpool,2012-01-31,2012-01-31
2011–12,Aston Villa,Queens Park Rangers,2012-02-01,2012-02-01
2011–12,Blackburn Rovers,Newcastle United,2012-02-01,2012-02-01
2011–12,Bolton Wanderers,Arsenal,2012-02-01,2012-02-01
2011–12,Fulham,West Bromwich Albion,2012-02-01,2012-02-01
2011–12,Sunderland,Norwich City,2012-02-01,2012-02-01
2011–12,Arsenal,Blackburn Rovers,2012-02-04,2012-02-04
2011–12,Manchester City,Fulham,2012-02-04,2012-02-04
2011–12,Norwich City,Bolton Wanderers,2012-02-04,2012-02-04
2011–12,Queens Park Rangers,Wolverhampton Wanderers,2012-02-04,2012-02-04
2011–12,Stoke City,Sunderland,2012-02-04,2012-02-04
2011–12,West Bromwich Albion,Swansea City,2012-02-04,2012-02-04
2011–12,Wigan Athletic,Everton,2012-02-04,2012-02-04
2011–12,Chelsea,Manchester United,2012-02-05,2012-02-05
2011–12,Newcastle United,Aston Villa,2012-02-05,2012-02-05
2011–12,Liverpool,Tottenham Hotspur,2012-02-06,2012-02-06
2011–12,Blackburn Rovers,Queens Park Rangers,2012-02-11,2012-02-11
2011–12,Bolton Wanderers,Wigan Athletic,2012-02-11,2012-02-11
2011–12,Everton,Chelsea,2012-02-11,2012-02-11
2011–12,Fulham,Stoke City,2012-02-11,2012-02-11
2011–12,Manchester United,Liverpool,2012-02-11,2012-02-11
2011–12,Sunderland,Arsenal,2012-02-11,2012-02-11
2011–12,Swansea City,Norwich City,2012-02-11,2012-02-11
2011–12,Tottenham Hotspur,Newcastle United,2012-02-11,2012-02-11
2011–12,Aston Villa,Manchester City,2012-02-12,2012-02-12
2011–12,Wolverhampton Wanderers,West Bromwich Albion,2012-02-12,2012-02-12
2011–12,Chelsea,Bolton Wanderers,2012-02-25,2012-02-25
2011–12,Manchester City,Blackburn Rovers,2012-02-25,2012-02-25
2011–12,Newcastle United,Wolverhampton Wanderers,2012-02-25,2012-02-25
2011–12,Queens Park Rangers,Fulham,2012-02-25,2012-02-25
2011–12,West Bromwich Albion,Sunderland,2012-02-25,2012-02-25
2011–12,Wigan Athletic,Aston Villa,2012-02-25,2012-02-25
2011–12,Arsenal,Tottenham Hotspur,2012-02-26,2012-02-26
2011–12,Norwich City,Manchester United,2012-02-26,2012-02-26
2011–12,Stoke City,Swansea City,2012-02-26,2012-02-26
2011–12,Blackburn Rovers,Aston Villa,2012-03-03,2012-03-03
2011–12,Liverpool,Arsenal,2012-03-03,2012-03-03
2011–12,Manchester City,Bolton Wanderers,2012-03-03,2012-03-03
2011–12,Queens Park Rangers,Everton,2012-03-03,2012-03-03
2011–12,Stoke City,Norwich City,2012-03-03,2012-03-03
2011–12,West Bromwich Albion,Chelsea,2012-03-03,2012-03-03
2011–12,Wigan Athletic,Swansea City,2012-03-03,2012-03-03
2011–12,Fulham,Wolverhampton Wanderers,2012-03-04,2012-03-04
2011–12,Newcastle United,Sunderland,2012-03-04,2012-03-04
2011–12,Tottenham Hotspur,Manchester United,2012-03-04,2012-03-04
2011–12,Aston Villa,Fulham,2012-03-10,2012-03-10
2011–12,Bolton Wanderers,Queens Park Rangers,2012-03-10,2012-03-10
2011–12,Chelsea,Stoke City,2012-03-10,2012-03-10
2011–12,Everton,Tottenham Hotspur,2012-03-10,2012-03-10
2011–12,Sunderland,Liverpool,2012-03-10,2012-03-10
2011–12,Wolverhampton Wanderers,Blackburn Rovers,2012-03-10,2012-03-10
2011–12,Manchester United,West Bromwich Albion,2012-03-11,2012-03-11
2011–12,Norwich City,Wigan Athletic,2012-03-11,2012-03-11
2011–12,Swansea City,Manchester City,2012-03-11,2012-03-11
2011–12,Arsenal,Newcastle United,2012-03-12,2012-03-12
2011–12,Liverpool,Everton,2012-03-13,2012-03-13
2011–12,Fulham,Swansea City,2012-03-17,2012-03-17
2011–12,Wigan Athletic,West Bromwich Albion,2012-03-17,2012-03-17
2011–12,Newcastle United,Norwich City,2012-03-18,2012-03-18
2011–12,Wolverhampton Wanderers,Manchester United,2012-03-18,2012-03-18
2011–12,Blackburn Rovers,Sunderland,2012-03-20,2012-03-20
2011–12,Everton,Arsenal,2012-03-21,2012-03-21
2011–12,Manchester City,Chelsea,2012-03-21,2012-03-21
2011–12,Queens Park Rangers,Liverpool,2012-03-21,2012-03-21
2011–12,Tottenham Hotspur,Stoke City,2012-03-21,2012-03-21
2011–12,Arsenal,Aston Villa,2012-03-24,2012-03-24
2011–12,Bolton Wanderers,Blackburn Rovers,2012-03-24,2012-03-24
2011–12,Chelsea,Tottenham Hotspur,2012-03-24,2012-03-24
2011–12,Liverpool,Wigan Athletic,2012-03-24,2012-03-24
2011–12,Norwich City,Wolverhampton Wanderers,2012-03-24,2012-03-24
2011–12,Stoke City,Manchester City,2012-03-24,2012-03-24
2011–12,Sunderland,Queens Park Rangers,2012-03-24,2012-03-24
2011–12,Swansea City,Everton,2012-03-24,2012-03-24
2011–12,West Bromwich Albion,Newcastle United,2012-03-25,2012-03-25
2011–12,Manchester United,Fulham,2012-03-26,2012-03-26
2011–12,Aston Villa,Chelsea,2012-03-31,2012-03-31
2011–12,Everton,West Bromwich Albion,2012-03-31,2012-03-31
2011–12,Fulham,Norwich City,2012-03-31,2012-03-31
2011–12,Manchester City,Sunderland,2012-03-31,2012-03-31
2011–12,Queens Park Rangers,Arsenal,2012-03-31,2012-03-31
2011–12,Wigan Athletic,Stoke City,2012-03-31,2012-03-31
2011–12,Wolverhampton Wanderers,Bolton Wanderers,2012-03-31,2012-03-31
2011–12,Newcastle United,Liverpool,2012-04-01,2012-04-01
2011–12,Tottenham Hotspur,Swansea City,2012-04-01,2012-04-01
2011–12,Blackburn Rovers,Manchester United,2012-04-02,2012-04-02
2011–12,Swansea City,Newcastle United,2012-04-06,2012-04-06
2011–12,Bolton Wanderers,Fulham,2012-04-07,2012-04-07
2011–12,Chelsea,Wigan Athletic,2012-04-07,2012-04-07
2011–12,Liverpool,Aston Villa,2012-04-07,2012-04-07
2011–12,Norwich City,Everton,2012-04-07,2012-04-07
2011–12,Stoke City,Wolverhampton Wanderers,2012-04-07,2012-04-07
2011–12,Sunderland,Tottenham Hotspur,2012-04-07,2012-04-07
2011–12,West Bromwich Albion,Blackburn Rovers,2012-04-07,2012-04-07
2011–12,Arsenal,Manchester City,2012-04-08,2012-04-08
2011–12,Manchester United,Queens Park Rangers,2012-04-08,2012-04-08
2011–12,Aston Villa,Stoke City,2012-04-09,2012-04-09
2011–12,Everton,Sunderland,2012-04-09,2012-04-09
2011–12,Fulham,Chelsea,2012-04-09,2012-04-09
2011–12,Newcastle United,Bolton Wanderers,2012-04-09,2012-04-09
2011–12,Tottenham Hotspur,Norwich City,2012-04-09,2012-04-09
2011–12,Blackburn Rovers,Liverpool,2012-04-10,2012-04-10
2011–12,Manchester City,West Bromwich Albion,2012-04-11,2012-04-11
2011–12,Queens Park Rangers,Swansea City,2012-04-11,2012-04-11
2011–12,Wigan Athletic,Manchester United,2012-04-11,2012-04-11
2011–12,Wolverhampton Wanderers,Arsenal,2012-04-11,2012-04-11
2011–12,Norwich City,Manchester City,2012-04-14,2012-04-14
2011–12,Sunderland,Wolverhampton Wanderers,2012-04-14,2012-04-14
2011–12,Swansea City,Blackburn Rovers,2012-04-14,2012-04-14
2011–12,West Bromwich Albion,Queens Park Rangers,2012-04-14,2012-04-14
2011–12,Manchester United,Aston Villa,2012-04-15,2012-04-15
2011–12,Arsenal,Wigan Athletic,2012-04-16,2012-04-16
2011–12,Arsenal,Chelsea,2012-04-21,2012-04-21
2011–12,Aston Villa,Sunderland,2012-04-21,2012-04-21
2011–12,Blackburn Rovers,Norwich City,2012-04-21,2012-04-21
2011–12,Bolton Wanderers,Swansea City,2012-04-21,2012-04-21
2011–12,Fulham,Wigan Athletic,2012-04-21,2012-04-21
2011–12,Newcastle United,Stoke City,2012-04-21,2012-04-21
2011–12,Queens Park Rangers,Tottenham Hotspur,2012-04-21,2012-04-21
2011–12,Liverpool,West Bromwich Albion,2012-04-22,2012-04-22
2011–12,Manchester United,Everton,2012-04-22,2012-04-22
2011–12,Wolverhampton Wanderers,Manchester City,2012-04-22,2012-04-22
2011–12,Aston Villa,Bolton Wanderers,2012-04-24,2012-04-24
2011–12,Everton,Fulham,2012-04-28,2012-04-28
2011–12,Norwich City,Liverpool,2012-04-28,2012-04-28
2011–12,Stoke City,Arsenal,2012-04-28,2012-04-28
2011–12,Sunderland,Bolton Wanderers,2012-04-28,2012-04-28
2011–12,Swansea City,Wolverhampton Wanderers,2012-04-28,2012-04-28
2011–12,West Bromwich Albion,Aston Villa,2012-04-28,2012-04-28
2011–12,Wigan Athletic,Newcastle United,2012-04-28,2012-04-28
2011–12,Chelsea,Queens Park Rangers,2012-04-29,2012-04-29
2011–12,Tottenham Hotspur,Blackburn Rovers,2012-04-29,2012-04-29
2011–12,Manchester City,Manchester United,2012-04-30,2012-04-30
2011–12,Liverpool,Fulham,2012-05-01,2012-05-01
2011–12,Stoke City,Everton,2012-05-01,2012-05-01
2011–12,Bolton Wanderers,Tottenham Hotspur,2012-05-02,2012-05-02
2011–12,Chelsea,Newcastle United,2012-05-02,2012-05-02
2011–12,Arsenal,Norwich City,2012-05-05,2012-05-05
2011–12,Aston Villa,Tottenham Hotspur,2012-05-06,2012-05-06
2011–12,Bolton Wanderers,West Bromwich Albion,2012-05-06,2012-05-06
2011–12,Fulham,Sunderland,2012-05-06,2012-05-06
2011–12,Manchester United,Swansea City,2012-05-06,2012-05-06
2011–12,Newcastle United,Manchester City,2012-05-06,2012-05-06
2011–12,Queens Park Rangers,Stoke City,2012-05-06,2012-05-06
2011–12,Wolverhampton Wanderers,Everton,2012-05-06,2012-05-06
2011–12,Blackburn Rovers,Wigan Athletic,2012-05-07,2012-05-07
2011–12,Liverpool,Chelsea,2012-05-08,2012-05-08
2011–12,Chelsea,Blackburn Rovers,2012-05-13,2012-05-13
2011–12,Everton,Newcastle United,2012-05-13,2012-05-13
2011–12,Manchester City,Queens Park Rangers,2012-05-13,2012-05-13
2011–12,Norwich City,Aston Villa,2012-05-13,2012-05-13
2011–12,Stoke City,Bolton Wanderers,2012-05-13,2012-05-13
2011–12,Sunderland,Manchester United,2012-05-13,2012-05-13
2011–12,Swansea City,Liverpool,2012-05-13,2012-05-13
2011–12,Tottenham Hotspur,Fulham,2012-05-13,2012-05-13
2011–12,West Bromwich Albion,Arsenal,2012-05-13,2012-05-13
2011–12,Wigan Athletic,Wolverhampton Wanderers,2012-05-13,2012-05-13
2012–13,Arsenal,Sunderland,2012-08-18,2012-08-18
2012–13,Fulham,Norwich City,2012-08-18,2012-08-18
2012–13,Newcastle United,Tottenham Hotspur,2012-08-18,2012-08-18
2012–13,Queens Park Rangers,Swansea City,2012-08-18,2012-08-18
2012–13,Reading,Stoke City,2012-08-18,2012-08-18
2012–13,West Bromwich Albion,Liverpool,2012-08-18,2012-08-18
2012–13,West Ham United,Aston Villa,2012-08-18,2012-08-18
2012–13,Manchester City,Southampton,2012-08-19,2012-08-19
2012–13,Wigan Athletic,Chelsea,2012-08-19,2012-08-19
2012–13,Everton,Manchester United,2012-08-20,2012-08-20
2012–13,Chelsea,Reading,2012-08-22,2012-08-22
2012–13,Aston Villa,Everton,2012-08-25,2012-08-25
2012–13,Chelsea,Newcastle United,2012-08-25,2012-08-25
2012–13,Manchester United,Fulham,2012-08-25,2012-08-25
2012–13,Norwich City,Queens Park Rangers,2012-08-25,2012-08-25
2012–13,Southampton,Wigan Athletic,2012-08-25,2012-08-25
2012–13,Swansea City,West Ham United,2012-08-25,2012-08-25
2012–13,Tottenham Hotspur,West Bromwich Albion,2012-08-25,2012-08-25
2012–13,Liverpool,Manchester City,2012-08-26,2012-08-26
2012–13,Stoke City,Arsenal,2012-08-26,2012-08-26
2012–13,Manchester City,Queens Park Rangers,2012-09-01,2012-09-01
2012–13,Swansea City,Sunderland,2012-09-01,2012-09-01
2012–13,Tottenham Hotspur,Norwich City,2012-09-01,2012-09-01
2012–13,West Bromwich Albion,Everton,2012-09-01,2012-09-01
2012–13,West Ham United,Fulham,2012-09-01,2012-09-01
2012–13,Wigan Athletic,Stoke City,2012-09-01,2012-09-01
2012–13,Liverpool,Arsenal,2012-09-02,2012-09-02
2012–13,Newcastle United,Aston Villa,2012-09-02,2012-09-02
2012–13,Southampton,Manchester United,2012-09-02,2012-09-02
2012–13,Arsenal,Southampton,2012-09-15,2012-09-15
2012–13,Aston Villa,Swansea City,2012-09-15,2012-09-15
2012–13,Fulham,West Bromwich Albion,2012-09-15,2012-09-15
2012–13,Manchester United,Wigan Athletic,2012-09-15,2012-09-15
2012–13,Norwich City,West Ham United,2012-09-15,2012-09-15
2012–13,Queens Park Rangers,Chelsea,2012-09-15,2012-09-15
2012–13,Stoke City,Manchester City,2012-09-15,2012-09-15
2012–13,Sunderland,Liverpool,2012-09-15,2012-09-15
2012–13,Reading,Tottenham Hotspur,2012-09-16,2012-09-16
2012–13,Everton,Newcastle United,2012-09-17,2012-09-17
2012–13,Chelsea,Stoke City,2012-09-22,2012-09-22
2012–13,Southampton,Aston Villa,2012-09-22,2012-09-22
2012–13,Swansea City,Everton,2012-09-22,2012-09-22
2012–13,West Bromwich Albion,Reading,2012-09-22,2012-09-22
2012–13,West Ham United,Sunderland,2012-09-22,2012-09-22
2012–13,Wigan Athletic,Fulham,2012-09-22,2012-09-22
2012–13,Liverpool,Manchester United,2012-09-23,2012-09-23
2012–13,Manchester City,Arsenal,2012-09-23,2012-09-23
2012–13,Newcastle United,Norwich City,2012-09-23,2012-09-23
2012–13,Tottenham Hotspur,Queens Park Rangers,2012-09-23,2012-09-23
2012–13,Arsenal,Chelsea,2012-09-29,2012-09-29
2012–13,Everton,Southampton,2012-09-29,2012-09-29
2012–13,Fulham,Manchester City,2012-09-29,2012-09-29
2012–13,Manchester United,Tottenham Hotspur,2012-09-29,2012-09-29
2012–13,Norwich City,Liverpool,2012-09-29,2012-09-29
2012–13,Reading,Newcastle United,2012-09-29,2012-09-29
2012–13,Stoke City,Swansea City,2012-09-29,2012-09-29
2012–13,Sunderland,Wigan Athletic,2012-09-29,2012-09-29
2012–13,Aston Villa,West Bromwich Albion,2012-09-30,2012-09-30
2012–13,Queens Park Rangers,West Ham United,2012-10-01,2012-10-01
2012–13,Chelsea,Norwich City,2012-10-06,2012-10-06
2012–13,Manchester City,Sunderland,2012-10-06,2012-10-06
2012–13,Swansea City,Reading,2012-10-06,2012-10-06
2012–13,West Bromwich Albion,Queens Park Rangers,2012-10-06,2012-10-06
2012–13,West Ham United,Arsenal,2012-10-06,2012-10-06
2012–13,Wigan Athletic,Everton,2012-10-06,2012-10-06
2012–13,Liverpool,Stoke City,2012-10-07,2012-10-07
2012–13,Newcastle United,Manchester United,2012-10-07,2012-10-07
2012–13,Southampton,Fulham,2012-10-07,2012-10-07
2012–13,Tottenham Hotspur,Aston Villa,2012-10-07,2012-10-07
2012–13,Fulham,Aston Villa,2012-10-20,2012-10-20
2012–13,Liverpool,Reading,2012-10-20,2012-10-20
2012–13,Manchester United,Stoke City,2012-10-20,2012-10-20
2012–13,Norwich City,Arsenal,2012-10-20,2012-10-20
2012–13,Swansea City,Wigan Athletic,2012-10-20,2012-10-20
2012–13,Tottenham Hotspur,Chelsea,2012-10-20,2012-10-20
2012–13,West Bromwich Albion,Manchester City,2012-10-20,2012-10-20
2012–13,West Ham United,Southampton,2012-10-20,2012-10-20
2012–13,Queens Park Rangers,Everton,2012-10-21,2012-10-21
2012–13,Sunderland,Newcastle United,2012-10-21,2012-10-21
2012–13,Arsenal,Queens Park Rangers,2012-10-27,2012-10-27
2012–13,Aston Villa,Norwich City,2012-10-27,2012-10-27
2012–13,Manchester City,Swansea City,2012-10-27,2012-10-27
2012–13,Reading,Fulham,2012-10-27,2012-10-27
2012–13,Stoke City,Sunderland,2012-10-27,2012-10-27
2012–13,Wigan Athletic,West Ham United,2012-10-27,2012-10-27
2012–13,Chelsea,Manchester United,2012-10-28,2012-10-28
2012–13,Everton,Liverpool,2012-10-28,2012-10-28
2012–13,Newcastle United,West Bromwich Albion,2012-10-28,2012-10-28
2012–13,Southampton,Tottenham Hotspur,2012-10-28,2012-10-28
2012–13,Fulham,Everton,2012-11-03,2012-11-03
2012–13,Manchester United,Arsenal,2012-11-03,2012-11-03
2012–13,Norwich City,Stoke City,2012-11-03,2012-11-03
2012–13,Sunderland,Aston Villa,2012-11-03,2012-11-03
2012–13,Swansea City,Chelsea,2012-11-03,2012-11-03
2012–13,Tottenham Hotspur,Wigan Athletic,2012-11-03,2012-11-03
2012–13,West Ham United,Manchester City,2012-11-03,2012-11-03
2012–13,Liverpool,Newcastle United,2012-11-04,2012-11-04
2012–13,Queens Park Rangers,Reading,2012-11-04,2012-11-04
2012–13,West Bromwich Albion,Southampton,2012-11-05,2012-11-05
2012–13,Arsenal,Fulham,2012-11-10,2012-11-10
2012–13,Aston Villa,Manchester United,2012-11-10,2012-11-10
2012–13,Everton,Sunderland,2012-11-10,2012-11-10
2012–13,Reading,Norwich City,2012-11-10,2012-11-10
2012–13,Southampton,Swansea City,2012-11-10,2012-11-10
2012–13,Stoke City,Queens Park Rangers,2012-11-10,2012-11-10
2012–13,Wigan Athletic,West Bromwich Albion,2012-11-10,2012-11-10
2012–13,Chelsea,Liverpool,2012-11-11,2012-11-11
2012–13,Manchester City,Tottenham Hotspur,2012-11-11,2012-11-11
2012–13,Newcastle United,West Ham United,2012-11-11,2012-11-11
2012–13,Arsenal,Tottenham Hotspur,2012-11-17,2012-11-17
2012–13,Liverpool,Wigan Athletic,2012-11-17,2012-11-17
2012–13,Manchester City,Aston Villa,2012-11-17,2012-11-17
2012–13,Newcastle United,Swansea City,2012-11-17,2012-11-17
2012–13,Norwich City,Manchester United,2012-11-17,2012-11-17
2012–13,Queens Park Rangers,Southampton,2012-11-17,2012-11-17
2012–13,Reading,Everton,2012-11-17,2012-11-17
2012–13,West Bromwich Albion,Chelsea,2012-11-17,2012-11-17
2012–13,Fulham,Sunderland,2012-11-18,2012-11-18
2012–13,West Ham United,Stoke City,2012-11-19,2012-11-19
2012–13,Aston Villa,Arsenal,2012-11-24,2012-11-24
2012–13,Everton,Norwich City,2012-11-24,2012-11-24
2012–13,Manchester United,Queens Park Rangers,2012-11-24,2012-11-24
2012–13,Stoke City,Fulham,2012-11-24,2012-11-24
2012–13,Sunderland,West Bromwich Albion,2012-11-24,2012-11-24
2012–13,Wigan Athletic,Reading,2012-11-24,2012-11-24
2012–13,Chelsea,Manchester City,2012-11-25,2012-11-25
2012–13,Southampton,Newcastle United,2012-11-25,2012-11-25
2012–13,Swansea City,Liverpool,2012-11-25,2012-11-25
2012–13,Tottenham Hotspur,West Ham United,2012-11-25,2012-11-25
2012–13,Aston Villa,Reading,2012-11-27,2012-11-27
2012–13,Sunderland,Queens Park Rangers,2012-11-27,2012-11-27
2012–13,Chelsea,Fulham,2012-11-28,2012-11-28
2012–13,Everton,Arsenal,2012-11-28,2012-11-28
2012–13,Manchester United,West Ham United,2012-11-28,2012-11-28
2012–13,Southampton,Norwich City,2012-11-28,2012-11-28
2012–13,Stoke City,Newcastle United,2012-11-28,2012-11-28
2012–13,Swansea City,West Bromwich Albion,2012-11-28,2012-11-28
2012–13,Tottenham Hotspur,Liverpool,2012-11-28,2012-11-28
2012–13,Wigan Athletic,Manchester City,2012-11-28,2012-11-28
2012–13,Arsenal,Swansea City,2012-12-01,2012-12-01
2012–13,Fulham,Tottenham Hotspur,2012-12-01,2012-12-01
2012–13,Liverpool,Southampton,2012-12-01,2012-12-01
2012–13,Manchester City,Everton,2012-12-01,2012-12-01
2012–13,Queens Park Rangers,Aston Villa,2012-12-01,2012-12-01
2012–13,Reading,Manchester United,2012-12-01,2012-12-01
2012–13,West Bromwich Albion,Stoke City,2012-12-01,2012-12-01
2012–13,West Ham United,Chelsea,2012-12-01,2012-12-01
2012–13,Norwich City,Sunderland,2012-12-02,2012-12-02
2012–13,Newcastle United,Wigan Athletic,2012-12-03,2012-12-03
2012–13,Arsenal,West Bromwich Albion,2012-12-08,2012-12-08
2012–13,Aston Villa,Stoke City,2012-12-08,2012-12-08
2012–13,Southampton,Reading,2012-12-08,2012-12-08
2012–13,Sunderland,Chelsea,2012-12-08,2012-12-08
2012–13,Swansea City,Norwich City,2012-12-08,2012-12-08
2012–13,Wigan Athletic,Queens Park Rangers,2012-12-08,2012-12-08
2012–13,Everton,Tottenham Hotspur,2012-12-09,2012-12-09
2012–13,Manchester City,Manchester United,2012-12-09,2012-12-09
2012–13,West Ham United,Liverpool,2012-12-09,2012-12-09
2012–13,Fulham,Newcastle United,2012-12-10,2012-12-10
2012–13,Sunderland,Reading,2012-12-11,2012-12-11
2012–13,Liverpool,Aston Villa,2012-12-15,2012-12-15
2012–13,Manchester United,Sunderland,2012-12-15,2012-12-15
2012–13,Newcastle United,Manchester City,2012-12-15,2012-12-15
2012–13,Norwich City,Wigan Athletic,2012-12-15,2012-12-15
2012–13,Queens Park Rangers,Fulham,2012-12-15,2012-12-15
2012–13,Stoke City,Everton,2012-12-15,2012-12-15
2012–13,Tottenham Hotspur,Swansea City,2012-12-16,2012-12-16
2012–13,West Bromwich Albion,West Ham United,2012-12-16,2012-12-16
2012–13,Reading,Arsenal,2012-12-17,2012-12-17
2012–13,Liverpool,Fulham,2012-12-22,2012-12-22
2012–13,Manchester City,Reading,2012-12-22,2012-12-22
2012–13,Newcastle United,Queens Park Rangers,2012-12-22,2012-12-22
2012–13,Southampton,Sunderland,2012-12-22,2012-12-22
2012–13,Tottenham Hotspur,Stoke City,2012-12-22,2012-12-22
2012–13,West Bromwich Albion,Norwich City,2012-12-22,2012-12-22
2012–13,West Ham United,Everton,2012-12-22,2012-12-22
2012–13,Wigan Athletic,Arsenal,2012-12-22,2012-12-22
2012–13,Chelsea,Aston Villa,2012-12-23,2012-12-23
2012–13,Swansea City,Manchester United,2012-12-23,2012-12-23
2012–13,Aston Villa,Tottenham Hotspur,2012-12-26,2012-12-26
2012–13,Everton,Wigan Athletic,2012-12-26,2012-12-26
2012–13,Fulham,Southampton,2012-12-26,2012-12-26
2012–13,Manchester United,Newcastle United,2012-12-26,2012-12-26
2012–13,Norwich City,Chelsea,2012-12-26,2012-12-26
2012–13,Queens Park Rangers,West Bromwich Albion,2012-12-26,2012-12-26
2012–13,Reading,Swansea City,2012-12-26,2012-12-26
2012–13,Stoke City,Liverpool,2012-12-26,2012-12-26
2012–13,Sunderland,Manchester City,2012-12-26,2012-12-26
2012–13,Arsenal,Newcastle United,2012-12-29,2012-12-29
2012–13,Aston Villa,Wigan Athletic,2012-12-29,2012-12-29
2012–13,Fulham,Swansea City,2012-12-29,2012-12-29
2012–13,Manchester United,West Bromwich Albion,2012-12-29,2012-12-29
2012–13,Norwich City,Manchester City,2012-12-29,2012-12-29
2012–13,Reading,West Ham United,2012-12-29,2012-12-29
2012–13,Stoke City,Southampton,2012-12-29,2012-12-29
2012–13,Sunderland,Tottenham Hotspur,2012-12-29,2012-12-29
2012–13,Everton,Chelsea,2012-12-30,2012-12-30
2012–13,Queens Park Rangers,Liverpool,2012-12-30,2012-12-30
2012–13,Manchester City,Stoke City,2013-01-01,2013-01-01
2012–13,Southampton,Arsenal,2013-01-01,2013-01-01
2012–13,Swansea City,Aston Villa,2013-01-01,2013-01-01
2012–13,Tottenham Hotspur,Reading,2013-01-01,2013-01-01
2012–13,West Bromwich Albion,Fulham,2013-01-01,2013-01-01
2012–13,West Ham United,Norwich City,2013-01-01,2013-01-01
2012–13,Wigan Athletic,Manchester United,2013-01-01,2013-01-01
2012–13,Chelsea,Queens Park Rangers,2013-01-02,2013-01-02
2012–13,Liverpool,Sunderland,2013-01-02,2013-01-02
2012–13,Newcastle United,Everton,2013-01-02,2013-01-02
2012–13,Aston Villa,Southampton,2013-01-12,2013-01-12
2012–13,Everton,Swansea City,2013-01-12,2013-01-12
2012–13,Fulham,Wigan Athletic,2013-01-12,2013-01-12
2012–13,Norwich City,Newcastle United,2013-01-12,2013-01-12
2012–13,Queens Park Rangers,Tottenham Hotspur,2013-01-12,2013-01-12
2012–13,Reading,West Bromwich Albion,2013-01-12,2013-01-12
2012–13,Stoke City,Chelsea,2013-01-12,2013-01-12
2012–13,Sunderland,West Ham United,2013-01-12,2013-01-12
2012–13,Arsenal,Manchester City,2013-01-13,2013-01-13
2012–13,Manchester United,Liverpool,2013-01-13,2013-01-13
2012–13,Chelsea,Southampton,2013-01-16,2013-01-16
2012–13,Liverpool,Norwich City,2013-01-19,2013-01-19
2012–13,Manchester City,Fulham,2013-01-19,2013-01-19
2012–13,Newcastle United,Reading,2013-01-19,2013-01-19
2012–13,Swansea City,Stoke City,2013-01-19,2013-01-19
2012–13,West Bromwich Albion,Aston Villa,2013-01-19,2013-01-19
2012–13,West Ham United,Queens Park Rangers,2013-01-19,2013-01-19
2012–13,Wigan Athletic,Sunderland,2013-01-19,2013-01-19
2012–13,Chelsea,Arsenal,2013-01-20,2013-01-20
2012–13,Tottenham Hotspur,Manchester United,2013-01-20,2013-01-20
2012–13,Southampton,Everton,2013-01-21,2013-01-21
2012–13,Arsenal,West Ham United,2013-01-23,2013-01-23
2012–13,Aston Villa,Newcastle United,2013-01-29,2013-01-29
2012–13,Queens Park Rangers,Manchester City,2013-01-29,2013-01-29
2012–13,Stoke City,Wigan Athletic,2013-01-29,2013-01-29
2012–13,Sunderland,Swansea City,2013-01-29,2013-01-29
2012–13,Arsenal,Liverpool,2013-01-30,2013-01-30
2012–13,Everton,West Bromwich Albion,2013-01-30,2013-01-30
2012–13,Fulham,West Ham United,2013-01-30,2013-01-30
2012–13,Manchester United,Southampton,2013-01-30,2013-01-30
2012–13,Norwich City,Tottenham Hotspur,2013-01-30,2013-01-30
2012–13,Reading,Chelsea,2013-01-30,2013-01-30
2012–13,Arsenal,Stoke City,2013-02-02,2013-02-02
2012–13,Everton,Aston Villa,2013-02-02,2013-02-02
2012–13,Fulham,Manchester United,2013-02-02,2013-02-02
2012–13,Newcastle United,Chelsea,2013-02-02,2013-02-02
2012–13,Queens Park Rangers,Norwich City,2013-02-02,2013-02-02
2012–13,Reading,Sunderland,2013-02-02,2013-02-02
2012–13,West Ham United,Swansea City,2013-02-02,2013-02-02
2012–13,Wigan Athletic,Southampton,2013-02-02,2013-02-02
2012–13,Manchester City,Liverpool,2013-02-03,2013-02-03
2012–13,West Bromwich Albion,Tottenham Hotspur,2013-02-03,2013-02-03
2012–13,Chelsea,Wigan Athletic,2013-02-09,2013-02-09
2012–13,Norwich City,Fulham,2013-02-09,2013-02-09
2012–13,Southampton,Manchester City,2013-02-09,2013-02-09
2012–13,Stoke City,Reading,2013-02-09,2013-02-09
2012–13,Sunderland,Arsenal,2013-02-09,2013-02-09
2012–13,Swansea City,Queens Park Rangers,2013-02-09,2013-02-09
2012–13,Tottenham Hotspur,Newcastle United,2013-02-09,2013-02-09
2012–13,Aston Villa,West Ham United,2013-02-10,2013-02-10
2012–13,Manchester United,Everton,2013-02-10,2013-02-10
2012–13,Liverpool,West Bromwich Albion,2013-02-11,2013-02-11
2012–13,Liverpool,Swansea City,2013-02-17,2013-02-17
2012–13,Arsenal,Aston Villa,2013-02-23,2013-02-23
2012–13,Fulham,Stoke City,2013-02-23,2013-02-23
2012–13,Norwich City,Everton,2013-02-23,2013-02-23
2012–13,Queens Park Rangers,Manchester United,2013-02-23,2013-02-23
2012–13,Reading,Wigan Athletic,2013-02-23,2013-02-23
2012–13,West Bromwich Albion,Sunderland,2013-02-23,2013-02-23
2012–13,Manchester City,Chelsea,2013-02-24,2013-02-24
2012–13,Newcastle United,Southampton,2013-02-24,2013-02-24
2012–13,West Ham United,Tottenham Hotspur,2013-02-25,2013-02-25
2012–13,Chelsea,West Bromwich Albion,2013-03-02,2013-03-02
2012–13,Everton,Reading,2013-03-02,2013-03-02
2012–13,Manchester United,Norwich City,2013-03-02,2013-03-02
2012–13,Southampton,Queens Park Rangers,2013-03-02,2013-03-02
2012–13,Stoke City,West Ham United,2013-03-02,2013-03-02
2012–13,Sunderland,Fulham,2013-03-02,2013-03-02
2012–13,Swansea City,Newcastle United,2013-03-02,2013-03-02
2012–13,Wigan Athletic,Liverpool,2013-03-02,2013-03-02
2012–13,Tottenham Hotspur,Arsenal,2013-03-03,2013-03-03
2012–13,Aston Villa,Manchester City,2013-03-04,2013-03-04
2012–13,Norwich City,Southampton,2013-03-09,2013-03-09
2012–13,Queens Park Rangers,Sunderland,2013-03-09,2013-03-09
2012–13,Reading,Aston Villa,2013-03-09,2013-03-09
2012–13,West Bromwich Albion,Swansea City,2013-03-09,2013-03-09
2012–13,Liverpool,Tottenham Hotspur,2013-03-10,2013-03-10
2012–13,Newcastle United,Stoke City,2013-03-10,2013-03-10
2012–13,Aston Villa,Queens Park Rangers,2013-03-16,2013-03-16
2012–13,Everton,Manchester City,2013-03-16,2013-03-16
2012–13,Manchester United,Reading,2013-03-16,2013-03-16
2012–13,Southampton,Liverpool,2013-03-16,2013-03-16
2012–13,Stoke City,West Bromwich Albion,2013-03-16,2013-03-16
2012–13,Swansea City,Arsenal,2013-03-16,2013-03-16
2012–13,Chelsea,West Ham United,2013-03-17,2013-03-17
2012–13,Sunderland,Norwich City,2013-03-17,2013-03-17
2012–13,Tottenham Hotspur,Fulham,2013-03-17,2013-03-17
2012–13,Wigan Athletic,Newcastle United,2013-03-17,2013-03-17
2012–13,Arsenal,Reading,2013-03-30,2013-03-30
2012–13,Everton,Stoke City,2013-03-30,2013-03-30
2012–13,Manchester City,Newcastle United,2013-03-30,2013-03-30
2012–13,Southampton,Chelsea,2013-03-30,2013-03-30
2012–13,Sunderland,Manchester United,2013-03-30,2013-03-30
2012–13,Swansea City,Tottenham Hotspur,2013-03-30,2013-03-30
2012–13,West Ham United,West Bromwich Albion,2013-03-30,2013-03-30
2012–13,Wigan Athletic,Norwich City,2013-03-30,2013-03-30
2012–13,Aston Villa,Liverpool,2013-03-31,2013-03-31
2012–13,Fulham,Queens Park Rangers,2013-04-01,2013-04-01
2012–13,Norwich City,Swansea City,2013-04-06,2013-04-06
2012–13,Reading,Southampton,2013-04-06,2013-04-06
2012–13,Stoke City,Aston Villa,2013-04-06,2013-04-06
2012–13,West Bromwich Albion,Arsenal,2013-04-06,2013-04-06
2012–13,Chelsea,Sunderland,2013-04-07,2013-04-07
2012–13,Liverpool,West Ham United,2013-04-07,2013-04-07
2012–13,Newcastle United,Fulham,2013-04-07,2013-04-07
2012–13,Queens Park Rangers,Wigan Athletic,2013-04-07,2013-04-07
2012–13,Tottenham Hotspur,Everton,2013-04-07,2013-04-07
2012–13,Manchester United,Manchester City,2013-04-08,2013-04-08
2012–13,Arsenal,Norwich City,2013-04-13,2013-04-13
2012–13,Aston Villa,Fulham,2013-04-13,2013-04-13
2012–13,Everton,Queens Park Rangers,2013-04-13,2013-04-13
2012–13,Reading,Liverpool,2013-04-13,2013-04-13
2012–13,Southampton,West Ham United,2013-04-13,2013-04-13
2012–13,Newcastle United,Sunderland,2013-04-14,2013-04-14
2012–13,Stoke City,Manchester United,2013-04-14,2013-04-14
2012–13,Arsenal,Everton,2013-04-16,2013-04-16
2012–13,Fulham,Chelsea,2013-04-17,2013-04-17
2012–13,Manchester City,Wigan Athletic,2013-04-17,2013-04-17
2012–13,West Ham United,Manchester United,2013-04-17,2013-04-17
2012–13,Fulham,Arsenal,2013-04-20,2013-04-20
2012–13,Norwich City,Reading,2013-04-20,2013-04-20
2012–13,Queens Park Rangers,Stoke City,2013-04-20,2013-04-20
2012–13,Sunderland,Everton,2013-04-20,2013-04-20
2012–13,Swansea City,Southampton,2013-04-20,2013-04-20
2012–13,West Bromwich Albion,Newcastle United,2013-04-20,2013-04-20
2012–13,West Ham United,Wigan Athletic,2013-04-20,2013-04-20
2012–13,Liverpool,Chelsea,2013-04-21,2013-04-21
2012–13,Tottenham Hotspur,Manchester City,2013-04-21,2013-04-21
2012–13,Manchester United,Aston Villa,2013-04-22,2013-04-22
2012–13,Everton,Fulham,2013-04-27,2013-04-27
2012–13,Manchester City,West Ham United,2013-04-27,2013-04-27
2012–13,Newcastle United,Liverpool,2013-04-27,2013-04-27
2012–13,Southampton,West Bromwich Albion,2013-04-27,2013-04-27
2012–13,Stoke City,Norwich City,2013-04-27,2013-04-27
2012–13,Wigan Athletic,Tottenham Hotspur,2013-04-27,2013-04-27
2012–13,Arsenal,Manchester United,2013-04-28,2013-04-28
2012–13,Chelsea,Swansea City,2013-04-28,2013-04-28
2012–13,Reading,Queens Park Rangers,2013-04-28,2013-04-28
2012–13,Aston Villa,Sunderland,2013-04-29,2013-04-29
2012–13,Fulham,Reading,2013-05-04,2013-05-04
2012–13,Norwich City,Aston Villa,2013-05-04,2013-05-04
2012–13,Queens Park Rangers,Arsenal,2013-05-04,2013-05-04
2012–13,Swansea City,Manchester City,2013-05-04,2013-05-04
2012–13,Tottenham Hotspur,Southampton,2013-05-04,2013-05-04
2012–13,West Bromwich Albion,Wigan Athletic,2013-05-04,2013-05-04
2012–13,West Ham United,Newcastle United,2013-05-04,2013-05-04
2012–13,Liverpool,Everton,2013-05-05,2013-05-05
2012–13,Manchester United,Chelsea,2013-05-05,2013-05-05
2012–13,Sunderland,Stoke City,2013-05-06,2013-05-06
2012–13,Manchester City,West Bromwich Albion,2013-05-07,2013-05-07
2012–13,Wigan Athletic,Swansea City,2013-05-07,2013-05-07
2012–13,Chelsea,Tottenham Hotspur,2013-05-08,2013-05-08
2012–13,Aston Villa,Chelsea,2013-05-11,2013-05-11
2012–13,Everton,West Ham United,2013-05-12,2013-05-12
2012–13,Fulham,Liverpool,2013-05-12,2013-05-12
2012–13,Manchester United,Swansea City,2013-05-12,2013-05-12
2012–13,Norwich City,West Bromwich Albion,2013-05-12,2013-05-12
2012–13,Queens Park Rangers,Newcastle United,2013-05-12,2013-05-12
2012–13,Stoke City,Tottenham Hotspur,2013-05-12,2013-05-12
2012–13,Sunderland,Southampton,2013-05-12,2013-05-12
2012–13,Arsenal,Wigan Athletic,2013-05-14,2013-05-14
2012–13,Reading,Manchester City,2013-05-14,2013-05-14
2012–13,Chelsea,Everton,2013-05-19,2013-05-19
2012–13,Liverpool,Queens Park Rangers,2013-05-19,2013-05-19
2012–13,Manchester City,Norwich City,2013-05-19,2013-05-19
2012–13,Newcastle United,Arsenal,2013-05-19,2013-05-19
2012–13,Southampton,Stoke City,2013-05-19,2013-05-19
2012–13,Swansea City,Fulham,2013-05-19,2013-05-19
2012–13,Tottenham Hotspur,Sunderland,2013-05-19,2013-05-19
2012–13,West Bromwich Albion,Manchester United,2013-05-19,2013-05-19
2012–13,West Ham United,Reading,2013-05-19,2013-05-19
2012–13,Wigan Athletic,Aston Villa,2013-05-19,2013-05-19
2013–14,Arsenal,Aston Villa,2013-08-17,2013-08-17
2013–14,Liverpool,Stoke City,2013-08-17,2013-08-17
2013–14,Norwich City,Everton,2013-08-17,2013-08-17
2013–14,Sunderland,Fulham,2013-08-17,2013-08-17
2013–14,Swansea City,Manchester United,2013-08-17,2013-08-17
2013–14,West Bromwich Albion,Southampton,2013-08-17,2013-08-17
2013–14,West Ham United,Cardiff City,2013-08-17,2013-08-17
2013–14,Chelsea,Hull City,2013-08-18,2013-08-18
2013–14,Crystal Palace,Tottenham Hotspur,2013-08-18,2013-08-18
2013–14,Manchester City,Newcastle United,2013-08-19,2013-08-19
2013–14,Chelsea,Aston Villa,2013-08-21,2013-08-21
2013–14,Aston Villa,Liverpool,2013-08-24,2013-08-24
2013–14,Everton,West Bromwich Albion,2013-08-24,2013-08-24
2013–14,Fulham,Arsenal,2013-08-24,2013-08-24
2013–14,Hull City,Norwich City,2013-08-24,2013-08-24
2013–14,Newcastle United,West Ham United,2013-08-24,2013-08-24
2013–14,Southampton,Sunderland,2013-08-24,2013-08-24
2013–14,Stoke City,Crystal Palace,2013-08-24,2013-08-24
2013–14,Cardiff City,Manchester City,2013-08-25,2013-08-25
2013–14,Tottenham Hotspur,Swansea City,2013-08-25,2013-08-25
2013–14,Manchester United,Chelsea,2013-08-26,2013-08-26
2013–14,Cardiff City,Everton,2013-08-31,2013-08-31
2013–14,Crystal Palace,Sunderland,2013-08-31,2013-08-31
2013–14,Manchester City,Hull City,2013-08-31,2013-08-31
2013–14,Newcastle United,Fulham,2013-08-31,2013-08-31
2013–14,Norwich City,Southampton,2013-08-31,2013-08-31
2013–14,West Ham United,Stoke City,2013-08-31,2013-08-31
2013–14,Arsenal,Tottenham Hotspur,2013-09-01,2013-09-01
2013–14,Liverpool,Manchester United,2013-09-01,2013-09-01
2013–14,West Bromwich Albion,Swansea City,2013-09-01,2013-09-01
2013–14,Aston Villa,Newcastle United,2013-09-14,2013-09-14
2013–14,Everton,Chelsea,2013-09-14,2013-09-14
2013–14,Fulham,West Bromwich Albion,2013-09-14,2013-09-14
2013–14,Hull City,Cardiff City,2013-09-14,2013-09-14
2013–14,Manchester United,Crystal Palace,2013-09-14,2013-09-14
2013–14,Stoke City,Manchester City,2013-09-14,2013-09-14
2013–14,Sunderland,Arsenal,2013-09-14,2013-09-14
2013–14,Tottenham Hotspur,Norwich City,2013-09-14,2013-09-14
2013–14,Southampton,West Ham United,2013-09-15,2013-09-15
2013–14,Swansea City,Liverpool,2013-09-16,2013-09-16
2013–14,Chelsea,Fulham,2013-09-21,2013-09-21
2013–14,Liverpool,Southampton,2013-09-21,2013-09-21
2013–14,Newcastle United,Hull City,2013-09-21,2013-09-21
2013–14,Norwich City,Aston Villa,2013-09-21,2013-09-21
2013–14,West Bromwich Albion,Sunderland,2013-09-21,2013-09-21
2013–14,West Ham United,Everton,2013-09-21,2013-09-21
2013–14,Arsenal,Stoke City,2013-09-22,2013-09-22
2013–14,Cardiff City,Tottenham Hotspur,2013-09-22,2013-09-22
2013–14,Crystal Palace,Swansea City,2013-09-22,2013-09-22
2013–14,Manchester City,Manchester United,2013-09-22,2013-09-22
2013–14,Aston Villa,Manchester City,2013-09-28,2013-09-28
2013–14,Fulham,Cardiff City,2013-09-28,2013-09-28
2013–14,Hull City,West Ham United,2013-09-28,2013-09-28
2013–14,Manchester United,West Bromwich Albion,2013-09-28,2013-09-28
2013–14,Southampton,Crystal Palace,2013-09-28,2013-09-28
2013–14,Swansea City,Arsenal,2013-09-28,2013-09-28
2013–14,Tottenham Hotspur,Chelsea,2013-09-28,2013-09-28
2013–14,Stoke City,Norwich City,2013-09-29,2013-09-29
2013–14,Sunderland,Liverpool,2013-09-29,2013-09-29
2013–14,Everton,Newcastle United,2013-09-30,2013-09-30
2013–14,Cardiff City,Newcastle United,2013-10-05,2013-10-05
2013–14,Fulham,Stoke City,2013-10-05,2013-10-05
2013–14,Hull City,Aston Villa,2013-10-05,2013-10-05
2013–14,Liverpool,Crystal Palace,2013-10-05,2013-10-05
2013–14,Manchester City,Everton,2013-10-05,2013-10-05
2013–14,Sunderland,Manchester United,2013-10-05,2013-10-05
2013–14,Norwich City,Chelsea,2013-10-06,2013-10-06
2013–14,Southampton,Swansea City,2013-10-06,2013-10-06
2013–14,Tottenham Hotspur,West Ham United,2013-10-06,2013-10-06
2013–14,West Bromwich Albion,Arsenal,2013-10-06,2013-10-06
2013–14,Arsenal,Norwich City,2013-10-19,2013-10-19
2013–14,Chelsea,Cardiff City,2013-10-19,2013-10-19
2013–14,Everton,Hull City,2013-10-19,2013-10-19
2013–14,Manchester United,Southampton,2013-10-19,2013-10-19
2013–14,Newcastle United,Liverpool,2013-10-19,2013-10-19
2013–14,Stoke City,West Bromwich Albion,2013-10-19,2013-10-19
2013–14,Swansea City,Sunderland,2013-10-19,2013-10-19
2013–14,West Ham United,Manchester City,2013-10-19,2013-10-19
2013–14,Aston Villa,Tottenham Hotspur,2013-10-20,2013-10-20
2013–14,Crystal Palace,Fulham,2013-10-21,2013-10-21
2013–14,Aston Villa,Everton,2013-10-26,2013-10-26
2013–14,Crystal Palace,Arsenal,2013-10-26,2013-10-26
2013–14,Liverpool,West Bromwich Albion,2013-10-26,2013-10-26
2013–14,Manchester United,Stoke City,2013-10-26,2013-10-26
2013–14,Norwich City,Cardiff City,2013-10-26,2013-10-26
2013–14,Southampton,Fulham,2013-10-26,2013-10-26
2013–14,Chelsea,Manchester City,2013-10-27,2013-10-27
2013–14,Sunderland,Newcastle United,2013-10-27,2013-10-27
2013–14,Swansea City,West Ham United,2013-10-27,2013-10-27
2013–14,Tottenham Hotspur,Hull City,2013-10-27,2013-10-27
2013–14,Arsenal,Liverpool,2013-11-02,2013-11-02
2013–14,Fulham,Manchester United,2013-11-02,2013-11-02
2013–14,Hull City,Sunderland,2013-11-02,2013-11-02
2013–14,Manchester City,Norwich City,2013-11-02,2013-11-02
2013–14,Newcastle United,Chelsea,2013-11-02,2013-11-02
2013–14,Stoke City,Southampton,2013-11-02,2013-11-02
2013–14,West Bromwich Albion,Crystal Palace,2013-11-02,2013-11-02
2013–14,West Ham United,Aston Villa,2013-11-02,2013-11-02
2013–14,Cardiff City,Swansea City,2013-11-03,2013-11-03
2013–14,Everton,Tottenham Hotspur,2013-11-03,2013-11-03
2013–14,Aston Villa,Cardiff City,2013-11-09,2013-11-09
2013–14,Chelsea,West Bromwich Albion,2013-11-09,2013-11-09
2013–14,Crystal Palace,Everton,2013-11-09,2013-11-09
2013–14,Liverpool,Fulham,2013-11-09,2013-11-09
2013–14,Norwich City,West Ham United,2013-11-09,2013-11-09
2013–14,Southampton,Hull City,2013-11-09,2013-11-09
2013–14,Manchester United,Arsenal,2013-11-10,2013-11-10
2013–14,Sunderland,Manchester City,2013-11-10,2013-11-10
2013–14,Swansea City,Stoke City,2013-11-10,2013-11-10
2013–14,Tottenham Hotspur,Newcastle United,2013-11-10,2013-11-10
2013–14,Arsenal,Southampton,2013-11-23,2013-11-23
2013–14,Everton,Liverpool,2013-11-23,2013-11-23
2013–14,Fulham,Swansea City,2013-11-23,2013-11-23
2013–14,Hull City,Crystal Palace,2013-11-23,2013-11-23
2013–14,Newcastle United,Norwich City,2013-11-23,2013-11-23
2013–14,Stoke City,Sunderland,2013-11-23,2013-11-23
2013–14,West Ham United,Chelsea,2013-11-23,2013-11-23
2013–14,Cardiff City,Manchester United,2013-11-24,2013-11-24
2013–14,Manchester City,Tottenham Hotspur,2013-11-24,2013-11-24
2013–14,West Bromwich Albion,Aston Villa,2013-11-25,2013-11-25
2013–14,Aston Villa,Sunderland,2013-11-30,2013-11-30
2013–14,Cardiff City,Arsenal,2013-11-30,2013-11-30
2013–14,Everton,Stoke City,2013-11-30,2013-11-30
2013–14,Newcastle United,West Bromwich Albion,2013-11-30,2013-11-30
2013–14,Norwich City,Crystal Palace,2013-11-30,2013-11-30
2013–14,West Ham United,Fulham,2013-11-30,2013-11-30
2013–14,Chelsea,Southampton,2013-12-01,2013-12-01
2013–14,Hull City,Liverpool,2013-12-01,2013-12-01
2013–14,Manchester City,Swansea City,2013-12-01,2013-12-01
2013–14,Tottenham Hotspur,Manchester United,2013-12-01,2013-12-01
2013–14,Crystal Palace,West Ham United,2013-12-03,2013-12-03
2013–14,Arsenal,Hull City,2013-12-04,2013-12-04
2013–14,Fulham,Tottenham Hotspur,2013-12-04,2013-12-04
2013–14,Liverpool,Norwich City,2013-12-04,2013-12-04
2013–14,Manchester United,Everton,2013-12-04,2013-12-04
2013–14,Southampton,Aston Villa,2013-12-04,2013-12-04
2013–14,Stoke City,Cardiff City,2013-12-04,2013-12-04
2013–14,Sunderland,Chelsea,2013-12-04,2013-12-04
2013–14,Swansea City,Newcastle United,2013-12-04,2013-12-04
2013–14,West Bromwich Albion,Manchester City,2013-12-04,2013-12-04
2013–14,Crystal Palace,Cardiff City,2013-12-07,2013-12-07
2013–14,Liverpool,West Ham United,2013-12-07,2013-12-07
2013–14,Manchester United,Newcastle United,2013-12-07,2013-12-07
2013–14,Southampton,Manchester City,2013-12-07,2013-12-07
2013–14,Stoke City,Chelsea,2013-12-07,2013-12-07
2013–14,Sunderland,Tottenham Hotspur,2013-12-07,2013-12-07
2013–14,West Bromwich Albion,Norwich City,2013-12-07,2013-12-07
2013–14,Arsenal,Everton,2013-12-08,2013-12-08
2013–14,Fulham,Aston Villa,2013-12-08,2013-12-08
2013–14,Swansea City,Hull City,2013-12-09,2013-12-09
2013–14,Cardiff City,West Bromwich Albion,2013-12-14,2013-12-14
2013–14,Chelsea,Crystal Palace,2013-12-14,2013-12-14
2013–14,Everton,Fulham,2013-12-14,2013-12-14
2013–14,Hull City,Stoke City,2013-12-14,2013-12-14
2013–14,Manchester City,Arsenal,2013-12-14,2013-12-14
2013–14,Newcastle United,Southampton,2013-12-14,2013-12-14
2013–14,West Ham United,Sunderland,2013-12-14,2013-12-14
2013–14,Aston Villa,Manchester United,2013-12-15,2013-12-15
2013–14,Norwich City,Swansea City,2013-12-15,2013-12-15
2013–14,Tottenham Hotspur,Liverpool,2013-12-15,2013-12-15
2013–14,Crystal Palace,Newcastle United,2013-12-21,2013-12-21
2013–14,Fulham,Manchester City,2013-12-21,2013-12-21
2013–14,Liverpool,Cardiff City,2013-12-21,2013-12-21
2013–14,Manchester United,West Ham United,2013-12-21,2013-12-21
2013–14,Stoke City,Aston Villa,2013-12-21,2013-12-21
2013–14,Sunderland,Norwich City,2013-12-21,2013-12-21
2013–14,West Bromwich Albion,Hull City,2013-12-21,2013-12-21
2013–14,Southampton,Tottenham Hotspur,2013-12-22,2013-12-22
2013–14,Swansea City,Everton,2013-12-22,2013-12-22
2013–14,Arsenal,Chelsea,2013-12-23,2013-12-23
2013–14,Aston Villa,Crystal Palace,2013-12-26,2013-12-26
2013–14,Cardiff City,Southampton,2013-12-26,2013-12-26
2013–14,Chelsea,Swansea City,2013-12-26,2013-12-26
2013–14,Everton,Sunderland,2013-12-26,2013-12-26
2013–14,Hull City,Manchester United,2013-12-26,2013-12-26
2013–14,Manchester City,Liverpool,2013-12-26,2013-12-26
2013–14,Newcastle United,Stoke City,2013-12-26,2013-12-26
2013–14,Norwich City,Fulham,2013-12-26,2013-12-26
2013–14,Tottenham Hotspur,West Bromwich Albion,2013-12-26,2013-12-26
2013–14,West Ham United,Arsenal,2013-12-26,2013-12-26
2013–14,Aston Villa,Swansea City,2013-12-28,2013-12-28
2013–14,Cardiff City,Sunderland,2013-12-28,2013-12-28
2013–14,Hull City,Fulham,2013-12-28,2013-12-28
2013–14,Manchester City,Crystal Palace,2013-12-28,2013-12-28
2013–14,Norwich City,Manchester United,2013-12-28,2013-12-28
2013–14,West Ham United,West Bromwich Albion,2013-12-28,2013-12-28
2013–14,Chelsea,Liverpool,2013-12-29,2013-12-29
2013–14,Everton,Southampton,2013-12-29,2013-12-29
2013–14,Newcastle United,Arsenal,2013-12-29,2013-12-29
2013–14,Tottenham Hotspur,Stoke City,2013-12-29,2013-12-29
2013–14,Arsenal,Cardiff City,2014-01-01,2014-01-01
2013–14,Crystal Palace,Norwich City,2014-01-01,2014-01-01
2013–14,Fulham,West Ham United,2014-01-01,2014-01-01
2013–14,Liverpool,Hull City,2014-01-01,2014-01-01
2013–14,Manchester United,Tottenham Hotspur,2014-01-01,2014-01-01
2013–14,Southampton,Chelsea,2014-01-01,2014-01-01
2013–14,Stoke City,Everton,2014-01-01,2014-01-01
2013–14,Sunderland,Aston Villa,2014-01-01,2014-01-01
2013–14,Swansea City,Manchester City,2014-01-01,2014-01-01
2013–14,West Bromwich Albion,Newcastle United,2014-01-01,2014-01-01
2013–14,Cardiff City,West Ham United,2014-01-11,2014-01-11
2013–14,Everton,Norwich City,2014-01-11,2014-01-11
2013–14,Fulham,Sunderland,2014-01-11,2014-01-11
2013–14,Hull City,Chelsea,2014-01-11,2014-01-11
2013–14,Manchester United,Swansea City,2014-01-11,2014-01-11
2013–14,Southampton,West Bromwich Albion,2014-01-11,2014-01-11
2013–14,Tottenham Hotspur,Crystal Palace,2014-01-11,2014-01-11
2013–14,Newcastle United,Manchester City,2014-01-12,2014-01-12
2013–14,Stoke City,Liverpool,2014-01-12,2014-01-12
2013–14,Aston Villa,Arsenal,2014-01-13,2014-01-13
2013–14,Arsenal,Fulham,2014-01-18,2014-01-18
2013–14,Crystal Palace,Stoke City,2014-01-18,2014-01-18
2013–14,Liverpool,Aston Villa,2014-01-18,2014-01-18
2013–14,Manchester City,Cardiff City,2014-01-18,2014-01-18
2013–14,Norwich City,Hull City,2014-01-18,2014-01-18
2013–14,Sunderland,Southampton,2014-01-18,2014-01-18
2013–14,West Ham United,Newcastle United,2014-01-18,2014-01-18
2013–14,Chelsea,Manchester United,2014-01-19,2014-01-19
2013–14,Swansea City,Tottenham Hotspur,2014-01-19,2014-01-19
2013–14,West Bromwich Albion,Everton,2014-01-20,2014-01-20
2013–14,Crystal Palace,Hull City,2014-01-28,2014-01-28
2013–14,Liverpool,Everton,2014-01-28,2014-01-28
2013–14,Manchester United,Cardiff City,2014-01-28,2014-01-28
2013–14,Norwich City,Newcastle United,2014-01-28,2014-01-28
2013–14,Southampton,Arsenal,2014-01-28,2014-01-28
2013–14,Swansea City,Fulham,2014-01-28,2014-01-28
2013–14,Aston Villa,West Bromwich Albion,2014-01-29,2014-01-29
2013–14,Chelsea,West Ham United,2014-01-29,2014-01-29
2013–14,Sunderland,Stoke City,2014-01-29,2014-01-29
2013–14,Tottenham Hotspur,Manchester City,2014-01-29,2014-01-29
2013–14,Cardiff City,Norwich City,2014-02-01,2014-02-01
2013–14,Everton,Aston Villa,2014-02-01,2014-02-01
2013–14,Fulham,Southampton,2014-02-01,2014-02-01
2013–14,Hull City,Tottenham Hotspur,2014-02-01,2014-02-01
2013–14,Newcastle United,Sunderland,2014-02-01,2014-02-01
2013–14,Stoke City,Manchester United,2014-02-01,2014-02-01
2013–14,West Ham United,Swansea City,2014-02-01,2014-02-01
2013–14,Arsenal,Crystal Palace,2014-02-02,2014-02-02
2013–14,West Bromwich Albion,Liverpool,2014-02-02,2014-02-02
2013–14,Manchester City,Chelsea,2014-02-03,2014-02-03
2013–14,Aston Villa,West Ham United,2014-02-08,2014-02-08
2013–14,Chelsea,Newcastle United,2014-02-08,2014-02-08
2013–14,Crystal Palace,West Bromwich Albion,2014-02-08,2014-02-08
2013–14,Liverpool,Arsenal,2014-02-08,2014-02-08
2013–14,Norwich City,Manchester City,2014-02-08,2014-02-08
2013–14,Southampton,Stoke City,2014-02-08,2014-02-08
2013–14,Sunderland,Hull City,2014-02-08,2014-02-08
2013–14,Swansea City,Cardiff City,2014-02-08,2014-02-08
2013–14,Manchester United,Fulham,2014-02-09,2014-02-09
2013–14,Tottenham Hotspur,Everton,2014-02-09,2014-02-09
2013–14,Cardiff City,Aston Villa,2014-02-11,2014-02-11
2013–14,Hull City,Southampton,2014-02-11,2014-02-11
2013–14,West Bromwich Albion,Chelsea,2014-02-11,2014-02-11
2013–14,West Ham United,Norwich City,2014-02-11,2014-02-11
2013–14,Arsenal,Manchester United,2014-02-12,2014-02-12
2013–14,Fulham,Liverpool,2014-02-12,2014-02-12
2013–14,Newcastle United,Tottenham Hotspur,2014-02-12,2014-02-12
2013–14,Stoke City,Swansea City,2014-02-12,2014-02-12
2013–14,Arsenal,Sunderland,2014-02-22,2014-02-22
2013–14,Cardiff City,Hull City,2014-02-22,2014-02-22
2013–14,Chelsea,Everton,2014-02-22,2014-02-22
2013–14,Crystal Palace,Manchester United,2014-02-22,2014-02-22
2013–14,Manchester City,Stoke City,2014-02-22,2014-02-22
2013–14,West Bromwich Albion,Fulham,2014-02-22,2014-02-22
2013–14,West Ham United,Southampton,2014-02-22,2014-02-22
2013–14,Liverpool,Swansea City,2014-02-23,2014-02-23
2013–14,Newcastle United,Aston Villa,2014-02-23,2014-02-23
2013–14,Norwich City,Tottenham Hotspur,2014-02-23,2014-02-23
2013–14,Everton,West Ham United,2014-03-01,2014-03-01
2013–14,Fulham,Chelsea,2014-03-01,2014-03-01
2013–14,Hull City,Newcastle United,2014-03-01,2014-03-01
2013–14,Southampton,Liverpool,2014-03-01,2014-03-01
2013–14,Stoke City,Arsenal,2014-03-01,2014-03-01
2013–14,Aston Villa,Norwich City,2014-03-02,2014-03-02
2013–14,Swansea City,Crystal Palace,2014-03-02,2014-03-02
2013–14,Tottenham Hotspur,Cardiff City,2014-03-02,2014-03-02
2013–14,Cardiff City,Fulham,2014-03-08,2014-03-08
2013–14,Chelsea,Tottenham Hotspur,2014-03-08,2014-03-08
2013–14,Crystal Palace,Southampton,2014-03-08,2014-03-08
2013–14,Norwich City,Stoke City,2014-03-08,2014-03-08
2013–14,West Bromwich Albion,Manchester United,2014-03-08,2014-03-08
2013–14,Aston Villa,Chelsea,2014-03-15,2014-03-15
2013–14,Everton,Cardiff City,2014-03-15,2014-03-15
2013–14,Fulham,Newcastle United,2014-03-15,2014-03-15
2013–14,Hull City,Manchester City,2014-03-15,2014-03-15
2013–14,Southampton,Norwich City,2014-03-15,2014-03-15
2013–14,Stoke City,West Ham United,2014-03-15,2014-03-15
2013–14,Sunderland,Crystal Palace,2014-03-15,2014-03-15
2013–14,Swansea City,West Bromwich Albion,2014-03-15,2014-03-15
2013–14,Manchester United,Liverpool,2014-03-16,2014-03-16
2013–14,Tottenham Hotspur,Arsenal,2014-03-16,2014-03-16
2013–14,Cardiff City,Liverpool,2014-03-22,2014-03-22
2013–14,Chelsea,Arsenal,2014-03-22,2014-03-22
2013–14,Everton,Swansea City,2014-03-22,2014-03-22
2013–14,Hull City,West Bromwich Albion,2014-03-22,2014-03-22
2013–14,Manchester City,Fulham,2014-03-22,2014-03-22
2013–14,Newcastle United,Crystal Palace,2014-03-22,2014-03-22
2013–14,Norwich City,Sunderland,2014-03-22,2014-03-22
2013–14,West Ham United,Manchester United,2014-03-22,2014-03-22
2013–14,Aston Villa,Stoke City,2014-03-23,2014-03-23
2013–14,Tottenham Hotspur,Southampton,2014-03-23,2014-03-23
2013–14,Arsenal,Swansea City,2014-03-25,2014-03-25
2013–14,Manchester United,Manchester City,2014-03-25,2014-03-25
2013–14,Newcastle United,Everton,2014-03-25,2014-03-25
2013–14,Liverpool,Sunderland,2014-03-26,2014-03-26
2013–14,West Ham United,Hull City,2014-03-26,2014-03-26
2013–14,Arsenal,Manchester City,2014-03-29,2014-03-29
2013–14,Crystal Palace,Chelsea,2014-03-29,2014-03-29
2013–14,Manchester United,Aston Villa,2014-03-29,2014-03-29
2013–14,Southampton,Newcastle United,2014-03-29,2014-03-29
2013–14,Stoke City,Hull City,2014-03-29,2014-03-29
2013–14,Swansea City,Norwich City,2014-03-29,2014-03-29
2013–14,West Bromwich Albion,Cardiff City,2014-03-29,2014-03-29
2013–14,Fulham,Everton,2014-03-30,2014-03-30
2013–14,Liverpool,Tottenham Hotspur,2014-03-30,2014-03-30
2013–14,Sunderland,West Ham United,2014-03-31,2014-03-31
2013–14,Aston Villa,Fulham,2014-04-05,2014-04-05
2013–14,Cardiff City,Crystal Palace,2014-04-05,2014-04-05
2013–14,Chelsea,Stoke City,2014-04-05,2014-04-05
2013–14,Hull City,Swansea City,2014-04-05,2014-04-05
2013–14,Manchester City,Southampton,2014-04-05,2014-04-05
2013–14,Newcastle United,Manchester United,2014-04-05,2014-04-05
2013–14,Norwich City,West Bromwich Albion,2014-04-05,2014-04-05
2013–14,Everton,Arsenal,2014-04-06,2014-04-06
2013–14,West Ham United,Liverpool,2014-04-06,2014-04-06
2013–14,Tottenham Hotspur,Sunderland,2014-04-07,2014-04-07
2013–14,Crystal Palace,Aston Villa,2014-04-12,2014-04-12
2013–14,Fulham,Norwich City,2014-04-12,2014-04-12
2013–14,Southampton,Cardiff City,2014-04-12,2014-04-12
2013–14,Stoke City,Newcastle United,2014-04-12,2014-04-12
2013–14,Sunderland,Everton,2014-04-12,2014-04-12
2013–14,West Bromwich Albion,Tottenham Hotspur,2014-04-12,2014-04-12
2013–14,Liverpool,Manchester City,2014-04-13,2014-04-13
2013–14,Swansea City,Chelsea,2014-04-13,2014-04-13
2013–14,Arsenal,West Ham United,2014-04-15,2014-04-15
2013–14,Everton,Crystal Palace,2014-04-16,2014-04-16
2013–14,Manchester City,Sunderland,2014-04-16,2014-04-16
2013–14,Aston Villa,Southampton,2014-04-19,2014-04-19
2013–14,Cardiff City,Stoke City,2014-04-19,2014-04-19
2013–14,Chelsea,Sunderland,2014-04-19,2014-04-19
2013–14,Newcastle United,Swansea City,2014-04-19,2014-04-19
2013–14,Tottenham Hotspur,Fulham,2014-04-19,2014-04-19
2013–14,West Ham United,Crystal Palace,2014-04-19,2014-04-19
2013–14,Everton,Manchester United,2014-04-20,2014-04-20
2013–14,Hull City,Arsenal,2014-04-20,2014-04-20
2013–14,Norwich City,Liverpool,2014-04-20,2014-04-20
2013–14,Manchester City,West Bromwich Albion,2014-04-21,2014-04-21
2013–14,Fulham,Hull City,2014-04-26,2014-04-26
2013–14,Manchester United,Norwich City,2014-04-26,2014-04-26
2013–14,Southampton,Everton,2014-04-26,2014-04-26
2013–14,Stoke City,Tottenham Hotspur,2014-04-26,2014-04-26
2013–14,Swansea City,Aston Villa,2014-04-26,2014-04-26
2013–14,West Bromwich Albion,West Ham United,2014-04-26,2014-04-26
2013–14,Crystal Palace,Manchester City,2014-04-27,2014-04-27
2013–14,Liverpool,Chelsea,2014-04-27,2014-04-27
2013–14,Sunderland,Cardiff City,2014-04-27,2014-04-27
2013–14,Arsenal,Newcastle United,2014-04-28,2014-04-28
2013–14,Aston Villa,Hull City,2014-05-03,2014-05-03
2013–14,Everton,Manchester City,2014-05-03,2014-05-03
2013–14,Manchester United,Sunderland,2014-05-03,2014-05-03
2013–14,Newcastle United,Cardiff City,2014-05-03,2014-05-03
2013–14,Stoke City,Fulham,2014-05-03,2014-05-03
2013–14,Swansea City,Southampton,2014-05-03,2014-05-03
2013–14,West Ham United,Tottenham Hotspur,2014-05-03,2014-05-03
2013–14,Arsenal,West Bromwich Albion,2014-05-04,2014-05-04
2013–14,Chelsea,Norwich City,2014-05-04,2014-05-04
2013–14,Crystal Palace,Liverpool,2014-05-05,2014-05-05
2013–14,Manchester United,Hull City,2014-05-06,2014-05-06
2013–14,Manchester City,Aston Villa,2014-05-07,2014-05-07
2013–14,Sunderland,West Bromwich Albion,2014-05-07,2014-05-07
2013–14,Cardiff City,Chelsea,2014-05-11,2014-05-11
2013–14,Fulham,Crystal Palace,2014-05-11,2014-05-11
2013–14,Hull City,Everton,2014-05-11,2014-05-11
2013–14,Liverpool,Newcastle United,2014-05-11,2014-05-11
2013–14,Manchester City,West Ham United,2014-05-11,2014-05-11
2013–14,Norwich City,Arsenal,2014-05-11,2014-05-11
2013–14,Southampton,Manchester United,2014-05-11,2014-05-11
2013–14,Sunderland,Swansea City,2014-05-11,2014-05-11
2013–14,Tottenham Hotspur,Aston Villa,2014-05-11,2014-05-11
2013–14,West Bromwich Albion,Stoke City,2014-05-11,2014-05-11
2014–15,Arsenal,Crystal Palace,2014-08-16,2014-08-16
2014–15,Leicester City,Everton,2014-08-16,2014-08-16
2014–15,Manchester United,Swansea City,2014-08-16,2014-08-16
2014–15,Queens Park Rangers,Hull City,2014-08-16,2014-08-16
2014–15,Stoke City,Aston Villa,2014-08-16,2014-08-16
2014–15,West Bromwich Albion,Sunderland,2014-08-16,2014-08-16
2014–15,West Ham United,Tottenham Hotspur,2014-08-16,2014-08-16
2014–15,Liverpool,Southampton,2014-08-17,2014-08-17
2014–15,Newcastle United,Manchester City,2014-08-17,2014-08-17
2014–15,Burnley,Chelsea,2014-08-18,2014-08-18
2014–15,Aston Villa,Newcastle United,2014-08-23,2014-08-23
2014–15,Chelsea,Leicester City,2014-08-23,2014-08-23
2014–15,Crystal Palace,West Ham United,2014-08-23,2014-08-23
2014–15,Everton,Arsenal,2014-08-23,2014-08-23
2014–15,Southampton,West Bromwich Albion,2014-08-23,2014-08-23
2014–15,Swansea City,Burnley,2014-08-23,2014-08-23
2014–15,Hull City,Stoke City,2014-08-24,2014-08-24
2014–15,Sunderland,Manchester United,2014-08-24,2014-08-24
2014–15,Tottenham Hotspur,Queens Park Rangers,2014-08-24,2014-08-24
2014–15,Manchester City,Liverpool,2014-08-25,2014-08-25
2014–15,Burnley,Manchester United,2014-08-30,2014-08-30
2014–15,Everton,Chelsea,2014-08-30,2014-08-30
2014–15,Manchester City,Stoke City,2014-08-30,2014-08-30
2014–15,Newcastle United,Crystal Palace,2014-08-30,2014-08-30
2014–15,Queens Park Rangers,Sunderland,2014-08-30,2014-08-30
2014–15,Swansea City,West Bromwich Albion,2014-08-30,2014-08-30
2014–15,West Ham United,Southampton,2014-08-30,2014-08-30
2014–15,Aston Villa,Hull City,2014-08-31,2014-08-31
2014–15,Leicester City,Arsenal,2014-08-31,2014-08-31
2014–15,Tottenham Hotspur,Liverpool,2014-08-31,2014-08-31
2014–15,Arsenal,Manchester City,2014-09-13,2014-09-13
2014–15,Chelsea,Swansea City,2014-09-13,2014-09-13
2014–15,Crystal Palace,Burnley,2014-09-13,2014-09-13
2014–15,Liverpool,Aston Villa,2014-09-13,2014-09-13
2014–15,Southampton,Newcastle United,2014-09-13,2014-09-13
2014–15,Stoke City,Leicester City,2014-09-13,2014-09-13
2014–15,Sunderland,Tottenham Hotspur,2014-09-13,2014-09-13
2014–15,West Bromwich Albion,Everton,2014-09-13,2014-09-13
2014–15,Manchester United,Queens Park Rangers,2014-09-14,2014-09-14
2014–15,Hull City,West Ham United,2014-09-15,2014-09-15
2014–15,Aston Villa,Arsenal,2014-09-20,2014-09-20
2014–15,Burnley,Sunderland,2014-09-20,2014-09-20
2014–15,Newcastle United,Hull City,2014-09-20,2014-09-20
2014–15,Queens Park Rangers,Stoke City,2014-09-20,2014-09-20
2014–15,Swansea City,Southampton,2014-09-20,2014-09-20
2014–15,West Ham United,Liverpool,2014-09-20,2014-09-20
2014–15,Everton,Crystal Palace,2014-09-21,2014-09-21
2014–15,Leicester City,Manchester United,2014-09-21,2014-09-21
2014–15,Manchester City,Chelsea,2014-09-21,2014-09-21
2014–15,Tottenham Hotspur,West Bromwich Albion,2014-09-21,2014-09-21
2014–15,Arsenal,Tottenham Hotspur,2014-09-27,2014-09-27
2014–15,Chelsea,Aston Villa,2014-09-27,2014-09-27
2014–15,Crystal Palace,Leicester City,2014-09-27,2014-09-27
2014–15,Hull City,Manchester City,2014-09-27,2014-09-27
2014–15,Liverpool,Everton,2014-09-27,2014-09-27
2014–15,Manchester United,West Ham United,2014-09-27,2014-09-27
2014–15,Southampton,Queens Park Rangers,2014-09-27,2014-09-27
2014–15,Sunderland,Swansea City,2014-09-27,2014-09-27
2014–15,West Bromwich Albion,Burnley,2014-09-28,2014-09-28
2014–15,Stoke City,Newcastle United,2014-09-29,2014-09-29
2014–15,Aston Villa,Manchester City,2014-10-04,2014-10-04
2014–15,Hull City,Crystal Palace,2014-10-04,2014-10-04
2014–15,Leicester City,Burnley,2014-10-04,2014-10-04
2014–15,Liverpool,West Bromwich Albion,2014-10-04,2014-10-04
2014–15,Sunderland,Stoke City,2014-10-04,2014-10-04
2014–15,Swansea City,Newcastle United,2014-10-04,2014-10-04
2014–15,Chelsea,Arsenal,2014-10-05,2014-10-05
2014–15,Manchester United,Everton,2014-10-05,2014-10-05
2014–15,Tottenham Hotspur,Southampton,2014-10-05,2014-10-05
2014–15,West Ham United,Queens Park Rangers,2014-10-05,2014-10-05
2014–15,Arsenal,Hull City,2014-10-18,2014-10-18
2014–15,Burnley,West Ham United,2014-10-18,2014-10-18
2014–15,Crystal Palace,Chelsea,2014-10-18,2014-10-18
2014–15,Everton,Aston Villa,2014-10-18,2014-10-18
2014–15,Manchester City,Tottenham Hotspur,2014-10-18,2014-10-18
2014–15,Newcastle United,Leicester City,2014-10-18,2014-10-18
2014–15,Southampton,Sunderland,2014-10-18,2014-10-18
2014–15,Queens Park Rangers,Liverpool,2014-10-19,2014-10-19
2014–15,Stoke City,Swansea City,2014-10-19,2014-10-19
2014–15,West Bromwich Albion,Manchester United,2014-10-20,2014-10-20
2014–15,Liverpool,Hull City,2014-10-25,2014-10-25
2014–15,Southampton,Stoke City,2014-10-25,2014-10-25
2014–15,Sunderland,Arsenal,2014-10-25,2014-10-25
2014–15,Swansea City,Leicester City,2014-10-25,2014-10-25
2014–15,West Bromwich Albion,Crystal Palace,2014-10-25,2014-10-25
2014–15,West Ham United,Manchester City,2014-10-25,2014-10-25
2014–15,Burnley,Everton,2014-10-26,2014-10-26
2014–15,Manchester United,Chelsea,2014-10-26,2014-10-26
2014–15,Tottenham Hotspur,Newcastle United,2014-10-26,2014-10-26
2014–15,Queens Park Rangers,Aston Villa,2014-10-27,2014-10-27
2014–15,Arsenal,Burnley,2014-11-01,2014-11-01
2014–15,Chelsea,Queens Park Rangers,2014-11-01,2014-11-01
2014–15,Everton,Swansea City,2014-11-01,2014-11-01
2014–15,Hull City,Southampton,2014-11-01,2014-11-01
2014–15,Leicester City,West Bromwich Albion,2014-11-01,2014-11-01
2014–15,Newcastle United,Liverpool,2014-11-01,2014-11-01
2014–15,Stoke City,West Ham United,2014-11-01,2014-11-01
2014–15,Aston Villa,Tottenham Hotspur,2014-11-02,2014-11-02
2014–15,Manchester City,Manchester United,2014-11-02,2014-11-02
2014–15,Crystal Palace,Sunderland,2014-11-03,2014-11-03
2014–15,Burnley,Hull City,2014-11-08,2014-11-08
2014–15,Liverpool,Chelsea,2014-11-08,2014-11-08
2014–15,Manchester United,Crystal Palace,2014-11-08,2014-11-08
2014–15,Queens Park Rangers,Manchester City,2014-11-08,2014-11-08
2014–15,Southampton,Leicester City,2014-11-08,2014-11-08
2014–15,West Ham United,Aston Villa,2014-11-08,2014-11-08
2014–15,Sunderland,Everton,2014-11-09,2014-11-09
2014–15,Swansea City,Arsenal,2014-11-09,2014-11-09
2014–15,Tottenham Hotspur,Stoke City,2014-11-09,2014-11-09
2014–15,West Bromwich Albion,Newcastle United,2014-11-09,2014-11-09
2014–15,Arsenal,Manchester United,2014-11-22,2014-11-22
2014–15,Chelsea,West Bromwich Albion,2014-11-22,2014-11-22
2014–15,Everton,West Ham United,2014-11-22,2014-11-22
2014–15,Leicester City,Sunderland,2014-11-22,2014-11-22
2014–15,Manchester City,Swansea City,2014-11-22,2014-11-22
2014–15,Newcastle United,Queens Park Rangers,2014-11-22,2014-11-22
2014–15,Stoke City,Burnley,2014-11-22,2014-11-22
2014–15,Crystal Palace,Liverpool,2014-11-23,2014-11-23
2014–15,Hull City,Tottenham Hotspur,2014-11-23,2014-11-23
2014–15,Aston Villa,Southampton,2014-11-24,2014-11-24
2014–15,Burnley,Aston Villa,2014-11-29,2014-11-29
2014–15,Liverpool,Stoke City,2014-11-29,2014-11-29
2014–15,Manchester United,Hull City,2014-11-29,2014-11-29
2014–15,Queens Park Rangers,Leicester City,2014-11-29,2014-11-29
2014–15,Sunderland,Chelsea,2014-11-29,2014-11-29
2014–15,Swansea City,Crystal Palace,2014-11-29,2014-11-29
2014–15,West Bromwich Albion,Arsenal,2014-11-29,2014-11-29
2014–15,West Ham United,Newcastle United,2014-11-29,2014-11-29
2014–15,Southampton,Manchester City,2014-11-30,2014-11-30
2014–15,Tottenham Hotspur,Everton,2014-11-30,2014-11-30
2014–15,Burnley,Newcastle United,2014-12-02,2014-12-02
2014–15,Crystal Palace,Aston Villa,2014-12-02,2014-12-02
2014–15,Leicester City,Liverpool,2014-12-02,2014-12-02
2014–15,Manchester United,Stoke City,2014-12-02,2014-12-02
2014–15,Swansea City,Queens Park Rangers,2014-12-02,2014-12-02
2014–15,West Bromwich Albion,West Ham United,2014-12-02,2014-12-02
2014–15,Arsenal,Southampton,2014-12-03,2014-12-03
2014–15,Chelsea,Tottenham Hotspur,2014-12-03,2014-12-03
2014–15,Everton,Hull City,2014-12-03,2014-12-03
2014–15,Sunderland,Manchester City,2014-12-03,2014-12-03
2014–15,Hull City,West Bromwich Albion,2014-12-06,2014-12-06
2014–15,Liverpool,Sunderland,2014-12-06,2014-12-06
2014–15,Manchester City,Everton,2014-12-06,2014-12-06
2014–15,Newcastle United,Chelsea,2014-12-06,2014-12-06
2014–15,Queens Park Rangers,Burnley,2014-12-06,2014-12-06
2014–15,Stoke City,Arsenal,2014-12-06,2014-12-06
2014–15,Tottenham Hotspur,Crystal Palace,2014-12-06,2014-12-06
2014–15,Aston Villa,Leicester City,2014-12-07,2014-12-07
2014–15,West Ham United,Swansea City,2014-12-07,2014-12-07
2014–15,Southampton,Manchester United,2014-12-08,2014-12-08
2014–15,Arsenal,Newcastle United,2014-12-13,2014-12-13
2014–15,Burnley,Southampton,2014-12-13,2014-12-13
2014–15,Chelsea,Hull City,2014-12-13,2014-12-13
2014–15,Crystal Palace,Stoke City,2014-12-13,2014-12-13
2014–15,Leicester City,Manchester City,2014-12-13,2014-12-13
2014–15,Sunderland,West Ham United,2014-12-13,2014-12-13
2014–15,West Bromwich Albion,Aston Villa,2014-12-13,2014-12-13
2014–15,Manchester United,Liverpool,2014-12-14,2014-12-14
2014–15,Swansea City,Tottenham Hotspur,2014-12-14,2014-12-14
2014–15,Everton,Queens Park Rangers,2014-12-15,2014-12-15
2014–15,Aston Villa,Manchester United,2014-12-20,2014-12-20
2014–15,Hull City,Swansea City,2014-12-20,2014-12-20
2014–15,Manchester City,Crystal Palace,2014-12-20,2014-12-20
2014–15,Queens Park Rangers,West Bromwich Albion,2014-12-20,2014-12-20
2014–15,Southampton,Everton,2014-12-20,2014-12-20
2014–15,Tottenham Hotspur,Burnley,2014-12-20,2014-12-20
2014–15,West Ham United,Leicester City,2014-12-20,2014-12-20
2014–15,Liverpool,Arsenal,2014-12-21,2014-12-21
2014–15,Newcastle United,Sunderland,2014-12-21,2014-12-21
2014–15,Stoke City,Chelsea,2014-12-22,2014-12-22
2014–15,Arsenal,Queens Park Rangers,2014-12-26,2014-12-26
2014–15,Burnley,Liverpool,2014-12-26,2014-12-26
2014–15,Chelsea,West Ham United,2014-12-26,2014-12-26
2014–15,Crystal Palace,Southampton,2014-12-26,2014-12-26
2014–15,Everton,Stoke City,2014-12-26,2014-12-26
2014–15,Leicester City,Tottenham Hotspur,2014-12-26,2014-12-26
2014–15,Manchester United,Newcastle United,2014-12-26,2014-12-26
2014–15,Sunderland,Hull City,2014-12-26,2014-12-26
2014–15,Swansea City,Aston Villa,2014-12-26,2014-12-26
2014–15,West Bromwich Albion,Manchester City,2014-12-26,2014-12-26
2014–15,Aston Villa,Sunderland,2014-12-28,2014-12-28
2014–15,Hull City,Leicester City,2014-12-28,2014-12-28
2014–15,Manchester City,Burnley,2014-12-28,2014-12-28
2014–15,Newcastle United,Everton,2014-12-28,2014-12-28
2014–15,Queens Park Rangers,Crystal Palace,2014-12-28,2014-12-28
2014–15,Southampton,Chelsea,2014-12-28,2014-12-28
2014–15,Stoke City,West Bromwich Albion,2014-12-28,2014-12-28
2014–15,Tottenham Hotspur,Manchester United,2014-12-28,2014-12-28
2014–15,West Ham United,Arsenal,2014-12-28,2014-12-28
2014–15,Liverpool,Swansea City,2014-12-29,2014-12-29
2014–15,Aston Villa,Crystal Palace,2015-01-01,2015-01-01
2014–15,Hull City,Everton,2015-01-01,2015-01-01
2014–15,Liverpool,Leicester City,2015-01-01,2015-01-01
2014–15,Manchester City,Sunderland,2015-01-01,2015-01-01
2014–15,Newcastle United,Burnley,2015-01-01,2015-01-01
2014–15,Queens Park Rangers,Swansea City,2015-01-01,2015-01-01
2014–15,Southampton,Arsenal,2015-01-01,2015-01-01
2014–15,Stoke City,Manchester United,2015-01-01,2015-01-01
2014–15,Tottenham Hotspur,Chelsea,2015-01-01,2015-01-01
2014–15,West Ham United,West Bromwich Albion,2015-01-01,2015-01-01
2014–15,Burnley,Queens Park Rangers,2015-01-10,2015-01-10
2014–15,Chelsea,Newcastle United,2015-01-10,2015-01-10
2014–15,Crystal Palace,Tottenham Hotspur,2015-01-10,2015-01-10
2014–15,Everton,Manchester City,2015-01-10,2015-01-10
2014–15,Leicester City,Aston Villa,2015-01-10,2015-01-10
2014–15,Sunderland,Liverpool,2015-01-10,2015-01-10
2014–15,Swansea City,West Ham United,2015-01-10,2015-01-10
2014–15,West Bromwich Albion,Hull City,2015-01-10,2015-01-10
2014–15,Arsenal,Stoke City,2015-01-11,2015-01-11
2014–15,Manchester United,Southampton,2015-01-11,2015-01-11
2014–15,Aston Villa,Liverpool,2015-01-17,2015-01-17
2014–15,Burnley,Crystal Palace,2015-01-17,2015-01-17
2014–15,Leicester City,Stoke City,2015-01-17,2015-01-17
2014–15,Newcastle United,Southampton,2015-01-17,2015-01-17
2014–15,Queens Park Rangers,Manchester United,2015-01-17,2015-01-17
2014–15,Swansea City,Chelsea,2015-01-17,2015-01-17
2014–15,Tottenham Hotspur,Sunderland,2015-01-17,2015-01-17
2014–15,Manchester City,Arsenal,2015-01-18,2015-01-18
2014–15,West Ham United,Hull City,2015-01-18,2015-01-18
2014–15,Everton,West Bromwich Albion,2015-01-19,2015-01-19
2014–15,Chelsea,Manchester City,2015-01-31,2015-01-31
2014–15,Crystal Palace,Everton,2015-01-31,2015-01-31
2014–15,Hull City,Newcastle United,2015-01-31,2015-01-31
2014–15,Liverpool,West Ham United,2015-01-31,2015-01-31
2014–15,Manchester United,Leicester City,2015-01-31,2015-01-31
2014–15,Stoke City,Queens Park Rangers,2015-01-31,2015-01-31
2014–15,Sunderland,Burnley,2015-01-31,2015-01-31
2014–15,West Bromwich Albion,Tottenham Hotspur,2015-01-31,2015-01-31
2014–15,Arsenal,Aston Villa,2015-02-01,2015-02-01
2014–15,Southampton,Swansea City,2015-02-01,2015-02-01
2014–15,Aston Villa,Chelsea,2015-02-07,2015-02-07
2014–15,Everton,Liverpool,2015-02-07,2015-02-07
2014–15,Leicester City,Crystal Palace,2015-02-07,2015-02-07
2014–15,Manchester City,Hull City,2015-02-07,2015-02-07
2014–15,Queens Park Rangers,Southampton,2015-02-07,2015-02-07
2014–15,Swansea City,Sunderland,2015-02-07,2015-02-07
2014–15,Tottenham Hotspur,Arsenal,2015-02-07,2015-02-07
2014–15,Burnley,West Bromwich Albion,2015-02-08,2015-02-08
2014–15,Newcastle United,Stoke City,2015-02-08,2015-02-08
2014–15,West Ham United,Manchester United,2015-02-08,2015-02-08
2014–15,Arsenal,Leicester City,2015-02-10,2015-02-10
2014–15,Hull City,Aston Villa,2015-02-10,2015-02-10
2014–15,Liverpool,Tottenham Hotspur,2015-02-10,2015-02-10
2014–15,Sunderland,Queens Park Rangers,2015-02-10,2015-02-10
2014–15,Chelsea,Everton,2015-02-11,2015-02-11
2014–15,Crystal Palace,Newcastle United,2015-02-11,2015-02-11
2014–15,Manchester United,Burnley,2015-02-11,2015-02-11
2014–15,Southampton,West Ham United,2015-02-11,2015-02-11
2014–15,Stoke City,Manchester City,2015-02-11,2015-02-11
2014–15,West Bromwich Albion,Swansea City,2015-02-11,2015-02-11
2014–15,Aston Villa,Stoke City,2015-02-21,2015-02-21
2014–15,Chelsea,Burnley,2015-02-21,2015-02-21
2014–15,Crystal Palace,Arsenal,2015-02-21,2015-02-21
2014–15,Hull City,Queens Park Rangers,2015-02-21,2015-02-21
2014–15,Manchester City,Newcastle United,2015-02-21,2015-02-21
2014–15,Sunderland,West Bromwich Albion,2015-02-21,2015-02-21
2014–15,Swansea City,Manchester United,2015-02-21,2015-02-21
2014–15,Everton,Leicester City,2015-02-22,2015-02-22
2014–15,Southampton,Liverpool,2015-02-22,2015-02-22
2014–15,Tottenham Hotspur,West Ham United,2015-02-22,2015-02-22
2014–15,Burnley,Swansea City,2015-02-28,2015-02-28
2014–15,Manchester United,Sunderland,2015-02-28,2015-02-28
2014–15,Newcastle United,Aston Villa,2015-02-28,2015-02-28
2014–15,Stoke City,Hull City,2015-02-28,2015-02-28
2014–15,West Bromwich Albion,Southampton,2015-02-28,2015-02-28
2014–15,West Ham United,Crystal Palace,2015-02-28,2015-02-28
2014–15,Arsenal,Everton,2015-03-01,2015-03-01
2014–15,Liverpool,Manchester City,2015-03-01,2015-03-01
2014–15,Aston Villa,West Bromwich Albion,2015-03-03,2015-03-03
2014–15,Hull City,Sunderland,2015-03-03,2015-03-03
2014–15,Southampton,Crystal Palace,2015-03-03,2015-03-03
2014–15,Liverpool,Burnley,2015-03-04,2015-03-04
2014–15,Manchester City,Leicester City,2015-03-04,2015-03-04
2014–15,Newcastle United,Manchester United,2015-03-04,2015-03-04
2014–15,Queens Park Rangers,Arsenal,2015-03-04,2015-03-04
2014–15,Stoke City,Everton,2015-03-04,2015-03-04
2014–15,Tottenham Hotspur,Swansea City,2015-03-04,2015-03-04
2014–15,West Ham United,Chelsea,2015-03-04,2015-03-04
2014–15,Queens Park Rangers,Tottenham Hotspur,2015-03-07,2015-03-07
2014–15,Arsenal,West Ham United,2015-03-14,2015-03-14
2014–15,Burnley,Manchester City,2015-03-14,2015-03-14
2014–15,Crystal Palace,Queens Park Rangers,2015-03-14,2015-03-14
2014–15,Leicester City,Hull City,2015-03-14,2015-03-14
2014–15,Sunderland,Aston Villa,2015-03-14,2015-03-14
2014–15,West Bromwich Albion,Stoke City,2015-03-14,2015-03-14
2014–15,Chelsea,Southampton,2015-03-15,2015-03-15
2014–15,Everton,Newcastle United,2015-03-15,2015-03-15
2014–15,Manchester United,Tottenham Hotspur,2015-03-15,2015-03-15
2014–15,Swansea City,Liverpool,2015-03-16,2015-03-16
2014–15,Aston Villa,Swansea City,2015-03-21,2015-03-21
2014–15,Manchester City,West Bromwich Albion,2015-03-21,2015-03-21
2014–15,Newcastle United,Arsenal,2015-03-21,2015-03-21
2014–15,Southampton,Burnley,2015-03-21,2015-03-21
2014–15,Stoke City,Crystal Palace,2015-03-21,2015-03-21
2014–15,Tottenham Hotspur,Leicester City,2015-03-21,2015-03-21
2014–15,West Ham United,Sunderland,2015-03-21,2015-03-21
2014–15,Hull City,Chelsea,2015-03-22,2015-03-22
2014–15,Liverpool,Manchester United,2015-03-22,2015-03-22
2014–15,Queens Park Rangers,Everton,2015-03-22,2015-03-22
2014–15,Arsenal,Liverpool,2015-04-04,2015-04-04
2014–15,Chelsea,Stoke City,2015-04-04,2015-04-04
2014–15,Everton,Southampton,2015-04-04,2015-04-04
2014–15,Leicester City,West Ham United,2015-04-04,2015-04-04
2014–15,Manchester United,Aston Villa,2015-04-04,2015-04-04
2014–15,Swansea City,Hull City,2015-04-04,2015-04-04
2014–15,West Bromwich Albion,Queens Park Rangers,2015-04-04,2015-04-04
2014–15,Burnley,Tottenham Hotspur,2015-04-05,2015-04-05
2014–15,Sunderland,Newcastle United,2015-04-05,2015-04-05
2014–15,Crystal Palace,Manchester City,2015-04-06,2015-04-06
2014–15,Aston Villa,Queens Park Rangers,2015-04-07,2015-04-07
2014–15,Burnley,Arsenal,2015-04-11,2015-04-11
2014–15,Southampton,Hull City,2015-04-11,2015-04-11
2014–15,Sunderland,Crystal Palace,2015-04-11,2015-04-11
2014–15,Swansea City,Everton,2015-04-11,2015-04-11
2014–15,Tottenham Hotspur,Aston Villa,2015-04-11,2015-04-11
2014–15,West Bromwich Albion,Leicester City,2015-04-11,2015-04-11
2014–15,West Ham United,Stoke City,2015-04-11,2015-04-11
2014–15,Manchester United,Manchester City,2015-04-12,2015-04-12
2014–15,Queens Park Rangers,Chelsea,2015-04-12,2015-04-12
2014–15,Liverpool,Newcastle United,2015-04-13,2015-04-13
2014–15,Chelsea,Manchester United,2015-04-18,2015-04-18
2014–15,Crystal Palace,West Bromwich Albion,2015-04-18,2015-04-18
2014–15,Everton,Burnley,2015-04-18,2015-04-18
2014–15,Leicester City,Swansea City,2015-04-18,2015-04-18
2014–15,Stoke City,Southampton,2015-04-18,2015-04-18
2014–15,Manchester City,West Ham United,2015-04-19,2015-04-19
2014–15,Newcastle United,Tottenham Hotspur,2015-04-19,2015-04-19
2014–15,Burnley,Leicester City,2015-04-25,2015-04-25
2014–15,Crystal Palace,Hull City,2015-04-25,2015-04-25
2014–15,Manchester City,Aston Villa,2015-04-25,2015-04-25
2014–15,Newcastle United,Swansea City,2015-04-25,2015-04-25
2014–15,Queens Park Rangers,West Ham United,2015-04-25,2015-04-25
2014–15,Southampton,Tottenham Hotspur,2015-04-25,2015-04-25
2014–15,Stoke City,Sunderland,2015-04-25,2015-04-25
2014–15,West Bromwich Albion,Liverpool,2015-04-25,2015-04-25
2014–15,Arsenal,Chelsea,2015-04-26,2015-04-26
2014–15,Everton,Manchester United,2015-04-26,2015-04-26
2014–15,Hull City,Liverpool,2015-04-28,2015-04-28
2014–15,Leicester City,Chelsea,2015-04-29,2015-04-29
2014–15,Aston Villa,Everton,2015-05-02,2015-05-02
2014–15,Leicester City,Newcastle United,2015-05-02,2015-05-02
2014–15,Liverpool,Queens Park Rangers,2015-05-02,2015-05-02
2014–15,Manchester United,West Bromwich Albion,2015-05-02,2015-05-02
2014–15,Sunderland,Southampton,2015-05-02,2015-05-02
2014–15,Swansea City,Stoke City,2015-05-02,2015-05-02
2014–15,West Ham United,Burnley,2015-05-02,2015-05-02
2014–15,Chelsea,Crystal Palace,2015-05-03,2015-05-03
2014–15,Tottenham Hotspur,Manchester City,2015-05-03,2015-05-03
2014–15,Hull City,Arsenal,2015-05-04,2015-05-04
2014–15,Aston Villa,West Ham United,2015-05-09,2015-05-09
2014–15,Crystal Palace,Manchester United,2015-05-09,2015-05-09
2014–15,Everton,Sunderland,2015-05-09,2015-05-09
2014–15,Hull City,Burnley,2015-05-09,2015-05-09
2014–15,Leicester City,Southampton,2015-05-09,2015-05-09
2014–15,Newcastle United,West Bromwich Albion,2015-05-09,2015-05-09
2014–15,Stoke City,Tottenham Hotspur,2015-05-09,2015-05-09
2014–15,Chelsea,Liverpool,2015-05-10,2015-05-10
2014–15,Manchester City,Queens Park Rangers,2015-05-10,2015-05-10
2014–15,Arsenal,Swansea City,2015-05-11,2015-05-11
2014–15,Burnley,Stoke City,2015-05-16,2015-05-16
2014–15,Liverpool,Crystal Palace,2015-05-16,2015-05-16
2014–15,Queens Park Rangers,Newcastle United,2015-05-16,2015-05-16
2014–15,Southampton,Aston Villa,2015-05-16,2015-05-16
2014–15,Sunderland,Leicester City,2015-05-16,2015-05-16
2014–15,Tottenham Hotspur,Hull City,2015-05-16,2015-05-16
2014–15,West Ham United,Everton,2015-05-16,2015-05-16
2014–15,Manchester United,Arsenal,2015-05-17,2015-05-17
2014–15,Swansea City,Manchester City,2015-05-17,2015-05-17
2014–15,West Bromwich Albion,Chelsea,2015-05-18,2015-05-18
2014–15,Arsenal,Sunderland,2015-05-20,2015-05-20
2014–15,Arsenal,West Bromwich Albion,2015-05-24,2015-05-24
2014–15,Aston Villa,Burnley,2015-05-24,2015-05-24
2014–15,Chelsea,Sunderland,2015-05-24,2015-05-24
2014–15,Crystal Palace,Swansea City,2015-05-24,2015-05-24
2014–15,Everton,Tottenham Hotspur,2015-05-24,2015-05-24
2014–15,Hull City,Manchester United,2015-05-24,2015-05-24
2014–15,Leicester City,Queens Park Rangers,2015-05-24,2015-05-24
2014–15,Manchester City,Southampton,2015-05-24,2015-05-24
2014–15,Newcastle United,West Ham United,2015-05-24,2015-05-24
2014–15,Stoke City,Liverpool,2015-05-24,2015-05-24
2015–16,AFC Bournemouth,Aston Villa,2015-08-08,2015-08-08
2015–16,Chelsea,Swansea City,2015-08-08,2015-08-08
2015–16,Everton,Watford,2015-08-08,2015-08-08
2015–16,Leicester City,Sunderland,2015-08-08,2015-08-08
2015–16,Manchester United,Tottenham Hotspur,2015-08-08,2015-08-08
2015–16,Norwich City,Crystal Palace,2015-08-08,2015-08-08
2015–16,Arsenal,West Ham United,2015-08-09,2015-08-09
2015–16,Newcastle United,Southampton,2015-08-09,2015-08-09
2015–16,Stoke City,Liverpool,2015-08-09,2015-08-09
2015–16,West Bromwich Albion,Manchester City,2015-08-10,2015-08-10
2015–16,Aston Villa,Manchester United,2015-08-14,2015-08-14
2015–16,Southampton,Everton,2015-08-15,2015-08-15
2015–16,Sunderland,Norwich City,2015-08-15,2015-08-15
2015–16,Swansea City,Newcastle United,2015-08-15,2015-08-15
2015–16,Tottenham Hotspur,Stoke City,2015-08-15,2015-08-15
2015–16,Watford,West Bromwich Albion,2015-08-15,2015-08-15
2015–16,West Ham United,Leicester City,2015-08-15,2015-08-15
2015–16,Crystal Palace,Arsenal,2015-08-16,2015-08-16
2015–16,Manchester City,Chelsea,2015-08-16,2015-08-16
2015–16,Liverpool,AFC Bournemouth,2015-08-17,2015-08-17
2015–16,Crystal Palace,Aston Villa,2015-08-22,2015-08-22
2015–16,Leicester City,Tottenham Hotspur,2015-08-22,2015-08-22
2015–16,Manchester United,Newcastle United,2015-08-22,2015-08-22
2015–16,Norwich City,Stoke City,2015-08-22,2015-08-22
2015–16,Sunderland,Swansea City,2015-08-22,2015-08-22
2015–16,West Ham United,AFC Bournemouth,2015-08-22,2015-08-22
2015–16,Everton,Manchester City,2015-08-23,2015-08-23
2015–16,Watford,Southampton,2015-08-23,2015-08-23
2015–16,West Bromwich Albion,Chelsea,2015-08-23,2015-08-23
2015–16,Arsenal,Liverpool,2015-08-24,2015-08-24
2015–16,AFC Bournemouth,Leicester City,2015-08-29,2015-08-29
2015–16,Aston Villa,Sunderland,2015-08-29,2015-08-29
2015–16,Chelsea,Crystal Palace,2015-08-29,2015-08-29
2015–16,Liverpool,West Ham United,2015-08-29,2015-08-29
2015–16,Manchester City,Watford,2015-08-29,2015-08-29
2015–16,Newcastle United,Arsenal,2015-08-29,2015-08-29
2015–16,Stoke City,West Bromwich Albion,2015-08-29,2015-08-29
2015–16,Tottenham Hotspur,Everton,2015-08-29,2015-08-29
2015–16,Southampton,Norwich City,2015-08-30,2015-08-30
2015–16,Swansea City,Manchester United,2015-08-30,2015-08-30
2015–16,Arsenal,Stoke City,2015-09-12,2015-09-12
2015–16,Crystal Palace,Manchester City,2015-09-12,2015-09-12
2015–16,Everton,Chelsea,2015-09-12,2015-09-12
2015–16,Manchester United,Liverpool,2015-09-12,2015-09-12
2015–16,Norwich City,AFC Bournemouth,2015-09-12,2015-09-12
2015–16,Watford,Swansea City,2015-09-12,2015-09-12
2015–16,West Bromwich Albion,Southampton,2015-09-12,2015-09-12
2015–16,Leicester City,Aston Villa,2015-09-13,2015-09-13
2015–16,Sunderland,Tottenham Hotspur,2015-09-13,2015-09-13
2015–16,West Ham United,Newcastle United,2015-09-14,2015-09-14
2015–16,AFC Bournemouth,Sunderland,2015-09-19,2015-09-19
2015–16,Aston Villa,West Bromwich Albion,2015-09-19,2015-09-19
2015–16,Chelsea,Arsenal,2015-09-19,2015-09-19
2015–16,Manchester City,West Ham United,2015-09-19,2015-09-19
2015–16,Newcastle United,Watford,2015-09-19,2015-09-19
2015–16,Stoke City,Leicester City,2015-09-19,2015-09-19
2015–16,Swansea City,Everton,2015-09-19,2015-09-19
2015–16,Liverpool,Norwich City,2015-09-20,2015-09-20
2015–16,Southampton,Manchester United,2015-09-20,2015-09-20
2015–16,Tottenham Hotspur,Crystal Palace,2015-09-20,2015-09-20
2015–16,Leicester City,Arsenal,2015-09-26,2015-09-26
2015–16,Liverpool,Aston Villa,2015-09-26,2015-09-26
2015–16,Manchester United,Sunderland,2015-09-26,2015-09-26
2015–16,Newcastle United,Chelsea,2015-09-26,2015-09-26
2015–16,Southampton,Swansea City,2015-09-26,2015-09-26
2015–16,Stoke City,AFC Bournemouth,2015-09-26,2015-09-26
2015–16,Tottenham Hotspur,Manchester City,2015-09-26,2015-09-26
2015–16,West Ham United,Norwich City,2015-09-26,2015-09-26
2015–16,Watford,Crystal Palace,2015-09-27,2015-09-27
2015–16,West Bromwich Albion,Everton,2015-09-28,2015-09-28
2015–16,AFC Bournemouth,Watford,2015-10-03,2015-10-03
2015–16,Aston Villa,Stoke City,2015-10-03,2015-10-03
2015–16,Chelsea,Southampton,2015-10-03,2015-10-03
2015–16,Crystal Palace,West Bromwich Albion,2015-10-03,2015-10-03
2015–16,Manchester City,Newcastle United,2015-10-03,2015-10-03
2015–16,Norwich City,Leicester City,2015-10-03,2015-10-03
2015–16,Sunderland,West Ham United,2015-10-03,2015-10-03
2015–16,Arsenal,Manchester United,2015-10-04,2015-10-04
2015–16,Everton,Liverpool,2015-10-04,2015-10-04
2015–16,Swansea City,Tottenham Hotspur,2015-10-04,2015-10-04
2015–16,Chelsea,Aston Villa,2015-10-17,2015-10-17
2015–16,Crystal Palace,West Ham United,2015-10-17,2015-10-17
2015–16,Everton,Manchester United,2015-10-17,2015-10-17
2015–16,Manchester City,AFC Bournemouth,2015-10-17,2015-10-17
2015–16,Southampton,Leicester City,2015-10-17,2015-10-17
2015–16,Tottenham Hotspur,Liverpool,2015-10-17,2015-10-17
2015–16,Watford,Arsenal,2015-10-17,2015-10-17
2015–16,West Bromwich Albion,Sunderland,2015-10-17,2015-10-17
2015–16,Newcastle United,Norwich City,2015-10-18,2015-10-18
2015–16,Swansea City,Stoke City,2015-10-19,2015-10-19
2015–16,Arsenal,Everton,2015-10-24,2015-10-24
2015–16,Aston Villa,Swansea City,2015-10-24,2015-10-24
2015–16,Leicester City,Crystal Palace,2015-10-24,2015-10-24
2015–16,Norwich City,West Bromwich Albion,2015-10-24,2015-10-24
2015–16,Stoke City,Watford,2015-10-24,2015-10-24
2015–16,West Ham United,Chelsea,2015-10-24,2015-10-24
2015–16,AFC Bournemouth,Tottenham Hotspur,2015-10-25,2015-10-25
2015–16,Liverpool,Southampton,2015-10-25,2015-10-25
2015–16,Manchester United,Manchester City,2015-10-25,2015-10-25
2015–16,Sunderland,Newcastle United,2015-10-25,2015-10-25
2015–16,Chelsea,Liverpool,2015-10-31,2015-10-31
2015–16,Crystal Palace,Manchester United,2015-10-31,2015-10-31
2015–16,Manchester City,Norwich City,2015-10-31,2015-10-31
2015–16,Newcastle United,Stoke City,2015-10-31,2015-10-31
2015–16,Swansea City,Arsenal,2015-10-31,2015-10-31
2015–16,Watford,West Ham United,2015-10-31,2015-10-31
2015–16,West Bromwich Albion,Leicester City,2015-10-31,2015-10-31
2015–16,Everton,Sunderland,2015-11-01,2015-11-01
2015–16,Southampton,AFC Bournemouth,2015-11-01,2015-11-01
2015–16,Tottenham Hotspur,Aston Villa,2015-11-02,2015-11-02
2015–16,AFC Bournemouth,Newcastle United,2015-11-07,2015-11-07
2015–16,Leicester City,Watford,2015-11-07,2015-11-07
2015–16,Manchester United,West Bromwich Albion,2015-11-07,2015-11-07
2015–16,Norwich City,Swansea City,2015-11-07,2015-11-07
2015–16,Stoke City,Chelsea,2015-11-07,2015-11-07
2015–16,Sunderland,Southampton,2015-11-07,2015-11-07
2015–16,West Ham United,Everton,2015-11-07,2015-11-07
2015–16,Arsenal,Tottenham Hotspur,2015-11-08,2015-11-08
2015–16,Aston Villa,Manchester City,2015-11-08,2015-11-08
2015–16,Liverpool,Crystal Palace,2015-11-08,2015-11-08
2015–16,Chelsea,Norwich City,2015-11-21,2015-11-21
2015–16,Everton,Aston Villa,2015-11-21,2015-11-21
2015–16,Manchester City,Liverpool,2015-11-21,2015-11-21
2015–16,Newcastle United,Leicester City,2015-11-21,2015-11-21
2015–16,Southampton,Stoke City,2015-11-21,2015-11-21
2015–16,Swansea City,AFC Bournemouth,2015-11-21,2015-11-21
2015–16,Watford,Manchester United,2015-11-21,2015-11-21
2015–16,West Bromwich Albion,Arsenal,2015-11-21,2015-11-21
2015–16,Tottenham Hotspur,West Ham United,2015-11-22,2015-11-22
2015–16,Crystal Palace,Sunderland,2015-11-23,2015-11-23
2015–16,AFC Bournemouth,Everton,2015-11-28,2015-11-28
2015–16,Aston Villa,Watford,2015-11-28,2015-11-28
2015–16,Crystal Palace,Newcastle United,2015-11-28,2015-11-28
2015–16,Leicester City,Manchester United,2015-11-28,2015-11-28
2015–16,Manchester City,Southampton,2015-11-28,2015-11-28
2015–16,Sunderland,Stoke City,2015-11-28,2015-11-28
2015–16,Liverpool,Swansea City,2015-11-29,2015-11-29
2015–16,Norwich City,Arsenal,2015-11-29,2015-11-29
2015–16,Tottenham Hotspur,Chelsea,2015-11-29,2015-11-29
2015–16,West Ham United,West Bromwich Albion,2015-11-29,2015-11-29
2015–16,Arsenal,Sunderland,2015-12-05,2015-12-05
2015–16,Chelsea,AFC Bournemouth,2015-12-05,2015-12-05
2015–16,Manchester United,West Ham United,2015-12-05,2015-12-05
2015–16,Southampton,Aston Villa,2015-12-05,2015-12-05
2015–16,Stoke City,Manchester City,2015-12-05,2015-12-05
2015–16,Swansea City,Leicester City,2015-12-05,2015-12-05
2015–16,Watford,Norwich City,2015-12-05,2015-12-05
2015–16,West Bromwich Albion,Tottenham Hotspur,2015-12-05,2015-12-05
2015–16,Newcastle United,Liverpool,2015-12-06,2015-12-06
2015–16,Everton,Crystal Palace,2015-12-07,2015-12-07
2015–16,AFC Bournemouth,Manchester United,2015-12-12,2015-12-12
2015–16,Crystal Palace,Southampton,2015-12-12,2015-12-12
2015–16,Manchester City,Swansea City,2015-12-12,2015-12-12
2015–16,Norwich City,Everton,2015-12-12,2015-12-12
2015–16,Sunderland,Watford,2015-12-12,2015-12-12
2015–16,West Ham United,Stoke City,2015-12-12,2015-12-12
2015–16,Aston Villa,Arsenal,2015-12-13,2015-12-13
2015–16,Liverpool,West Bromwich Albion,2015-12-13,2015-12-13
2015–16,Tottenham Hotspur,Newcastle United,2015-12-13,2015-12-13
2015–16,Leicester City,Chelsea,2015-12-14,2015-12-14
2015–16,Chelsea,Sunderland,2015-12-19,2015-12-19
2015–16,Everton,Leicester City,2015-12-19,2015-12-19
2015–16,Manchester United,Norwich City,2015-12-19,2015-12-19
2015–16,Newcastle United,Aston Villa,2015-12-19,2015-12-19
2015–16,Southampton,Tottenham Hotspur,2015-12-19,2015-12-19
2015–16,Stoke City,Crystal Palace,2015-12-19,2015-12-19
2015–16,West Bromwich Albion,AFC Bournemouth,2015-12-19,2015-12-19
2015–16,Swansea City,West Ham United,2015-12-20,2015-12-20
2015–16,Watford,Liverpool,2015-12-20,2015-12-20
2015–16,Arsenal,Manchester City,2015-12-21,2015-12-21
2015–16,AFC Bournemouth,Crystal Palace,2015-12-26,2015-12-26
2015–16,Aston Villa,West Ham United,2015-12-26,2015-12-26
2015–16,Chelsea,Watford,2015-12-26,2015-12-26
2015–16,Liverpool,Leicester City,2015-12-26,2015-12-26
2015–16,Manchester City,Sunderland,2015-12-26,2015-12-26
2015–16,Newcastle United,Everton,2015-12-26,2015-12-26
2015–16,Southampton,Arsenal,2015-12-26,2015-12-26
2015–16,Stoke City,Manchester United,2015-12-26,2015-12-26
2015–16,Swansea City,West Bromwich Albion,2015-12-26,2015-12-26
2015–16,Tottenham Hotspur,Norwich City,2015-12-26,2015-12-26
2015–16,Arsenal,AFC Bournemouth,2015-12-28,2015-12-28
2015–16,Crystal Palace,Swansea City,2015-12-28,2015-12-28
2015–16,Everton,Stoke City,2015-12-28,2015-12-28
2015–16,Manchester United,Chelsea,2015-12-28,2015-12-28
2015–16,Norwich City,Aston Villa,2015-12-28,2015-12-28
2015–16,Watford,Tottenham Hotspur,2015-12-28,2015-12-28
2015–16,West Bromwich Albion,Newcastle United,2015-12-28,2015-12-28
2015–16,West Ham United,Southampton,2015-12-28,2015-12-28
2015–16,Leicester City,Manchester City,2015-12-29,2015-12-29
2015–16,Sunderland,Liverpool,2015-12-30,2015-12-30
2015–16,Arsenal,Newcastle United,2016-01-02,2016-01-02
2015–16,Leicester City,AFC Bournemouth,2016-01-02,2016-01-02
2015–16,Manchester United,Swansea City,2016-01-02,2016-01-02
2015–16,Norwich City,Southampton,2016-01-02,2016-01-02
2015–16,Sunderland,Aston Villa,2016-01-02,2016-01-02
2015–16,Watford,Manchester City,2016-01-02,2016-01-02
2015–16,West Bromwich Albion,Stoke City,2016-01-02,2016-01-02
2015–16,West Ham United,Liverpool,2016-01-02,2016-01-02
2015–16,Crystal Palace,Chelsea,2016-01-03,2016-01-03
2015–16,Everton,Tottenham Hotspur,2016-01-03,2016-01-03
2015–16,AFC Bournemouth,West Ham United,2016-01-12,2016-01-12
2015–16,Aston Villa,Crystal Palace,2016-01-12,2016-01-12
2015–16,Newcastle United,Manchester United,2016-01-12,2016-01-12
2015–16,Chelsea,West Bromwich Albion,2016-01-13,2016-01-13
2015–16,Liverpool,Arsenal,2016-01-13,2016-01-13
2015–16,Manchester City,Everton,2016-01-13,2016-01-13
2015–16,Southampton,Watford,2016-01-13,2016-01-13
2015–16,Stoke City,Norwich City,2016-01-13,2016-01-13
2015–16,Swansea City,Sunderland,2016-01-13,2016-01-13
2015–16,Tottenham Hotspur,Leicester City,2016-01-13,2016-01-13
2015–16,AFC Bournemouth,Norwich City,2016-01-16,2016-01-16
2015–16,Aston Villa,Leicester City,2016-01-16,2016-01-16
2015–16,Chelsea,Everton,2016-01-16,2016-01-16
2015–16,Manchester City,Crystal Palace,2016-01-16,2016-01-16
2015–16,Newcastle United,West Ham United,2016-01-16,2016-01-16
2015–16,Southampton,West Bromwich Albion,2016-01-16,2016-01-16
2015–16,Tottenham Hotspur,Sunderland,2016-01-16,2016-01-16
2015–16,Liverpool,Manchester United,2016-01-17,2016-01-17
2015–16,Stoke City,Arsenal,2016-01-17,2016-01-17
2015–16,Swansea City,Watford,2016-01-18,2016-01-18
2015–16,Crystal Palace,Tottenham Hotspur,2016-01-23,2016-01-23
2015–16,Leicester City,Stoke City,2016-01-23,2016-01-23
2015–16,Manchester United,Southampton,2016-01-23,2016-01-23
2015–16,Norwich City,Liverpool,2016-01-23,2016-01-23
2015–16,Sunderland,AFC Bournemouth,2016-01-23,2016-01-23
2015–16,Watford,Newcastle United,2016-01-23,2016-01-23
2015–16,West Bromwich Albion,Aston Villa,2016-01-23,2016-01-23
2015–16,West Ham United,Manchester City,2016-01-23,2016-01-23
2015–16,Arsenal,Chelsea,2016-01-24,2016-01-24
2015–16,Everton,Swansea City,2016-01-24,2016-01-24
2015–16,Arsenal,Southampton,2016-02-02,2016-02-02
2015–16,Crystal Palace,AFC Bournemouth,2016-02-02,2016-02-02
2015–16,Leicester City,Liverpool,2016-02-02,2016-02-02
2015–16,Manchester United,Stoke City,2016-02-02,2016-02-02
2015–16,Norwich City,Tottenham Hotspur,2016-02-02,2016-02-02
2015–16,Sunderland,Manchester City,2016-02-02,2016-02-02
2015–16,West Bromwich Albion,Swansea City,2016-02-02,2016-02-02
2015–16,West Ham United,Aston Villa,2016-02-02,2016-02-02
2015–16,Everton,Newcastle United,2016-02-03,2016-02-03
2015–16,Watford,Chelsea,2016-02-03,2016-02-03
2015–16,Aston Villa,Norwich City,2016-02-06,2016-02-06
2015–16,Liverpool,Sunderland,2016-02-06,2016-02-06
2015–16,Manchester City,Leicester City,2016-02-06,2016-02-06
2015–16,Newcastle United,West Bromwich Albion,2016-02-06,2016-02-06
2015–16,Southampton,West Ham United,2016-02-06,2016-02-06
2015–16,Stoke City,Everton,2016-02-06,2016-02-06
2015–16,Swansea City,Crystal Palace,2016-02-06,2016-02-06
2015–16,Tottenham Hotspur,Watford,2016-02-06,2016-02-06
2015–16,AFC Bournemouth,Arsenal,2016-02-07,2016-02-07
2015–16,Chelsea,Manchester United,2016-02-07,2016-02-07
2015–16,AFC Bournemouth,Stoke City,2016-02-13,2016-02-13
2015–16,Chelsea,Newcastle United,2016-02-13,2016-02-13
2015–16,Crystal Palace,Watford,2016-02-13,2016-02-13
2015–16,Everton,West Bromwich Albion,2016-02-13,2016-02-13
2015–16,Norwich City,West Ham United,2016-02-13,2016-02-13
2015–16,Sunderland,Manchester United,2016-02-13,2016-02-13
2015–16,Swansea City,Southampton,2016-02-13,2016-02-13
2015–16,Arsenal,Leicester City,2016-02-14,2016-02-14
2015–16,Aston Villa,Liverpool,2016-02-14,2016-02-14
2015–16,Manchester City,Tottenham Hotspur,2016-02-14,2016-02-14
2015–16,Leicester City,Norwich City,2016-02-27,2016-02-27
2015–16,Southampton,Chelsea,2016-02-27,2016-02-27
2015–16,Stoke City,Aston Villa,2016-02-27,2016-02-27
2015–16,Watford,AFC Bournemouth,2016-02-27,2016-02-27
2015–16,West Bromwich Albion,Crystal Palace,2016-02-27,2016-02-27
2015–16,West Ham United,Sunderland,2016-02-27,2016-02-27
2015–16,Manchester United,Arsenal,2016-02-28,2016-02-28
2015–16,Tottenham Hotspur,Swansea City,2016-02-28,2016-02-28
2015–16,AFC Bournemouth,Southampton,2016-03-01,2016-03-01
2015–16,Aston Villa,Everton,2016-03-01,2016-03-01
2015–16,Leicester City,West Bromwich Albion,2016-03-01,2016-03-01
2015–16,Norwich City,Chelsea,2016-03-01,2016-03-01
2015–16,Sunderland,Crystal Palace,2016-03-01,2016-03-01
2015–16,Arsenal,Swansea City,2016-03-02,2016-03-02
2015–16,Liverpool,Manchester City,2016-03-02,2016-03-02
2015–16,Manchester United,Watford,2016-03-02,2016-03-02
2015–16,Stoke City,Newcastle United,2016-03-02,2016-03-02
2015–16,West Ham United,Tottenham Hotspur,2016-03-02,2016-03-02
2015–16,Chelsea,Stoke City,2016-03-05,2016-03-05
2015–16,Everton,West Ham United,2016-03-05,2016-03-05
2015–16,Manchester City,Aston Villa,2016-03-05,2016-03-05
2015–16,Newcastle United,AFC Bournemouth,2016-03-05,2016-03-05
2015–16,Southampton,Sunderland,2016-03-05,2016-03-05
2015–16,Swansea City,Norwich City,2016-03-05,2016-03-05
2015–16,Tottenham Hotspur,Arsenal,2016-03-05,2016-03-05
2015–16,Watford,Leicester City,2016-03-05,2016-03-05
2015–16,Crystal Palace,Liverpool,2016-03-06,2016-03-06
2015–16,West Bromwich Albion,Manchester United,2016-03-06,2016-03-06
2015–16,AFC Bournemouth,Swansea City,2016-03-12,2016-03-12
2015–16,Norwich City,Manchester City,2016-03-12,2016-03-12
2015–16,Stoke City,Southampton,2016-03-12,2016-03-12
2015–16,Aston Villa,Tottenham Hotspur,2016-03-13,2016-03-13
2015–16,Leicester City,Newcastle United,2016-03-14,2016-03-14
2015–16,Chelsea,West Ham United,2016-03-19,2016-03-19
2015–16,Crystal Palace,Leicester City,2016-03-19,2016-03-19
2015–16,Everton,Arsenal,2016-03-19,2016-03-19
2015–16,Swansea City,Aston Villa,2016-03-19,2016-03-19
2015–16,Watford,Stoke City,2016-03-19,2016-03-19
2015–16,West Bromwich Albion,Norwich City,2016-03-19,2016-03-19
2015–16,Manchester City,Manchester United,2016-03-20,2016-03-20
2015–16,Newcastle United,Sunderland,2016-03-20,2016-03-20
2015–16,Southampton,Liverpool,2016-03-20,2016-03-20
2015–16,Tottenham Hotspur,AFC Bournemouth,2016-03-20,2016-03-20
2015–16,AFC Bournemouth,Manchester City,2016-04-02,2016-04-02
2015–16,Arsenal,Watford,2016-04-02,2016-04-02
2015–16,Aston Villa,Chelsea,2016-04-02,2016-04-02
2015–16,Liverpool,Tottenham Hotspur,2016-04-02,2016-04-02
2015–16,Norwich City,Newcastle United,2016-04-02,2016-04-02
2015–16,Stoke City,Swansea City,2016-04-02,2016-04-02
2015–16,Sunderland,West Bromwich Albion,2016-04-02,2016-04-02
2015–16,West Ham United,Crystal Palace,2016-04-02,2016-04-02
2015–16,Leicester City,Southampton,2016-04-03,2016-04-03
2015–16,Manchester United,Everton,2016-04-03,2016-04-03
2015–16,Aston Villa,AFC Bournemouth,2016-04-09,2016-04-09
2015–16,Crystal Palace,Norwich City,2016-04-09,2016-04-09
2015–16,Manchester City,West Bromwich Albion,2016-04-09,2016-04-09
2015–16,Southampton,Newcastle United,2016-04-09,2016-04-09
2015–16,Swansea City,Chelsea,2016-04-09,2016-04-09
2015–16,Watford,Everton,2016-04-09,2016-04-09
2015–16,West Ham United,Arsenal,2016-04-09,2016-04-09
2015–16,Liverpool,Stoke City,2016-04-10,2016-04-10
2015–16,Sunderland,Leicester City,2016-04-10,2016-04-10
2015–16,Tottenham Hotspur,Manchester United,2016-04-10,2016-04-10
2015–16,Crystal Palace,Everton,2016-04-13,2016-04-13
2015–16,Chelsea,Manchester City,2016-04-16,2016-04-16
2015–16,Everton,Southampton,2016-04-16,2016-04-16
2015–16,Manchester United,Aston Villa,2016-04-16,2016-04-16
2015–16,Newcastle United,Swansea City,2016-04-16,2016-04-16
2015–16,Norwich City,Sunderland,2016-04-16,2016-04-16
2015–16,West Bromwich Albion,Watford,2016-04-16,2016-04-16
2015–16,AFC Bournemouth,Liverpool,2016-04-17,2016-04-17
2015–16,Arsenal,Crystal Palace,2016-04-17,2016-04-17
2015–16,Leicester City,West Ham United,2016-04-17,2016-04-17
2015–16,Stoke City,Tottenham Hotspur,2016-04-18,2016-04-18
2015–16,Newcastle United,Manchester City,2016-04-19,2016-04-19
2015–16,Liverpool,Everton,2016-04-20,2016-04-20
2015–16,Manchester United,Crystal Palace,2016-04-20,2016-04-20
2015–16,West Ham United,Watford,2016-04-20,2016-04-20
2015–16,Arsenal,West Bromwich Albion,2016-04-21,2016-04-21
2015–16,AFC Bournemouth,Chelsea,2016-04-23,2016-04-23
2015–16,Aston Villa,Southampton,2016-04-23,2016-04-23
2015–16,Liverpool,Newcastle United,2016-04-23,2016-04-23
2015–16,Manchester City,Stoke City,2016-04-23,2016-04-23
2015–16,Leicester City,Swansea City,2016-04-24,2016-04-24
2015–16,Sunderland,Arsenal,2016-04-24,2016-04-24
2015–16,Tottenham Hotspur,West Bromwich Albion,2016-04-25,2016-04-25
2015–16,Arsenal,Norwich City,2016-04-30,2016-04-30
2015–16,Everton,AFC Bournemouth,2016-04-30,2016-04-30
2015–16,Newcastle United,Crystal Palace,2016-04-30,2016-04-30
2015–16,Stoke City,Sunderland,2016-04-30,2016-04-30
2015–16,Watford,Aston Villa,2016-04-30,2016-04-30
2015–16,West Bromwich Albion,West Ham United,2016-04-30,2016-04-30
2015–16,Manchester United,Leicester City,2016-05-01,2016-05-01
2015–16,Southampton,Manchester City,2016-05-01,2016-05-01
2015–16,Swansea City,Liverpool,2016-05-01,2016-05-01
2015–16,Chelsea,Tottenham Hotspur,2016-05-02,2016-05-02
2015–16,AFC Bournemouth,West Bromwich Albion,2016-05-07,2016-05-07
2015–16,Aston Villa,Newcastle United,2016-05-07,2016-05-07
2015–16,Crystal Palace,Stoke City,2016-05-07,2016-05-07
2015–16,Leicester City,Everton,2016-05-07,2016-05-07
2015–16,Norwich City,Manchester United,2016-05-07,2016-05-07
2015–16,Sunderland,Chelsea,2016-05-07,2016-05-07
2015–16,West Ham United,Swansea City,2016-05-07,2016-05-07
2015–16,Liverpool,Watford,2016-05-08,2016-05-08
2015–16,Manchester City,Arsenal,2016-05-08,2016-05-08
2015–16,Tottenham Hotspur,Southampton,2016-05-08,2016-05-08
2015–16,West Ham United,Manchester United,2016-05-10,2016-05-10
2015–16,Liverpool,Chelsea,2016-05-11,2016-05-11
2015–16,Norwich City,Watford,2016-05-11,2016-05-11
2015–16,Sunderland,Everton,2016-05-11,2016-05-11
2015–16,Arsenal,Aston Villa,2016-05-15,2016-05-15
2015–16,Chelsea,Leicester City,2016-05-15,2016-05-15
2015–16,Everton,Norwich City,2016-05-15,2016-05-15
2015–16,Newcastle United,Tottenham Hotspur,2016-05-15,2016-05-15
2015–16,Southampton,Crystal Palace,2016-05-15,2016-05-15
2015–16,Stoke City,West Ham United,2016-05-15,2016-05-15
2015–16,Swansea City,Manchester City,2016-05-15,2016-05-15
2015–16,Watford,Sunderland,2016-05-15,2016-05-15
2015–16,West Bromwich Albion,Liverpool,2016-05-15,2016-05-15
2015–16,Manchester United,AFC Bournemouth,2016-05-17,2016-05-17
2016–17,Burnley,Swansea City,2016-08-13,2016-08-13
2016–17,Crystal Palace,West Bromwich Albion,2016-08-13,2016-08-13
2016–17,Everton,Tottenham Hotspur,2016-08-13,2016-08-13
2016–17,Hull City,Leicester City,2016-08-13,2016-08-13
2016–17,Manchester City,Sunderland,2016-08-13,2016-08-13
2016–17,Middlesbrough,Stoke City,2016-08-13,2016-08-13
2016–17,Southampton,Watford,2016-08-13,2016-08-13
2016–17,AFC Bournemouth,Manchester United,2016-08-14,2016-08-14
2016–17,Arsenal,Liverpool,2016-08-14,2016-08-14
2016–17,Chelsea,West Ham United,2016-08-15,2016-08-15
2016–17,Manchester United,Southampton,2016-08-19,2016-08-19
2016–17,Burnley,Liverpool,2016-08-20,2016-08-20
2016–17,Leicester City,Arsenal,2016-08-20,2016-08-20
2016–17,Stoke City,Manchester City,2016-08-20,2016-08-20
2016–17,Swansea City,Hull City,2016-08-20,2016-08-20
2016–17,Tottenham Hotspur,Crystal Palace,2016-08-20,2016-08-20
2016–17,Watford,Chelsea,2016-08-20,2016-08-20
2016–17,West Bromwich Albion,Everton,2016-08-20,2016-08-20
2016–17,Sunderland,Middlesbrough,2016-08-21,2016-08-21
2016–17,West Ham United,AFC Bournemouth,2016-08-21,2016-08-21
2016–17,Chelsea,Burnley,2016-08-27,2016-08-27
2016–17,Crystal Palace,AFC Bournemouth,2016-08-27,2016-08-27
2016–17,Everton,Stoke City,2016-08-27,2016-08-27
2016–17,Hull City,Manchester United,2016-08-27,2016-08-27
2016–17,Leicester City,Swansea City,2016-08-27,2016-08-27
2016–17,Southampton,Sunderland,2016-08-27,2016-08-27
2016–17,Tottenham Hotspur,Liverpool,2016-08-27,2016-08-27
2016–17,Watford,Arsenal,2016-08-27,2016-08-27
2016–17,Manchester City,West Ham United,2016-08-28,2016-08-28
2016–17,West Bromwich Albion,Middlesbrough,2016-08-28,2016-08-28
2016–17,AFC Bournemouth,West Bromwich Albion,2016-09-10,2016-09-10
2016–17,Arsenal,Southampton,2016-09-10,2016-09-10
2016–17,Burnley,Hull City,2016-09-10,2016-09-10
2016–17,Liverpool,Leicester City,2016-09-10,2016-09-10
2016–17,Manchester United,Manchester City,2016-09-10,2016-09-10
2016–17,Middlesbrough,Crystal Palace,2016-09-10,2016-09-10
2016–17,Stoke City,Tottenham Hotspur,2016-09-10,2016-09-10
2016–17,West Ham United,Watford,2016-09-10,2016-09-10
2016–17,Swansea City,Chelsea,2016-09-11,2016-09-11
2016–17,Sunderland,Everton,2016-09-12,2016-09-12
2016–17,Chelsea,Liverpool,2016-09-16,2016-09-16
2016–17,Everton,Middlesbrough,2016-09-17,2016-09-17
2016–17,Hull City,Arsenal,2016-09-17,2016-09-17
2016–17,Leicester City,Burnley,2016-09-17,2016-09-17
2016–17,Manchester City,AFC Bournemouth,2016-09-17,2016-09-17
2016–17,West Bromwich Albion,West Ham United,2016-09-17,2016-09-17
2016–17,Crystal Palace,Stoke City,2016-09-18,2016-09-18
2016–17,Southampton,Swansea City,2016-09-18,2016-09-18
2016–17,Tottenham Hotspur,Sunderland,2016-09-18,2016-09-18
2016–17,Watford,Manchester United,2016-09-18,2016-09-18
2016–17,AFC Bournemouth,Everton,2016-09-24,2016-09-24
2016–17,Arsenal,Chelsea,2016-09-24,2016-09-24
2016–17,Liverpool,Hull City,2016-09-24,2016-09-24
2016–17,Manchester United,Leicester City,2016-09-24,2016-09-24
2016–17,Middlesbrough,Tottenham Hotspur,2016-09-24,2016-09-24
2016–17,Stoke City,West Bromwich Albion,2016-09-24,2016-09-24
2016–17,Sunderland,Crystal Palace,2016-09-24,2016-09-24
2016–17,Swansea City,Manchester City,2016-09-24,2016-09-24
2016–17,West Ham United,Southampton,2016-09-25,2016-09-25
2016–17,Burnley,Watford,2016-09-26,2016-09-26
2016–17,Everton,Crystal Palace,2016-09-30,2016-09-30
2016–17,Hull City,Chelsea,2016-10-01,2016-10-01
2016–17,Sunderland,West Bromwich Albion,2016-10-01,2016-10-01
2016–17,Swansea City,Liverpool,2016-10-01,2016-10-01
2016–17,Watford,AFC Bournemouth,2016-10-01,2016-10-01
2016–17,West Ham United,Middlesbrough,2016-10-01,2016-10-01
2016–17,Burnley,Arsenal,2016-10-02,2016-10-02
2016–17,Leicester City,Southampton,2016-10-02,2016-10-02
2016–17,Manchester United,Stoke City,2016-10-02,2016-10-02
2016–17,Tottenham Hotspur,Manchester City,2016-10-02,2016-10-02
2016–17,AFC Bournemouth,Hull City,2016-10-15,2016-10-15
2016–17,Arsenal,Swansea City,2016-10-15,2016-10-15
2016–17,Chelsea,Leicester City,2016-10-15,2016-10-15
2016–17,Crystal Palace,West Ham United,2016-10-15,2016-10-15
2016–17,Manchester City,Everton,2016-10-15,2016-10-15
2016–17,Stoke City,Sunderland,2016-10-15,2016-10-15
2016–17,West Bromwich Albion,Tottenham Hotspur,2016-10-15,2016-10-15
2016–17,Middlesbrough,Watford,2016-10-16,2016-10-16
2016–17,Southampton,Burnley,2016-10-16,2016-10-16
2016–17,Liverpool,Manchester United,2016-10-17,2016-10-17
2016–17,AFC Bournemouth,Tottenham Hotspur,2016-10-22,2016-10-22
2016–17,Arsenal,Middlesbrough,2016-10-22,2016-10-22
2016–17,Burnley,Everton,2016-10-22,2016-10-22
2016–17,Hull City,Stoke City,2016-10-22,2016-10-22
2016–17,Leicester City,Crystal Palace,2016-10-22,2016-10-22
2016–17,Liverpool,West Bromwich Albion,2016-10-22,2016-10-22
2016–17,Swansea City,Watford,2016-10-22,2016-10-22
2016–17,West Ham United,Sunderland,2016-10-22,2016-10-22
2016–17,Chelsea,Manchester United,2016-10-23,2016-10-23
2016–17,Manchester City,Southampton,2016-10-23,2016-10-23
2016–17,Crystal Palace,Liverpool,2016-10-29,2016-10-29
2016–17,Manchester United,Burnley,2016-10-29,2016-10-29
2016–17,Middlesbrough,AFC Bournemouth,2016-10-29,2016-10-29
2016–17,Sunderland,Arsenal,2016-10-29,2016-10-29
2016–17,Tottenham Hotspur,Leicester City,2016-10-29,2016-10-29
2016–17,Watford,Hull City,2016-10-29,2016-10-29
2016–17,West Bromwich Albion,Manchester City,2016-10-29,2016-10-29
2016–17,Everton,West Ham United,2016-10-30,2016-10-30
2016–17,Southampton,Chelsea,2016-10-30,2016-10-30
2016–17,Stoke City,Swansea City,2016-10-31,2016-10-31
2016–17,AFC Bournemouth,Sunderland,2016-11-05,2016-11-05
2016–17,Burnley,Crystal Palace,2016-11-05,2016-11-05
2016–17,Chelsea,Everton,2016-11-05,2016-11-05
2016–17,Manchester City,Middlesbrough,2016-11-05,2016-11-05
2016–17,West Ham United,Stoke City,2016-11-05,2016-11-05
2016–17,Arsenal,Tottenham Hotspur,2016-11-06,2016-11-06
2016–17,Hull City,Southampton,2016-11-06,2016-11-06
2016–17,Leicester City,West Bromwich Albion,2016-11-06,2016-11-06
2016–17,Liverpool,Watford,2016-11-06,2016-11-06
2016–17,Swansea City,Manchester United,2016-11-06,2016-11-06
2016–17,Crystal Palace,Manchester City,2016-11-19,2016-11-19
2016–17,Everton,Swansea City,2016-11-19,2016-11-19
2016–17,Manchester United,Arsenal,2016-11-19,2016-11-19
2016–17,Southampton,Liverpool,2016-11-19,2016-11-19
2016–17,Stoke City,AFC Bournemouth,2016-11-19,2016-11-19
2016–17,Sunderland,Hull City,2016-11-19,2016-11-19
2016–17,Tottenham Hotspur,West Ham United,2016-11-19,2016-11-19
2016–17,Watford,Leicester City,2016-11-19,2016-11-19
2016–17,Middlesbrough,Chelsea,2016-11-20,2016-11-20
2016–17,West Bromwich Albion,Burnley,2016-11-21,2016-11-21
2016–17,Burnley,Manchester City,2016-11-26,2016-11-26
2016–17,Chelsea,Tottenham Hotspur,2016-11-26,2016-11-26
2016–17,Hull City,West Bromwich Albion,2016-11-26,2016-11-26
2016–17,Leicester City,Middlesbrough,2016-11-26,2016-11-26
2016–17,Liverpool,Sunderland,2016-11-26,2016-11-26
2016–17,Swansea City,Crystal Palace,2016-11-26,2016-11-26
2016–17,Arsenal,AFC Bournemouth,2016-11-27,2016-11-27
2016–17,Manchester United,West Ham United,2016-11-27,2016-11-27
2016–17,Southampton,Everton,2016-11-27,2016-11-27
2016–17,Watford,Stoke City,2016-11-27,2016-11-27
2016–17,Crystal Palace,Southampton,2016-12-03,2016-12-03
2016–17,Manchester City,Chelsea,2016-12-03,2016-12-03
2016–17,Stoke City,Burnley,2016-12-03,2016-12-03
2016–17,Sunderland,Leicester City,2016-12-03,2016-12-03
2016–17,Tottenham Hotspur,Swansea City,2016-12-03,2016-12-03
2016–17,West Bromwich Albion,Watford,2016-12-03,2016-12-03
2016–17,West Ham United,Arsenal,2016-12-03,2016-12-03
2016–17,AFC Bournemouth,Liverpool,2016-12-04,2016-12-04
2016–17,Everton,Manchester United,2016-12-04,2016-12-04
2016–17,Middlesbrough,Hull City,2016-12-05,2016-12-05
2016–17,Arsenal,Stoke City,2016-12-10,2016-12-10
2016–17,Burnley,AFC Bournemouth,2016-12-10,2016-12-10
2016–17,Hull City,Crystal Palace,2016-12-10,2016-12-10
2016–17,Leicester City,Manchester City,2016-12-10,2016-12-10
2016–17,Swansea City,Sunderland,2016-12-10,2016-12-10
2016–17,Watford,Everton,2016-12-10,2016-12-10
2016–17,Chelsea,West Bromwich Albion,2016-12-11,2016-12-11
2016–17,Liverpool,West Ham United,2016-12-11,2016-12-11
2016–17,Manchester United,Tottenham Hotspur,2016-12-11,2016-12-11
2016–17,Southampton,Middlesbrough,2016-12-11,2016-12-11
2016–17,AFC Bournemouth,Leicester City,2016-12-13,2016-12-13
2016–17,Everton,Arsenal,2016-12-13,2016-12-13
2016–17,Crystal Palace,Manchester United,2016-12-14,2016-12-14
2016–17,Manchester City,Watford,2016-12-14,2016-12-14
2016–17,Middlesbrough,Liverpool,2016-12-14,2016-12-14
2016–17,Stoke City,Southampton,2016-12-14,2016-12-14
2016–17,Sunderland,Chelsea,2016-12-14,2016-12-14
2016–17,Tottenham Hotspur,Hull City,2016-12-14,2016-12-14
2016–17,West Bromwich Albion,Swansea City,2016-12-14,2016-12-14
2016–17,West Ham United,Burnley,2016-12-14,2016-12-14
2016–17,Crystal Palace,Chelsea,2016-12-17,2016-12-17
2016–17,Middlesbrough,Swansea City,2016-12-17,2016-12-17
2016–17,Stoke City,Leicester City,2016-12-17,2016-12-17
2016–17,Sunderland,Watford,2016-12-17,2016-12-17
2016–17,West Bromwich Albion,Manchester United,2016-12-17,2016-12-17
2016–17,West Ham United,Hull City,2016-12-17,2016-12-17
2016–17,AFC Bournemouth,Southampton,2016-12-18,2016-12-18
2016–17,Manchester City,Arsenal,2016-12-18,2016-12-18
2016–17,Tottenham Hotspur,Burnley,2016-12-18,2016-12-18
2016–17,Everton,Liverpool,2016-12-19,2016-12-19
2016–17,Arsenal,West Bromwich Albion,2016-12-26,2016-12-26
2016–17,Burnley,Middlesbrough,2016-12-26,2016-12-26
2016–17,Chelsea,AFC Bournemouth,2016-12-26,2016-12-26
2016–17,Hull City,Manchester City,2016-12-26,2016-12-26
2016–17,Leicester City,Everton,2016-12-26,2016-12-26
2016–17,Manchester United,Sunderland,2016-12-26,2016-12-26
2016–17,Swansea City,West Ham United,2016-12-26,2016-12-26
2016–17,Watford,Crystal Palace,2016-12-26,2016-12-26
2016–17,Liverpool,Stoke City,2016-12-27,2016-12-27
2016–17,Southampton,Tottenham Hotspur,2016-12-28,2016-12-28
2016–17,Hull City,Everton,2016-12-30,2016-12-30
2016–17,Burnley,Sunderland,2016-12-31,2016-12-31
2016–17,Chelsea,Stoke City,2016-12-31,2016-12-31
2016–17,Leicester City,West Ham United,2016-12-31,2016-12-31
2016–17,Liverpool,Manchester City,2016-12-31,2016-12-31
2016–17,Manchester United,Middlesbrough,2016-12-31,2016-12-31
2016–17,Southampton,West Bromwich Albion,2016-12-31,2016-12-31
2016–17,Swansea City,AFC Bournemouth,2016-12-31,2016-12-31
2016–17,Arsenal,Crystal Palace,2017-01-01,2017-01-01
2016–17,Watford,Tottenham Hotspur,2017-01-01,2017-01-01
2016–17,Everton,Southampton,2017-01-02,2017-01-02
2016–17,Manchester City,Burnley,2017-01-02,2017-01-02
2016–17,Middlesbrough,Leicester City,2017-01-02,2017-01-02
2016–17,Sunderland,Liverpool,2017-01-02,2017-01-02
2016–17,West Bromwich Albion,Hull City,2017-01-02,2017-01-02
2016–17,West Ham United,Manchester United,2017-01-02,2017-01-02
2016–17,AFC Bournemouth,Arsenal,2017-01-03,2017-01-03
2016–17,Crystal Palace,Swansea City,2017-01-03,2017-01-03
2016–17,Stoke City,Watford,2017-01-03,2017-01-03
2016–17,Tottenham Hotspur,Chelsea,2017-01-04,2017-01-04
2016–17,Burnley,Southampton,2017-01-14,2017-01-14
2016–17,Hull City,AFC Bournemouth,2017-01-14,2017-01-14
2016–17,Leicester City,Chelsea,2017-01-14,2017-01-14
2016–17,Sunderland,Stoke City,2017-01-14,2017-01-14
2016–17,Swansea City,Arsenal,2017-01-14,2017-01-14
2016–17,Tottenham Hotspur,West Bromwich Albion,2017-01-14,2017-01-14
2016–17,Watford,Middlesbrough,2017-01-14,2017-01-14
2016–17,West Ham United,Crystal Palace,2017-01-14,2017-01-14
2016–17,Everton,Manchester City,2017-01-15,2017-01-15
2016–17,Manchester United,Liverpool,2017-01-15,2017-01-15
2016–17,AFC Bournemouth,Watford,2017-01-21,2017-01-21
2016–17,Crystal Palace,Everton,2017-01-21,2017-01-21
2016–17,Liverpool,Swansea City,2017-01-21,2017-01-21
2016–17,Manchester City,Tottenham Hotspur,2017-01-21,2017-01-21
2016–17,Middlesbrough,West Ham United,2017-01-21,2017-01-21
2016–17,Stoke City,Manchester United,2017-01-21,2017-01-21
2016–17,West Bromwich Albion,Sunderland,2017-01-21,2017-01-21
2016–17,Arsenal,Burnley,2017-01-22,2017-01-22
2016–17,Chelsea,Hull City,2017-01-22,2017-01-22
2016–17,Southampton,Leicester City,2017-01-22,2017-01-22
2016–17,AFC Bournemouth,Crystal Palace,2017-01-31,2017-01-31
2016–17,Arsenal,Watford,2017-01-31,2017-01-31
2016–17,Burnley,Leicester City,2017-01-31,2017-01-31
2016–17,Liverpool,Chelsea,2017-01-31,2017-01-31
2016–17,Middlesbrough,West Bromwich Albion,2017-01-31,2017-01-31
2016–17,Sunderland,Tottenham Hotspur,2017-01-31,2017-01-31
2016–17,Swansea City,Southampton,2017-01-31,2017-01-31
2016–17,Manchester United,Hull City,2017-02-01,2017-02-01
2016–17,Stoke City,Everton,2017-02-01,2017-02-01
2016–17,West Ham United,Manchester City,2017-02-01,2017-02-01
2016–17,Chelsea,Arsenal,2017-02-04,2017-02-04
2016–17,Crystal Palace,Sunderland,2017-02-04,2017-02-04
2016–17,Everton,AFC Bournemouth,2017-02-04,2017-02-04
2016–17,Hull City,Liverpool,2017-02-04,2017-02-04
2016–17,Southampton,West Ham United,2017-02-04,2017-02-04
2016–17,Tottenham Hotspur,Middlesbrough,2017-02-04,2017-02-04
2016–17,Watford,Burnley,2017-02-04,2017-02-04
2016–17,West Bromwich Albion,Stoke City,2017-02-04,2017-02-04
2016–17,Leicester City,Manchester United,2017-02-05,2017-02-05
2016–17,Manchester City,Swansea City,2017-02-05,2017-02-05
2016–17,Arsenal,Hull City,2017-02-11,2017-02-11
2016–17,Liverpool,Tottenham Hotspur,2017-02-11,2017-02-11
2016–17,Manchester United,Watford,2017-02-11,2017-02-11
2016–17,Middlesbrough,Everton,2017-02-11,2017-02-11
2016–17,Stoke City,Crystal Palace,2017-02-11,2017-02-11
2016–17,Sunderland,Southampton,2017-02-11,2017-02-11
2016–17,West Ham United,West Bromwich Albion,2017-02-11,2017-02-11
2016–17,Burnley,Chelsea,2017-02-12,2017-02-12
2016–17,Swansea City,Leicester City,2017-02-12,2017-02-12
2016–17,AFC Bournemouth,Manchester City,2017-02-13,2017-02-13
2016–17,Chelsea,Swansea City,2017-02-25,2017-02-25
2016–17,Crystal Palace,Middlesbrough,2017-02-25,2017-02-25
2016–17,Everton,Sunderland,2017-02-25,2017-02-25
2016–17,Hull City,Burnley,2017-02-25,2017-02-25
2016–17,Watford,West Ham United,2017-02-25,2017-02-25
2016–17,West Bromwich Albion,AFC Bournemouth,2017-02-25,2017-02-25
2016–17,Tottenham Hotspur,Stoke City,2017-02-26,2017-02-26
2016–17,Leicester City,Liverpool,2017-02-27,2017-02-27
2016–17,Leicester City,Hull City,2017-03-04,2017-03-04
2016–17,Liverpool,Arsenal,2017-03-04,2017-03-04
2016–17,Manchester United,AFC Bournemouth,2017-03-04,2017-03-04
2016–17,Stoke City,Middlesbrough,2017-03-04,2017-03-04
2016–17,Swansea City,Burnley,2017-03-04,2017-03-04
2016–17,Watford,Southampton,2017-03-04,2017-03-04
2016–17,West Bromwich Albion,Crystal Palace,2017-03-04,2017-03-04
2016–17,Sunderland,Manchester City,2017-03-05,2017-03-05
2016–17,Tottenham Hotspur,Everton,2017-03-05,2017-03-05
2016–17,West Ham United,Chelsea,2017-03-06,2017-03-06
2016–17,Manchester City,Stoke City,2017-03-08,2017-03-08
2016–17,AFC Bournemouth,West Ham United,2017-03-11,2017-03-11
2016–17,Everton,West Bromwich Albion,2017-03-11,2017-03-11
2016–17,Hull City,Swansea City,2017-03-11,2017-03-11
2016–17,Liverpool,Burnley,2017-03-12,2017-03-12
2016–17,AFC Bournemouth,Swansea City,2017-03-18,2017-03-18
2016–17,Crystal Palace,Watford,2017-03-18,2017-03-18
2016–17,Everton,Hull City,2017-03-18,2017-03-18
2016–17,Stoke City,Chelsea,2017-03-18,2017-03-18
2016–17,Sunderland,Burnley,2017-03-18,2017-03-18
2016–17,West Bromwich Albion,Arsenal,2017-03-18,2017-03-18
2016–17,West Ham United,Leicester City,2017-03-18,2017-03-18
2016–17,Manchester City,Liverpool,2017-03-19,2017-03-19
2016–17,Middlesbrough,Manchester United,2017-03-19,2017-03-19
2016–17,Tottenham Hotspur,Southampton,2017-03-19,2017-03-19
2016–17,Burnley,Tottenham Hotspur,2017-04-01,2017-04-01
2016–17,Chelsea,Crystal Palace,2017-04-01,2017-04-01
2016–17,Hull City,West Ham United,2017-04-01,2017-04-01
2016–17,Leicester City,Stoke City,2017-04-01,2017-04-01
2016–17,Liverpool,Everton,2017-04-01,2017-04-01
2016–17,Manchester United,West Bromwich Albion,2017-04-01,2017-04-01
2016–17,Southampton,AFC Bournemouth,2017-04-01,2017-04-01
2016–17,Watford,Sunderland,2017-04-01,2017-04-01
2016–17,Arsenal,Manchester City,2017-04-02,2017-04-02
2016–17,Swansea City,Middlesbrough,2017-04-02,2017-04-02
2016–17,Burnley,Stoke City,2017-04-04,2017-04-04
2016–17,Leicester City,Sunderland,2017-04-04,2017-04-04
2016–17,Manchester United,Everton,2017-04-04,2017-04-04
2016–17,Watford,West Bromwich Albion,2017-04-04,2017-04-04
2016–17,Arsenal,West Ham United,2017-04-05,2017-04-05
2016–17,Chelsea,Manchester City,2017-04-05,2017-04-05
2016–17,Hull City,Middlesbrough,2017-04-05,2017-04-05
2016–17,Liverpool,AFC Bournemouth,2017-04-05,2017-04-05
2016–17,Southampton,Crystal Palace,2017-04-05,2017-04-05
2016–17,Swansea City,Tottenham Hotspur,2017-04-05,2017-04-05
2016–17,AFC Bournemouth,Chelsea,2017-04-08,2017-04-08
2016–17,Manchester City,Hull City,2017-04-08,2017-04-08
2016–17,Middlesbrough,Burnley,2017-04-08,2017-04-08
2016–17,Stoke City,Liverpool,2017-04-08,2017-04-08
2016–17,Tottenham Hotspur,Watford,2017-04-08,2017-04-08
2016–17,West Bromwich Albion,Southampton,2017-04-08,2017-04-08
2016–17,West Ham United,Swansea City,2017-04-08,2017-04-08
2016–17,Everton,Leicester City,2017-04-09,2017-04-09
2016–17,Sunderland,Manchester United,2017-04-09,2017-04-09
2016–17,Crystal Palace,Arsenal,2017-04-10,2017-04-10
2016–17,Crystal Palace,Leicester City,2017-04-15,2017-04-15
2016–17,Everton,Burnley,2017-04-15,2017-04-15
2016–17,Southampton,Manchester City,2017-04-15,2017-04-15
2016–17,Stoke City,Hull City,2017-04-15,2017-04-15
2016–17,Sunderland,West Ham United,2017-04-15,2017-04-15
2016–17,Tottenham Hotspur,AFC Bournemouth,2017-04-15,2017-04-15
2016–17,Watford,Swansea City,2017-04-15,2017-04-15
2016–17,Manchester United,Chelsea,2017-04-16,2017-04-16
2016–17,West Bromwich Albion,Liverpool,2017-04-16,2017-04-16
2016–17,Middlesbrough,Arsenal,2017-04-17,2017-04-17
2016–17,AFC Bournemouth,Middlesbrough,2017-04-22,2017-04-22
2016–17,Hull City,Watford,2017-04-22,2017-04-22
2016–17,Swansea City,Stoke City,2017-04-22,2017-04-22
2016–17,West Ham United,Everton,2017-04-22,2017-04-22
2016–17,Burnley,Manchester United,2017-04-23,2017-04-23
2016–17,Liverpool,Crystal Palace,2017-04-23,2017-04-23
2016–17,Chelsea,Southampton,2017-04-25,2017-04-25
2016–17,Arsenal,Leicester City,2017-04-26,2017-04-26
2016–17,Crystal Palace,Tottenham Hotspur,2017-04-26,2017-04-26
2016–17,Middlesbrough,Sunderland,2017-04-26,2017-04-26
2016–17,Manchester City,Manchester United,2017-04-27,2017-04-27
2016–17,Crystal Palace,Burnley,2017-04-29,2017-04-29
2016–17,Southampton,Hull City,2017-04-29,2017-04-29
2016–17,Stoke City,West Ham United,2017-04-29,2017-04-29
2016–17,Sunderland,AFC Bournemouth,2017-04-29,2017-04-29
2016–17,West Bromwich Albion,Leicester City,2017-04-29,2017-04-29
2016–17,Everton,Chelsea,2017-04-30,2017-04-30
2016–17,Manchester United,Swansea City,2017-04-30,2017-04-30
2016–17,Middlesbrough,Manchester City,2017-04-30,2017-04-30
2016–17,Tottenham Hotspur,Arsenal,2017-04-30,2017-04-30
2016–17,Watford,Liverpool,2017-05-01,2017-05-01
2016–17,West Ham United,Tottenham Hotspur,2017-05-05,2017-05-05
2016–17,AFC Bournemouth,Stoke City,2017-05-06,2017-05-06
2016–17,Burnley,West Bromwich Albion,2017-05-06,2017-05-06
2016–17,Hull City,Sunderland,2017-05-06,2017-05-06
2016–17,Leicester City,Watford,2017-05-06,2017-05-06
2016–17,Manchester City,Crystal Palace,2017-05-06,2017-05-06
2016–17,Swansea City,Everton,2017-05-06,2017-05-06
2016–17,Arsenal,Manchester United,2017-05-07,2017-05-07
2016–17,Liverpool,Southampton,2017-05-07,2017-05-07
2016–17,Chelsea,Middlesbrough,2017-05-08,2017-05-08
2016–17,Southampton,Arsenal,2017-05-10,2017-05-10
2016–17,Everton,Watford,2017-05-12,2017-05-12
2016–17,West Bromwich Albion,Chelsea,2017-05-12,2017-05-12
2016–17,AFC Bournemouth,Burnley,2017-05-13,2017-05-13
2016–17,Manchester City,Leicester City,2017-05-13,2017-05-13
2016–17,Middlesbrough,Southampton,2017-05-13,2017-05-13
2016–17,Stoke City,Arsenal,2017-05-13,2017-05-13
2016–17,Sunderland,Swansea City,2017-05-13,2017-05-13
2016–17,Crystal Palace,Hull City,2017-05-14,2017-05-14
2016–17,Tottenham Hotspur,Manchester United,2017-05-14,2017-05-14
2016–17,West Ham United,Liverpool,2017-05-14,2017-05-14
2016–17,Chelsea,Watford,2017-05-15,2017-05-15
2016–17,Arsenal,Sunderland,2017-05-16,2017-05-16
2016–17,Manchester City,West Bromwich Albion,2017-05-16,2017-05-16
2016–17,Southampton,Manchester United,2017-05-17,2017-05-17
2016–17,Leicester City,Tottenham Hotspur,2017-05-18,2017-05-18
2016–17,Arsenal,Everton,2017-05-21,2017-05-21
2016–17,Burnley,West Ham United,2017-05-21,2017-05-21
2016–17,Chelsea,Sunderland,2017-05-21,2017-05-21
2016–17,Hull City,Tottenham Hotspur,2017-05-21,2017-05-21
2016–17,Leicester City,AFC Bournemouth,2017-05-21,2017-05-21
2016–17,Liverpool,Middlesbrough,2017-05-21,2017-05-21
2016–17,Manchester United,Crystal Palace,2017-05-21,2017-05-21
2016–17,Southampton,Stoke City,2017-05-21,2017-05-21
2016–17,Swansea City,West Bromwich Albion,2017-05-21,2017-05-21
2016–17,Watford,Manchester City,2017-05-21,2017-05-21
2017–18,Arsenal,Leicester City,2017-08-11,2017-08-11
2017–18,Brighton & Hove Albion,Manchester City,2017-08-12,2017-08-12
2017–18,Chelsea,Burnley,2017-08-12,2017-08-12
2017–18,Crystal Palace,Huddersfield Town,2017-08-12,2017-08-12
2017–18,Everton,Stoke City,2017-08-12,2017-08-12
2017–18,Southampton,Swansea City,2017-08-12,2017-08-12
2017–18,Watford,Liverpool,2017-08-12,2017-08-12
2017–18,West Bromwich Albion,AFC Bournemouth,2017-08-12,2017-08-12
2017–18,Manchester United,West Ham United,2017-08-13,2017-08-13
2017–18,Newcastle United,Tottenham Hotspur,2017-08-13,2017-08-13
2017–18,AFC Bournemouth,Watford,2017-08-19,2017-08-19
2017–18,Burnley,West Bromwich Albion,2017-08-19,2017-08-19
2017–18,Leicester City,Brighton & Hove Albion,2017-08-19,2017-08-19
2017–18,Liverpool,Crystal Palace,2017-08-19,2017-08-19
2017–18,Southampton,West Ham United,2017-08-19,2017-08-19
2017–18,Stoke City,Arsenal,2017-08-19,2017-08-19
2017–18,Swansea City,Manchester United,2017-08-19,2017-08-19
2017–18,Huddersfield Town,Newcastle United,2017-08-20,2017-08-20
2017–18,Tottenham Hotspur,Chelsea,2017-08-20,2017-08-20
2017–18,Manchester City,Everton,2017-08-21,2017-08-21
2017–18,AFC Bournemouth,Manchester City,2017-08-26,2017-08-26
2017–18,Crystal Palace,Swansea City,2017-08-26,2017-08-26
2017–18,Huddersfield Town,Southampton,2017-08-26,2017-08-26
2017–18,Manchester United,Leicester City,2017-08-26,2017-08-26
2017–18,Newcastle United,West Ham United,2017-08-26,2017-08-26
2017–18,Watford,Brighton & Hove Albion,2017-08-26,2017-08-26
2017–18,Chelsea,Everton,2017-08-27,2017-08-27
2017–18,Liverpool,Arsenal,2017-08-27,2017-08-27
2017–18,Tottenham Hotspur,Burnley,2017-08-27,2017-08-27
2017–18,West Bromwich Albion,Stoke City,2017-08-27,2017-08-27
2017–18,Arsenal,AFC Bournemouth,2017-09-09,2017-09-09
2017–18,Brighton & Hove Albion,West Bromwich Albion,2017-09-09,2017-09-09
2017–18,Everton,Tottenham Hotspur,2017-09-09,2017-09-09
2017–18,Leicester City,Chelsea,2017-09-09,2017-09-09
2017–18,Manchester City,Liverpool,2017-09-09,2017-09-09
2017–18,Southampton,Watford,2017-09-09,2017-09-09
2017–18,Stoke City,Manchester United,2017-09-09,2017-09-09
2017–18,Burnley,Crystal Palace,2017-09-10,2017-09-10
2017–18,Swansea City,Newcastle United,2017-09-10,2017-09-10
2017–18,West Ham United,Huddersfield Town,2017-09-11,2017-09-11
2017–18,AFC Bournemouth,Brighton & Hove Albion,2017-09-15,2017-09-15
2017–18,Crystal Palace,Southampton,2017-09-16,2017-09-16
2017–18,Huddersfield Town,Leicester City,2017-09-16,2017-09-16
2017–18,Liverpool,Burnley,2017-09-16,2017-09-16
2017–18,Newcastle United,Stoke City,2017-09-16,2017-09-16
2017–18,Tottenham Hotspur,Swansea City,2017-09-16,2017-09-16
2017–18,Watford,Manchester City,2017-09-16,2017-09-16
2017–18,West Bromwich Albion,West Ham United,2017-09-16,2017-09-16
2017–18,Chelsea,Arsenal,2017-09-17,2017-09-17
2017–18,Manchester United,Everton,2017-09-17,2017-09-17
2017–18,Burnley,Huddersfield Town,2017-09-23,2017-09-23
2017–18,Everton,AFC Bournemouth,2017-09-23,2017-09-23
2017–18,Leicester City,Liverpool,2017-09-23,2017-09-23
2017–18,Manchester City,Crystal Palace,2017-09-23,2017-09-23
2017–18,Southampton,Manchester United,2017-09-23,2017-09-23
2017–18,Stoke City,Chelsea,2017-09-23,2017-09-23
2017–18,Swansea City,Watford,2017-09-23,2017-09-23
2017–18,West Ham United,Tottenham Hotspur,2017-09-23,2017-09-23
2017–18,Brighton & Hove Albion,Newcastle United,2017-09-24,2017-09-24
2017–18,Arsenal,West Bromwich Albion,2017-09-25,2017-09-25
2017–18,AFC Bournemouth,Leicester City,2017-09-30,2017-09-30
2017–18,Chelsea,Manchester City,2017-09-30,2017-09-30
2017–18,Huddersfield Town,Tottenham Hotspur,2017-09-30,2017-09-30
2017–18,Manchester United,Crystal Palace,2017-09-30,2017-09-30
2017–18,Stoke City,Southampton,2017-09-30,2017-09-30
2017–18,West Bromwich Albion,Watford,2017-09-30,2017-09-30
2017–18,West Ham United,Swansea City,2017-09-30,2017-09-30
2017–18,Arsenal,Brighton & Hove Albion,2017-10-01,2017-10-01
2017–18,Everton,Burnley,2017-10-01,2017-10-01
2017–18,Newcastle United,Liverpool,2017-10-01,2017-10-01
2017–18,Burnley,West Ham United,2017-10-14,2017-10-14
2017–18,Crystal Palace,Chelsea,2017-10-14,2017-10-14
2017–18,Liverpool,Manchester United,2017-10-14,2017-10-14
2017–18,Manchester City,Stoke City,2017-10-14,2017-10-14
2017–18,Swansea City,Huddersfield Town,2017-10-14,2017-10-14
2017–18,Tottenham Hotspur,AFC Bournemouth,2017-10-14,2017-10-14
2017–18,Watford,Arsenal,2017-10-14,2017-10-14
2017–18,Brighton & Hove Albion,Everton,2017-10-15,2017-10-15
2017–18,Southampton,Newcastle United,2017-10-15,2017-10-15
2017–18,Leicester City,West Bromwich Albion,2017-10-16,2017-10-16
2017–18,West Ham United,Brighton & Hove Albion,2017-10-20,2017-10-20
2017–18,Chelsea,Watford,2017-10-21,2017-10-21
2017–18,Huddersfield Town,Manchester United,2017-10-21,2017-10-21
2017–18,Manchester City,Burnley,2017-10-21,2017-10-21
2017–18,Newcastle United,Crystal Palace,2017-10-21,2017-10-21
2017–18,Southampton,West Bromwich Albion,2017-10-21,2017-10-21
2017–18,Stoke City,AFC Bournemouth,2017-10-21,2017-10-21
2017–18,Swansea City,Leicester City,2017-10-21,2017-10-21
2017–18,Everton,Arsenal,2017-10-22,2017-10-22
2017–18,Tottenham Hotspur,Liverpool,2017-10-22,2017-10-22
2017–18,AFC Bournemouth,Chelsea,2017-10-28,2017-10-28
2017–18,Arsenal,Swansea City,2017-10-28,2017-10-28
2017–18,Crystal Palace,West Ham United,2017-10-28,2017-10-28
2017–18,Liverpool,Huddersfield Town,2017-10-28,2017-10-28
2017–18,Manchester United,Tottenham Hotspur,2017-10-28,2017-10-28
2017–18,Watford,Stoke City,2017-10-28,2017-10-28
2017–18,West Bromwich Albion,Manchester City,2017-10-28,2017-10-28
2017–18,Brighton & Hove Albion,Southampton,2017-10-29,2017-10-29
2017–18,Leicester City,Everton,2017-10-29,2017-10-29
2017–18,Burnley,Newcastle United,2017-10-30,2017-10-30
2017–18,Huddersfield Town,West Bromwich Albion,2017-11-04,2017-11-04
2017–18,Newcastle United,AFC Bournemouth,2017-11-04,2017-11-04
2017–18,Southampton,Burnley,2017-11-04,2017-11-04
2017–18,Stoke City,Leicester City,2017-11-04,2017-11-04
2017–18,Swansea City,Brighton & Hove Albion,2017-11-04,2017-11-04
2017–18,West Ham United,Liverpool,2017-11-04,2017-11-04
2017–18,Chelsea,Manchester United,2017-11-05,2017-11-05
2017–18,Everton,Watford,2017-11-05,2017-11-05
2017–18,Manchester City,Arsenal,2017-11-05,2017-11-05
2017–18,Tottenham Hotspur,Crystal Palace,2017-11-05,2017-11-05
2017–18,AFC Bournemouth,Huddersfield Town,2017-11-18,2017-11-18
2017–18,Arsenal,Tottenham Hotspur,2017-11-18,2017-11-18
2017–18,Burnley,Swansea City,2017-11-18,2017-11-18
2017–18,Crystal Palace,Everton,2017-11-18,2017-11-18
2017–18,Leicester City,Manchester City,2017-11-18,2017-11-18
2017–18,Liverpool,Southampton,2017-11-18,2017-11-18
2017–18,Manchester United,Newcastle United,2017-11-18,2017-11-18
2017–18,West Bromwich Albion,Chelsea,2017-11-18,2017-11-18
2017–18,Watford,West Ham United,2017-11-19,2017-11-19
2017–18,Brighton & Hove Albion,Stoke City,2017-11-20,2017-11-20
2017–18,West Ham United,Leicester City,2017-11-24,2017-11-24
2017–18,Crystal Palace,Stoke City,2017-11-25,2017-11-25
2017–18,Liverpool,Chelsea,2017-11-25,2017-11-25
2017–18,Manchester United,Brighton & Hove Albion,2017-11-25,2017-11-25
2017–18,Newcastle United,Watford,2017-11-25,2017-11-25
2017–18,Swansea City,AFC Bournemouth,2017-11-25,2017-11-25
2017–18,Tottenham Hotspur,West Bromwich Albion,2017-11-25,2017-11-25
2017–18,Burnley,Arsenal,2017-11-26,2017-11-26
2017–18,Huddersfield Town,Manchester City,2017-11-26,2017-11-26
2017–18,Southampton,Everton,2017-11-26,2017-11-26
2017–18,Brighton & Hove Albion,Crystal Palace,2017-11-28,2017-11-28
2017–18,Leicester City,Tottenham Hotspur,2017-11-28,2017-11-28
2017–18,Watford,Manchester United,2017-11-28,2017-11-28
2017–18,West Bromwich Albion,Newcastle United,2017-11-28,2017-11-28
2017–18,AFC Bournemouth,Burnley,2017-11-29,2017-11-29
2017–18,Arsenal,Huddersfield Town,2017-11-29,2017-11-29
2017–18,Chelsea,Swansea City,2017-11-29,2017-11-29
2017–18,Everton,West Ham United,2017-11-29,2017-11-29
2017–18,Manchester City,Southampton,2017-11-29,2017-11-29
2017–18,Stoke City,Liverpool,2017-11-29,2017-11-29
2017–18,Arsenal,Manchester United,2017-12-02,2017-12-02
2017–18,Brighton & Hove Albion,Liverpool,2017-12-02,2017-12-02
2017–18,Chelsea,Newcastle United,2017-12-02,2017-12-02
2017–18,Everton,Huddersfield Town,2017-12-02,2017-12-02
2017–18,Leicester City,Burnley,2017-12-02,2017-12-02
2017–18,Stoke City,Swansea City,2017-12-02,2017-12-02
2017–18,Watford,Tottenham Hotspur,2017-12-02,2017-12-02
2017–18,West Bromwich Albion,Crystal Palace,2017-12-02,2017-12-02
2017–18,AFC Bournemouth,Southampton,2017-12-03,2017-12-03
2017–18,Manchester City,West Ham United,2017-12-03,2017-12-03
2017–18,Burnley,Watford,2017-12-09,2017-12-09
2017–18,Crystal Palace,AFC Bournemouth,2017-12-09,2017-12-09
2017–18,Huddersfield Town,Brighton & Hove Albion,2017-12-09,2017-12-09
2017–18,Newcastle United,Leicester City,2017-12-09,2017-12-09
2017–18,Swansea City,West Bromwich Albion,2017-12-09,2017-12-09
2017–18,Tottenham Hotspur,Stoke City,2017-12-09,2017-12-09
2017–18,West Ham United,Chelsea,2017-12-09,2017-12-09
2017–18,Liverpool,Everton,2017-12-10,2017-12-10
2017–18,Manchester United,Manchester City,2017-12-10,2017-12-10
2017–18,Southampton,Arsenal,2017-12-10,2017-12-10
2017–18,Burnley,Stoke City,2017-12-12,2017-12-12
2017–18,Crystal Palace,Watford,2017-12-12,2017-12-12
2017–18,Huddersfield Town,Chelsea,2017-12-12,2017-12-12
2017–18,Liverpool,West Bromwich Albion,2017-12-13,2017-12-13
2017–18,Manchester United,AFC Bournemouth,2017-12-13,2017-12-13
2017–18,Newcastle United,Everton,2017-12-13,2017-12-13
2017–18,Southampton,Leicester City,2017-12-13,2017-12-13
2017–18,Swansea City,Manchester City,2017-12-13,2017-12-13
2017–18,Tottenham Hotspur,Brighton & Hove Albion,2017-12-13,2017-12-13
2017–18,West Ham United,Arsenal,2017-12-13,2017-12-13
2017–18,Arsenal,Newcastle United,2017-12-16,2017-12-16
2017–18,Brighton & Hove Albion,Burnley,2017-12-16,2017-12-16
2017–18,Chelsea,Southampton,2017-12-16,2017-12-16
2017–18,Leicester City,Crystal Palace,2017-12-16,2017-12-16
2017–18,Manchester City,Tottenham Hotspur,2017-12-16,2017-12-16
2017–18,Stoke City,West Ham United,2017-12-16,2017-12-16
2017–18,Watford,Huddersfield Town,2017-12-16,2017-12-16
2017–18,AFC Bournemouth,Liverpool,2017-12-17,2017-12-17
2017–18,West Bromwich Albion,Manchester United,2017-12-17,2017-12-17
2017–18,Everton,Swansea City,2017-12-18,2017-12-18
2017–18,Arsenal,Liverpool,2017-12-22,2017-12-22
2017–18,Brighton & Hove Albion,Watford,2017-12-23,2017-12-23
2017–18,Burnley,Tottenham Hotspur,2017-12-23,2017-12-23
2017–18,Everton,Chelsea,2017-12-23,2017-12-23
2017–18,Leicester City,Manchester United,2017-12-23,2017-12-23
2017–18,Manchester City,AFC Bournemouth,2017-12-23,2017-12-23
2017–18,Southampton,Huddersfield Town,2017-12-23,2017-12-23
2017–18,Stoke City,West Bromwich Albion,2017-12-23,2017-12-23
2017–18,Swansea City,Crystal Palace,2017-12-23,2017-12-23
2017–18,West Ham United,Newcastle United,2017-12-23,2017-12-23
2017–18,AFC Bournemouth,West Ham United,2017-12-26,2017-12-26
2017–18,Chelsea,Brighton & Hove Albion,2017-12-26,2017-12-26
2017–18,Huddersfield Town,Stoke City,2017-12-26,2017-12-26
2017–18,Liverpool,Swansea City,2017-12-26,2017-12-26
2017–18,Manchester United,Burnley,2017-12-26,2017-12-26
2017–18,Tottenham Hotspur,Southampton,2017-12-26,2017-12-26
2017–18,Watford,Leicester City,2017-12-26,2017-12-26
2017–18,West Bromwich Albion,Everton,2017-12-26,2017-12-26
2017–18,Newcastle United,Manchester City,2017-12-27,2017-12-27
2017–18,Crystal Palace,Arsenal,2017-12-28,2017-12-28
2017–18,AFC Bournemouth,Everton,2017-12-30,2017-12-30
2017–18,Chelsea,Stoke City,2017-12-30,2017-12-30
2017–18,Huddersfield Town,Burnley,2017-12-30,2017-12-30
2017–18,Liverpool,Leicester City,2017-12-30,2017-12-30
2017–18,Manchester United,Southampton,2017-12-30,2017-12-30
2017–18,Newcastle United,Brighton & Hove Albion,2017-12-30,2017-12-30
2017–18,Watford,Swansea City,2017-12-30,2017-12-30
2017–18,Crystal Palace,Manchester City,2017-12-31,2017-12-31
2017–18,West Bromwich Albion,Arsenal,2017-12-31,2017-12-31
2017–18,Brighton & Hove Albion,AFC Bournemouth,2018-01-01,2018-01-01
2017–18,Burnley,Liverpool,2018-01-01,2018-01-01
2017–18,Everton,Manchester United,2018-01-01,2018-01-01
2017–18,Leicester City,Huddersfield Town,2018-01-01,2018-01-01
2017–18,Stoke City,Newcastle United,2018-01-01,2018-01-01
2017–18,Manchester City,Watford,2018-01-02,2018-01-02
2017–18,Southampton,Crystal Palace,2018-01-02,2018-01-02
2017–18,Swansea City,Tottenham Hotspur,2018-01-02,2018-01-02
2017–18,West Ham United,West Bromwich Albion,2018-01-02,2018-01-02
2017–18,Arsenal,Chelsea,2018-01-03,2018-01-03
2017–18,Tottenham Hotspur,West Ham United,2018-01-04,2018-01-04
2017–18,Chelsea,Leicester City,2018-01-13,2018-01-13
2017–18,Crystal Palace,Burnley,2018-01-13,2018-01-13
2017–18,Huddersfield Town,West Ham United,2018-01-13,2018-01-13
2017–18,Newcastle United,Swansea City,2018-01-13,2018-01-13
2017–18,Tottenham Hotspur,Everton,2018-01-13,2018-01-13
2017–18,Watford,Southampton,2018-01-13,2018-01-13
2017–18,West Bromwich Albion,Brighton & Hove Albion,2018-01-13,2018-01-13
2017–18,AFC Bournemouth,Arsenal,2018-01-14,2018-01-14
2017–18,Liverpool,Manchester City,2018-01-14,2018-01-14
2017–18,Manchester United,Stoke City,2018-01-15,2018-01-15
2017–18,Arsenal,Crystal Palace,2018-01-20,2018-01-20
2017–18,Brighton & Hove Albion,Chelsea,2018-01-20,2018-01-20
2017–18,Burnley,Manchester United,2018-01-20,2018-01-20
2017–18,Everton,West Bromwich Albion,2018-01-20,2018-01-20
2017–18,Leicester City,Watford,2018-01-20,2018-01-20
2017–18,Manchester City,Newcastle United,2018-01-20,2018-01-20
2017–18,Stoke City,Huddersfield Town,2018-01-20,2018-01-20
2017–18,West Ham United,AFC Bournemouth,2018-01-20,2018-01-20
2017–18,Southampton,Tottenham Hotspur,2018-01-21,2018-01-21
2017–18,Swansea City,Liverpool,2018-01-22,2018-01-22
2017–18,Huddersfield Town,Liverpool,2018-01-30,2018-01-30
2017–18,Swansea City,Arsenal,2018-01-30,2018-01-30
2017–18,West Ham United,Crystal Palace,2018-01-30,2018-01-30
2017–18,Chelsea,AFC Bournemouth,2018-01-31,2018-01-31
2017–18,Everton,Leicester City,2018-01-31,2018-01-31
2017–18,Manchester City,West Bromwich Albion,2018-01-31,2018-01-31
2017–18,Newcastle United,Burnley,2018-01-31,2018-01-31
2017–18,Southampton,Brighton & Hove Albion,2018-01-31,2018-01-31
2017–18,Stoke City,Watford,2018-01-31,2018-01-31
2017–18,Tottenham Hotspur,Manchester United,2018-01-31,2018-01-31
2017–18,AFC Bournemouth,Stoke City,2018-02-03,2018-02-03
2017–18,Arsenal,Everton,2018-02-03,2018-02-03
2017–18,Brighton & Hove Albion,West Ham United,2018-02-03,2018-02-03
2017–18,Burnley,Manchester City,2018-02-03,2018-02-03
2017–18,Leicester City,Swansea City,2018-02-03,2018-02-03
2017–18,Manchester United,Huddersfield Town,2018-02-03,2018-02-03
2017–18,West Bromwich Albion,Southampton,2018-02-03,2018-02-03
2017–18,Crystal Palace,Newcastle United,2018-02-04,2018-02-04
2017–18,Liverpool,Tottenham Hotspur,2018-02-04,2018-02-04
2017–18,Watford,Chelsea,2018-02-05,2018-02-05
2017–18,Everton,Crystal Palace,2018-02-10,2018-02-10
2017–18,Manchester City,Leicester City,2018-02-10,2018-02-10
2017–18,Stoke City,Brighton & Hove Albion,2018-02-10,2018-02-10
2017–18,Swansea City,Burnley,2018-02-10,2018-02-10
2017–18,Tottenham Hotspur,Arsenal,2018-02-10,2018-02-10
2017–18,West Ham United,Watford,2018-02-10,2018-02-10
2017–18,Huddersfield Town,AFC Bournemouth,2018-02-11,2018-02-11
2017–18,Newcastle United,Manchester United,2018-02-11,2018-02-11
2017–18,Southampton,Liverpool,2018-02-11,2018-02-11
2017–18,Chelsea,West Bromwich Albion,2018-02-12,2018-02-12
2017–18,AFC Bournemouth,Newcastle United,2018-02-24,2018-02-24
2017–18,Brighton & Hove Albion,Swansea City,2018-02-24,2018-02-24
2017–18,Burnley,Southampton,2018-02-24,2018-02-24
2017–18,Leicester City,Stoke City,2018-02-24,2018-02-24
2017–18,Liverpool,West Ham United,2018-02-24,2018-02-24
2017–18,Watford,Everton,2018-02-24,2018-02-24
2017–18,West Bromwich Albion,Huddersfield Town,2018-02-24,2018-02-24
2017–18,Crystal Palace,Tottenham Hotspur,2018-02-25,2018-02-25
2017–18,Manchester United,Chelsea,2018-02-25,2018-02-25
2017–18,Arsenal,Manchester City,2018-03-01,2018-03-01
2017–18,Burnley,Everton,2018-03-03,2018-03-03
2017–18,Leicester City,AFC Bournemouth,2018-03-03,2018-03-03
2017–18,Liverpool,Newcastle United,2018-03-03,2018-03-03
2017–18,Southampton,Stoke City,2018-03-03,2018-03-03
2017–18,Swansea City,West Ham United,2018-03-03,2018-03-03
2017–18,Tottenham Hotspur,Huddersfield Town,2018-03-03,2018-03-03
2017–18,Watford,West Bromwich Albion,2018-03-03,2018-03-03
2017–18,Brighton & Hove Albion,Arsenal,2018-03-04,2018-03-04
2017–18,Manchester City,Chelsea,2018-03-04,2018-03-04
2017–18,Crystal Palace,Manchester United,2018-03-05,2018-03-05
2017–18,Chelsea,Crystal Palace,2018-03-10,2018-03-10
2017–18,Everton,Brighton & Hove Albion,2018-03-10,2018-03-10
2017–18,Huddersfield Town,Swansea City,2018-03-10,2018-03-10
2017–18,Manchester United,Liverpool,2018-03-10,2018-03-10
2017–18,Newcastle United,Southampton,2018-03-10,2018-03-10
2017–18,West Bromwich Albion,Leicester City,2018-03-10,2018-03-10
2017–18,West Ham United,Burnley,2018-03-10,2018-03-10
2017–18,AFC Bournemouth,Tottenham Hotspur,2018-03-11,2018-03-11
2017–18,Arsenal,Watford,2018-03-11,2018-03-11
2017–18,Stoke City,Manchester City,2018-03-12,2018-03-12
2017–18,AFC Bournemouth,West Bromwich Albion,2018-03-17,2018-03-17
2017–18,Huddersfield Town,Crystal Palace,2018-03-17,2018-03-17
2017–18,Liverpool,Watford,2018-03-17,2018-03-17
2017–18,Stoke City,Everton,2018-03-17,2018-03-17
2017–18,Brighton & Hove Albion,Leicester City,2018-03-31,2018-03-31
2017–18,Crystal Palace,Liverpool,2018-03-31,2018-03-31
2017–18,Everton,Manchester City,2018-03-31,2018-03-31
2017–18,Manchester United,Swansea City,2018-03-31,2018-03-31
2017–18,Newcastle United,Huddersfield Town,2018-03-31,2018-03-31
2017–18,Watford,AFC Bournemouth,2018-03-31,2018-03-31
2017–18,West Bromwich Albion,Burnley,2018-03-31,2018-03-31
2017–18,West Ham United,Southampton,2018-03-31,2018-03-31
2017–18,Arsenal,Stoke City,2018-04-01,2018-04-01
2017–18,Chelsea,Tottenham Hotspur,2018-04-01,2018-04-01
2017–18,AFC Bournemouth,Crystal Palace,2018-04-07,2018-04-07
2017–18,Brighton & Hove Albion,Huddersfield Town,2018-04-07,2018-04-07
2017–18,Everton,Liverpool,2018-04-07,2018-04-07
2017–18,Leicester City,Newcastle United,2018-04-07,2018-04-07
2017–18,Manchester City,Manchester United,2018-04-07,2018-04-07
2017–18,Stoke City,Tottenham Hotspur,2018-04-07,2018-04-07
2017–18,Watford,Burnley,2018-04-07,2018-04-07
2017–18,West Bromwich Albion,Swansea City,2018-04-07,2018-04-07
2017–18,Arsenal,Southampton,2018-04-08,2018-04-08
2017–18,Chelsea,West Ham United,2018-04-08,2018-04-08
2017–18,Burnley,Leicester City,2018-04-14,2018-04-14
2017–18,Crystal Palace,Brighton & Hove Albion,2018-04-14,2018-04-14
2017–18,Huddersfield Town,Watford,2018-04-14,2018-04-14
2017–18,Liverpool,AFC Bournemouth,2018-04-14,2018-04-14
2017–18,Southampton,Chelsea,2018-04-14,2018-04-14
2017–18,Swansea City,Everton,2018-04-14,2018-04-14
2017–18,Tottenham Hotspur,Manchester City,2018-04-14,2018-04-14
2017–18,Manchester United,West Bromwich Albion,2018-04-15,2018-04-15
2017–18,Newcastle United,Arsenal,2018-04-15,2018-04-15
2017–18,West Ham United,Stoke City,2018-04-16,2018-04-16
2017–18,Brighton & Hove Albion,Tottenham Hotspur,2018-04-17,2018-04-17
2017–18,AFC Bournemouth,Manchester United,2018-04-18,2018-04-18
2017–18,Burnley,Chelsea,2018-04-19,2018-04-19
2017–18,Leicester City,Southampton,2018-04-19,2018-04-19
2017–18,Watford,Crystal Palace,2018-04-21,2018-04-21
2017–18,West Bromwich Albion,Liverpool,2018-04-21,2018-04-21
2017–18,Arsenal,West Ham United,2018-04-22,2018-04-22
2017–18,Manchester City,Swansea City,2018-04-22,2018-04-22
2017–18,Stoke City,Burnley,2018-04-22,2018-04-22
2017–18,Everton,Newcastle United,2018-04-23,2018-04-23
2017–18,Burnley,Brighton & Hove Albion,2018-04-28,2018-04-28
2017–18,Crystal Palace,Leicester City,2018-04-28,2018-04-28
2017–18,Huddersfield Town,Everton,2018-04-28,2018-04-28
2017–18,Liverpool,Stoke City,2018-04-28,2018-04-28
2017–18,Newcastle United,West Bromwich Albion,2018-04-28,2018-04-28
2017–18,Southampton,AFC Bournemouth,2018-04-28,2018-04-28
2017–18,Swansea City,Chelsea,2018-04-28,2018-04-28
2017–18,Manchester United,Arsenal,2018-04-29,2018-04-29
2017–18,West Ham United,Manchester City,2018-04-29,2018-04-29
2017–18,Tottenham Hotspur,Watford,2018-04-30,2018-04-30
2017–18,Brighton & Hove Albion,Manchester United,2018-05-04,2018-05-04
2017–18,AFC Bournemouth,Swansea City,2018-05-05,2018-05-05
2017–18,Everton,Southampton,2018-05-05,2018-05-05
2017–18,Leicester City,West Ham United,2018-05-05,2018-05-05
2017–18,Stoke City,Crystal Palace,2018-05-05,2018-05-05
2017–18,Watford,Newcastle United,2018-05-05,2018-05-05
2017–18,West Bromwich Albion,Tottenham Hotspur,2018-05-05,2018-05-05
2017–18,Arsenal,Burnley,2018-05-06,2018-05-06
2017–18,Chelsea,Liverpool,2018-05-06,2018-05-06
2017–18,Manchester City,Huddersfield Town,2018-05-06,2018-05-06
2017–18,Swansea City,Southampton,2018-05-08,2018-05-08
2017–18,Chelsea,Huddersfield Town,2018-05-09,2018-05-09
2017–18,Leicester City,Arsenal,2018-05-09,2018-05-09
2017–18,Manchester City,Brighton & Hove Albion,2018-05-09,2018-05-09
2017–18,Tottenham Hotspur,Newcastle United,2018-05-09,2018-05-09
2017–18,West Ham United,Manchester United,2018-05-10,2018-05-10
2017–18,Burnley,AFC Bournemouth,2018-05-13,2018-05-13
2017–18,Crystal Palace,West Bromwich Albion,2018-05-13,2018-05-13
2017–18,Huddersfield Town,Arsenal,2018-05-13,2018-05-13
2017–18,Liverpool,Brighton & Hove Albion,2018-05-13,2018-05-13
2017–18,Manchester United,Watford,2018-05-13,2018-05-13
2017–18,Newcastle United,Chelsea,2018-05-13,2018-05-13
2017–18,Southampton,Manchester City,2018-05-13,2018-05-13
2017–18,Swansea City,Stoke City,2018-05-13,2018-05-13
2017–18,Tottenham Hotspur,Leicester City,2018-05-13,2018-05-13
2017–18,West Ham United,Everton,2018-05-13,2018-05-13
2018–19,Manchester United,Leicester City,2018-08-10,2018-08-10
2018–19,AFC Bournemouth,Cardiff City,2018-08-11,2018-08-11
2018–19,Fulham,Crystal Palace,2018-08-11,2018-08-11
2018–19,Huddersfield Town,Chelsea,2018-08-11,2018-08-11
2018–19,Newcastle United,Tottenham Hotspur,2018-08-11,2018-08-11
2018–19,Watford,Brighton & Hove Albion,2018-08-11,2018-08-11
2018–19,Wolverhampton Wanderers,Everton,2018-08-11,2018-08-11
2018–19,Arsenal,Manchester City,2018-08-12,2018-08-12
2018–19,Liverpool,West Ham United,2018-08-12,2018-08-12
2018–19,Southampton,Burnley,2018-08-12,2018-08-12
2018–19,Cardiff City,Newcastle United,2018-08-18,2018-08-18
2018–19,Chelsea,Arsenal,2018-08-18,2018-08-18
2018–19,Everton,Southampton,2018-08-18,2018-08-18
2018–19,Leicester City,Wolverhampton Wanderers,2018-08-18,2018-08-18
2018–19,Tottenham Hotspur,Fulham,2018-08-18,2018-08-18
2018–19,West Ham United,AFC Bournemouth,2018-08-18,2018-08-18
2018–19,Brighton & Hove Albion,Manchester United,2018-08-19,2018-08-19
2018–19,Burnley,Watford,2018-08-19,2018-08-19
2018–19,Manchester City,Huddersfield Town,2018-08-19,2018-08-19
2018–19,Crystal Palace,Liverpool,2018-08-20,2018-08-20
2018–19,AFC Bournemouth,Everton,2018-08-25,2018-08-25
2018–19,Arsenal,West Ham United,2018-08-25,2018-08-25
2018–19,Huddersfield Town,Cardiff City,2018-08-25,2018-08-25
2018–19,Liverpool,Brighton & Hove Albion,2018-08-25,2018-08-25
2018–19,Southampton,Leicester City,2018-08-25,2018-08-25
2018–19,Wolverhampton Wanderers,Manchester City,2018-08-25,2018-08-25
2018–19,Fulham,Burnley,2018-08-26,2018-08-26
2018–19,Newcastle United,Chelsea,2018-08-26,2018-08-26
2018–19,Watford,Crystal Palace,2018-08-26,2018-08-26
2018–19,Manchester United,Tottenham Hotspur,2018-08-27,2018-08-27
2018–19,Brighton & Hove Albion,Fulham,2018-09-01,2018-09-01
2018–19,Chelsea,AFC Bournemouth,2018-09-01,2018-09-01
2018–19,Crystal Palace,Southampton,2018-09-01,2018-09-01
2018–19,Everton,Huddersfield Town,2018-09-01,2018-09-01
2018–19,Leicester City,Liverpool,2018-09-01,2018-09-01
2018–19,Manchester City,Newcastle United,2018-09-01,2018-09-01
2018–19,West Ham United,Wolverhampton Wanderers,2018-09-01,2018-09-01
2018–19,Burnley,Manchester United,2018-09-02,2018-09-02
2018–19,Cardiff City,Arsenal,2018-09-02,2018-09-02
2018–19,Watford,Tottenham Hotspur,2018-09-02,2018-09-02
2018–19,AFC Bournemouth,Leicester City,2018-09-15,2018-09-15
2018–19,Chelsea,Cardiff City,2018-09-15,2018-09-15
2018–19,Huddersfield Town,Crystal Palace,2018-09-15,2018-09-15
2018–19,Manchester City,Fulham,2018-09-15,2018-09-15
2018–19,Newcastle United,Arsenal,2018-09-15,2018-09-15
2018–19,Tottenham Hotspur,Liverpool,2018-09-15,2018-09-15
2018–19,Watford,Manchester United,2018-09-15,2018-09-15
2018–19,Everton,West Ham United,2018-09-16,2018-09-16
2018–19,Wolverhampton Wanderers,Burnley,2018-09-16,2018-09-16
2018–19,Southampton,Brighton & Hove Albion,2018-09-17,2018-09-17
2018–19,Brighton & Hove Albion,Tottenham Hotspur,2018-09-22,2018-09-22
2018–19,Burnley,AFC Bournemouth,2018-09-22,2018-09-22
2018–19,Cardiff City,Manchester City,2018-09-22,2018-09-22
2018–19,Crystal Palace,Newcastle United,2018-09-22,2018-09-22
2018–19,Fulham,Watford,2018-09-22,2018-09-22
2018–19,Leicester City,Huddersfield Town,2018-09-22,2018-09-22
2018–19,Liverpool,Southampton,2018-09-22,2018-09-22
2018–19,Manchester United,Wolverhampton Wanderers,2018-09-22,2018-09-22
2018–19,Arsenal,Everton,2018-09-23,2018-09-23
2018–19,West Ham United,Chelsea,2018-09-23,2018-09-23
2018–19,Arsenal,Watford,2018-09-29,2018-09-29
2018–19,Chelsea,Liverpool,2018-09-29,2018-09-29
2018–19,Everton,Fulham,2018-09-29,2018-09-29
2018–19,Huddersfield Town,Tottenham Hotspur,2018-09-29,2018-09-29
2018–19,Manchester City,Brighton & Hove Albion,2018-09-29,2018-09-29
2018–19,Newcastle United,Leicester City,2018-09-29,2018-09-29
2018–19,West Ham United,Manchester United,2018-09-29,2018-09-29
2018–19,Wolverhampton Wanderers,Southampton,2018-09-29,2018-09-29
2018–19,Cardiff City,Burnley,2018-09-30,2018-09-30
2018–19,AFC Bournemouth,Crystal Palace,2018-10-01,2018-10-01
2018–19,Brighton & Hove Albion,West Ham United,2018-10-05,2018-10-05
2018–19,Burnley,Huddersfield Town,2018-10-06,2018-10-06
2018–19,Crystal Palace,Wolverhampton Wanderers,2018-10-06,2018-10-06
2018–19,Leicester City,Everton,2018-10-06,2018-10-06
2018–19,Manchester United,Newcastle United,2018-10-06,2018-10-06
2018–19,Tottenham Hotspur,Cardiff City,2018-10-06,2018-10-06
2018–19,Watford,AFC Bournemouth,2018-10-06,2018-10-06
2018–19,Fulham,Arsenal,2018-10-07,2018-10-07
2018–19,Liverpool,Manchester City,2018-10-07,2018-10-07
2018–19,Southampton,Chelsea,2018-10-07,2018-10-07
2018–19,AFC Bournemouth,Southampton,2018-10-20,2018-10-20
2018–19,Cardiff City,Fulham,2018-10-20,2018-10-20
2018–19,Chelsea,Manchester United,2018-10-20,2018-10-20
2018–19,Huddersfield Town,Liverpool,2018-10-20,2018-10-20
2018–19,Manchester City,Burnley,2018-10-20,2018-10-20
2018–19,Newcastle United,Brighton & Hove Albion,2018-10-20,2018-10-20
2018–19,West Ham United,Tottenham Hotspur,2018-10-20,2018-10-20
2018–19,Wolverhampton Wanderers,Watford,2018-10-20,2018-10-20
2018–19,Everton,Crystal Palace,2018-10-21,2018-10-21
2018–19,Arsenal,Leicester City,2018-10-22,2018-10-22
2018–19,Brighton & Hove Albion,Wolverhampton Wanderers,2018-10-27,2018-10-27
2018–19,Fulham,AFC Bournemouth,2018-10-27,2018-10-27
2018–19,Leicester City,West Ham United,2018-10-27,2018-10-27
2018–19,Liverpool,Cardiff City,2018-10-27,2018-10-27
2018–19,Southampton,Newcastle United,2018-10-27,2018-10-27
2018–19,Watford,Huddersfield Town,2018-10-27,2018-10-27
2018–19,Burnley,Chelsea,2018-10-28,2018-10-28
2018–19,Crystal Palace,Arsenal,2018-10-28,2018-10-28
2018–19,Manchester United,Everton,2018-10-28,2018-10-28
2018–19,Tottenham Hotspur,Manchester City,2018-10-29,2018-10-29
2018–19,AFC Bournemouth,Manchester United,2018-11-03,2018-11-03
2018–19,Arsenal,Liverpool,2018-11-03,2018-11-03
2018–19,Cardiff City,Leicester City,2018-11-03,2018-11-03
2018–19,Everton,Brighton & Hove Albion,2018-11-03,2018-11-03
2018–19,Newcastle United,Watford,2018-11-03,2018-11-03
2018–19,West Ham United,Burnley,2018-11-03,2018-11-03
2018–19,Wolverhampton Wanderers,Tottenham Hotspur,2018-11-03,2018-11-03
2018–19,Chelsea,Crystal Palace,2018-11-04,2018-11-04
2018–19,Manchester City,Southampton,2018-11-04,2018-11-04
2018–19,Huddersfield Town,Fulham,2018-11-05,2018-11-05
2018–19,Cardiff City,Brighton & Hove Albion,2018-11-10,2018-11-10
2018–19,Crystal Palace,Tottenham Hotspur,2018-11-10,2018-11-10
2018–19,Huddersfield Town,West Ham United,2018-11-10,2018-11-10
2018–19,Leicester City,Burnley,2018-11-10,2018-11-10
2018–19,Newcastle United,AFC Bournemouth,2018-11-10,2018-11-10
2018–19,Southampton,Watford,2018-11-10,2018-11-10
2018–19,Arsenal,Wolverhampton Wanderers,2018-11-11,2018-11-11
2018–19,Chelsea,Everton,2018-11-11,2018-11-11
2018–19,Liverpool,Fulham,2018-11-11,2018-11-11
2018–19,Manchester City,Manchester United,2018-11-11,2018-11-11
2018–19,Brighton & Hove Albion,Leicester City,2018-11-24,2018-11-24
2018–19,Everton,Cardiff City,2018-11-24,2018-11-24
2018–19,Fulham,Southampton,2018-11-24,2018-11-24
2018–19,Manchester United,Crystal Palace,2018-11-24,2018-11-24
2018–19,Tottenham Hotspur,Chelsea,2018-11-24,2018-11-24
2018–19,Watford,Liverpool,2018-11-24,2018-11-24
2018–19,West Ham United,Manchester City,2018-11-24,2018-11-24
2018–19,AFC Bournemouth,Arsenal,2018-11-25,2018-11-25
2018–19,Wolverhampton Wanderers,Huddersfield Town,2018-11-25,2018-11-25
2018–19,Burnley,Newcastle United,2018-11-26,2018-11-26
2018–19,Cardiff City,Wolverhampton Wanderers,2018-11-30,2018-11-30
2018–19,Crystal Palace,Burnley,2018-12-01,2018-12-01
2018–19,Huddersfield Town,Brighton & Hove Albion,2018-12-01,2018-12-01
2018–19,Leicester City,Watford,2018-12-01,2018-12-01
2018–19,Manchester City,AFC Bournemouth,2018-12-01,2018-12-01
2018–19,Newcastle United,West Ham United,2018-12-01,2018-12-01
2018–19,Southampton,Manchester United,2018-12-01,2018-12-01
2018–19,Arsenal,Tottenham Hotspur,2018-12-02,2018-12-02
2018–19,Chelsea,Fulham,2018-12-02,2018-12-02
2018–19,Liverpool,Everton,2018-12-02,2018-12-02
2018–19,AFC Bournemouth,Huddersfield Town,2018-12-04,2018-12-04
2018–19,Brighton & Hove Albion,Crystal Palace,2018-12-04,2018-12-04
2018–19,Watford,Manchester City,2018-12-04,2018-12-04
2018–19,West Ham United,Cardiff City,2018-12-04,2018-12-04
2018–19,Burnley,Liverpool,2018-12-05,2018-12-05
2018–19,Everton,Newcastle United,2018-12-05,2018-12-05
2018–19,Fulham,Leicester City,2018-12-05,2018-12-05
2018–19,Manchester United,Arsenal,2018-12-05,2018-12-05
2018–19,Tottenham Hotspur,Southampton,2018-12-05,2018-12-05
2018–19,Wolverhampton Wanderers,Chelsea,2018-12-05,2018-12-05
2018–19,AFC Bournemouth,Liverpool,2018-12-08,2018-12-08
2018–19,Arsenal,Huddersfield Town,2018-12-08,2018-12-08
2018–19,Burnley,Brighton & Hove Albion,2018-12-08,2018-12-08
2018–19,Cardiff City,Southampton,2018-12-08,2018-12-08
2018–19,Chelsea,Manchester City,2018-12-08,2018-12-08
2018–19,Leicester City,Tottenham Hotspur,2018-12-08,2018-12-08
2018–19,Manchester United,Fulham,2018-12-08,2018-12-08
2018–19,West Ham United,Crystal Palace,2018-12-08,2018-12-08
2018–19,Newcastle United,Wolverhampton Wanderers,2018-12-09,2018-12-09
2018–19,Everton,Watford,2018-12-10,2018-12-10
2018–19,Crystal Palace,Leicester City,2018-12-15,2018-12-15
2018–19,Fulham,West Ham United,2018-12-15,2018-12-15
2018–19,Huddersfield Town,Newcastle United,2018-12-15,2018-12-15
2018–19,Manchester City,Everton,2018-12-15,2018-12-15
2018–19,Tottenham Hotspur,Burnley,2018-12-15,2018-12-15
2018–19,Watford,Cardiff City,2018-12-15,2018-12-15
2018–19,Wolverhampton Wanderers,AFC Bournemouth,2018-12-15,2018-12-15
2018–19,Brighton & Hove Albion,Chelsea,2018-12-16,2018-12-16
2018–19,Liverpool,Manchester United,2018-12-16,2018-12-16
2018–19,Southampton,Arsenal,2018-12-16,2018-12-16
2018–19,Wolverhampton Wanderers,Liverpool,2018-12-21,2018-12-21
2018–19,AFC Bournemouth,Brighton & Hove Albion,2018-12-22,2018-12-22
2018–19,Arsenal,Burnley,2018-12-22,2018-12-22
2018–19,Cardiff City,Manchester United,2018-12-22,2018-12-22
2018–19,Chelsea,Leicester City,2018-12-22,2018-12-22
2018–19,Huddersfield Town,Southampton,2018-12-22,2018-12-22
2018–19,Manchester City,Crystal Palace,2018-12-22,2018-12-22
2018–19,Newcastle United,Fulham,2018-12-22,2018-12-22
2018–19,West Ham United,Watford,2018-12-22,2018-12-22
2018–19,Everton,Tottenham Hotspur,2018-12-23,2018-12-23
2018–19,Brighton & Hove Albion,Arsenal,2018-12-26,2018-12-26
2018–19,Burnley,Everton,2018-12-26,2018-12-26
2018–19,Crystal Palace,Cardiff City,2018-12-26,2018-12-26
2018–19,Fulham,Wolverhampton Wanderers,2018-12-26,2018-12-26
2018–19,Leicester City,Manchester City,2018-12-26,2018-12-26
2018–19,Liverpool,Newcastle United,2018-12-26,2018-12-26
2018–19,Manchester United,Huddersfield Town,2018-12-26,2018-12-26
2018–19,Tottenham Hotspur,AFC Bournemouth,2018-12-26,2018-12-26
2018–19,Watford,Chelsea,2018-12-26,2018-12-26
2018–19,Southampton,West Ham United,2018-12-27,2018-12-27
2018–19,Brighton & Hove Albion,Everton,2018-12-29,2018-12-29
2018–19,Fulham,Huddersfield Town,2018-12-29,2018-12-29
2018–19,Leicester City,Cardiff City,2018-12-29,2018-12-29
2018–19,Liverpool,Arsenal,2018-12-29,2018-12-29
2018–19,Tottenham Hotspur,Wolverhampton Wanderers,2018-12-29,2018-12-29
2018–19,Watford,Newcastle United,2018-12-29,2018-12-29
2018–19,Burnley,West Ham United,2018-12-30,2018-12-30
2018–19,Crystal Palace,Chelsea,2018-12-30,2018-12-30
2018–19,Manchester United,AFC Bournemouth,2018-12-30,2018-12-30
2018–19,Southampton,Manchester City,2018-12-30,2018-12-30
2018–19,Arsenal,Fulham,2019-01-01,2019-01-01
2018–19,Cardiff City,Tottenham Hotspur,2019-01-01,2019-01-01
2018–19,Everton,Leicester City,2019-01-01,2019-01-01
2018–19,AFC Bournemouth,Watford,2019-01-02,2019-01-02
2018–19,Chelsea,Southampton,2019-01-02,2019-01-02
2018–19,Huddersfield Town,Burnley,2019-01-02,2019-01-02
2018–19,Newcastle United,Manchester United,2019-01-02,2019-01-02
2018–19,West Ham United,Brighton & Hove Albion,2019-01-02,2019-01-02
2018–19,Wolverhampton Wanderers,Crystal Palace,2019-01-02,2019-01-02
2018–19,Manchester City,Liverpool,2019-01-03,2019-01-03
2018–19,Brighton & Hove Albion,Liverpool,2019-01-12,2019-01-12
2018–19,Burnley,Fulham,2019-01-12,2019-01-12
2018–19,Cardiff City,Huddersfield Town,2019-01-12,2019-01-12
2018–19,Chelsea,Newcastle United,2019-01-12,2019-01-12
2018–19,Crystal Palace,Watford,2019-01-12,2019-01-12
2018–19,Leicester City,Southampton,2019-01-12,2019-01-12
2018–19,West Ham United,Arsenal,2019-01-12,2019-01-12
2018–19,Everton,AFC Bournemouth,2019-01-13,2019-01-13
2018–19,Tottenham Hotspur,Manchester United,2019-01-13,2019-01-13
2018–19,Manchester City,Wolverhampton Wanderers,2019-01-14,2019-01-14
2018–19,AFC Bournemouth,West Ham United,2019-01-19,2019-01-19
2018–19,Arsenal,Chelsea,2019-01-19,2019-01-19
2018–19,Liverpool,Crystal Palace,2019-01-19,2019-01-19
2018–19,Manchester United,Brighton & Hove Albion,2019-01-19,2019-01-19
2018–19,Newcastle United,Cardiff City,2019-01-19,2019-01-19
2018–19,Southampton,Everton,2019-01-19,2019-01-19
2018–19,Watford,Burnley,2019-01-19,2019-01-19
2018–19,Wolverhampton Wanderers,Leicester City,2019-01-19,2019-01-19
2018–19,Fulham,Tottenham Hotspur,2019-01-20,2019-01-20
2018–19,Huddersfield Town,Manchester City,2019-01-20,2019-01-20
2018–19,Arsenal,Cardiff City,2019-01-29,2019-01-29
2018–19,Fulham,Brighton & Hove Albion,2019-01-29,2019-01-29
2018–19,Huddersfield Town,Everton,2019-01-29,2019-01-29
2018–19,Manchester United,Burnley,2019-01-29,2019-01-29
2018–19,Newcastle United,Manchester City,2019-01-29,2019-01-29
2018–19,Wolverhampton Wanderers,West Ham United,2019-01-29,2019-01-29
2018–19,AFC Bournemouth,Chelsea,2019-01-30,2019-01-30
2018–19,Liverpool,Leicester City,2019-01-30,2019-01-30
2018–19,Southampton,Crystal Palace,2019-01-30,2019-01-30
2018–19,Tottenham Hotspur,Watford,2019-01-30,2019-01-30
2018–19,Brighton & Hove Albion,Watford,2019-02-02,2019-02-02
2018–19,Burnley,Southampton,2019-02-02,2019-02-02
2018–19,Cardiff City,AFC Bournemouth,2019-02-02,2019-02-02
2018–19,Chelsea,Huddersfield Town,2019-02-02,2019-02-02
2018–19,Crystal Palace,Fulham,2019-02-02,2019-02-02
2018–19,Everton,Wolverhampton Wanderers,2019-02-02,2019-02-02
2018–19,Tottenham Hotspur,Newcastle United,2019-02-02,2019-02-02
2018–19,Leicester City,Manchester United,2019-02-03,2019-02-03
2018–19,Manchester City,Arsenal,2019-02-03,2019-02-03
2018–19,West Ham United,Liverpool,2019-02-04,2019-02-04
2018–19,Everton,Manchester City,2019-02-06,2019-02-06
2018–19,Brighton & Hove Albion,Burnley,2019-02-09,2019-02-09
2018–19,Crystal Palace,West Ham United,2019-02-09,2019-02-09
2018–19,Fulham,Manchester United,2019-02-09,2019-02-09
2018–19,Huddersfield Town,Arsenal,2019-02-09,2019-02-09
2018–19,Liverpool,AFC Bournemouth,2019-02-09,2019-02-09
2018–19,Southampton,Cardiff City,2019-02-09,2019-02-09
2018–19,Watford,Everton,2019-02-09,2019-02-09
2018–19,Manchester City,Chelsea,2019-02-10,2019-02-10
2018–19,Tottenham Hotspur,Leicester City,2019-02-10,2019-02-10
2018–19,Wolverhampton Wanderers,Newcastle United,2019-02-11,2019-02-11
2018–19,Cardiff City,Watford,2019-02-22,2019-02-22
2018–19,West Ham United,Fulham,2019-02-22,2019-02-22
2018–19,AFC Bournemouth,Wolverhampton Wanderers,2019-02-23,2019-02-23
2018–19,Burnley,Tottenham Hotspur,2019-02-23,2019-02-23
2018–19,Leicester City,Crystal Palace,2019-02-23,2019-02-23
2018–19,Newcastle United,Huddersfield Town,2019-02-23,2019-02-23
2018–19,Arsenal,Southampton,2019-02-24,2019-02-24
2018–19,Manchester United,Liverpool,2019-02-24,2019-02-24
2018–19,Cardiff City,Everton,2019-02-26,2019-02-26
2018–19,Huddersfield Town,Wolverhampton Wanderers,2019-02-26,2019-02-26
2018–19,Leicester City,Brighton & Hove Albion,2019-02-26,2019-02-26
2018–19,Newcastle United,Burnley,2019-02-26,2019-02-26
2018–19,Arsenal,AFC Bournemouth,2019-02-27,2019-02-27
2018–19,Chelsea,Tottenham Hotspur,2019-02-27,2019-02-27
2018–19,Crystal Palace,Manchester United,2019-02-27,2019-02-27
2018–19,Liverpool,Watford,2019-02-27,2019-02-27
2018–19,Manchester City,West Ham United,2019-02-27,2019-02-27
2018–19,Southampton,Fulham,2019-02-27,2019-02-27
2018–19,AFC Bournemouth,Manchester City,2019-03-02,2019-03-02
2018–19,Brighton & Hove Albion,Huddersfield Town,2019-03-02,2019-03-02
2018–19,Burnley,Crystal Palace,2019-03-02,2019-03-02
2018–19,Manchester United,Southampton,2019-03-02,2019-03-02
2018–19,Tottenham Hotspur,Arsenal,2019-03-02,2019-03-02
2018–19,West Ham United,Newcastle United,2019-03-02,2019-03-02
2018–19,Wolverhampton Wanderers,Cardiff City,2019-03-02,2019-03-02
2018–19,Everton,Liverpool,2019-03-03,2019-03-03
2018–19,Fulham,Chelsea,2019-03-03,2019-03-03
2018–19,Watford,Leicester City,2019-03-03,2019-03-03
2018–19,Cardiff City,West Ham United,2019-03-09,2019-03-09
2018–19,Crystal Palace,Brighton & Hove Albion,2019-03-09,2019-03-09
2018–19,Huddersfield Town,AFC Bournemouth,2019-03-09,2019-03-09
2018–19,Leicester City,Fulham,2019-03-09,2019-03-09
2018–19,Manchester City,Watford,2019-03-09,2019-03-09
2018–19,Newcastle United,Everton,2019-03-09,2019-03-09
2018–19,Southampton,Tottenham Hotspur,2019-03-09,2019-03-09
2018–19,Arsenal,Manchester United,2019-03-10,2019-03-10
2018–19,Chelsea,Wolverhampton Wanderers,2019-03-10,2019-03-10
2018–19,Liverpool,Burnley,2019-03-10,2019-03-10
2018–19,AFC Bournemouth,Newcastle United,2019-03-16,2019-03-16
2018–19,Burnley,Leicester City,2019-03-16,2019-03-16
2018–19,West Ham United,Huddersfield Town,2019-03-16,2019-03-16
2018–19,Everton,Chelsea,2019-03-17,2019-03-17
2018–19,Fulham,Liverpool,2019-03-17,2019-03-17
2018–19,Brighton & Hove Albion,Southampton,2019-03-30,2019-03-30
2018–19,Burnley,Wolverhampton Wanderers,2019-03-30,2019-03-30
2018–19,Crystal Palace,Huddersfield Town,2019-03-30,2019-03-30
2018–19,Fulham,Manchester City,2019-03-30,2019-03-30
2018–19,Leicester City,AFC Bournemouth,2019-03-30,2019-03-30
2018–19,Manchester United,Watford,2019-03-30,2019-03-30
2018–19,West Ham United,Everton,2019-03-30,2019-03-30
2018–19,Cardiff City,Chelsea,2019-03-31,2019-03-31
2018–19,Liverpool,Tottenham Hotspur,2019-03-31,2019-03-31
2018–19,Arsenal,Newcastle United,2019-04-01,2019-04-01
2018–19,Watford,Fulham,2019-04-02,2019-04-02
2018–19,Wolverhampton Wanderers,Manchester United,2019-04-02,2019-04-02
2018–19,Chelsea,Brighton & Hove Albion,2019-04-03,2019-04-03
2018–19,Manchester City,Cardiff City,2019-04-03,2019-04-03
2018–19,Tottenham Hotspur,Crystal Palace,2019-04-03,2019-04-03
2018–19,Southampton,Liverpool,2019-04-05,2019-04-05
2018–19,AFC Bournemouth,Burnley,2019-04-06,2019-04-06
2018–19,Huddersfield Town,Leicester City,2019-04-06,2019-04-06
2018–19,Newcastle United,Crystal Palace,2019-04-06,2019-04-06
2018–19,Everton,Arsenal,2019-04-07,2019-04-07
2018–19,Chelsea,West Ham United,2019-04-08,2019-04-08
2018–19,Leicester City,Newcastle United,2019-04-12,2019-04-12
2018–19,Brighton & Hove Albion,AFC Bournemouth,2019-04-13,2019-04-13
2018–19,Burnley,Cardiff City,2019-04-13,2019-04-13
2018–19,Fulham,Everton,2019-04-13,2019-04-13
2018–19,Manchester United,West Ham United,2019-04-13,2019-04-13
2018–19,Southampton,Wolverhampton Wanderers,2019-04-13,2019-04-13
2018–19,Tottenham Hotspur,Huddersfield Town,2019-04-13,2019-04-13
2018–19,Crystal Palace,Manchester City,2019-04-14,2019-04-14
2018–19,Liverpool,Chelsea,2019-04-14,2019-04-14
2018–19,Watford,Arsenal,2019-04-15,2019-04-15
2018–19,Brighton & Hove Albion,Cardiff City,2019-04-16,2019-04-16
2018–19,AFC Bournemouth,Fulham,2019-04-20,2019-04-20
2018–19,Huddersfield Town,Watford,2019-04-20,2019-04-20
2018–19,Manchester City,Tottenham Hotspur,2019-04-20,2019-04-20
2018–19,Newcastle United,Southampton,2019-04-20,2019-04-20
2018–19,West Ham United,Leicester City,2019-04-20,2019-04-20
2018–19,Wolverhampton Wanderers,Brighton & Hove Albion,2019-04-20,2019-04-20
2018–19,Arsenal,Crystal Palace,2019-04-21,2019-04-21
2018–19,Cardiff City,Liverpool,2019-04-21,2019-04-21
2018–19,Everton,Manchester United,2019-04-21,2019-04-21
2018–19,Chelsea,Burnley,2019-04-22,2019-04-22
2018–19,Tottenham Hotspur,Brighton & Hove Albion,2019-04-23,2019-04-23
2018–19,Watford,Southampton,2019-04-23,2019-04-23
2018–19,Manchester United,Manchester City,2019-04-24,2019-04-24
2018–19,Wolverhampton Wanderers,Arsenal,2019-04-24,2019-04-24
2018–19,Liverpool,Huddersfield Town,2019-04-26,2019-04-26
2018–19,Brighton & Hove Albion,Newcastle United,2019-04-27,2019-04-27
2018–19,Crystal Palace,Everton,2019-04-27,2019-04-27
2018–19,Fulham,Cardiff City,2019-04-27,2019-04-27
2018–19,Southampton,AFC Bournemouth,2019-04-27,2019-04-27
2018–19,Tottenham Hotspur,West Ham United,2019-04-27,2019-04-27
2018–19,Watford,Wolverhampton Wanderers,2019-04-27,2019-04-27
2018–19,Burnley,Manchester City,2019-04-28,2019-04-28
2018–19,Leicester City,Arsenal,2019-04-28,2019-04-28
2018–19,Manchester United,Chelsea,2019-04-28,2019-04-28
2018–19,Everton,Burnley,2019-05-03,2019-05-03
2018–19,AFC Bournemouth,Tottenham Hotspur,2019-05-04,2019-05-04
2018–19,Cardiff City,Crystal Palace,2019-05-04,2019-05-04
2018–19,Newcastle United,Liverpool,2019-05-04,2019-05-04
2018–19,West Ham United,Southampton,2019-05-04,2019-05-04
2018–19,Wolverhampton Wanderers,Fulham,2019-05-04,2019-05-04
2018–19,Arsenal,Brighton & Hove Albion,2019-05-05,2019-05-05
2018–19,Chelsea,Watford,2019-05-05,2019-05-05
2018–19,Huddersfield Town,Manchester United,2019-05-05,2019-05-05
2018–19,Manchester City,Leicester City,2019-05-06,2019-05-06
2018–19,Brighton & Hove Albion,Manchester City,2019-05-12,2019-05-12
2018–19,Burnley,Arsenal,2019-05-12,2019-05-12
2018–19,Crystal Palace,AFC Bournemouth,2019-05-12,2019-05-12
2018–19,Fulham,Newcastle United,2019-05-12,2019-05-12
2018–19,Leicester City,Chelsea,2019-05-12,2019-05-12
2018–19,Liverpool,Wolverhampton Wanderers,2019-05-12,2019-05-12
2018–19,Manchester United,Cardiff City,2019-05-12,2019-05-12
2018–19,Southampton,Huddersfield Town,2019-05-12,2019-05-12
2018–19,Tottenham Hotspur,Everton,2019-05-12,2019-05-12
2018–19,Watford,West Ham United,2019-05-12,2019-05-12
2019–20,Liverpool,Norwich City,2019-08-09,2019-08-09
2019–20,AFC Bournemouth,Sheffield United,2019-08-10,2019-08-10
2019–20,Burnley,Southampton,2019-08-10,2019-08-10
2019–20,Crystal Palace,Everton,2019-08-10,2019-08-10
2019–20,Tottenham Hotspur,Aston Villa,2019-08-10,2019-08-10
2019–20,Watford,Brighton & Hove Albion,2019-08-10,2019-08-10
2019–20,West Ham United,Manchester City,2019-08-10,2019-08-10
2019–20,Leicester City,Wolverhampton Wanderers,2019-08-11,2019-08-11
2019–20,Manchester United,Chelsea,2019-08-11,2019-08-11
2019–20,Newcastle United,Arsenal,2019-08-11,2019-08-11
2019–20,Arsenal,Burnley,2019-08-17,2019-08-17
2019–20,Aston Villa,AFC Bournemouth,2019-08-17,2019-08-17
2019–20,Brighton & Hove Albion,West Ham United,2019-08-17,2019-08-17
2019–20,Everton,Watford,2019-08-17,2019-08-17
2019–20,Manchester City,Tottenham Hotspur,2019-08-17,2019-08-17
2019–20,Norwich City,Newcastle United,2019-08-17,2019-08-17
2019–20,Southampton,Liverpool,2019-08-17,2019-08-17
2019–20,Chelsea,Leicester City,2019-08-18,2019-08-18
2019–20,Sheffield United,Crystal Palace,2019-08-18,2019-08-18
2019–20,Wolverhampton Wanderers,Manchester United,2019-08-19,2019-08-19
2019–20,Aston Villa,Everton,2019-08-23,2019-08-23
2019–20,Brighton & Hove Albion,Southampton,2019-08-24,2019-08-24
2019–20,Liverpool,Arsenal,2019-08-24,2019-08-24
2019–20,Manchester United,Crystal Palace,2019-08-24,2019-08-24
2019–20,Norwich City,Chelsea,2019-08-24,2019-08-24
2019–20,Sheffield United,Leicester City,2019-08-24,2019-08-24
2019–20,Watford,West Ham United,2019-08-24,2019-08-24
2019–20,AFC Bournemouth,Manchester City,2019-08-25,2019-08-25
2019–20,Tottenham Hotspur,Newcastle United,2019-08-25,2019-08-25
2019–20,Wolverhampton Wanderers,Burnley,2019-08-25,2019-08-25
2019–20,Burnley,Liverpool,2019-08-31,2019-08-31
2019–20,Chelsea,Sheffield United,2019-08-31,2019-08-31
2019–20,Crystal Palace,Aston Villa,2019-08-31,2019-08-31
2019–20,Leicester City,AFC Bournemouth,2019-08-31,2019-08-31
2019–20,Manchester City,Brighton & Hove Albion,2019-08-31,2019-08-31
2019–20,Newcastle United,Watford,2019-08-31,2019-08-31
2019–20,Southampton,Manchester United,2019-08-31,2019-08-31
2019–20,West Ham United,Norwich City,2019-08-31,2019-08-31
2019–20,Arsenal,Tottenham Hotspur,2019-09-01,2019-09-01
2019–20,Everton,Wolverhampton Wanderers,2019-09-01,2019-09-01
2019–20,Brighton & Hove Albion,Burnley,2019-09-14,2019-09-14
2019–20,Liverpool,Newcastle United,2019-09-14,2019-09-14
2019–20,Manchester United,Leicester City,2019-09-14,2019-09-14
2019–20,Norwich City,Manchester City,2019-09-14,2019-09-14
2019–20,Sheffield United,Southampton,2019-09-14,2019-09-14
2019–20,Tottenham Hotspur,Crystal Palace,2019-09-14,2019-09-14
2019–20,Wolverhampton Wanderers,Chelsea,2019-09-14,2019-09-14
2019–20,AFC Bournemouth,Everton,2019-09-15,2019-09-15
2019–20,Watford,Arsenal,2019-09-15,2019-09-15
2019–20,Aston Villa,West Ham United,2019-09-16,2019-09-16
2019–20,Southampton,AFC Bournemouth,2019-09-20,2019-09-20
2019–20,Burnley,Norwich City,2019-09-21,2019-09-21
2019–20,Everton,Sheffield United,2019-09-21,2019-09-21
2019–20,Leicester City,Tottenham Hotspur,2019-09-21,2019-09-21
2019–20,Manchester City,Watford,2019-09-21,2019-09-21
2019–20,Newcastle United,Brighton & Hove Albion,2019-09-21,2019-09-21
2019–20,Arsenal,Aston Villa,2019-09-22,2019-09-22
2019–20,Chelsea,Liverpool,2019-09-22,2019-09-22
2019–20,Crystal Palace,Wolverhampton Wanderers,2019-09-22,2019-09-22
2019–20,West Ham United,Manchester United,2019-09-22,2019-09-22
2019–20,AFC Bournemouth,West Ham United,2019-09-28,2019-09-28
2019–20,Aston Villa,Burnley,2019-09-28,2019-09-28
2019–20,Chelsea,Brighton & Hove Albion,2019-09-28,2019-09-28
2019–20,Crystal Palace,Norwich City,2019-09-28,2019-09-28
2019–20,Everton,Manchester City,2019-09-28,2019-09-28
2019–20,Sheffield United,Liverpool,2019-09-28,2019-09-28
2019–20,Tottenham Hotspur,Southampton,2019-09-28,2019-09-28
2019–20,Wolverhampton Wanderers,Watford,2019-09-28,2019-09-28
2019–20,Leicester City,Newcastle United,2019-09-29,2019-09-29
2019–20,Manchester United,Arsenal,2019-09-30,2019-09-30
2019–20,Brighton & Hove Albion,Tottenham Hotspur,2019-10-05,2019-10-05
2019–20,Burnley,Everton,2019-10-05,2019-10-05
2019–20,Liverpool,Leicester City,2019-10-05,2019-10-05
2019–20,Norwich City,Aston Villa,2019-10-05,2019-10-05
2019–20,Watford,Sheffield United,2019-10-05,2019-10-05
2019–20,West Ham United,Crystal Palace,2019-10-05,2019-10-05
2019–20,Arsenal,AFC Bournemouth,2019-10-06,2019-10-06
2019–20,Manchester City,Wolverhampton Wanderers,2019-10-06,2019-10-06
2019–20,Newcastle United,Manchester United,2019-10-06,2019-10-06
2019–20,Southampton,Chelsea,2019-10-06,2019-10-06
2019–20,AFC Bournemouth,Norwich City,2019-10-19,2019-10-19
2019–20,Aston Villa,Brighton & Hove Albion,2019-10-19,2019-10-19
2019–20,Chelsea,Newcastle United,2019-10-19,2019-10-19
2019–20,Crystal Palace,Manchester City,2019-10-19,2019-10-19
2019–20,Everton,West Ham United,2019-10-19,2019-10-19
2019–20,Leicester City,Burnley,2019-10-19,2019-10-19
2019–20,Tottenham Hotspur,Watford,2019-10-19,2019-10-19
2019–20,Wolverhampton Wanderers,Southampton,2019-10-19,2019-10-19
2019–20,Manchester United,Liverpool,2019-10-20,2019-10-20
2019–20,Sheffield United,Arsenal,2019-10-21,2019-10-21
2019–20,Southampton,Leicester City,2019-10-25,2019-10-25
2019–20,Brighton & Hove Albion,Everton,2019-10-26,2019-10-26
2019–20,Burnley,Chelsea,2019-10-26,2019-10-26
2019–20,Manchester City,Aston Villa,2019-10-26,2019-10-26
2019–20,Watford,AFC Bournemouth,2019-10-26,2019-10-26
2019–20,West Ham United,Sheffield United,2019-10-26,2019-10-26
2019–20,Arsenal,Crystal Palace,2019-10-27,2019-10-27
2019–20,Liverpool,Tottenham Hotspur,2019-10-27,2019-10-27
2019–20,Newcastle United,Wolverhampton Wanderers,2019-10-27,2019-10-27
2019–20,Norwich City,Manchester United,2019-10-27,2019-10-27
2019–20,AFC Bournemouth,Manchester United,2019-11-02,2019-11-02
2019–20,Arsenal,Wolverhampton Wanderers,2019-11-02,2019-11-02
2019–20,Aston Villa,Liverpool,2019-11-02,2019-11-02
2019–20,Brighton & Hove Albion,Norwich City,2019-11-02,2019-11-02
2019–20,Manchester City,Southampton,2019-11-02,2019-11-02
2019–20,Sheffield United,Burnley,2019-11-02,2019-11-02
2019–20,Watford,Chelsea,2019-11-02,2019-11-02
2019–20,West Ham United,Newcastle United,2019-11-02,2019-11-02
2019–20,Crystal Palace,Leicester City,2019-11-03,2019-11-03
2019–20,Everton,Tottenham Hotspur,2019-11-03,2019-11-03
2019–20,Norwich City,Watford,2019-11-08,2019-11-08
2019–20,Burnley,West Ham United,2019-11-09,2019-11-09
2019–20,Chelsea,Crystal Palace,2019-11-09,2019-11-09
2019–20,Leicester City,Arsenal,2019-11-09,2019-11-09
2019–20,Newcastle United,AFC Bournemouth,2019-11-09,2019-11-09
2019–20,Southampton,Everton,2019-11-09,2019-11-09
2019–20,Tottenham Hotspur,Sheffield United,2019-11-09,2019-11-09
2019–20,Liverpool,Manchester City,2019-11-10,2019-11-10
2019–20,Manchester United,Brighton & Hove Albion,2019-11-10,2019-11-10
2019–20,Wolverhampton Wanderers,Aston Villa,2019-11-10,2019-11-10
2019–20,AFC Bournemouth,Wolverhampton Wanderers,2019-11-23,2019-11-23
2019–20,Arsenal,Southampton,2019-11-23,2019-11-23
2019–20,Brighton & Hove Albion,Leicester City,2019-11-23,2019-11-23
2019–20,Crystal Palace,Liverpool,2019-11-23,2019-11-23
2019–20,Everton,Norwich City,2019-11-23,2019-11-23
2019–20,Manchester City,Chelsea,2019-11-23,2019-11-23
2019–20,Watford,Burnley,2019-11-23,2019-11-23
2019–20,West Ham United,Tottenham Hotspur,2019-11-23,2019-11-23
2019–20,Sheffield United,Manchester United,2019-11-24,2019-11-24
2019–20,Aston Villa,Newcastle United,2019-11-25,2019-11-25
2019–20,Burnley,Crystal Palace,2019-11-30,2019-11-30
2019–20,Chelsea,West Ham United,2019-11-30,2019-11-30
2019–20,Liverpool,Brighton & Hove Albion,2019-11-30,2019-11-30
2019–20,Newcastle United,Manchester City,2019-11-30,2019-11-30
2019–20,Southampton,Watford,2019-11-30,2019-11-30
2019–20,Tottenham Hotspur,AFC Bournemouth,2019-11-30,2019-11-30
2019–20,Leicester City,Everton,2019-12-01,2019-12-01
2019–20,Manchester United,Aston Villa,2019-12-01,2019-12-01
2019–20,Norwich City,Arsenal,2019-12-01,2019-12-01
2019–20,Wolverhampton Wanderers,Sheffield United,2019-12-01,2019-12-01
2019–20,Burnley,Manchester City,2019-12-03,2019-12-03
2019–20,Crystal Palace,AFC Bournemouth,2019-12-03,2019-12-03
2019–20,Chelsea,Aston Villa,2019-12-04,2019-12-04
2019–20,Leicester City,Watford,2019-12-04,2019-12-04
2019–20,Liverpool,Everton,2019-12-04,2019-12-04
2019–20,Manchester United,Tottenham Hotspur,2019-12-04,2019-12-04
2019–20,Southampton,Norwich City,2019-12-04,2019-12-04
2019–20,Wolverhampton Wanderers,West Ham United,2019-12-04,2019-12-04
2019–20,Arsenal,Brighton & Hove Albion,2019-12-05,2019-12-05
2019–20,Sheffield United,Newcastle United,2019-12-05,2019-12-05
2019–20,AFC Bournemouth,Liverpool,2019-12-07,2019-12-07
2019–20,Everton,Chelsea,2019-12-07,2019-12-07
2019–20,Manchester City,Manchester United,2019-12-07,2019-12-07
2019–20,Tottenham Hotspur,Burnley,2019-12-07,2019-12-07
2019–20,Watford,Crystal Palace,2019-12-07,2019-12-07
2019–20,Aston Villa,Leicester City,2019-12-08,2019-12-08
2019–20,Brighton & Hove Albion,Wolverhampton Wanderers,2019-12-08,2019-12-08
2019–20,Newcastle United,Southampton,2019-12-08,2019-12-08
2019–20,Norwich City,Sheffield United,2019-12-08,2019-12-08
2019–20,West Ham United,Arsenal,2019-12-09,2019-12-09
2019–20,Burnley,Newcastle United,2019-12-14,2019-12-14
2019–20,Chelsea,AFC Bournemouth,2019-12-14,2019-12-14
2019–20,Leicester City,Norwich City,2019-12-14,2019-12-14
2019–20,Liverpool,Watford,2019-12-14,2019-12-14
2019–20,Sheffield United,Aston Villa,2019-12-14,2019-12-14
2019–20,Southampton,West Ham United,2019-12-14,2019-12-14
2019–20,Arsenal,Manchester City,2019-12-15,2019-12-15
2019–20,Manchester United,Everton,2019-12-15,2019-12-15
2019–20,Wolverhampton Wanderers,Tottenham Hotspur,2019-12-15,2019-12-15
2019–20,Crystal Palace,Brighton & Hove Albion,2019-12-16,2019-12-16
2019–20,AFC Bournemouth,Burnley,2019-12-21,2019-12-21
2019–20,Aston Villa,Southampton,2019-12-21,2019-12-21
2019–20,Brighton & Hove Albion,Sheffield United,2019-12-21,2019-12-21
2019–20,Everton,Arsenal,2019-12-21,2019-12-21
2019–20,Manchester City,Leicester City,2019-12-21,2019-12-21
2019–20,Newcastle United,Crystal Palace,2019-12-21,2019-12-21
2019–20,Norwich City,Wolverhampton Wanderers,2019-12-21,2019-12-21
2019–20,Tottenham Hotspur,Chelsea,2019-12-22,2019-12-22
2019–20,Watford,Manchester United,2019-12-22,2019-12-22
2019–20,AFC Bournemouth,Arsenal,2019-12-26,2019-12-26
2019–20,Aston Villa,Norwich City,2019-12-26,2019-12-26
2019–20,Chelsea,Southampton,2019-12-26,2019-12-26
2019–20,Crystal Palace,West Ham United,2019-12-26,2019-12-26
2019–20,Everton,Burnley,2019-12-26,2019-12-26
2019–20,Leicester City,Liverpool,2019-12-26,2019-12-26
2019–20,Manchester United,Newcastle United,2019-12-26,2019-12-26
2019–20,Sheffield United,Watford,2019-12-26,2019-12-26
2019–20,Tottenham Hotspur,Brighton & Hove Albion,2019-12-26,2019-12-26
2019–20,Wolverhampton Wanderers,Manchester City,2019-12-27,2019-12-27
2019–20,Brighton & Hove Albion,AFC Bournemouth,2019-12-28,2019-12-28
2019–20,Burnley,Manchester United,2019-12-28,2019-12-28
2019–20,Newcastle United,Everton,2019-12-28,2019-12-28
2019–20,Norwich City,Tottenham Hotspur,2019-12-28,2019-12-28
2019–20,Southampton,Crystal Palace,2019-12-28,2019-12-28
2019–20,Watford,Aston Villa,2019-12-28,2019-12-28
2019–20,West Ham United,Leicester City,2019-12-28,2019-12-28
2019–20,Arsenal,Chelsea,2019-12-29,2019-12-29
2019–20,Liverpool,Wolverhampton Wanderers,2019-12-29,2019-12-29
2019–20,Manchester City,Sheffield United,2019-12-29,2019-12-29
2019–20,Arsenal,Manchester United,2020-01-01,2020-01-01
2019–20,Brighton & Hove Albion,Chelsea,2020-01-01,2020-01-01
2019–20,Burnley,Aston Villa,2020-01-01,2020-01-01
2019–20,Manchester City,Everton,2020-01-01,2020-01-01
2019–20,Newcastle United,Leicester City,2020-01-01,2020-01-01
2019–20,Norwich City,Crystal Palace,2020-01-01,2020-01-01
2019–20,Southampton,Tottenham Hotspur,2020-01-01,2020-01-01
2019–20,Watford,Wolverhampton Wanderers,2020-01-01,2020-01-01
2019–20,West Ham United,AFC Bournemouth,2020-01-01,2020-01-01
2019–20,Liverpool,Sheffield United,2020-01-02,2020-01-02
2019–20,Sheffield United,West Ham United,2020-01-10,2020-01-10
2019–20,Chelsea,Burnley,2020-01-11,2020-01-11
2019–20,Crystal Palace,Arsenal,2020-01-11,2020-01-11
2019–20,Everton,Brighton & Hove Albion,2020-01-11,2020-01-11
2019–20,Leicester City,Southampton,2020-01-11,2020-01-11
2019–20,Manchester United,Norwich City,2020-01-11,2020-01-11
2019–20,Tottenham Hotspur,Liverpool,2020-01-11,2020-01-11
2019–20,Wolverhampton Wanderers,Newcastle United,2020-01-11,2020-01-11
2019–20,AFC Bournemouth,Watford,2020-01-12,2020-01-12
2019–20,Aston Villa,Manchester City,2020-01-12,2020-01-12
2019–20,Arsenal,Sheffield United,2020-01-18,2020-01-18
2019–20,Brighton & Hove Albion,Aston Villa,2020-01-18,2020-01-18
2019–20,Manchester City,Crystal Palace,2020-01-18,2020-01-18
2019–20,Newcastle United,Chelsea,2020-01-18,2020-01-18
2019–20,Norwich City,AFC Bournemouth,2020-01-18,2020-01-18
2019–20,Southampton,Wolverhampton Wanderers,2020-01-18,2020-01-18
2019–20,Watford,Tottenham Hotspur,2020-01-18,2020-01-18
2019–20,West Ham United,Everton,2020-01-18,2020-01-18
2019–20,Burnley,Leicester City,2020-01-19,2020-01-19
2019–20,Liverpool,Manchester United,2020-01-19,2020-01-19
2019–20,AFC Bournemouth,Brighton & Hove Albion,2020-01-21,2020-01-21
2019–20,Aston Villa,Watford,2020-01-21,2020-01-21
2019–20,Chelsea,Arsenal,2020-01-21,2020-01-21
2019–20,Crystal Palace,Southampton,2020-01-21,2020-01-21
2019–20,Everton,Newcastle United,2020-01-21,2020-01-21
2019–20,Sheffield United,Manchester City,2020-01-21,2020-01-21
2019–20,Leicester City,West Ham United,2020-01-22,2020-01-22
2019–20,Manchester United,Burnley,2020-01-22,2020-01-22
2019–20,Tottenham Hotspur,Norwich City,2020-01-22,2020-01-22
2019–20,Wolverhampton Wanderers,Liverpool,2020-01-23,2020-01-23
2019–20,West Ham United,Liverpool,2020-01-29,2020-01-29
2019–20,AFC Bournemouth,Aston Villa,2020-02-01,2020-02-01
2019–20,Crystal Palace,Sheffield United,2020-02-01,2020-02-01
2019–20,Leicester City,Chelsea,2020-02-01,2020-02-01
2019–20,Liverpool,Southampton,2020-02-01,2020-02-01
2019–20,Manchester United,Wolverhampton Wanderers,2020-02-01,2020-02-01
2019–20,Newcastle United,Norwich City,2020-02-01,2020-02-01
2019–20,Watford,Everton,2020-02-01,2020-02-01
2019–20,West Ham United,Brighton & Hove Albion,2020-02-01,2020-02-01
2019–20,Burnley,Arsenal,2020-02-02,2020-02-02
2019–20,Tottenham Hotspur,Manchester City,2020-02-02,2020-02-02
2019–20,Brighton & Hove Albion,Watford,2020-02-08,2020-02-08
2019–20,Everton,Crystal Palace,2020-02-08,2020-02-08
2019–20,Sheffield United,AFC Bournemouth,2020-02-09,2020-02-09
2019–20,Wolverhampton Wanderers,Leicester City,2020-02-14,2020-02-14
2019–20,Norwich City,Liverpool,2020-02-15,2020-02-15
2019–20,Southampton,Burnley,2020-02-15,2020-02-15
2019–20,Arsenal,Newcastle United,2020-02-16,2020-02-16
2019–20,Aston Villa,Tottenham Hotspur,2020-02-16,2020-02-16
2019–20,Chelsea,Manchester United,2020-02-17,2020-02-17
2019–20,Manchester City,West Ham United,2020-02-19,2020-02-19
2019–20,Burnley,AFC Bournemouth,2020-02-22,2020-02-22
2019–20,Chelsea,Tottenham Hotspur,2020-02-22,2020-02-22
2019–20,Crystal Palace,Newcastle United,2020-02-22,2020-02-22
2019–20,Leicester City,Manchester City,2020-02-22,2020-02-22
2019–20,Sheffield United,Brighton & Hove Albion,2020-02-22,2020-02-22
2019–20,Southampton,Aston Villa,2020-02-22,2020-02-22
2019–20,Arsenal,Everton,2020-02-23,2020-02-23
2019–20,Manchester United,Watford,2020-02-23,2020-02-23
2019–20,Wolverhampton Wanderers,Norwich City,2020-02-23,2020-02-23
2019–20,Liverpool,West Ham United,2020-02-24,2020-02-24
2019–20,Norwich City,Leicester City,2020-02-28,2020-02-28
2019–20,AFC Bournemouth,Chelsea,2020-02-29,2020-02-29
2019–20,Brighton & Hove Albion,Crystal Palace,2020-02-29,2020-02-29
2019–20,Newcastle United,Burnley,2020-02-29,2020-02-29
2019–20,Watford,Liverpool,2020-02-29,2020-02-29
2019–20,West Ham United,Southampton,2020-02-29,2020-02-29
2019–20,Everton,Manchester United,2020-03-01,2020-03-01
2019–20,Tottenham Hotspur,Wolverhampton Wanderers,2020-03-01,2020-03-01
2019–20,Arsenal,West Ham United,2020-03-07,2020-03-07
2019–20,Burnley,Tottenham Hotspur,2020-03-07,2020-03-07
2019–20,Crystal Palace,Watford,2020-03-07,2020-03-07
2019–20,Liverpool,AFC Bournemouth,2020-03-07,2020-03-07
2019–20,Sheffield United,Norwich City,2020-03-07,2020-03-07
2019–20,Southampton,Newcastle United,2020-03-07,2020-03-07
2019–20,Wolverhampton Wanderers,Brighton & Hove Albion,2020-03-07,2020-03-07
2019–20,Chelsea,Everton,2020-03-08,2020-03-08
2019–20,Manchester United,Manchester City,2020-03-08,2020-03-08
2019–20,Leicester City,Aston Villa,2020-03-09,2020-03-09
2019–20,Aston Villa,Sheffield United,2020-06-17,2020-06-17
2019–20,Manchester City,Arsenal,2020-06-17,2020-06-17
2019–20,Norwich City,Southampton,2020-06-19,2020-06-19
2019–20,Tottenham Hotspur,Manchester United,2020-06-19,2020-06-19
2019–20,AFC Bournemouth,Crystal Palace,2020-06-20,2020-06-20
2019–20,Brighton & Hove Albion,Arsenal,2020-06-20,2020-06-20
2019–20,Watford,Leicester City,2020-06-20,2020-06-20
2019–20,West Ham United,Wolverhampton Wanderers,2020-06-20,2020-06-20
2019–20,Aston Villa,Chelsea,2020-06-21,2020-06-21
2019–20,Everton,Liverpool,2020-06-21,2020-06-21
2019–20,Newcastle United,Sheffield United,2020-06-21,2020-06-21
2019–20,Manchester City,Burnley,2020-06-22,2020-06-22
2019–20,Leicester City,Brighton & Hove Albion,2020-06-23,2020-06-23
2019–20,Tottenham Hotspur,West Ham United,2020-06-23,2020-06-23
2019–20,Liverpool,Crystal Palace,2020-06-24,2020-06-24
2019–20,Manchester United,Sheffield United,2020-06-24,2020-06-24
2019–20,Newcastle United,Aston Villa,2020-06-24,2020-06-24
2019–20,Norwich City,Everton,2020-06-24,2020-06-24
2019–20,Wolverhampton Wanderers,AFC Bournemouth,2020-06-24,2020-06-24
2019–20,Burnley,Watford,2020-06-25,2020-06-25
2019–20,Chelsea,Manchester City,2020-06-25,2020-06-25
2019–20,Southampton,Arsenal,2020-06-25,2020-06-25
2019–20,Aston Villa,Wolverhampton Wanderers,2020-06-27,2020-06-27
2019–20,Watford,Southampton,2020-06-28,2020-06-28
2019–20,Crystal Palace,Burnley,2020-06-29,2020-06-29
2019–20,Brighton & Hove Albion,Manchester United,2020-06-30,2020-06-30
2019–20,AFC Bournemouth,Newcastle United,2020-07-01,2020-07-01
2019–20,Arsenal,Norwich City,2020-07-01,2020-07-01
2019–20,Everton,Leicester City,2020-07-01,2020-07-01
2019–20,West Ham United,Chelsea,2020-07-01,2020-07-01
2019–20,Manchester City,Liverpool,2020-07-02,2020-07-02
2019–20,Sheffield United,Tottenham Hotspur,2020-07-02,2020-07-02
2019–20,Chelsea,Watford,2020-07-04,2020-07-04
2019–20,Leicester City,Crystal Palace,2020-07-04,2020-07-04
2019–20,Manchester United,AFC Bournemouth,2020-07-04,2020-07-04
2019–20,Norwich City,Brighton & Hove Albion,2020-07-04,2020-07-04
2019–20,Wolverhampton Wanderers,Arsenal,2020-07-04,2020-07-04
2019–20,Burnley,Sheffield United,2020-07-05,2020-07-05
2019–20,Liverpool,Aston Villa,2020-07-05,2020-07-05
2019–20,Newcastle United,West Ham United,2020-07-05,2020-07-05
2019–20,Southampton,Manchester City,2020-07-05,2020-07-05
2019–20,Tottenham Hotspur,Everton,2020-07-06,2020-07-06
2019–20,Arsenal,Leicester City,2020-07-07,2020-07-07
2019–20,Crystal Palace,Chelsea,2020-07-07,2020-07-07
2019–20,Watford,Norwich City,2020-07-07,2020-07-07
2019–20,Brighton & Hove Albion,Liverpool,2020-07-08,2020-07-08
2019–20,Manchester City,Newcastle United,2020-07-08,2020-07-08
2019–20,Sheffield United,Wolverhampton Wanderers,2020-07-08,2020-07-08
2019–20,West Ham United,Burnley,2020-07-08,2020-07-08
2019–20,AFC Bournemouth,Tottenham Hotspur,2020-07-09,2020-07-09
2019–20,Aston Villa,Manchester United,2020-07-09,2020-07-09
2019–20,Everton,Southampton,2020-07-09,2020-07-09
2019–20,Brighton & Hove Albion,Manchester City,2020-07-11,2020-07-11
2019–20,Liverpool,Burnley,2020-07-11,2020-07-11
2019–20,Norwich City,West Ham United,2020-07-11,2020-07-11
2019–20,Sheffield United,Chelsea,2020-07-11,2020-07-11
2019–20,Watford,Newcastle United,2020-07-11,2020-07-11
2019–20,AFC Bournemouth,Leicester City,2020-07-12,2020-07-12
2019–20,Aston Villa,Crystal Palace,2020-07-12,2020-07-12
2019–20,Tottenham Hotspur,Arsenal,2020-07-12,2020-07-12
2019–20,Wolverhampton Wanderers,Everton,2020-07-12,2020-07-12
2019–20,Manchester United,Southampton,2020-07-13,2020-07-13
2019–20,Chelsea,Norwich City,2020-07-14,2020-07-14
2019–20,Arsenal,Liverpool,2020-07-15,2020-07-15
2019–20,Burnley,Wolverhampton Wanderers,2020-07-15,2020-07-15
2019–20,Manchester City,AFC Bournemouth,2020-07-15,2020-07-15
2019–20,Newcastle United,Tottenham Hotspur,2020-07-15,2020-07-15
2019–20,Crystal Palace,Manchester United,2020-07-16,2020-07-16
2019–20,Everton,Aston Villa,2020-07-16,2020-07-16
2019–20,Leicester City,Sheffield United,2020-07-16,2020-07-16
2019–20,Southampton,Brighton & Hove Albion,2020-07-16,2020-07-16
2019–20,West Ham United,Watford,2020-07-17,2020-07-17
2019–20,Norwich City,Burnley,2020-07-18,2020-07-18
2019–20,AFC Bournemouth,Southampton,2020-07-19,2020-07-19
2019–20,Tottenham Hotspur,Leicester City,2020-07-19,2020-07-19
2019–20,Brighton & Hove Albion,Newcastle United,2020-07-20,2020-07-20
2019–20,Sheffield United,Everton,2020-07-20,2020-07-20
2019–20,Wolverhampton Wanderers,Crystal Palace,2020-07-20,2020-07-20
2019–20,Aston Villa,Arsenal,2020-07-21,2020-07-21
2019–20,Watford,Manchester City,2020-07-21,2020-07-21
2019–20,Liverpool,Chelsea,2020-07-22,2020-07-22
2019–20,Manchester United,West Ham United,2020-07-22,2020-07-22
2019–20,Arsenal,Watford,2020-07-26,2020-07-26
2019–20,Burnley,Brighton & Hove Albion,2020-07-26,2020-07-26
2019–20,Chelsea,Wolverhampton Wanderers,2020-07-26,2020-07-26
2019–20,Crystal Palace,Tottenham Hotspur,2020-07-26,2020-07-26
2019–20,Everton,AFC Bournemouth,2020-07-26,2020-07-26
2019–20,Leicester City,Manchester United,2020-07-26,2020-07-26
2019–20,Manchester City,Norwich City,2020-07-26,2020-07-26
2019–20,Newcastle United,Liverpool,2020-07-26,2020-07-26
2019–20,Southampton,Sheffield United,2020-07-26,2020-07-26
2019–20,West Ham United,Aston Villa,2020-07-26,2020-07-26
2020–21,Crystal Palace,Southampton,2020-09-12,2020-09-12
2020–21,Fulham,Arsenal,2020-09-12,2020-09-12
2020–21,Liverpool,Leeds United,2020-09-12,2020-09-12
2020–21,West Ham United,Newcastle United,2020-09-12,2020-09-12
2020–21,Tottenham Hotspur,Everton,2020-09-13,2020-09-13
2020–21,West Bromwich Albion,Leicester City,2020-09-13,2020-09-13
2020–21,Brighton & Hove Albion,Chelsea,2020-09-14,2020-09-14
2020–21,Sheffield United,Wolverhampton Wanderers,2020-09-14,2020-09-14
2020–21,Arsenal,West Ham United,2020-09-19,2020-09-19
2020–21,Everton,West Bromwich Albion,2020-09-19,2020-09-19
2020–21,Leeds United,Fulham,2020-09-19,2020-09-19
2020–21,Manchester United,Crystal Palace,2020-09-19,2020-09-19
2020–21,Chelsea,Liverpool,2020-09-20,2020-09-20
2020–21,Leicester City,Burnley,2020-09-20,2020-09-20
2020–21,Newcastle United,Brighton & Hove Albion,2020-09-20,2020-09-20
2020–21,Southampton,Tottenham Hotspur,2020-09-20,2020-09-20
2020–21,Aston Villa,Sheffield United,2020-09-21,2020-09-21
2020–21,Wolverhampton Wanderers,Manchester City,2020-09-21,2020-09-21
2020–21,Brighton & Hove Albion,Manchester United,2020-09-26,2020-09-26
2020–21,Burnley,Southampton,2020-09-26,2020-09-26
2020–21,Crystal Palace,Everton,2020-09-26,2020-09-26
2020–21,West Bromwich Albion,Chelsea,2020-09-26,2020-09-26
2020–21,Manchester City,Leicester City,2020-09-27,2020-09-27
2020–21,Sheffield United,Leeds United,2020-09-27,2020-09-27
2020–21,Tottenham Hotspur,Newcastle United,2020-09-27,2020-09-27
2020–21,West Ham United,Wolverhampton Wanderers,2020-09-27,2020-09-27
2020–21,Fulham,Aston Villa,2020-09-28,2020-09-28
2020–21,Liverpool,Arsenal,2020-09-28,2020-09-28
2020–21,Chelsea,Crystal Palace,2020-10-03,2020-10-03
2020–21,Everton,Brighton & Hove Albion,2020-10-03,2020-10-03
2020–21,Leeds United,Manchester City,2020-10-03,2020-10-03
2020–21,Newcastle United,Burnley,2020-10-03,2020-10-03
2020–21,Arsenal,Sheffield United,2020-10-04,2020-10-04
2020–21,Aston Villa,Liverpool,2020-10-04,2020-10-04
2020–21,Leicester City,West Ham United,2020-10-04,2020-10-04
2020–21,Manchester United,Tottenham Hotspur,2020-10-04,2020-10-04
2020–21,Southampton,West Bromwich Albion,2020-10-04,2020-10-04
2020–21,Wolverhampton Wanderers,Fulham,2020-10-04,2020-10-04
2020–21,Chelsea,Southampton,2020-10-17,2020-10-17
2020–21,Everton,Liverpool,2020-10-17,2020-10-17
2020–21,Manchester City,Arsenal,2020-10-17,2020-10-17
2020–21,Newcastle United,Manchester United,2020-10-17,2020-10-17
2020–21,Crystal Palace,Brighton & Hove Albion,2020-10-18,2020-10-18
2020–21,Leicester City,Aston Villa,2020-10-18,2020-10-18
2020–21,Sheffield United,Fulham,2020-10-18,2020-10-18
2020–21,Tottenham Hotspur,West Ham United,2020-10-18,2020-10-18
2020–21,Leeds United,Wolverhampton Wanderers,2020-10-19,2020-10-19
2020–21,West Bromwich Albion,Burnley,2020-10-19,2020-10-19
2020–21,Aston Villa,Leeds United,2020-10-23,2020-10-23
2020–21,Fulham,Crystal Palace,2020-10-24,2020-10-24
2020–21,Liverpool,Sheffield United,2020-10-24,2020-10-24
2020–21,Manchester United,Chelsea,2020-10-24,2020-10-24
2020–21,West Ham United,Manchester City,2020-10-24,2020-10-24
2020–21,Arsenal,Leicester City,2020-10-25,2020-10-25
2020–21,Southampton,Everton,2020-10-25,2020-10-25
2020–21,Wolverhampton Wanderers,Newcastle United,2020-10-25,2020-10-25
2020–21,Brighton & Hove Albion,West Bromwich Albion,2020-10-26,2020-10-26
2020–21,Burnley,Tottenham Hotspur,2020-10-26,2020-10-26
2020–21,Wolverhampton Wanderers,Crystal Palace,2020-10-30,2020-10-30
2020–21,Burnley,Chelsea,2020-10-31,2020-10-31
2020–21,Liverpool,West Ham United,2020-10-31,2020-10-31
2020–21,Sheffield United,Manchester City,2020-10-31,2020-10-31
2020–21,Aston Villa,Southampton,2020-11-01,2020-11-01
2020–21,Manchester United,Arsenal,2020-11-01,2020-11-01
2020–21,Newcastle United,Everton,2020-11-01,2020-11-01
2020–21,Tottenham Hotspur,Brighton & Hove Albion,2020-11-01,2020-11-01
2020–21,Fulham,West Bromwich Albion,2020-11-02,2020-11-02
2020–21,Leeds United,Leicester City,2020-11-02,2020-11-02
2020–21,Brighton & Hove Albion,Burnley,2020-11-06,2020-11-06
2020–21,Southampton,Newcastle United,2020-11-06,2020-11-06
2020–21,Chelsea,Sheffield United,2020-11-07,2020-11-07
2020–21,Crystal Palace,Leeds United,2020-11-07,2020-11-07
2020–21,Everton,Manchester United,2020-11-07,2020-11-07
2020–21,West Ham United,Fulham,2020-11-07,2020-11-07
2020–21,Arsenal,Aston Villa,2020-11-08,2020-11-08
2020–21,Leicester City,Wolverhampton Wanderers,2020-11-08,2020-11-08
2020–21,Manchester City,Liverpool,2020-11-08,2020-11-08
2020–21,West Bromwich Albion,Tottenham Hotspur,2020-11-08,2020-11-08
2020–21,Aston Villa,Brighton & Hove Albion,2020-11-21,2020-11-21
2020–21,Manchester United,West Bromwich Albion,2020-11-21,2020-11-21
2020–21,Newcastle United,Chelsea,2020-11-21,2020-11-21
2020–21,Tottenham Hotspur,Manchester City,2020-11-21,2020-11-21
2020–21,Fulham,Everton,2020-11-22,2020-11-22
2020–21,Leeds United,Arsenal,2020-11-22,2020-11-22
2020–21,Liverpool,Leicester City,2020-11-22,2020-11-22
2020–21,Sheffield United,West Ham United,2020-11-22,2020-11-22
2020–21,Burnley,Crystal Palace,2020-11-23,2020-11-23
2020–21,Wolverhampton Wanderers,Southampton,2020-11-23,2020-11-23
2020–21,Crystal Palace,Newcastle United,2020-11-27,2020-11-27
2020–21,Brighton & Hove Albion,Liverpool,2020-11-28,2020-11-28
2020–21,Everton,Leeds United,2020-11-28,2020-11-28
2020–21,Manchester City,Burnley,2020-11-28,2020-11-28
2020–21,West Bromwich Albion,Sheffield United,2020-11-28,2020-11-28
2020–21,Arsenal,Wolverhampton Wanderers,2020-11-29,2020-11-29
2020–21,Chelsea,Tottenham Hotspur,2020-11-29,2020-11-29
2020–21,Southampton,Manchester United,2020-11-29,2020-11-29
2020–21,Leicester City,Fulham,2020-11-30,2020-11-30
2020–21,West Ham United,Aston Villa,2020-11-30,2020-11-30
2020–21,Burnley,Everton,2020-12-05,2020-12-05
2020–21,Chelsea,Leeds United,2020-12-05,2020-12-05
2020–21,Manchester City,Fulham,2020-12-05,2020-12-05
2020–21,West Ham United,Manchester United,2020-12-05,2020-12-05
2020–21,Liverpool,Wolverhampton Wanderers,2020-12-06,2020-12-06
2020–21,Sheffield United,Leicester City,2020-12-06,2020-12-06
2020–21,Tottenham Hotspur,Arsenal,2020-12-06,2020-12-06
2020–21,West Bromwich Albion,Crystal Palace,2020-12-06,2020-12-06
2020–21,Brighton & Hove Albion,Southampton,2020-12-07,2020-12-07
2020–21,Leeds United,West Ham United,2020-12-11,2020-12-11
2020–21,Everton,Chelsea,2020-12-12,2020-12-12
2020–21,Manchester United,Manchester City,2020-12-12,2020-12-12
2020–21,Newcastle United,West Bromwich Albion,2020-12-12,2020-12-12
2020–21,Wolverhampton Wanderers,Aston Villa,2020-12-12,2020-12-12
2020–21,Arsenal,Burnley,2020-12-13,2020-12-13
2020–21,Crystal Palace,Tottenham Hotspur,2020-12-13,2020-12-13
2020–21,Fulham,Liverpool,2020-12-13,2020-12-13
2020–21,Leicester City,Brighton & Hove Albion,2020-12-13,2020-12-13
2020–21,Southampton,Sheffield United,2020-12-13,2020-12-13
2020–21,Manchester City,West Bromwich Albion,2020-12-15,2020-12-15
2020–21,Wolverhampton Wanderers,Chelsea,2020-12-15,2020-12-15
2020–21,Arsenal,Southampton,2020-12-16,2020-12-16
2020–21,Fulham,Brighton & Hove Albion,2020-12-16,2020-12-16
2020–21,Leeds United,Newcastle United,2020-12-16,2020-12-16
2020–21,Leicester City,Everton,2020-12-16,2020-12-16
2020–21,Liverpool,Tottenham Hotspur,2020-12-16,2020-12-16
2020–21,West Ham United,Crystal Palace,2020-12-16,2020-12-16
2020–21,Aston Villa,Burnley,2020-12-17,2020-12-17
2020–21,Sheffield United,Manchester United,2020-12-17,2020-12-17
2020–21,Crystal Palace,Liverpool,2020-12-19,2020-12-19
2020–21,Everton,Arsenal,2020-12-19,2020-12-19
2020–21,Newcastle United,Fulham,2020-12-19,2020-12-19
2020–21,Southampton,Manchester City,2020-12-19,2020-12-19
2020–21,Brighton & Hove Albion,Sheffield United,2020-12-20,2020-12-20
2020–21,Manchester United,Leeds United,2020-12-20,2020-12-20
2020–21,Tottenham Hotspur,Leicester City,2020-12-20,2020-12-20
2020–21,West Bromwich Albion,Aston Villa,2020-12-20,2020-12-20
2020–21,Burnley,Wolverhampton Wanderers,2020-12-21,2020-12-21
2020–21,Chelsea,West Ham United,2020-12-21,2020-12-21
2020–21,Arsenal,Chelsea,2020-12-26,2020-12-26
2020–21,Aston Villa,Crystal Palace,2020-12-26,2020-12-26
2020–21,Fulham,Southampton,2020-12-26,2020-12-26
2020–21,Leicester City,Manchester United,2020-12-26,2020-12-26
2020–21,Manchester City,Newcastle United,2020-12-26,2020-12-26
2020–21,Sheffield United,Everton,2020-12-26,2020-12-26
2020–21,Leeds United,Burnley,2020-12-27,2020-12-27
2020–21,Liverpool,West Bromwich Albion,2020-12-27,2020-12-27
2020–21,West Ham United,Brighton & Hove Albion,2020-12-27,2020-12-27
2020–21,Wolverhampton Wanderers,Tottenham Hotspur,2020-12-27,2020-12-27
2020–21,Chelsea,Aston Villa,2020-12-28,2020-12-28
2020–21,Crystal Palace,Leicester City,2020-12-28,2020-12-28
2020–21,Brighton & Hove Albion,Arsenal,2020-12-29,2020-12-29
2020–21,Burnley,Sheffield United,2020-12-29,2020-12-29
2020–21,Manchester United,Wolverhampton Wanderers,2020-12-29,2020-12-29
2020–21,Southampton,West Ham United,2020-12-29,2020-12-29
2020–21,West Bromwich Albion,Leeds United,2020-12-29,2020-12-29
2020–21,Newcastle United,Liverpool,2020-12-30,2020-12-30
2020–21,Everton,West Ham United,2021-01-01,2021-01-01
2020–21,Manchester United,Aston Villa,2021-01-01,2021-01-01
2020–21,Brighton & Hove Albion,Wolverhampton Wanderers,2021-01-02,2021-01-02
2020–21,Crystal Palace,Sheffield United,2021-01-02,2021-01-02
2020–21,Tottenham Hotspur,Leeds United,2021-01-02,2021-01-02
2020–21,West Bromwich Albion,Arsenal,2021-01-02,2021-01-02
2020–21,Chelsea,Manchester City,2021-01-03,2021-01-03
2020–21,Newcastle United,Leicester City,2021-01-03,2021-01-03
2020–21,Southampton,Liverpool,2021-01-04,2021-01-04
2020–21,Burnley,Manchester United,2021-01-12,2021-01-12
2020–21,Sheffield United,Newcastle United,2021-01-12,2021-01-12
2020–21,Wolverhampton Wanderers,Everton,2021-01-12,2021-01-12
2020–21,Manchester City,Brighton & Hove Albion,2021-01-13,2021-01-13
2020–21,Tottenham Hotspur,Fulham,2021-01-13,2021-01-13
2020–21,Arsenal,Crystal Palace,2021-01-14,2021-01-14
2020–21,Fulham,Chelsea,2021-01-16,2021-01-16
2020–21,Leeds United,Brighton & Hove Albion,2021-01-16,2021-01-16
2020–21,Leicester City,Southampton,2021-01-16,2021-01-16
2020–21,West Ham United,Burnley,2021-01-16,2021-01-16
2020–21,Wolverhampton Wanderers,West Bromwich Albion,2021-01-16,2021-01-16
2020–21,Liverpool,Manchester United,2021-01-17,2021-01-17
2020–21,Manchester City,Crystal Palace,2021-01-17,2021-01-17
2020–21,Sheffield United,Tottenham Hotspur,2021-01-17,2021-01-17
2020–21,Arsenal,Newcastle United,2021-01-18,2021-01-18
2020–21,Leicester City,Chelsea,2021-01-19,2021-01-19
2020–21,West Ham United,West Bromwich Albion,2021-01-19,2021-01-19
2020–21,Fulham,Manchester United,2021-01-20,2021-01-20
2020–21,Manchester City,Aston Villa,2021-01-20,2021-01-20
2020–21,Liverpool,Burnley,2021-01-21,2021-01-21
2020–21,Aston Villa,Newcastle United,2021-01-23,2021-01-23
2020–21,Crystal Palace,West Ham United,2021-01-26,2021-01-26
2020–21,Newcastle United,Leeds United,2021-01-26,2021-01-26
2020–21,Southampton,Arsenal,2021-01-26,2021-01-26
2020–21,West Bromwich Albion,Manchester City,2021-01-26,2021-01-26
2020–21,Brighton & Hove Albion,Fulham,2021-01-27,2021-01-27
2020–21,Burnley,Aston Villa,2021-01-27,2021-01-27
2020–21,Chelsea,Wolverhampton Wanderers,2021-01-27,2021-01-27
2020–21,Everton,Leicester City,2021-01-27,2021-01-27
2020–21,Manchester United,Sheffield United,2021-01-27,2021-01-27
2020–21,Tottenham Hotspur,Liverpool,2021-01-28,2021-01-28
2020–21,Arsenal,Manchester United,2021-01-30,2021-01-30
2020–21,Crystal Palace,Wolverhampton Wanderers,2021-01-30,2021-01-30
2020–21,Everton,Newcastle United,2021-01-30,2021-01-30
2020–21,Manchester City,Sheffield United,2021-01-30,2021-01-30
2020–21,Southampton,Aston Villa,2021-01-30,2021-01-30
2020–21,West Bromwich Albion,Fulham,2021-01-30,2021-01-30
2020–21,Brighton & Hove Albion,Tottenham Hotspur,2021-01-31,2021-01-31
2020–21,Chelsea,Burnley,2021-01-31,2021-01-31
2020–21,Leicester City,Leeds United,2021-01-31,2021-01-31
2020–21,West Ham United,Liverpool,2021-01-31,2021-01-31
2020–21,Manchester United,Southampton,2021-02-02,2021-02-02
2020–21,Newcastle United,Crystal Palace,2021-02-02,2021-02-02
2020–21,Sheffield United,West Bromwich Albion,2021-02-02,2021-02-02
2020–21,Wolverhampton Wanderers,Arsenal,2021-02-02,2021-02-02
2020–21,Aston Villa,West Ham United,2021-02-03,2021-02-03
2020–21,Burnley,Manchester City,2021-02-03,2021-02-03
2020–21,Fulham,Leicester City,2021-02-03,2021-02-03
2020–21,Leeds United,Everton,2021-02-03,2021-02-03
2020–21,Liverpool,Brighton & Hove Albion,2021-02-03,2021-02-03
2020–21,Tottenham Hotspur,Chelsea,2021-02-04,2021-02-04
2020–21,Aston Villa,Arsenal,2021-02-06,2021-02-06
2020–21,Burnley,Brighton & Hove Albion,2021-02-06,2021-02-06
2020–21,Fulham,West Ham United,2021-02-06,2021-02-06
2020–21,Manchester United,Everton,2021-02-06,2021-02-06
2020–21,Newcastle United,Southampton,2021-02-06,2021-02-06
2020–21,Liverpool,Manchester City,2021-02-07,2021-02-07
2020–21,Sheffield United,Chelsea,2021-02-07,2021-02-07
2020–21,Tottenham Hotspur,West Bromwich Albion,2021-02-07,2021-02-07
2020–21,Wolverhampton Wanderers,Leicester City,2021-02-07,2021-02-07
2020–21,Leeds United,Crystal Palace,2021-02-08,2021-02-08
2020–21,Brighton & Hove Albion,Aston Villa,2021-02-13,2021-02-13
2020–21,Crystal Palace,Burnley,2021-02-13,2021-02-13
2020–21,Leicester City,Liverpool,2021-02-13,2021-02-13
2020–21,Manchester City,Tottenham Hotspur,2021-02-13,2021-02-13
2020–21,Arsenal,Leeds United,2021-02-14,2021-02-14
2020–21,Everton,Fulham,2021-02-14,2021-02-14
2020–21,Southampton,Wolverhampton Wanderers,2021-02-14,2021-02-14
2020–21,West Bromwich Albion,Manchester United,2021-02-14,2021-02-14
2020–21,Chelsea,Newcastle United,2021-02-15,2021-02-15
2020–21,West Ham United,Sheffield United,2021-02-15,2021-02-15
2020–21,Burnley,Fulham,2021-02-17,2021-02-17
2020–21,Everton,Manchester City,2021-02-17,2021-02-17
2020–21,Wolverhampton Wanderers,Leeds United,2021-02-19,2021-02-19
2020–21,Burnley,West Bromwich Albion,2021-02-20,2021-02-20
2020–21,Fulham,Sheffield United,2021-02-20,2021-02-20
2020–21,Liverpool,Everton,2021-02-20,2021-02-20
2020–21,Southampton,Chelsea,2021-02-20,2021-02-20
2020–21,Arsenal,Manchester City,2021-02-21,2021-02-21
2020–21,Aston Villa,Leicester City,2021-02-21,2021-02-21
2020–21,Manchester United,Newcastle United,2021-02-21,2021-02-21
2020–21,West Ham United,Tottenham Hotspur,2021-02-21,2021-02-21
2020–21,Brighton & Hove Albion,Crystal Palace,2021-02-22,2021-02-22
2020–21,Leeds United,Southampton,2021-02-23,2021-02-23
2020–21,Leeds United,Aston Villa,2021-02-27,2021-02-27
2020–21,Manchester City,West Ham United,2021-02-27,2021-02-27
2020–21,Newcastle United,Wolverhampton Wanderers,2021-02-27,2021-02-27
2020–21,West Bromwich Albion,Brighton & Hove Albion,2021-02-27,2021-02-27
2020–21,Chelsea,Manchester United,2021-02-28,2021-02-28
2020–21,Crystal Palace,Fulham,2021-02-28,2021-02-28
2020–21,Leicester City,Arsenal,2021-02-28,2021-02-28
2020–21,Sheffield United,Liverpool,2021-02-28,2021-02-28
2020–21,Tottenham Hotspur,Burnley,2021-02-28,2021-02-28
2020–21,Everton,Southampton,2021-03-01,2021-03-01
2020–21,Manchester City,Wolverhampton Wanderers,2021-03-02,2021-03-02
2020–21,Burnley,Leicester City,2021-03-03,2021-03-03
2020–21,Crystal Palace,Manchester United,2021-03-03,2021-03-03
2020–21,Sheffield United,Aston Villa,2021-03-03,2021-03-03
2020–21,Fulham,Tottenham Hotspur,2021-03-04,2021-03-04
2020–21,Liverpool,Chelsea,2021-03-04,2021-03-04
2020–21,West Bromwich Albion,Everton,2021-03-04,2021-03-04
2020–21,Aston Villa,Wolverhampton Wanderers,2021-03-06,2021-03-06
2020–21,Brighton & Hove Albion,Leicester City,2021-03-06,2021-03-06
2020–21,Burnley,Arsenal,2021-03-06,2021-03-06
2020–21,Sheffield United,Southampton,2021-03-06,2021-03-06
2020–21,Liverpool,Fulham,2021-03-07,2021-03-07
2020–21,Manchester City,Manchester United,2021-03-07,2021-03-07
2020–21,Tottenham Hotspur,Crystal Palace,2021-03-07,2021-03-07
2020–21,West Bromwich Albion,Newcastle United,2021-03-07,2021-03-07
2020–21,Chelsea,Everton,2021-03-08,2021-03-08
2020–21,West Ham United,Leeds United,2021-03-08,2021-03-08
2020–21,Manchester City,Southampton,2021-03-10,2021-03-10
2020–21,Newcastle United,Aston Villa,2021-03-12,2021-03-12
2020–21,Crystal Palace,West Bromwich Albion,2021-03-13,2021-03-13
2020–21,Everton,Burnley,2021-03-13,2021-03-13
2020–21,Fulham,Manchester City,2021-03-13,2021-03-13
2020–21,Leeds United,Chelsea,2021-03-13,2021-03-13
2020–21,Arsenal,Tottenham Hotspur,2021-03-14,2021-03-14
2020–21,Leicester City,Sheffield United,2021-03-14,2021-03-14
2020–21,Manchester United,West Ham United,2021-03-14,2021-03-14
2020–21,Southampton,Brighton & Hove Albion,2021-03-14,2021-03-14
2020–21,Wolverhampton Wanderers,Liverpool,2021-03-15,2021-03-15
2020–21,Fulham,Leeds United,2021-03-19,2021-03-19
2020–21,Brighton & Hove Albion,Newcastle United,2021-03-20,2021-03-20
2020–21,Aston Villa,Tottenham Hotspur,2021-03-21,2021-03-21
2020–21,West Ham United,Arsenal,2021-03-21,2021-03-21
2020–21,Arsenal,Liverpool,2021-04-03,2021-04-03
2020–21,Chelsea,West Bromwich Albion,2021-04-03,2021-04-03
2020–21,Leeds United,Sheffield United,2021-04-03,2021-04-03
2020–21,Leicester City,Manchester City,2021-04-03,2021-04-03
2020–21,Aston Villa,Fulham,2021-04-04,2021-04-04
2020–21,Manchester United,Brighton & Hove Albion,2021-04-04,2021-04-04
2020–21,Newcastle United,Tottenham Hotspur,2021-04-04,2021-04-04
2020–21,Southampton,Burnley,2021-04-04,2021-04-04
2020–21,Everton,Crystal Palace,2021-04-05,2021-04-05
2020–21,Wolverhampton Wanderers,West Ham United,2021-04-05,2021-04-05
2020–21,Fulham,Wolverhampton Wanderers,2021-04-09,2021-04-09
2020–21,Crystal Palace,Chelsea,2021-04-10,2021-04-10
2020–21,Liverpool,Aston Villa,2021-04-10,2021-04-10
2020–21,Manchester City,Leeds United,2021-04-10,2021-04-10
2020–21,Burnley,Newcastle United,2021-04-11,2021-04-11
2020–21,Sheffield United,Arsenal,2021-04-11,2021-04-11
2020–21,Tottenham Hotspur,Manchester United,2021-04-11,2021-04-11
2020–21,West Ham United,Leicester City,2021-04-11,2021-04-11
2020–21,Brighton & Hove Albion,Everton,2021-04-12,2021-04-12
2020–21,West Bromwich Albion,Southampton,2021-04-12,2021-04-12
2020–21,Everton,Tottenham Hotspur,2021-04-16,2021-04-16
2020–21,Newcastle United,West Ham United,2021-04-17,2021-04-17
2020–21,Wolverhampton Wanderers,Sheffield United,2021-04-17,2021-04-17
2020–21,Arsenal,Fulham,2021-04-18,2021-04-18
2020–21,Manchester United,Burnley,2021-04-18,2021-04-18
2020–21,Leeds United,Liverpool,2021-04-19,2021-04-19
2020–21,Chelsea,Brighton & Hove Albion,2021-04-20,2021-04-20
2020–21,Aston Villa,Manchester City,2021-04-21,2021-04-21
2020–21,Tottenham Hotspur,Southampton,2021-04-21,2021-04-21
2020–21,Leicester City,West Bromwich Albion,2021-04-22,2021-04-22
2020–21,Arsenal,Everton,2021-04-23,2021-04-23
2020–21,Liverpool,Newcastle United,2021-04-24,2021-04-24
2020–21,Sheffield United,Brighton & Hove Albion,2021-04-24,2021-04-24
2020–21,West Ham United,Chelsea,2021-04-24,2021-04-24
2020–21,Aston Villa,West Bromwich Albion,2021-04-25,2021-04-25
2020–21,Leeds United,Manchester United,2021-04-25,2021-04-25
2020–21,Wolverhampton Wanderers,Burnley,2021-04-25,2021-04-25
2020–21,Leicester City,Crystal Palace,2021-04-26,2021-04-26
2020–21,Southampton,Leicester City,2021-04-30,2021-04-30
2020–21,Brighton & Hove Albion,Leeds United,2021-05-01,2021-05-01
2020–21,Chelsea,Fulham,2021-05-01,2021-05-01
2020–21,Crystal Palace,Manchester City,2021-05-01,2021-05-01
2020–21,Everton,Aston Villa,2021-05-01,2021-05-01
2020–21,Newcastle United,Arsenal,2021-05-02,2021-05-02
2020–21,Tottenham Hotspur,Sheffield United,2021-05-02,2021-05-02
2020–21,Burnley,West Ham United,2021-05-03,2021-05-03
2020–21,West Bromwich Albion,Wolverhampton Wanderers,2021-05-03,2021-05-03
2020–21,Leicester City,Newcastle United,2021-05-07,2021-05-07
2020–21,Leeds United,Tottenham Hotspur,2021-05-08,2021-05-08
2020–21,Liverpool,Southampton,2021-05-08,2021-05-08
2020–21,Manchester City,Chelsea,2021-05-08,2021-05-08
2020–21,Sheffield United,Crystal Palace,2021-05-08,2021-05-08
2020–21,Arsenal,West Bromwich Albion,2021-05-09,2021-05-09
2020–21,Aston Villa,Manchester United,2021-05-09,2021-05-09
2020–21,West Ham United,Everton,2021-05-09,2021-05-09
2020–21,Wolverhampton Wanderers,Brighton & Hove Albion,2021-05-09,2021-05-09
2020–21,Fulham,Burnley,2021-05-10,2021-05-10
2020–21,Manchester United,Leicester City,2021-05-11,2021-05-11
2020–21,Southampton,Crystal Palace,2021-05-11,2021-05-11
2020–21,Chelsea,Arsenal,2021-05-12,2021-05-12
2020–21,Aston Villa,Everton,2021-05-13,2021-05-13
2020–21,Manchester United,Liverpool,2021-05-13,2021-05-13
2020–21,Newcastle United,Manchester City,2021-05-14,2021-05-14
2020–21,Brighton & Hove Albion,West Ham United,2021-05-15,2021-05-15
2020–21,Burnley,Leeds United,2021-05-15,2021-05-15
2020–21,Southampton,Fulham,2021-05-15,2021-05-15
2020–21,Crystal Palace,Aston Villa,2021-05-16,2021-05-16
2020–21,Everton,Sheffield United,2021-05-16,2021-05-16
2020–21,Tottenham Hotspur,Wolverhampton Wanderers,2021-05-16,2021-05-16
2020–21,West Bromwich Albion,Liverpool,2021-05-16,2021-05-16
2020–21,Brighton & Hove Albion,Manchester City,2021-05-18,2021-05-18
2020–21,Chelsea,Leicester City,2021-05-18,2021-05-18
2020–21,Manchester United,Fulham,2021-05-18,2021-05-18
2020–21,Southampton,Leeds United,2021-05-18,2021-05-18
2020–21,Burnley,Liverpool,2021-05-19,2021-05-19
2020–21,Crystal Palace,Arsenal,2021-05-19,2021-05-19
2020–21,Everton,Wolverhampton Wanderers,2021-05-19,2021-05-19
2020–21,Newcastle United,Sheffield United,2021-05-19,2021-05-19
2020–21,Tottenham Hotspur,Aston Villa,2021-05-19,2021-05-19
2020–21,West Bromwich Albion,West Ham United,2021-05-19,2021-05-19
2020–21,Arsenal,Brighton & Hove Albion,2021-05-23,2021-05-23
2020–21,Aston Villa,Chelsea,2021-05-23,2021-05-23
2020–21,Fulham,Newcastle United,2021-05-23,2021-05-23
2020–21,Leeds United,West Bromwich Albion,2021-05-23,2021-05-23
2020–21,Leicester City,Tottenham Hotspur,2021-05-23,2021-05-23
2020–21,Liverpool,Crystal Palace,2021-05-23,2021-05-23
2020–21,Manchester City,Everton,2021-05-23,2021-05-23
2020–21,Sheffield United,Burnley,2021-05-23,2021-05-23
2020–21,West Ham United,Southampton,2021-05-23,2021-05-23
2020–21,Wolverhampton Wanderers,Manchester United,2021-05-23,2021-05-23
2021–22,Brentford,Arsenal,2021-08-13,2021-08-13
2021–22,Burnley,Brighton & Hove Albion,2021-08-14,2021-08-14
2021–22,Chelsea,Crystal Palace,2021-08-14,2021-08-14
2021–22,Everton,Southampton,2021-08-14,2021-08-14
2021–22,Leicester City,Wolverhampton Wanderers,2021-08-14,2021-08-14
2021–22,Manchester United,Leeds United,2021-08-14,2021-08-14
2021–22,Norwich City,Liverpool,2021-08-14,2021-08-14
2021–22,Watford,Aston Villa,2021-08-14,2021-08-14
2021–22,Newcastle United,West Ham United,2021-08-15,2021-08-15
2021–22,Tottenham Hotspur,Manchester City,2021-08-15,2021-08-15
2021–22,Aston Villa,Newcastle United,2021-08-21,2021-08-21
2021–22,Brighton & Hove Albion,Watford,2021-08-21,2021-08-21
2021–22,Crystal Palace,Brentford,2021-08-21,2021-08-21
2021–22,Leeds United,Everton,2021-08-21,2021-08-21
2021–22,Liverpool,Burnley,2021-08-21,2021-08-21
2021–22,Manchester City,Norwich City,2021-08-21,2021-08-21
2021–22,Arsenal,Chelsea,2021-08-22,2021-08-22
2021–22,Southampton,Manchester United,2021-08-22,2021-08-22
2021–22,Wolverhampton Wanderers,Tottenham Hotspur,2021-08-22,2021-08-22
2021–22,West Ham United,Leicester City,2021-08-23,2021-08-23
2021–22,Aston Villa,Brentford,2021-08-28,2021-08-28
2021–22,Brighton & Hove Albion,Everton,2021-08-28,2021-08-28
2021–22,Liverpool,Chelsea,2021-08-28,2021-08-28
2021–22,Manchester City,Arsenal,2021-08-28,2021-08-28
2021–22,Newcastle United,Southampton,2021-08-28,2021-08-28
2021–22,Norwich City,Leicester City,2021-08-28,2021-08-28
2021–22,West Ham United,Crystal Palace,2021-08-28,2021-08-28
2021–22,Burnley,Leeds United,2021-08-29,2021-08-29
2021–22,Tottenham Hotspur,Watford,2021-08-29,2021-08-29
2021–22,Wolverhampton Wanderers,Manchester United,2021-08-29,2021-08-29
2021–22,Arsenal,Norwich City,2021-09-11,2021-09-11
2021–22,Brentford,Brighton & Hove Albion,2021-09-11,2021-09-11
2021–22,Chelsea,Aston Villa,2021-09-11,2021-09-11
2021–22,Crystal Palace,Tottenham Hotspur,2021-09-11,2021-09-11
2021–22,Leicester City,Manchester City,2021-09-11,2021-09-11
2021–22,Manchester United,Newcastle United,2021-09-11,2021-09-11
2021–22,Southampton,West Ham United,2021-09-11,2021-09-11
2021–22,Watford,Wolverhampton Wanderers,2021-09-11,2021-09-11
2021–22,Leeds United,Liverpool,2021-09-12,2021-09-12
2021–22,Everton,Burnley,2021-09-13,2021-09-13
2021–22,Newcastle United,Leeds United,2021-09-17,2021-09-17
2021–22,Aston Villa,Everton,2021-09-18,2021-09-18
2021–22,Burnley,Arsenal,2021-09-18,2021-09-18
2021–22,Liverpool,Crystal Palace,2021-09-18,2021-09-18
2021–22,Manchester City,Southampton,2021-09-18,2021-09-18
2021–22,Norwich City,Watford,2021-09-18,2021-09-18
2021–22,Wolverhampton Wanderers,Brentford,2021-09-18,2021-09-18
2021–22,Brighton & Hove Albion,Leicester City,2021-09-19,2021-09-19
2021–22,Tottenham Hotspur,Chelsea,2021-09-19,2021-09-19
2021–22,West Ham United,Manchester United,2021-09-19,2021-09-19
2021–22,Brentford,Liverpool,2021-09-25,2021-09-25
2021–22,Chelsea,Manchester City,2021-09-25,2021-09-25
2021–22,Everton,Norwich City,2021-09-25,2021-09-25
2021–22,Leeds United,West Ham United,2021-09-25,2021-09-25
2021–22,Leicester City,Burnley,2021-09-25,2021-09-25
2021–22,Manchester United,Aston Villa,2021-09-25,2021-09-25
2021–22,Watford,Newcastle United,2021-09-25,2021-09-25
2021–22,Arsenal,Tottenham Hotspur,2021-09-26,2021-09-26
2021–22,Southampton,Wolverhampton Wanderers,2021-09-26,2021-09-26
2021–22,Crystal Palace,Brighton & Hove Albion,2021-09-27,2021-09-27
2021–22,Brighton & Hove Albion,Arsenal,2021-10-02,2021-10-02
2021–22,Burnley,Norwich City,2021-10-02,2021-10-02
2021–22,Chelsea,Southampton,2021-10-02,2021-10-02
2021–22,Leeds United,Watford,2021-10-02,2021-10-02
2021–22,Manchester United,Everton,2021-10-02,2021-10-02
2021–22,Wolverhampton Wanderers,Newcastle United,2021-10-02,2021-10-02
2021–22,Crystal Palace,Leicester City,2021-10-03,2021-10-03
2021–22,Liverpool,Manchester City,2021-10-03,2021-10-03
2021–22,Tottenham Hotspur,Aston Villa,2021-10-03,2021-10-03
2021–22,West Ham United,Brentford,2021-10-03,2021-10-03
2021–22,Aston Villa,Wolverhampton Wanderers,2021-10-16,2021-10-16
2021–22,Brentford,Chelsea,2021-10-16,2021-10-16
2021–22,Leicester City,Manchester United,2021-10-16,2021-10-16
2021–22,Manchester City,Burnley,2021-10-16,2021-10-16
2021–22,Norwich City,Brighton & Hove Albion,2021-10-16,2021-10-16
2021–22,Southampton,Leeds United,2021-10-16,2021-10-16
2021–22,Watford,Liverpool,2021-10-16,2021-10-16
2021–22,Everton,West Ham United,2021-10-17,2021-10-17
2021–22,Newcastle United,Tottenham Hotspur,2021-10-17,2021-10-17
2021–22,Arsenal,Crystal Palace,2021-10-18,2021-10-18
2021–22,Arsenal,Aston Villa,2021-10-22,2021-10-22
2021–22,Brighton & Hove Albion,Manchester City,2021-10-23,2021-10-23
2021–22,Chelsea,Norwich City,2021-10-23,2021-10-23
2021–22,Crystal Palace,Newcastle United,2021-10-23,2021-10-23
2021–22,Everton,Watford,2021-10-23,2021-10-23
2021–22,Leeds United,Wolverhampton Wanderers,2021-10-23,2021-10-23
2021–22,Southampton,Burnley,2021-10-23,2021-10-23
2021–22,Brentford,Leicester City,2021-10-24,2021-10-24
2021–22,Manchester United,Liverpool,2021-10-24,2021-10-24
2021–22,West Ham United,Tottenham Hotspur,2021-10-24,2021-10-24
2021–22,Burnley,Brentford,2021-10-30,2021-10-30
2021–22,Leicester City,Arsenal,2021-10-30,2021-10-30
2021–22,Liverpool,Brighton & Hove Albion,2021-10-30,2021-10-30
2021–22,Manchester City,Crystal Palace,2021-10-30,2021-10-30
2021–22,Newcastle United,Chelsea,2021-10-30,2021-10-30
2021–22,Tottenham Hotspur,Manchester United,2021-10-30,2021-10-30
2021–22,Watford,Southampton,2021-10-30,2021-10-30
2021–22,Aston Villa,West Ham United,2021-10-31,2021-10-31
2021–22,Norwich City,Leeds United,2021-10-31,2021-10-31
2021–22,Wolverhampton Wanderers,Everton,2021-11-01,2021-11-01
2021–22,Southampton,Aston Villa,2021-11-05,2021-11-05
2021–22,Brentford,Norwich City,2021-11-06,2021-11-06
2021–22,Brighton & Hove Albion,Newcastle United,2021-11-06,2021-11-06
2021–22,Chelsea,Burnley,2021-11-06,2021-11-06
2021–22,Crystal Palace,Wolverhampton Wanderers,2021-11-06,2021-11-06
2021–22,Manchester United,Manchester City,2021-11-06,2021-11-06
2021–22,Arsenal,Watford,2021-11-07,2021-11-07
2021–22,Everton,Tottenham Hotspur,2021-11-07,2021-11-07
2021–22,Leeds United,Leicester City,2021-11-07,2021-11-07
2021–22,West Ham United,Liverpool,2021-11-07,2021-11-07
2021–22,Aston Villa,Brighton & Hove Albion,2021-11-20,2021-11-20
2021–22,Burnley,Crystal Palace,2021-11-20,2021-11-20
2021–22,Leicester City,Chelsea,2021-11-20,2021-11-20
2021–22,Liverpool,Arsenal,2021-11-20,2021-11-20
2021–22,Newcastle United,Brentford,2021-11-20,2021-11-20
2021–22,Norwich City,Southampton,2021-11-20,2021-11-20
2021–22,Watford,Manchester United,2021-11-20,2021-11-20
2021–22,Wolverhampton Wanderers,West Ham United,2021-11-20,2021-11-20
2021–22,Manchester City,Everton,2021-11-21,2021-11-21
2021–22,Tottenham Hotspur,Leeds United,2021-11-21,2021-11-21
2021–22,Arsenal,Newcastle United,2021-11-27,2021-11-27
2021–22,Brighton & Hove Albion,Leeds United,2021-11-27,2021-11-27
2021–22,Crystal Palace,Aston Villa,2021-11-27,2021-11-27
2021–22,Liverpool,Southampton,2021-11-27,2021-11-27
2021–22,Norwich City,Wolverhampton Wanderers,2021-11-27,2021-11-27
2021–22,Brentford,Everton,2021-11-28,2021-11-28
2021–22,Chelsea,Manchester United,2021-11-28,2021-11-28
2021–22,Leicester City,Watford,2021-11-28,2021-11-28
2021–22,Manchester City,West Ham United,2021-11-28,2021-11-28
2021–22,Leeds United,Crystal Palace,2021-11-30,2021-11-30
2021–22,Newcastle United,Norwich City,2021-11-30,2021-11-30
2021–22,Aston Villa,Manchester City,2021-12-01,2021-12-01
2021–22,Everton,Liverpool,2021-12-01,2021-12-01
2021–22,Southampton,Leicester City,2021-12-01,2021-12-01
2021–22,Watford,Chelsea,2021-12-01,2021-12-01
2021–22,West Ham United,Brighton & Hove Albion,2021-12-01,2021-12-01
2021–22,Wolverhampton Wanderers,Burnley,2021-12-01,2021-12-01
2021–22,Manchester United,Arsenal,2021-12-02,2021-12-02
2021–22,Tottenham Hotspur,Brentford,2021-12-02,2021-12-02
2021–22,Newcastle United,Burnley,2021-12-04,2021-12-04
2021–22,Southampton,Brighton & Hove Albion,2021-12-04,2021-12-04
2021–22,Watford,Manchester City,2021-12-04,2021-12-04
2021–22,West Ham United,Chelsea,2021-12-04,2021-12-04
2021–22,Wolverhampton Wanderers,Liverpool,2021-12-04,2021-12-04
2021–22,Aston Villa,Leicester City,2021-12-05,2021-12-05
2021–22,Leeds United,Brentford,2021-12-05,2021-12-05
2021–22,Manchester United,Crystal Palace,2021-12-05,2021-12-05
2021–22,Tottenham Hotspur,Norwich City,2021-12-05,2021-12-05
2021–22,Everton,Arsenal,2021-12-06,2021-12-06
2021–22,Brentford,Watford,2021-12-10,2021-12-10
2021–22,Arsenal,Southampton,2021-12-11,2021-12-11
2021–22,Chelsea,Leeds United,2021-12-11,2021-12-11
2021–22,Liverpool,Aston Villa,2021-12-11,2021-12-11
2021–22,Manchester City,Wolverhampton Wanderers,2021-12-11,2021-12-11
2021–22,Norwich City,Manchester United,2021-12-11,2021-12-11
2021–22,Burnley,West Ham United,2021-12-12,2021-12-12
2021–22,Crystal Palace,Everton,2021-12-12,2021-12-12
2021–22,Leicester City,Newcastle United,2021-12-12,2021-12-12
2021–22,Manchester City,Leeds United,2021-12-14,2021-12-14
2021–22,Norwich City,Aston Villa,2021-12-14,2021-12-14
2021–22,Arsenal,West Ham United,2021-12-15,2021-12-15
2021–22,Brighton & Hove Albion,Wolverhampton Wanderers,2021-12-15,2021-12-15
2021–22,Crystal Palace,Southampton,2021-12-15,2021-12-15
2021–22,Chelsea,Everton,2021-12-16,2021-12-16
2021–22,Liverpool,Newcastle United,2021-12-16,2021-12-16
2021–22,Leeds United,Arsenal,2021-12-18,2021-12-18
2021–22,Newcastle United,Manchester City,2021-12-19,2021-12-19
2021–22,Tottenham Hotspur,Liverpool,2021-12-19,2021-12-19
2021–22,Wolverhampton Wanderers,Chelsea,2021-12-19,2021-12-19
2021–22,Aston Villa,Chelsea,2021-12-26,2021-12-26
2021–22,Brighton & Hove Albion,Brentford,2021-12-26,2021-12-26
2021–22,Manchester City,Leicester City,2021-12-26,2021-12-26
2021–22,Norwich City,Arsenal,2021-12-26,2021-12-26
2021–22,Tottenham Hotspur,Crystal Palace,2021-12-26,2021-12-26
2021–22,West Ham United,Southampton,2021-12-26,2021-12-26
2021–22,Newcastle United,Manchester United,2021-12-27,2021-12-27
2021–22,Crystal Palace,Norwich City,2021-12-28,2021-12-28
2021–22,Leicester City,Liverpool,2021-12-28,2021-12-28
2021–22,Southampton,Tottenham Hotspur,2021-12-28,2021-12-28
2021–22,Watford,West Ham United,2021-12-28,2021-12-28
2021–22,Brentford,Manchester City,2021-12-29,2021-12-29
2021–22,Chelsea,Brighton & Hove Albion,2021-12-29,2021-12-29
2021–22,Manchester United,Burnley,2021-12-30,2021-12-30
2021–22,Arsenal,Manchester City,2022-01-01,2022-01-01
2021–22,Crystal Palace,West Ham United,2022-01-01,2022-01-01
2021–22,Watford,Tottenham Hotspur,2022-01-01,2022-01-01
2021–22,Brentford,Aston Villa,2022-01-02,2022-01-02
2021–22,Chelsea,Liverpool,2022-01-02,2022-01-02
2021–22,Everton,Brighton & Hove Albion,2022-01-02,2022-01-02
2021–22,Leeds United,Burnley,2022-01-02,2022-01-02
2021–22,Manchester United,Wolverhampton Wanderers,2022-01-03,2022-01-03
2021–22,Southampton,Brentford,2022-01-11,2022-01-11
2021–22,West Ham United,Norwich City,2022-01-12,2022-01-12
2021–22,Brighton & Hove Albion,Crystal Palace,2022-01-14,2022-01-14
2021–22,Aston Villa,Manchester United,2022-01-15,2022-01-15
2021–22,Manchester City,Chelsea,2022-01-15,2022-01-15
2021–22,Newcastle United,Watford,2022-01-15,2022-01-15
2021–22,Norwich City,Everton,2022-01-15,2022-01-15
2021–22,Wolverhampton Wanderers,Southampton,2022-01-15,2022-01-15
2021–22,Liverpool,Brentford,2022-01-16,2022-01-16
2021–22,West Ham United,Leeds United,2022-01-16,2022-01-16
2021–22,Brighton & Hove Albion,Chelsea,2022-01-18,2022-01-18
2021–22,Brentford,Manchester United,2022-01-19,2022-01-19
2021–22,Leicester City,Tottenham Hotspur,2022-01-19,2022-01-19
2021–22,Watford,Norwich City,2022-01-21,2022-01-21
2021–22,Brentford,Wolverhampton Wanderers,2022-01-22,2022-01-22
2021–22,Everton,Aston Villa,2022-01-22,2022-01-22
2021–22,Leeds United,Newcastle United,2022-01-22,2022-01-22
2021–22,Manchester United,West Ham United,2022-01-22,2022-01-22
2021–22,Southampton,Manchester City,2022-01-22,2022-01-22
2021–22,Arsenal,Burnley,2022-01-23,2022-01-23
2021–22,Chelsea,Tottenham Hotspur,2022-01-23,2022-01-23
2021–22,Crystal Palace,Liverpool,2022-01-23,2022-01-23
2021–22,Leicester City,Brighton & Hove Albion,2022-01-23,2022-01-23
2021–22,Burnley,Watford,2022-02-05,2022-02-05
2021–22,Burnley,Manchester United,2022-02-08,2022-02-08
2021–22,Newcastle United,Everton,2022-02-08,2022-02-08
2021–22,West Ham United,Watford,2022-02-08,2022-02-08
2021–22,Aston Villa,Leeds United,2022-02-09,2022-02-09
2021–22,Manchester City,Brentford,2022-02-09,2022-02-09
2021–22,Norwich City,Crystal Palace,2022-02-09,2022-02-09
2021–22,Tottenham Hotspur,Southampton,2022-02-09,2022-02-09
2021–22,Liverpool,Leicester City,2022-02-10,2022-02-10
2021–22,Wolverhampton Wanderers,Arsenal,2022-02-10,2022-02-10
2021–22,Brentford,Crystal Palace,2022-02-12,2022-02-12
2021–22,Everton,Leeds United,2022-02-12,2022-02-12
2021–22,Manchester United,Southampton,2022-02-12,2022-02-12
2021–22,Norwich City,Manchester City,2022-02-12,2022-02-12
2021–22,Watford,Brighton & Hove Albion,2022-02-12,2022-02-12
2021–22,Burnley,Liverpool,2022-02-13,2022-02-13
2021–22,Leicester City,West Ham United,2022-02-13,2022-02-13
2021–22,Newcastle United,Aston Villa,2022-02-13,2022-02-13
2021–22,Tottenham Hotspur,Wolverhampton Wanderers,2022-02-13,2022-02-13
2021–22,Manchester United,Brighton & Hove Albion,2022-02-15,2022-02-15
2021–22,Arsenal,Brentford,2022-02-19,2022-02-19
2021–22,Aston Villa,Watford,2022-02-19,2022-02-19
2021–22,Brighton & Hove Albion,Burnley,2022-02-19,2022-02-19
2021–22,Crystal Palace,Chelsea,2022-02-19,2022-02-19
2021–22,Liverpool,Norwich City,2022-02-19,2022-02-19
2021–22,Manchester City,Tottenham Hotspur,2022-02-19,2022-02-19
2021–22,Southampton,Everton,2022-02-19,2022-02-19
2021–22,West Ham United,Newcastle United,2022-02-19,2022-02-19
2021–22,Leeds United,Manchester United,2022-02-20,2022-02-20
2021–22,Wolverhampton Wanderers,Leicester City,2022-02-20,2022-02-20
2021–22,Burnley,Tottenham Hotspur,2022-02-23,2022-02-23
2021–22,Liverpool,Leeds United,2022-02-23,2022-02-23
2021–22,Watford,Crystal Palace,2022-02-23,2022-02-23
2021–22,Arsenal,Wolverhampton Wanderers,2022-02-24,2022-02-24
2021–22,Southampton,Norwich City,2022-02-25,2022-02-25
2021–22,Brentford,Newcastle United,2022-02-26,2022-02-26
2021–22,Brighton & Hove Albion,Aston Villa,2022-02-26,2022-02-26
2021–22,Crystal Palace,Burnley,2022-02-26,2022-02-26
2021–22,Everton,Manchester City,2022-02-26,2022-02-26
2021–22,Leeds United,Tottenham Hotspur,2022-02-26,2022-02-26
2021–22,Manchester United,Watford,2022-02-26,2022-02-26
2021–22,West Ham United,Wolverhampton Wanderers,2022-02-27,2022-02-27
2021–22,Burnley,Leicester City,2022-03-01,2022-03-01
2021–22,Aston Villa,Southampton,2022-03-05,2022-03-05
2021–22,Burnley,Chelsea,2022-03-05,2022-03-05
2021–22,Leicester City,Leeds United,2022-03-05,2022-03-05
2021–22,Liverpool,West Ham United,2022-03-05,2022-03-05
2021–22,Newcastle United,Brighton & Hove Albion,2022-03-05,2022-03-05
2021–22,Norwich City,Brentford,2022-03-05,2022-03-05
2021–22,Wolverhampton Wanderers,Crystal Palace,2022-03-05,2022-03-05
2021–22,Manchester City,Manchester United,2022-03-06,2022-03-06
2021–22,Watford,Arsenal,2022-03-06,2022-03-06
2021–22,Tottenham Hotspur,Everton,2022-03-07,2022-03-07
2021–22,Leeds United,Aston Villa,2022-03-10,2022-03-10
2021–22,Norwich City,Chelsea,2022-03-10,2022-03-10
2021–22,Southampton,Newcastle United,2022-03-10,2022-03-10
2021–22,Wolverhampton Wanderers,Watford,2022-03-10,2022-03-10
2021–22,Brentford,Burnley,2022-03-12,2022-03-12
2021–22,Brighton & Hove Albion,Liverpool,2022-03-12,2022-03-12
2021–22,Manchester United,Tottenham Hotspur,2022-03-12,2022-03-12
2021–22,Arsenal,Leicester City,2022-03-13,2022-03-13
2021–22,Chelsea,Newcastle United,2022-03-13,2022-03-13
2021–22,Everton,Wolverhampton Wanderers,2022-03-13,2022-03-13
2021–22,Leeds United,Norwich City,2022-03-13,2022-03-13
2021–22,Southampton,Watford,2022-03-13,2022-03-13
2021–22,West Ham United,Aston Villa,2022-03-13,2022-03-13
2021–22,Crystal Palace,Manchester City,2022-03-14,2022-03-14
2021–22,Arsenal,Liverpool,2022-03-16,2022-03-16
2021–22,Brighton & Hove Albion,Tottenham Hotspur,2022-03-16,2022-03-16
2021–22,Everton,Newcastle United,2022-03-17,2022-03-17
2021–22,Wolverhampton Wanderers,Leeds United,2022-03-18,2022-03-18
2021–22,Aston Villa,Arsenal,2022-03-19,2022-03-19
2021–22,Leicester City,Brentford,2022-03-20,2022-03-20
2021–22,Tottenham Hotspur,West Ham United,2022-03-20,2022-03-20
2021–22,Brighton & Hove Albion,Norwich City,2022-04-02,2022-04-02
2021–22,Burnley,Manchester City,2022-04-02,2022-04-02
2021–22,Chelsea,Brentford,2022-04-02,2022-04-02
2021–22,Leeds United,Southampton,2022-04-02,2022-04-02
2021–22,Liverpool,Watford,2022-04-02,2022-04-02
2021–22,Manchester United,Leicester City,2022-04-02,2022-04-02
2021–22,Wolverhampton Wanderers,Aston Villa,2022-04-02,2022-04-02
2021–22,Tottenham Hotspur,Newcastle United,2022-04-03,2022-04-03
2021–22,West Ham United,Everton,2022-04-03,2022-04-03
2021–22,Crystal Palace,Arsenal,2022-04-04,2022-04-04
2021–22,Burnley,Everton,2022-04-06,2022-04-06
2021–22,Newcastle United,Wolverhampton Wanderers,2022-04-08,2022-04-08
2021–22,Arsenal,Brighton & Hove Albion,2022-04-09,2022-04-09
2021–22,Aston Villa,Tottenham Hotspur,2022-04-09,2022-04-09
2021–22,Everton,Manchester United,2022-04-09,2022-04-09
2021–22,Southampton,Chelsea,2022-04-09,2022-04-09
2021–22,Watford,Leeds United,2022-04-09,2022-04-09
2021–22,Brentford,West Ham United,2022-04-10,2022-04-10
2021–22,Leicester City,Crystal Palace,2022-04-10,2022-04-10
2021–22,Manchester City,Liverpool,2022-04-10,2022-04-10
2021–22,Norwich City,Burnley,2022-04-10,2022-04-10
2021–22,Manchester United,Norwich City,2022-04-16,2022-04-16
2021–22,Southampton,Arsenal,2022-04-16,2022-04-16
2021–22,Tottenham Hotspur,Brighton & Hove Albion,2022-04-16,2022-04-16
2021–22,Watford,Brentford,2022-04-16,2022-04-16
2021–22,Newcastle United,Leicester City,2022-04-17,2022-04-17
2021–22,West Ham United,Burnley,2022-04-17,2022-04-17
2021–22,Liverpool,Manchester United,2022-04-19,2022-04-19
2021–22,Chelsea,Arsenal,2022-04-20,2022-04-20
2021–22,Everton,Leicester City,2022-04-20,2022-04-20
2021–22,Manchester City,Brighton & Hove Albion,2022-04-20,2022-04-20
2021–22,Newcastle United,Crystal Palace,2022-04-20,2022-04-20
2021–22,Burnley,Southampton,2022-04-21,2022-04-21
2021–22,Arsenal,Manchester United,2022-04-23,2022-04-23
2021–22,Brentford,Tottenham Hotspur,2022-04-23,2022-04-23
2021–22,Leicester City,Aston Villa,2022-04-23,2022-04-23
2021–22,Manchester City,Watford,2022-04-23,2022-04-23
2021–22,Norwich City,Newcastle United,2022-04-23,2022-04-23
2021–22,Brighton & Hove Albion,Southampton,2022-04-24,2022-04-24
2021–22,Burnley,Wolverhampton Wanderers,2022-04-24,2022-04-24
2021–22,Chelsea,West Ham United,2022-04-24,2022-04-24
2021–22,Liverpool,Everton,2022-04-24,2022-04-24
2021–22,Crystal Palace,Leeds United,2022-04-25,2022-04-25
2021–22,Manchester United,Chelsea,2022-04-28,2022-04-28
2021–22,Aston Villa,Norwich City,2022-04-30,2022-04-30
2021–22,Leeds United,Manchester City,2022-04-30,2022-04-30
2021–22,Newcastle United,Liverpool,2022-04-30,2022-04-30
2021–22,Southampton,Crystal Palace,2022-04-30,2022-04-30
2021–22,Watford,Burnley,2022-04-30,2022-04-30
2021–22,Wolverhampton Wanderers,Brighton & Hove Albion,2022-04-30,2022-04-30
2021–22,Everton,Chelsea,2022-05-01,2022-05-01
2021–22,Tottenham Hotspur,Leicester City,2022-05-01,2022-05-01
2021–22,West Ham United,Arsenal,2022-05-01,2022-05-01
2021–22,Manchester United,Brentford,2022-05-02,2022-05-02
2021–22,Brentford,Southampton,2022-05-07,2022-05-07
2021–22,Brighton & Hove Albion,Manchester United,2022-05-07,2022-05-07
2021–22,Burnley,Aston Villa,2022-05-07,2022-05-07
2021–22,Chelsea,Wolverhampton Wanderers,2022-05-07,2022-05-07
2021–22,Crystal Palace,Watford,2022-05-07,2022-05-07
2021–22,Liverpool,Tottenham Hotspur,2022-05-07,2022-05-07
2021–22,Arsenal,Leeds United,2022-05-08,2022-05-08
2021–22,Leicester City,Everton,2022-05-08,2022-05-08
2021–22,Manchester City,Newcastle United,2022-05-08,2022-05-08
2021–22,Norwich City,West Ham United,2022-05-08,2022-05-08
2021–22,Aston Villa,Liverpool,2022-05-10,2022-05-10
2021–22,Leeds United,Chelsea,2022-05-11,2022-05-11
2021–22,Leicester City,Norwich City,2022-05-11,2022-05-11
2021–22,Watford,Everton,2022-05-11,2022-05-11
2021–22,Wolverhampton Wanderers,Manchester City,2022-05-11,2022-05-11
2021–22,Tottenham Hotspur,Arsenal,2022-05-12,2022-05-12
2021–22,Aston Villa,Crystal Palace,2022-05-15,2022-05-15
2021–22,Everton,Brentford,2022-05-15,2022-05-15
2021–22,Leeds United,Brighton & Hove Albion,2022-05-15,2022-05-15
2021–22,Tottenham Hotspur,Burnley,2022-05-15,2022-05-15
2021–22,Watford,Leicester City,2022-05-15,2022-05-15
2021–22,West Ham United,Manchester City,2022-05-15,2022-05-15
2021–22,Wolverhampton Wanderers,Norwich City,2022-05-15,2022-05-15
2021–22,Newcastle United,Arsenal,2022-05-16,2022-05-16
2021–22,Southampton,Liverpool,2022-05-17,2022-05-17
2021–22,Aston Villa,Burnley,2022-05-19,2022-05-19
2021–22,Chelsea,Leicester City,2022-05-19,2022-05-19
2021–22,Everton,Crystal Palace,2022-05-19,2022-05-19
2021–22,Arsenal,Everton,2022-05-22,2022-05-22
2021–22,Brentford,Leeds United,2022-05-22,2022-05-22
2021–22,Brighton & Hove Albion,West Ham United,2022-05-22,2022-05-22
2021–22,Burnley,Newcastle United,2022-05-22,2022-05-22
2021–22,Chelsea,Watford,2022-05-22,2022-05-22
2021–22,Crystal Palace,Manchester United,2022-05-22,2022-05-22
2021–22,Leicester City,Southampton,2022-05-22,2022-05-22
2021–22,Liverpool,Wolverhampton Wanderers,2022-05-22,2022-05-22
2021–22,Manchester City,Aston Villa,2022-05-22,2022-05-22
2021–22,Norwich City,Tottenham Hotspur,2022-05-22,2022-05-22
2022–23,Crystal Palace,Arsenal,2022-08-05,2022-08-05
2022–23,AFC Bournemouth,Aston Villa,2022-08-06,2022-08-06
2022–23,Everton,Chelsea,2022-08-06,2022-08-06
2022–23,Fulham,Liverpool,2022-08-06,2022-08-06
2022–23,Leeds United,Wolverhampton Wanderers,2022-08-06,2022-08-06
2022–23,Newcastle United,Nottingham Forest,2022-08-06,2022-08-06
2022–23,Tottenham Hotspur,Southampton,2022-08-06,2022-08-06
2022–23,Leicester City,Brentford,2022-08-07,2022-08-07
2022–23,Manchester United,Brighton & Hove Albion,2022-08-07,2022-08-07
2022–23,West Ham United,Manchester City,2022-08-07,2022-08-07
2022–23,Arsenal,Leicester City,2022-08-13,2022-08-13
2022–23,Aston Villa,Everton,2022-08-13,2022-08-13
2022–23,Brentford,Manchester United,2022-08-13,2022-08-13
2022–23,Brighton & Hove Albion,Newcastle United,2022-08-13,2022-08-13
2022–23,Manchester City,AFC Bournemouth,2022-08-13,2022-08-13
2022–23,Southampton,Leeds United,2022-08-13,2022-08-13
2022–23,Wolverhampton Wanderers,Fulham,2022-08-13,2022-08-13
2022–23,Chelsea,Tottenham Hotspur,2022-08-14,2022-08-14
2022–23,Nottingham Forest,West Ham United,2022-08-14,2022-08-14
2022–23,Liverpool,Crystal Palace,2022-08-15,2022-08-15
2022–23,AFC Bournemouth,Arsenal,2022-08-20,2022-08-20
2022–23,Crystal Palace,Aston Villa,2022-08-20,2022-08-20
2022–23,Everton,Nottingham Forest,2022-08-20,2022-08-20
2022–23,Fulham,Brentford,2022-08-20,2022-08-20
2022–23,Leicester City,Southampton,2022-08-20,2022-08-20
2022–23,Tottenham Hotspur,Wolverhampton Wanderers,2022-08-20,2022-08-20
2022–23,Leeds United,Chelsea,2022-08-21,2022-08-21
2022–23,Newcastle United,Manchester City,2022-08-21,2022-08-21
2022–23,West Ham United,Brighton & Hove Albion,2022-08-21,2022-08-21
2022–23,Manchester United,Liverpool,2022-08-22,2022-08-22
2022–23,Arsenal,Fulham,2022-08-27,2022-08-27
2022–23,Brentford,Everton,2022-08-27,2022-08-27
2022–23,Brighton & Hove Albion,Leeds United,2022-08-27,2022-08-27
2022–23,Chelsea,Leicester City,2022-08-27,2022-08-27
2022–23,Liverpool,AFC Bournemouth,2022-08-27,2022-08-27
2022–23,Manchester City,Crystal Palace,2022-08-27,2022-08-27
2022–23,Southampton,Manchester United,2022-08-27,2022-08-27
2022–23,Aston Villa,West Ham United,2022-08-28,2022-08-28
2022–23,Nottingham Forest,Tottenham Hotspur,2022-08-28,2022-08-28
2022–23,Wolverhampton Wanderers,Newcastle United,2022-08-28,2022-08-28
2022–23,Crystal Palace,Brentford,2022-08-30,2022-08-30
2022–23,Fulham,Brighton & Hove Albion,2022-08-30,2022-08-30
2022–23,Leeds United,Everton,2022-08-30,2022-08-30
2022–23,Southampton,Chelsea,2022-08-30,2022-08-30
2022–23,AFC Bournemouth,Wolverhampton Wanderers,2022-08-31,2022-08-31
2022–23,Arsenal,Aston Villa,2022-08-31,2022-08-31
2022–23,Liverpool,Newcastle United,2022-08-31,2022-08-31
2022–23,Manchester City,Nottingham Forest,2022-08-31,2022-08-31
2022–23,West Ham United,Tottenham Hotspur,2022-08-31,2022-08-31
2022–23,Leicester City,Manchester United,2022-09-01,2022-09-01
2022–23,Aston Villa,Manchester City,2022-09-03,2022-09-03
2022–23,Brentford,Leeds United,2022-09-03,2022-09-03
2022–23,Chelsea,West Ham United,2022-09-03,2022-09-03
2022–23,Everton,Liverpool,2022-09-03,2022-09-03
2022–23,Newcastle United,Crystal Palace,2022-09-03,2022-09-03
2022–23,Nottingham Forest,AFC Bournemouth,2022-09-03,2022-09-03
2022–23,Tottenham Hotspur,Fulham,2022-09-03,2022-09-03
2022–23,Wolverhampton Wanderers,Southampton,2022-09-03,2022-09-03
2022–23,Brighton & Hove Albion,Leicester City,2022-09-04,2022-09-04
2022–23,Manchester United,Arsenal,2022-09-04,2022-09-04
2022–23,Aston Villa,Southampton,2022-09-16,2022-09-16
2022–23,Nottingham Forest,Fulham,2022-09-16,2022-09-16
2022–23,Newcastle United,AFC Bournemouth,2022-09-17,2022-09-17
2022–23,Tottenham Hotspur,Leicester City,2022-09-17,2022-09-17
2022–23,Wolverhampton Wanderers,Manchester City,2022-09-17,2022-09-17
2022–23,Brentford,Arsenal,2022-09-18,2022-09-18
2022–23,Everton,West Ham United,2022-09-18,2022-09-18
2022–23,AFC Bournemouth,Brentford,2022-10-01,2022-10-01
2022–23,Arsenal,Tottenham Hotspur,2022-10-01,2022-10-01
2022–23,Crystal Palace,Chelsea,2022-10-01,2022-10-01
2022–23,Fulham,Newcastle United,2022-10-01,2022-10-01
2022–23,Liverpool,Brighton & Hove Albion,2022-10-01,2022-10-01
2022–23,Southampton,Everton,2022-10-01,2022-10-01
2022–23,West Ham United,Wolverhampton Wanderers,2022-10-01,2022-10-01
2022–23,Leeds United,Aston Villa,2022-10-02,2022-10-02
2022–23,Manchester City,Manchester United,2022-10-02,2022-10-02
2022–23,Leicester City,Nottingham Forest,2022-10-03,2022-10-03
2022–23,AFC Bournemouth,Leicester City,2022-10-08,2022-10-08
2022–23,Brighton & Hove Albion,Tottenham Hotspur,2022-10-08,2022-10-08
2022–23,Chelsea,Wolverhampton Wanderers,2022-10-08,2022-10-08
2022–23,Manchester City,Southampton,2022-10-08,2022-10-08
2022–23,Newcastle United,Brentford,2022-10-08,2022-10-08
2022–23,Arsenal,Liverpool,2022-10-09,2022-10-09
2022–23,Crystal Palace,Leeds United,2022-10-09,2022-10-09
2022–23,Everton,Manchester United,2022-10-09,2022-10-09
2022–23,West Ham United,Fulham,2022-10-09,2022-10-09
2022–23,Nottingham Forest,Aston Villa,2022-10-10,2022-10-10
2022–23,Brentford,Brighton & Hove Albion,2022-10-14,2022-10-14
2022–23,Fulham,AFC Bournemouth,2022-10-15,2022-10-15
2022–23,Leicester City,Crystal Palace,2022-10-15,2022-10-15
2022–23,Tottenham Hotspur,Everton,2022-10-15,2022-10-15
2022–23,Wolverhampton Wanderers,Nottingham Forest,2022-10-15,2022-10-15
2022–23,Aston Villa,Chelsea,2022-10-16,2022-10-16
2022–23,Leeds United,Arsenal,2022-10-16,2022-10-16
2022–23,Liverpool,Manchester City,2022-10-16,2022-10-16
2022–23,Manchester United,Newcastle United,2022-10-16,2022-10-16
2022–23,Southampton,West Ham United,2022-10-16,2022-10-16
2022–23,Brighton & Hove Albion,Nottingham Forest,2022-10-18,2022-10-18
2022–23,Crystal Palace,Wolverhampton Wanderers,2022-10-18,2022-10-18
2022–23,AFC Bournemouth,Southampton,2022-10-19,2022-10-19
2022–23,Brentford,Chelsea,2022-10-19,2022-10-19
2022–23,Liverpool,West Ham United,2022-10-19,2022-10-19
2022–23,Manchester United,Tottenham Hotspur,2022-10-19,2022-10-19
2022–23,Newcastle United,Everton,2022-10-19,2022-10-19
2022–23,Fulham,Aston Villa,2022-10-20,2022-10-20
2022–23,Leicester City,Leeds United,2022-10-20,2022-10-20
2022–23,Chelsea,Manchester United,2022-10-22,2022-10-22
2022–23,Everton,Crystal Palace,2022-10-22,2022-10-22
2022–23,Manchester City,Brighton & Hove Albion,2022-10-22,2022-10-22
2022–23,Nottingham Forest,Liverpool,2022-10-22,2022-10-22
2022–23,Aston Villa,Brentford,2022-10-23,2022-10-23
2022–23,Leeds United,Fulham,2022-10-23,2022-10-23
2022–23,Southampton,Arsenal,2022-10-23,2022-10-23
2022–23,Tottenham Hotspur,Newcastle United,2022-10-23,2022-10-23
2022–23,Wolverhampton Wanderers,Leicester City,2022-10-23,2022-10-23
2022–23,West Ham United,AFC Bournemouth,2022-10-24,2022-10-24
2022–23,AFC Bournemouth,Tottenham Hotspur,2022-10-29,2022-10-29
2022–23,Brentford,Wolverhampton Wanderers,2022-10-29,2022-10-29
2022–23,Brighton & Hove Albion,Chelsea,2022-10-29,2022-10-29
2022–23,Crystal Palace,Southampton,2022-10-29,2022-10-29
2022–23,Fulham,Everton,2022-10-29,2022-10-29
2022–23,Leicester City,Manchester City,2022-10-29,2022-10-29
2022–23,Liverpool,Leeds United,2022-10-29,2022-10-29
2022–23,Newcastle United,Aston Villa,2022-10-29,2022-10-29
2022–23,Arsenal,Nottingham Forest,2022-10-30,2022-10-30
2022–23,Manchester United,West Ham United,2022-10-30,2022-10-30
2022–23,Everton,Leicester City,2022-11-05,2022-11-05
2022–23,Leeds United,AFC Bournemouth,2022-11-05,2022-11-05
2022–23,Manchester City,Fulham,2022-11-05,2022-11-05
2022–23,Nottingham Forest,Brentford,2022-11-05,2022-11-05
2022–23,Wolverhampton Wanderers,Brighton & Hove Albion,2022-11-05,2022-11-05
2022–23,Aston Villa,Manchester United,2022-11-06,2022-11-06
2022–23,Chelsea,Arsenal,2022-11-06,2022-11-06
2022–23,Southampton,Newcastle United,2022-11-06,2022-11-06
2022–23,Tottenham Hotspur,Liverpool,2022-11-06,2022-11-06
2022–23,West Ham United,Crystal Palace,2022-11-06,2022-11-06
2022–23,AFC Bournemouth,Everton,2022-11-12,2022-11-12
2022–23,Liverpool,Southampton,2022-11-12,2022-11-12
2022–23,Manchester City,Brentford,2022-11-12,2022-11-12
2022–23,Newcastle United,Chelsea,2022-11-12,2022-11-12
2022–23,Nottingham Forest,Crystal Palace,2022-11-12,2022-11-12
2022–23,Tottenham Hotspur,Leeds United,2022-11-12,2022-11-12
2022–23,West Ham United,Leicester City,2022-11-12,2022-11-12
2022–23,Wolverhampton Wanderers,Arsenal,2022-11-12,2022-11-12
2022–23,Brighton & Hove Albion,Aston Villa,2022-11-13,2022-11-13
2022–23,Fulham,Manchester United,2022-11-13,2022-11-13
2022–23,Arsenal,West Ham United,2022-12-26,2022-12-26
2022–23,Aston Villa,Liverpool,2022-12-26,2022-12-26
2022–23,Brentford,Tottenham Hotspur,2022-12-26,2022-12-26
2022–23,Crystal Palace,Fulham,2022-12-26,2022-12-26
2022–23,Everton,Wolverhampton Wanderers,2022-12-26,2022-12-26
2022–23,Leicester City,Newcastle United,2022-12-26,2022-12-26
2022–23,Southampton,Brighton & Hove Albion,2022-12-26,2022-12-26
2022–23,Chelsea,AFC Bournemouth,2022-12-27,2022-12-27
2022–23,Manchester United,Nottingham Forest,2022-12-27,2022-12-27
2022–23,Leeds United,Manchester City,2022-12-28,2022-12-28
2022–23,Liverpool,Leicester City,2022-12-30,2022-12-30
2022–23,West Ham United,Brentford,2022-12-30,2022-12-30
2022–23,AFC Bournemouth,Crystal Palace,2022-12-31,2022-12-31
2022–23,Brighton & Hove Albion,Arsenal,2022-12-31,2022-12-31
2022–23,Fulham,Southampton,2022-12-31,2022-12-31
2022–23,Manchester City,Everton,2022-12-31,2022-12-31
2022–23,Newcastle United,Leeds United,2022-12-31,2022-12-31
2022–23,Wolverhampton Wanderers,Manchester United,2022-12-31,2022-12-31
2022–23,Nottingham Forest,Chelsea,2023-01-01,2023-01-01
2022–23,Tottenham Hotspur,Aston Villa,2023-01-01,2023-01-01
2022–23,Brentford,Liverpool,2023-01-02,2023-01-02
2022–23,Arsenal,Newcastle United,2023-01-03,2023-01-03
2022–23,Everton,Brighton & Hove Albion,2023-01-03,2023-01-03
2022–23,Leicester City,Fulham,2023-01-03,2023-01-03
2022–23,Manchester United,AFC Bournemouth,2023-01-03,2023-01-03
2022–23,Aston Villa,Wolverhampton Wanderers,2023-01-04,2023-01-04
2022–23,Crystal Palace,Tottenham Hotspur,2023-01-04,2023-01-04
2022–23,Leeds United,West Ham United,2023-01-04,2023-01-04
2022–23,Southampton,Nottingham Forest,2023-01-04,2023-01-04
2022–23,Chelsea,Manchester City,2023-01-05,2023-01-05
2022–23,Fulham,Chelsea,2023-01-12,2023-01-12
2022–23,Aston Villa,Leeds United,2023-01-13,2023-01-13
2022–23,Brentford,AFC Bournemouth,2023-01-14,2023-01-14
2022–23,Brighton & Hove Albion,Liverpool,2023-01-14,2023-01-14
2022–23,Everton,Southampton,2023-01-14,2023-01-14
2022–23,Manchester United,Manchester City,2023-01-14,2023-01-14
2022–23,Nottingham Forest,Leicester City,2023-01-14,2023-01-14
2022–23,Wolverhampton Wanderers,West Ham United,2023-01-14,2023-01-14
2022–23,Chelsea,Crystal Palace,2023-01-15,2023-01-15
2022–23,Newcastle United,Fulham,2023-01-15,2023-01-15
2022–23,Tottenham Hotspur,Arsenal,2023-01-15,2023-01-15
2022–23,Crystal Palace,Manchester United,2023-01-18,2023-01-18
2022–23,Manchester City,Tottenham Hotspur,2023-01-19,2023-01-19
2022–23,AFC Bournemouth,Nottingham Forest,2023-01-21,2023-01-21
2022–23,Crystal Palace,Newcastle United,2023-01-21,2023-01-21
2022–23,Leicester City,Brighton & Hove Albion,2023-01-21,2023-01-21
2022–23,Liverpool,Chelsea,2023-01-21,2023-01-21
2022–23,Southampton,Aston Villa,2023-01-21,2023-01-21
2022–23,West Ham United,Everton,2023-01-21,2023-01-21
2022–23,Arsenal,Manchester United,2023-01-22,2023-01-22
2022–23,Leeds United,Brentford,2023-01-22,2023-01-22
2022–23,Manchester City,Wolverhampton Wanderers,2023-01-22,2023-01-22
2022–23,Fulham,Tottenham Hotspur,2023-01-23,2023-01-23
2022–23,Chelsea,Fulham,2023-02-03,2023-02-03
2022–23,Aston Villa,Leicester City,2023-02-04,2023-02-04
2022–23,Brentford,Southampton,2023-02-04,2023-02-04
2022–23,Brighton & Hove Albion,AFC Bournemouth,2023-02-04,2023-02-04
2022–23,Everton,Arsenal,2023-02-04,2023-02-04
2022–23,Manchester United,Crystal Palace,2023-02-04,2023-02-04
2022–23,Newcastle United,West Ham United,2023-02-04,2023-02-04
2022–23,Wolverhampton Wanderers,Liverpool,2023-02-04,2023-02-04
2022–23,Nottingham Forest,Leeds United,2023-02-05,2023-02-05
2022–23,Tottenham Hotspur,Manchester City,2023-02-05,2023-02-05
2022–23,Manchester United,Leeds United,2023-02-08,2023-02-08
2022–23,AFC Bournemouth,Newcastle United,2023-02-11,2023-02-11
2022–23,Arsenal,Brentford,2023-02-11,2023-02-11
2022–23,Crystal Palace,Brighton & Hove Albion,2023-02-11,2023-02-11
2022–23,Fulham,Nottingham Forest,2023-02-11,2023-02-11
2022–23,Leicester City,Tottenham Hotspur,2023-02-11,2023-02-11
2022–23,Southampton,Wolverhampton Wanderers,2023-02-11,2023-02-11
2022–23,West Ham United,Chelsea,2023-02-11,2023-02-11
2022–23,Leeds United,Manchester United,2023-02-12,2023-02-12
2022–23,Manchester City,Aston Villa,2023-02-12,2023-02-12
2022–23,Liverpool,Everton,2023-02-13,2023-02-13
2022–23,Arsenal,Manchester City,2023-02-15,2023-02-15
2022–23,Aston Villa,Arsenal,2023-02-18,2023-02-18
2022–23,Brentford,Crystal Palace,2023-02-18,2023-02-18
2022–23,Brighton & Hove Albion,Fulham,2023-02-18,2023-02-18
2022–23,Chelsea,Southampton,2023-02-18,2023-02-18
2022–23,Everton,Leeds United,2023-02-18,2023-02-18
2022–23,Newcastle United,Liverpool,2023-02-18,2023-02-18
2022–23,Nottingham Forest,Manchester City,2023-02-18,2023-02-18
2022–23,Wolverhampton Wanderers,AFC Bournemouth,2023-02-18,2023-02-18
2022–23,Manchester United,Leicester City,2023-02-19,2023-02-19
2022–23,Tottenham Hotspur,West Ham United,2023-02-19,2023-02-19
2022–23,Fulham,Wolverhampton Wanderers,2023-02-24,2023-02-24
2022–23,AFC Bournemouth,Manchester City,2023-02-25,2023-02-25
2022–23,Crystal Palace,Liverpool,2023-02-25,2023-02-25
2022–23,Everton,Aston Villa,2023-02-25,2023-02-25
2022–23,Leeds United,Southampton,2023-02-25,2023-02-25
2022–23,Leicester City,Arsenal,2023-02-25,2023-02-25
2022–23,West Ham United,Nottingham Forest,2023-02-25,2023-02-25
2022–23,Tottenham Hotspur,Chelsea,2023-02-26,2023-02-26
2022–23,Arsenal,Everton,2023-03-01,2023-03-01
2022–23,Liverpool,Wolverhampton Wanderers,2023-03-01,2023-03-01
2022–23,Arsenal,AFC Bournemouth,2023-03-04,2023-03-04
2022–23,Aston Villa,Crystal Palace,2023-03-04,2023-03-04
2022–23,Brighton & Hove Albion,West Ham United,2023-03-04,2023-03-04
2022–23,Chelsea,Leeds United,2023-03-04,2023-03-04
2022–23,Manchester City,Newcastle United,2023-03-04,2023-03-04
2022–23,Southampton,Leicester City,2023-03-04,2023-03-04
2022–23,Wolverhampton Wanderers,Tottenham Hotspur,2023-03-04,2023-03-04
2022–23,Liverpool,Manchester United,2023-03-05,2023-03-05
2022–23,Nottingham Forest,Everton,2023-03-05,2023-03-05
2022–23,Brentford,Fulham,2023-03-06,2023-03-06
2022–23,AFC Bournemouth,Liverpool,2023-03-11,2023-03-11
2022–23,Crystal Palace,Manchester City,2023-03-11,2023-03-11
2022–23,Everton,Brentford,2023-03-11,2023-03-11
2022–23,Leeds United,Brighton & Hove Albion,2023-03-11,2023-03-11
2022–23,Leicester City,Chelsea,2023-03-11,2023-03-11
2022–23,Tottenham Hotspur,Nottingham Forest,2023-03-11,2023-03-11
2022–23,Fulham,Arsenal,2023-03-12,2023-03-12
2022–23,Manchester United,Southampton,2023-03-12,2023-03-12
2022–23,Newcastle United,Wolverhampton Wanderers,2023-03-12,2023-03-12
2022–23,West Ham United,Aston Villa,2023-03-12,2023-03-12
2022–23,Brighton & Hove Albion,Crystal Palace,2023-03-15,2023-03-15
2022–23,Southampton,Brentford,2023-03-15,2023-03-15
2022–23,Nottingham Forest,Newcastle United,2023-03-17,2023-03-17
2022–23,Aston Villa,AFC Bournemouth,2023-03-18,2023-03-18
2022–23,Brentford,Leicester City,2023-03-18,2023-03-18
2022–23,Chelsea,Everton,2023-03-18,2023-03-18
2022–23,Southampton,Tottenham Hotspur,2023-03-18,2023-03-18
2022–23,Wolverhampton Wanderers,Leeds United,2023-03-18,2023-03-18
2022–23,Arsenal,Crystal Palace,2023-03-19,2023-03-19
2022–23,AFC Bournemouth,Fulham,2023-04-01,2023-04-01
2022–23,Arsenal,Leeds United,2023-04-01,2023-04-01
2022–23,Brighton & Hove Albion,Brentford,2023-04-01,2023-04-01
2022–23,Chelsea,Aston Villa,2023-04-01,2023-04-01
2022–23,Crystal Palace,Leicester City,2023-04-01,2023-04-01
2022–23,Manchester City,Liverpool,2023-04-01,2023-04-01
2022–23,Nottingham Forest,Wolverhampton Wanderers,2023-04-01,2023-04-01
2022–23,Newcastle United,Manchester United,2023-04-02,2023-04-02
2022–23,West Ham United,Southampton,2023-04-02,2023-04-02
2022–23,Everton,Tottenham Hotspur,2023-04-03,2023-04-03
2022–23,AFC Bournemouth,Brighton & Hove Albion,2023-04-04,2023-04-04
2022–23,Chelsea,Liverpool,2023-04-04,2023-04-04
2022–23,Leeds United,Nottingham Forest,2023-04-04,2023-04-04
2022–23,Leicester City,Aston Villa,2023-04-04,2023-04-04
2022–23,Manchester United,Brentford,2023-04-05,2023-04-05
2022–23,West Ham United,Newcastle United,2023-04-05,2023-04-05
2022–23,Aston Villa,Nottingham Forest,2023-04-08,2023-04-08
2022–23,Brentford,Newcastle United,2023-04-08,2023-04-08
2022–23,Fulham,West Ham United,2023-04-08,2023-04-08
2022–23,Leicester City,AFC Bournemouth,2023-04-08,2023-04-08
2022–23,Manchester United,Everton,2023-04-08,2023-04-08
2022–23,Southampton,Manchester City,2023-04-08,2023-04-08
2022–23,Tottenham Hotspur,Brighton & Hove Albion,2023-04-08,2023-04-08
2022–23,Wolverhampton Wanderers,Chelsea,2023-04-08,2023-04-08
2022–23,Leeds United,Crystal Palace,2023-04-09,2023-04-09
2022–23,Liverpool,Arsenal,2023-04-09,2023-04-09
2022–23,Aston Villa,Newcastle United,2023-04-15,2023-04-15
2022–23,Chelsea,Brighton & Hove Albion,2023-04-15,2023-04-15
2022–23,Everton,Fulham,2023-04-15,2023-04-15
2022–23,Manchester City,Leicester City,2023-04-15,2023-04-15
2022–23,Southampton,Crystal Palace,2023-04-15,2023-04-15
2022–23,Tottenham Hotspur,AFC Bournemouth,2023-04-15,2023-04-15
2022–23,Wolverhampton Wanderers,Brentford,2023-04-15,2023-04-15
2022–23,Nottingham Forest,Manchester United,2023-04-16,2023-04-16
2022–23,West Ham United,Arsenal,2023-04-16,2023-04-16
2022–23,Leeds United,Liverpool,2023-04-17,2023-04-17
2022–23,Arsenal,Southampton,2023-04-21,2023-04-21
2022–23,Brentford,Aston Villa,2023-04-22,2023-04-22
2022–23,Crystal Palace,Everton,2023-04-22,2023-04-22
2022–23,Fulham,Leeds United,2023-04-22,2023-04-22
2022–23,Leicester City,Wolverhampton Wanderers,2023-04-22,2023-04-22
2022–23,Liverpool,Nottingham Forest,2023-04-22,2023-04-22
2022–23,AFC Bournemouth,West Ham United,2023-04-23,2023-04-23
2022–23,Newcastle United,Tottenham Hotspur,2023-04-23,2023-04-23
2022–23,Aston Villa,Fulham,2023-04-25,2023-04-25
2022–23,Leeds United,Leicester City,2023-04-25,2023-04-25
2022–23,Wolverhampton Wanderers,Crystal Palace,2023-04-25,2023-04-25
2022–23,Chelsea,Brentford,2023-04-26,2023-04-26
2022–23,Manchester City,Arsenal,2023-04-26,2023-04-26
2022–23,Nottingham Forest,Brighton & Hove Albion,2023-04-26,2023-04-26
2022–23,West Ham United,Liverpool,2023-04-26,2023-04-26
2022–23,Everton,Newcastle United,2023-04-27,2023-04-27
2022–23,Southampton,AFC Bournemouth,2023-04-27,2023-04-27
2022–23,Tottenham Hotspur,Manchester United,2023-04-27,2023-04-27
2022–23,Brentford,Nottingham Forest,2023-04-29,2023-04-29
2022–23,Brighton & Hove Albion,Wolverhampton Wanderers,2023-04-29,2023-04-29
2022–23,Crystal Palace,West Ham United,2023-04-29,2023-04-29
2022–23,AFC Bournemouth,Leeds United,2023-04-30,2023-04-30
2022–23,Fulham,Manchester City,2023-04-30,2023-04-30
2022–23,Liverpool,Tottenham Hotspur,2023-04-30,2023-04-30
2022–23,Manchester United,Aston Villa,2023-04-30,2023-04-30
2022–23,Newcastle United,Southampton,2023-04-30,2023-04-30
2022–23,Leicester City,Everton,2023-05-01,2023-05-01
2022–23,Arsenal,Chelsea,2023-05-02,2023-05-02
2022–23,Liverpool,Fulham,2023-05-03,2023-05-03
2022–23,Manchester City,West Ham United,2023-05-03,2023-05-03
2022–23,Brighton & Hove Albion,Manchester United,2023-05-04,2023-05-04
2022–23,AFC Bournemouth,Chelsea,2023-05-06,2023-05-06
2022–23,Liverpool,Brentford,2023-05-06,2023-05-06
2022–23,Manchester City,Leeds United,2023-05-06,2023-05-06
2022–23,Tottenham Hotspur,Crystal Palace,2023-05-06,2023-05-06
2022–23,Wolverhampton Wanderers,Aston Villa,2023-05-06,2023-05-06
2022–23,Newcastle United,Arsenal,2023-05-07,2023-05-07
2022–23,West Ham United,Manchester United,2023-05-07,2023-05-07
2022–23,Brighton & Hove Albion,Everton,2023-05-08,2023-05-08
2022–23,Fulham,Leicester City,2023-05-08,2023-05-08
2022–23,Nottingham Forest,Southampton,2023-05-08,2023-05-08
2022–23,Aston Villa,Tottenham Hotspur,2023-05-13,2023-05-13
2022–23,Chelsea,Nottingham Forest,2023-05-13,2023-05-13
2022–23,Crystal Palace,AFC Bournemouth,2023-05-13,2023-05-13
2022–23,Leeds United,Newcastle United,2023-05-13,2023-05-13
2022–23,Manchester United,Wolverhampton Wanderers,2023-05-13,2023-05-13
2022–23,Southampton,Fulham,2023-05-13,2023-05-13
2022–23,Arsenal,Brighton & Hove Albion,2023-05-14,2023-05-14
2022–23,Brentford,West Ham United,2023-05-14,2023-05-14
2022–23,Everton,Manchester City,2023-05-14,2023-05-14
2022–23,Leicester City,Liverpool,2023-05-15,2023-05-15
2022–23,Newcastle United,Brighton & Hove Albion,2023-05-18,2023-05-18
2022–23,AFC Bournemouth,Manchester United,2023-05-20,2023-05-20
2022–23,Fulham,Crystal Palace,2023-05-20,2023-05-20
2022–23,Liverpool,Aston Villa,2023-05-20,2023-05-20
2022–23,Nottingham Forest,Arsenal,2023-05-20,2023-05-20
2022–23,Tottenham Hotspur,Brentford,2023-05-20,2023-05-20
2022–23,Wolverhampton Wanderers,Everton,2023-05-20,2023-05-20
2022–23,Brighton & Hove Albion,Southampton,2023-05-21,2023-05-21
2022–23,Manchester City,Chelsea,2023-05-21,2023-05-21
2022–23,West Ham United,Leeds United,2023-05-21,2023-05-21
2022–23,Newcastle United,Leicester City,2023-05-22,2023-05-22
2022–23,Brighton & Hove Albion,Manchester City,2023-05-24,2023-05-24
2022–23,Manchester United,Chelsea,2023-05-25,2023-05-25
2022–23,Arsenal,Wolverhampton Wanderers,2023-05-28,2023-05-28
2022–23,Aston Villa,Brighton & Hove Albion,2023-05-28,2023-05-28
2022–23,Brentford,Manchester City,2023-05-28,2023-05-28
2022–23,Chelsea,Newcastle United,2023-05-28,2023-05-28
2022–23,Crystal Palace,Nottingham Forest,2023-05-28,2023-05-28
2022–23,Everton,AFC Bournemouth,2023-05-28,2023-05-28
2022–23,Leeds United,Tottenham Hotspur,2023-05-28,2023-05-28
2022–23,Leicester City,West Ham United,2023-05-28,2023-05-28
2022–23,Manchester United,Fulham,2023-05-28,2023-05-28
2022–23,Southampton,Liverpool,2023-05-28,2023-05-28
2023–24,Burnley,Manchester City,2023-08-11,2023-08-11
2023–24,AFC Bournemouth,West Ham United,2023-08-12,2023-08-12
2023–24,Arsenal,Nottingham Forest,2023-08-12,2023-08-12
2023–24,Brighton & Hove Albion,Luton Town,2023-08-12,2023-08-12
2023–24,Everton,Fulham,2023-08-12,2023-08-12
2023–24,Newcastle United,Aston Villa,2023-08-12,2023-08-12
2023–24,Sheffield United,Crystal Palace,2023-08-12,2023-08-12
2023–24,Brentford,Tottenham Hotspur,2023-08-13,2023-08-13
2023–24,Chelsea,Liverpool,2023-08-13,2023-08-13
2023–24,Manchester United,Wolverhampton Wanderers,2023-08-14,2023-08-14
2023–24,Nottingham Forest,Sheffield United,2023-08-18,2023-08-18
2023–24,Fulham,Brentford,2023-08-19,2023-08-19
2023–24,Liverpool,AFC Bournemouth,2023-08-19,2023-08-19
2023–24,Manchester City,Newcastle United,2023-08-19,2023-08-19
2023–24,Tottenham Hotspur,Manchester United,2023-08-19,2023-08-19
2023–24,Wolverhampton Wanderers,Brighton & Hove Albion,2023-08-19,2023-08-19
2023–24,Aston Villa,Everton,2023-08-20,2023-08-20
2023–24,West Ham United,Chelsea,2023-08-20,2023-08-20
2023–24,Crystal Palace,Arsenal,2023-08-21,2023-08-21
2023–24,Chelsea,Luton Town,2023-08-25,2023-08-25
2023–24,AFC Bournemouth,Tottenham Hotspur,2023-08-26,2023-08-26
2023–24,Arsenal,Fulham,2023-08-26,2023-08-26
2023–24,Brentford,Crystal Palace,2023-08-26,2023-08-26
2023–24,Brighton & Hove Albion,West Ham United,2023-08-26,2023-08-26
2023–24,Everton,Wolverhampton Wanderers,2023-08-26,2023-08-26
2023–24,Manchester United,Nottingham Forest,2023-08-26,2023-08-26
2023–24,Burnley,Aston Villa,2023-08-27,2023-08-27
2023–24,Newcastle United,Liverpool,2023-08-27,2023-08-27
2023–24,Sheffield United,Manchester City,2023-08-27,2023-08-27
2023–24,Luton Town,West Ham United,2023-09-01,2023-09-01
2023–24,Brentford,AFC Bournemouth,2023-09-02,2023-09-02
2023–24,Brighton & Hove Albion,Newcastle United,2023-09-02,2023-09-02
2023–24,Burnley,Tottenham Hotspur,2023-09-02,2023-09-02
2023–24,Chelsea,Nottingham Forest,2023-09-02,2023-09-02
2023–24,Manchester City,Fulham,2023-09-02,2023-09-02
2023–24,Sheffield United,Everton,2023-09-02,2023-09-02
2023–24,Arsenal,Manchester United,2023-09-03,2023-09-03
2023–24,Crystal Palace,Wolverhampton Wanderers,2023-09-03,2023-09-03
2023–24,Liverpool,Aston Villa,2023-09-03,2023-09-03
2023–24,Aston Villa,Crystal Palace,2023-09-16,2023-09-16
2023–24,Fulham,Luton Town,2023-09-16,2023-09-16
2023–24,Manchester United,Brighton & Hove Albion,2023-09-16,2023-09-16
2023–24,Newcastle United,Brentford,2023-09-16,2023-09-16
2023–24,Tottenham Hotspur,Sheffield United,2023-09-16,2023-09-16
2023–24,West Ham United,Manchester City,2023-09-16,2023-09-16
2023–24,Wolverhampton Wanderers,Liverpool,2023-09-16,2023-09-16
2023–24,AFC Bournemouth,Chelsea,2023-09-17,2023-09-17
2023–24,Everton,Arsenal,2023-09-17,2023-09-17
2023–24,Nottingham Forest,Burnley,2023-09-18,2023-09-18
2023–24,Brentford,Everton,2023-09-23,2023-09-23
2023–24,Burnley,Manchester United,2023-09-23,2023-09-23
2023–24,Crystal Palace,Fulham,2023-09-23,2023-09-23
2023–24,Luton Town,Wolverhampton Wanderers,2023-09-23,2023-09-23
2023–24,Manchester City,Nottingham Forest,2023-09-23,2023-09-23
2023–24,Arsenal,Tottenham Hotspur,2023-09-24,2023-09-24
2023–24,Brighton & Hove Albion,AFC Bournemouth,2023-09-24,2023-09-24
2023–24,Chelsea,Aston Villa,2023-09-24,2023-09-24
2023–24,Liverpool,West Ham United,2023-09-24,2023-09-24
2023–24,Sheffield United,Newcastle United,2023-09-24,2023-09-24
2023–24,AFC Bournemouth,Arsenal,2023-09-30,2023-09-30
2023–24,Aston Villa,Brighton & Hove Albion,2023-09-30,2023-09-30
2023–24,Everton,Luton Town,2023-09-30,2023-09-30
2023–24,Manchester United,Crystal Palace,2023-09-30,2023-09-30
2023–24,Newcastle United,Burnley,2023-09-30,2023-09-30
2023–24,Tottenham Hotspur,Liverpool,2023-09-30,2023-09-30
2023–24,West Ham United,Sheffield United,2023-09-30,2023-09-30
2023–24,Wolverhampton Wanderers,Manchester City,2023-09-30,2023-09-30
2023–24,Nottingham Forest,Brentford,2023-10-01,2023-10-01
2023–24,Fulham,Chelsea,2023-10-02,2023-10-02
2023–24,Luton Town,Burnley,2023-10-03,2023-10-03
2023–24,Burnley,Chelsea,2023-10-07,2023-10-07
2023–24,Crystal Palace,Nottingham Forest,2023-10-07,2023-10-07
2023–24,Everton,AFC Bournemouth,2023-10-07,2023-10-07
2023–24,Fulham,Sheffield United,2023-10-07,2023-10-07
2023–24,Luton Town,Tottenham Hotspur,2023-10-07,2023-10-07
2023–24,Manchester United,Brentford,2023-10-07,2023-10-07
2023–24,Arsenal,Manchester City,2023-10-08,2023-10-08
2023–24,Brighton & Hove Albion,Liverpool,2023-10-08,2023-10-08
2023–24,West Ham United,Newcastle United,2023-10-08,2023-10-08
2023–24,Wolverhampton Wanderers,Aston Villa,2023-10-08,2023-10-08
2023–24,AFC Bournemouth,Wolverhampton Wanderers,2023-10-21,2023-10-21
2023–24,Brentford,Burnley,2023-10-21,2023-10-21
2023–24,Chelsea,Arsenal,2023-10-21,2023-10-21
2023–24,Liverpool,Everton,2023-10-21,2023-10-21
2023–24,Manchester City,Brighton & Hove Albion,2023-10-21,2023-10-21
2023–24,Newcastle United,Crystal Palace,2023-10-21,2023-10-21
2023–24,Nottingham Forest,Luton Town,2023-10-21,2023-10-21
2023–24,Sheffield United,Manchester United,2023-10-21,2023-10-21
2023–24,Aston Villa,West Ham United,2023-10-22,2023-10-22
2023–24,Tottenham Hotspur,Fulham,2023-10-23,2023-10-23
2023–24,Crystal Palace,Tottenham Hotspur,2023-10-27,2023-10-27
2023–24,AFC Bournemouth,Burnley,2023-10-28,2023-10-28
2023–24,Arsenal,Sheffield United,2023-10-28,2023-10-28
2023–24,Chelsea,Brentford,2023-10-28,2023-10-28
2023–24,Wolverhampton Wanderers,Newcastle United,2023-10-28,2023-10-28
2023–24,Aston Villa,Luton Town,2023-10-29,2023-10-29
2023–24,Brighton & Hove Albion,Fulham,2023-10-29,2023-10-29
2023–24,Liverpool,Nottingham Forest,2023-10-29,2023-10-29
2023–24,Manchester United,Manchester City,2023-10-29,2023-10-29
2023–24,West Ham United,Everton,2023-10-29,2023-10-29
2023–24,Brentford,West Ham United,2023-11-04,2023-11-04
2023–24,Burnley,Crystal Palace,2023-11-04,2023-11-04
2023–24,Everton,Brighton & Hove Albion,2023-11-04,2023-11-04
2023–24,Fulham,Manchester United,2023-11-04,2023-11-04
2023–24,Manchester City,AFC Bournemouth,2023-11-04,2023-11-04
2023–24,Newcastle United,Arsenal,2023-11-04,2023-11-04
2023–24,Sheffield United,Wolverhampton Wanderers,2023-11-04,2023-11-04
2023–24,Luton Town,Liverpool,2023-11-05,2023-11-05
2023–24,Nottingham Forest,Aston Villa,2023-11-05,2023-11-05
2023–24,Tottenham Hotspur,Chelsea,2023-11-06,2023-11-06
2023–24,AFC Bournemouth,Newcastle United,2023-11-11,2023-11-11
2023–24,Arsenal,Burnley,2023-11-11,2023-11-11
2023–24,Crystal Palace,Everton,2023-11-11,2023-11-11
2023–24,Manchester United,Luton Town,2023-11-11,2023-11-11
2023–24,Wolverhampton Wanderers,Tottenham Hotspur,2023-11-11,2023-11-11
2023–24,Aston Villa,Fulham,2023-11-12,2023-11-12
2023–24,Brighton & Hove Albion,Sheffield United,2023-11-12,2023-11-12
2023–24,Chelsea,Manchester City,2023-11-12,2023-11-12
2023–24,Liverpool,Brentford,2023-11-12,2023-11-12
2023–24,West Ham United,Nottingham Forest,2023-11-12,2023-11-12
2023–24,Brentford,Arsenal,2023-11-25,2023-11-25
2023–24,Burnley,West Ham United,2023-11-25,2023-11-25
2023–24,Luton Town,Crystal Palace,2023-11-25,2023-11-25
2023–24,Manchester City,Liverpool,2023-11-25,2023-11-25
2023–24,Newcastle United,Chelsea,2023-11-25,2023-11-25
2023–24,Nottingham Forest,Brighton & Hove Albion,2023-11-25,2023-11-25
2023–24,Sheffield United,AFC Bournemouth,2023-11-25,2023-11-25
2023–24,Everton,Manchester United,2023-11-26,2023-11-26
2023–24,Tottenham Hotspur,Aston Villa,2023-11-26,2023-11-26
2023–24,Fulham,Wolverhampton Wanderers,2023-11-27,2023-11-27
2023–24,Arsenal,Wolverhampton Wanderers,2023-12-02,2023-12-02
2023–24,Brentford,Luton Town,2023-12-02,2023-12-02
2023–24,Burnley,Sheffield United,2023-12-02,2023-12-02
2023–24,Newcastle United,Manchester United,2023-12-02,2023-12-02
2023–24,Nottingham Forest,Everton,2023-12-02,2023-12-02
2023–24,AFC Bournemouth,Aston Villa,2023-12-03,2023-12-03
2023–24,Chelsea,Brighton & Hove Albion,2023-12-03,2023-12-03
2023–24,Liverpool,Fulham,2023-12-03,2023-12-03
2023–24,Manchester City,Tottenham Hotspur,2023-12-03,2023-12-03
2023–24,West Ham United,Crystal Palace,2023-12-03,2023-12-03
2023–24,Luton Town,Arsenal,2023-12-05,2023-12-05
2023–24,Wolverhampton Wanderers,Burnley,2023-12-05,2023-12-05
2023–24,Aston Villa,Manchester City,2023-12-06,2023-12-06
2023–24,Brighton & Hove Albion,Brentford,2023-12-06,2023-12-06
2023–24,Crystal Palace,AFC Bournemouth,2023-12-06,2023-12-06
2023–24,Fulham,Nottingham Forest,2023-12-06,2023-12-06
2023–24,Manchester United,Chelsea,2023-12-06,2023-12-06
2023–24,Sheffield United,Liverpool,2023-12-06,2023-12-06
2023–24,Everton,Newcastle United,2023-12-07,2023-12-07
2023–24,Tottenham Hotspur,West Ham United,2023-12-07,2023-12-07
2023–24,Aston Villa,Arsenal,2023-12-09,2023-12-09
2023–24,Brighton & Hove Albion,Burnley,2023-12-09,2023-12-09
2023–24,Crystal Palace,Liverpool,2023-12-09,2023-12-09
2023–24,Manchester United,AFC Bournemouth,2023-12-09,2023-12-09
2023–24,Sheffield United,Brentford,2023-12-09,2023-12-09
2023–24,Wolverhampton Wanderers,Nottingham Forest,2023-12-09,2023-12-09
2023–24,Everton,Chelsea,2023-12-10,2023-12-10
2023–24,Fulham,West Ham United,2023-12-10,2023-12-10
2023–24,Luton Town,Manchester City,2023-12-10,2023-12-10
2023–24,Tottenham Hotspur,Newcastle United,2023-12-10,2023-12-10
2023–24,Nottingham Forest,Tottenham Hotspur,2023-12-15,2023-12-15
2023–24,Burnley,Everton,2023-12-16,2023-12-16
2023–24,Chelsea,Sheffield United,2023-12-16,2023-12-16
2023–24,Manchester City,Crystal Palace,2023-12-16,2023-12-16
2023–24,Newcastle United,Fulham,2023-12-16,2023-12-16
2023–24,Arsenal,Brighton & Hove Albion,2023-12-17,2023-12-17
2023–24,Brentford,Aston Villa,2023-12-17,2023-12-17
2023–24,Liverpool,Manchester United,2023-12-17,2023-12-17
2023–24,West Ham United,Wolverhampton Wanderers,2023-12-17,2023-12-17
2023–24,Crystal Palace,Brighton & Hove Albion,2023-12-21,2023-12-21
2023–24,Aston Villa,Sheffield United,2023-12-22,2023-12-22
2023–24,Fulham,Burnley,2023-12-23,2023-12-23
2023–24,Liverpool,Arsenal,2023-12-23,2023-12-23
2023–24,Luton Town,Newcastle United,2023-12-23,2023-12-23
2023–24,Nottingham Forest,AFC Bournemouth,2023-12-23,2023-12-23
2023–24,Tottenham Hotspur,Everton,2023-12-23,2023-12-23
2023–24,West Ham United,Manchester United,2023-12-23,2023-12-23
2023–24,Wolverhampton Wanderers,Chelsea,2023-12-24,2023-12-24
2023–24,AFC Bournemouth,Fulham,2023-12-26,2023-12-26
2023–24,Burnley,Liverpool,2023-12-26,2023-12-26
2023–24,Manchester United,Aston Villa,2023-12-26,2023-12-26
2023–24,Newcastle United,Nottingham Forest,2023-12-26,2023-12-26
2023–24,Sheffield United,Luton Town,2023-12-26,2023-12-26
2023–24,Brentford,Wolverhampton Wanderers,2023-12-27,2023-12-27
2023–24,Chelsea,Crystal Palace,2023-12-27,2023-12-27
2023–24,Everton,Manchester City,2023-12-27,2023-12-27
2023–24,Arsenal,West Ham United,2023-12-28,2023-12-28
2023–24,Brighton & Hove Albion,Tottenham Hotspur,2023-12-28,2023-12-28
2023–24,Aston Villa,Burnley,2023-12-30,2023-12-30
2023–24,Crystal Palace,Brentford,2023-12-30,2023-12-30
2023–24,Luton Town,Chelsea,2023-12-30,2023-12-30
2023–24,Manchester City,Sheffield United,2023-12-30,2023-12-30
2023–24,Nottingham Forest,Manchester United,2023-12-30,2023-12-30
2023–24,Wolverhampton Wanderers,Everton,2023-12-30,2023-12-30
2023–24,Fulham,Arsenal,2023-12-31,2023-12-31
2023–24,Tottenham Hotspur,AFC Bournemouth,2023-12-31,2023-12-31
2023–24,Liverpool,Newcastle United,2024-01-01,2024-01-01
2023–24,West Ham United,Brighton & Hove Albion,2024-01-02,2024-01-02
2023–24,Burnley,Luton Town,2024-01-12,2024-01-12
2023–24,Chelsea,Fulham,2024-01-13,2024-01-13
2023–24,Newcastle United,Manchester City,2024-01-13,2024-01-13
2023–24,Everton,Aston Villa,2024-01-14,2024-01-14
2023–24,Manchester United,Tottenham Hotspur,2024-01-14,2024-01-14
2023–24,Arsenal,Crystal Palace,2024-01-20,2024-01-20
2023–24,Brentford,Nottingham Forest,2024-01-20,2024-01-20
2023–24,AFC Bournemouth,Liverpool,2024-01-21,2024-01-21
2023–24,Sheffield United,West Ham United,2024-01-21,2024-01-21
2023–24,Brighton & Hove Albion,Wolverhampton Wanderers,2024-01-22,2024-01-22
2023–24,Aston Villa,Newcastle United,2024-01-30,2024-01-30
2023–24,Crystal Palace,Sheffield United,2024-01-30,2024-01-30
2023–24,Fulham,Everton,2024-01-30,2024-01-30
2023–24,Luton Town,Brighton & Hove Albion,2024-01-30,2024-01-30
2023–24,Nottingham Forest,Arsenal,2024-01-30,2024-01-30
2023–24,Liverpool,Chelsea,2024-01-31,2024-01-31
2023–24,Manchester City,Burnley,2024-01-31,2024-01-31
2023–24,Tottenham Hotspur,Brentford,2024-01-31,2024-01-31
2023–24,West Ham United,AFC Bournemouth,2024-02-01,2024-02-01
2023–24,Wolverhampton Wanderers,Manchester United,2024-02-01,2024-02-01
2023–24,Brighton & Hove Albion,Crystal Palace,2024-02-03,2024-02-03
2023–24,Burnley,Fulham,2024-02-03,2024-02-03
2023–24,Everton,Tottenham Hotspur,2024-02-03,2024-02-03
2023–24,Newcastle United,Luton Town,2024-02-03,2024-02-03
2023–24,Sheffield United,Aston Villa,2024-02-03,2024-02-03
2023–24,AFC Bournemouth,Nottingham Forest,2024-02-04,2024-02-04
2023–24,Arsenal,Liverpool,2024-02-04,2024-02-04
2023–24,Chelsea,Wolverhampton Wanderers,2024-02-04,2024-02-04
2023–24,Manchester United,West Ham United,2024-02-04,2024-02-04
2023–24,Brentford,Manchester City,2024-02-05,2024-02-05
2023–24,Fulham,AFC Bournemouth,2024-02-10,2024-02-10
2023–24,Liverpool,Burnley,2024-02-10,2024-02-10
2023–24,Luton Town,Sheffield United,2024-02-10,2024-02-10
2023–24,Manchester City,Everton,2024-02-10,2024-02-10
2023–24,Nottingham Forest,Newcastle United,2024-02-10,2024-02-10
2023–24,Tottenham Hotspur,Brighton & Hove Albion,2024-02-10,2024-02-10
2023–24,Wolverhampton Wanderers,Brentford,2024-02-10,2024-02-10
2023–24,Aston Villa,Manchester United,2024-02-11,2024-02-11
2023–24,West Ham United,Arsenal,2024-02-11,2024-02-11
2023–24,Crystal Palace,Chelsea,2024-02-12,2024-02-12
2023–24,Brentford,Liverpool,2024-02-17,2024-02-17
2023–24,Burnley,Arsenal,2024-02-17,2024-02-17
2023–24,Fulham,Aston Villa,2024-02-17,2024-02-17
2023–24,Manchester City,Chelsea,2024-02-17,2024-02-17
2023–24,Newcastle United,AFC Bournemouth,2024-02-17,2024-02-17
2023–24,Nottingham Forest,West Ham United,2024-02-17,2024-02-17
2023–24,Tottenham Hotspur,Wolverhampton Wanderers,2024-02-17,2024-02-17
2023–24,Luton Town,Manchester United,2024-02-18,2024-02-18
2023–24,Sheffield United,Brighton & Hove Albion,2024-02-18,2024-02-18
2023–24,Everton,Crystal Palace,2024-02-19,2024-02-19
2023–24,Manchester City,Brentford,2024-02-20,2024-02-20
2023–24,Liverpool,Luton Town,2024-02-21,2024-02-21
2023–24,AFC Bournemouth,Manchester City,2024-02-24,2024-02-24
2023–24,Arsenal,Newcastle United,2024-02-24,2024-02-24
2023–24,Aston Villa,Nottingham Forest,2024-02-24,2024-02-24
2023–24,Brighton & Hove Albion,Everton,2024-02-24,2024-02-24
2023–24,Crystal Palace,Burnley,2024-02-24,2024-02-24
2023–24,Manchester United,Fulham,2024-02-24,2024-02-24
2023–24,Wolverhampton Wanderers,Sheffield United,2024-02-25,2024-02-25
2023–24,West Ham United,Brentford,2024-02-26,2024-02-26
2023–24,Brentford,Chelsea,2024-03-02,2024-03-02
2023–24,Everton,West Ham United,2024-03-02,2024-03-02
2023–24,Fulham,Brighton & Hove Albion,2024-03-02,2024-03-02
2023–24,Luton Town,Aston Villa,2024-03-02,2024-03-02
2023–24,Newcastle United,Wolverhampton Wanderers,2024-03-02,2024-03-02
2023–24,Nottingham Forest,Liverpool,2024-03-02,2024-03-02
2023–24,Tottenham Hotspur,Crystal Palace,2024-03-02,2024-03-02
2023–24,Burnley,AFC Bournemouth,2024-03-03,2024-03-03
2023–24,Manchester City,Manchester United,2024-03-03,2024-03-03
2023–24,Sheffield United,Arsenal,2024-03-04,2024-03-04
2023–24,AFC Bournemouth,Sheffield United,2024-03-09,2024-03-09
2023–24,Arsenal,Brentford,2024-03-09,2024-03-09
2023–24,Crystal Palace,Luton Town,2024-03-09,2024-03-09
2023–24,Manchester United,Everton,2024-03-09,2024-03-09
2023–24,Wolverhampton Wanderers,Fulham,2024-03-09,2024-03-09
2023–24,Aston Villa,Tottenham Hotspur,2024-03-10,2024-03-10
2023–24,Brighton & Hove Albion,Nottingham Forest,2024-03-10,2024-03-10
2023–24,Liverpool,Manchester City,2024-03-10,2024-03-10
2023–24,West Ham United,Burnley,2024-03-10,2024-03-10
2023–24,Chelsea,Newcastle United,2024-03-11,2024-03-11
2023–24,AFC Bournemouth,Luton Town,2024-03-13,2024-03-13
2023–24,Burnley,Brentford,2024-03-16,2024-03-16
2023–24,Fulham,Tottenham Hotspur,2024-03-16,2024-03-16
2023–24,Luton Town,Nottingham Forest,2024-03-16,2024-03-16
2023–24,West Ham United,Aston Villa,2024-03-17,2024-03-17
2023–24,AFC Bournemouth,Everton,2024-03-30,2024-03-30
2023–24,Aston Villa,Wolverhampton Wanderers,2024-03-30,2024-03-30
2023–24,Brentford,Manchester United,2024-03-30,2024-03-30
2023–24,Chelsea,Burnley,2024-03-30,2024-03-30
2023–24,Newcastle United,West Ham United,2024-03-30,2024-03-30
2023–24,Nottingham Forest,Crystal Palace,2024-03-30,2024-03-30
2023–24,Sheffield United,Fulham,2024-03-30,2024-03-30
2023–24,Tottenham Hotspur,Luton Town,2024-03-30,2024-03-30
2023–24,Liverpool,Brighton & Hove Albion,2024-03-31,2024-03-31
2023–24,Manchester City,Arsenal,2024-03-31,2024-03-31
2023–24,AFC Bournemouth,Crystal Palace,2024-04-02,2024-04-02
2023–24,Burnley,Wolverhampton Wanderers,2024-04-02,2024-04-02
2023–24,Newcastle United,Everton,2024-04-02,2024-04-02
2023–24,Nottingham Forest,Fulham,2024-04-02,2024-04-02
2023–24,West Ham United,Tottenham Hotspur,2024-04-02,2024-04-02
2023–24,Arsenal,Luton Town,2024-04-03,2024-04-03
2023–24,Brentford,Brighton & Hove Albion,2024-04-03,2024-04-03
2023–24,Manchester City,Aston Villa,2024-04-03,2024-04-03
2023–24,Chelsea,Manchester United,2024-04-04,2024-04-04
2023–24,Liverpool,Sheffield United,2024-04-04,2024-04-04
2023–24,Aston Villa,Brentford,2024-04-06,2024-04-06
2023–24,Brighton & Hove Albion,Arsenal,2024-04-06,2024-04-06
2023–24,Crystal Palace,Manchester City,2024-04-06,2024-04-06
2023–24,Everton,Burnley,2024-04-06,2024-04-06
2023–24,Fulham,Newcastle United,2024-04-06,2024-04-06
2023–24,Luton Town,AFC Bournemouth,2024-04-06,2024-04-06
2023–24,Wolverhampton Wanderers,West Ham United,2024-04-06,2024-04-06
2023–24,Manchester United,Liverpool,2024-04-07,2024-04-07
2023–24,Sheffield United,Chelsea,2024-04-07,2024-04-07
2023–24,Tottenham Hotspur,Nottingham Forest,2024-04-07,2024-04-07
2023–24,AFC Bournemouth,Manchester United,2024-04-13,2024-04-13
2023–24,Brentford,Sheffield United,2024-04-13,2024-04-13
2023–24,Burnley,Brighton & Hove Albion,2024-04-13,2024-04-13
2023–24,Manchester City,Luton Town,2024-04-13,2024-04-13
2023–24,Newcastle United,Tottenham Hotspur,2024-04-13,2024-04-13
2023–24,Nottingham Forest,Wolverhampton Wanderers,2024-04-13,2024-04-13
2023–24,Arsenal,Aston Villa,2024-04-14,2024-04-14
2023–24,Liverpool,Crystal Palace,2024-04-14,2024-04-14
2023–24,West Ham United,Fulham,2024-04-14,2024-04-14
2023–24,Chelsea,Everton,2024-04-15,2024-04-15
2023–24,Luton Town,Brentford,2024-04-20,2024-04-20
2023–24,Sheffield United,Burnley,2024-04-20,2024-04-20
2023–24,Wolverhampton Wanderers,Arsenal,2024-04-20,2024-04-20
2023–24,Aston Villa,AFC Bournemouth,2024-04-21,2024-04-21
2023–24,Crystal Palace,West Ham United,2024-04-21,2024-04-21
2023–24,Everton,Nottingham Forest,2024-04-21,2024-04-21
2023–24,Fulham,Liverpool,2024-04-21,2024-04-21
2023–24,Arsenal,Chelsea,2024-04-23,2024-04-23
2023–24,Crystal Palace,Newcastle United,2024-04-24,2024-04-24
2023–24,Everton,Liverpool,2024-04-24,2024-04-24
2023–24,Manchester United,Sheffield United,2024-04-24,2024-04-24
2023–24,Wolverhampton Wanderers,AFC Bournemouth,2024-04-24,2024-04-24
2023–24,Brighton & Hove Albion,Manchester City,2024-04-25,2024-04-25
2023–24,Aston Villa,Chelsea,2024-04-27,2024-04-27
2023–24,Everton,Brentford,2024-04-27,2024-04-27
2023–24,Fulham,Crystal Palace,2024-04-27,2024-04-27
2023–24,Manchester United,Burnley,2024-04-27,2024-04-27
2023–24,Newcastle United,Sheffield United,2024-04-27,2024-04-27
2023–24,West Ham United,Liverpool,2024-04-27,2024-04-27
2023–24,Wolverhampton Wanderers,Luton Town,2024-04-27,2024-04-27
2023–24,AFC Bournemouth,Brighton & Hove Albion,2024-04-28,2024-04-28
2023–24,Nottingham Forest,Manchester City,2024-04-28,2024-04-28
2023–24,Tottenham Hotspur,Arsenal,2024-04-28,2024-04-28
2023–24,Chelsea,Tottenham Hotspur,2024-05-02,2024-05-02
2023–24,Luton Town,Everton,2024-05-03,2024-05-03
2023–24,Arsenal,AFC Bournemouth,2024-05-04,2024-05-04
2023–24,Brentford,Fulham,2024-05-04,2024-05-04
2023–24,Burnley,Newcastle United,2024-05-04,2024-05-04
2023–24,Manchester City,Wolverhampton Wanderers,2024-05-04,2024-05-04
2023–24,Sheffield United,Nottingham Forest,2024-05-04,2024-05-04
2023–24,Brighton & Hove Albion,Aston Villa,2024-05-05,2024-05-05
2023–24,Chelsea,West Ham United,2024-05-05,2024-05-05
2023–24,Liverpool,Tottenham Hotspur,2024-05-05,2024-05-05
2023–24,Crystal Palace,Manchester United,2024-05-06,2024-05-06
2023–24,AFC Bournemouth,Brentford,2024-05-11,2024-05-11
2023–24,Everton,Sheffield United,2024-05-11,2024-05-11
2023–24,Fulham,Manchester City,2024-05-11,2024-05-11
2023–24,Newcastle United,Brighton & Hove Albion,2024-05-11,2024-05-11
2023–24,Nottingham Forest,Chelsea,2024-05-11,2024-05-11
2023–24,Tottenham Hotspur,Burnley,2024-05-11,2024-05-11
2023–24,West Ham United,Luton Town,2024-05-11,2024-05-11
2023–24,Wolverhampton Wanderers,Crystal Palace,2024-05-11,2024-05-11
2023–24,Manchester United,Arsenal,2024-05-12,2024-05-12
2023–24,Aston Villa,Liverpool,2024-05-13,2024-05-13
2023–24,Tottenham Hotspur,Manchester City,2024-05-14,2024-05-14
2023–24,Brighton & Hove Albion,Chelsea,2024-05-15,2024-05-15
2023–24,Manchester United,Newcastle United,2024-05-15,2024-05-15
2023–24,Arsenal,Everton,2024-05-19,2024-05-19
2023–24,Brentford,Newcastle United,2024-05-19,2024-05-19
2023–24,Brighton & Hove Albion,Manchester United,2024-05-19,2024-05-19
2023–24,Burnley,Nottingham Forest,2024-05-19,2024-05-19
2023–24,Chelsea,AFC Bournemouth,2024-05-19,2024-05-19
2023–24,Crystal Palace,Aston Villa,2024-05-19,2024-05-19
2023–24,Liverpool,Wolverhampton Wanderers,2024-05-19,2024-05-19
2023–24,Luton Town,Fulham,2024-05-19,2024-05-19
2023–24,Manchester City,West Ham United,2024-05-19,2024-05-19
2023–24,Sheffield United,Tottenham Hotspur,2024-05-19,2024-05-19
2024–25,Manchester United,Fulham,2024-08-16,2024-08-16
2024–25,Arsenal,Wolverhampton Wanderers,2024-08-17,2024-08-17
2024–25,Everton,Brighton & Hove Albion,2024-08-17,2024-08-17
2024–25,Ipswich Town,Liverpool,2024-08-17,2024-08-17
2024–25,Newcastle United,Southampton,2024-08-17,2024-08-17
2024–25,Nottingham Forest,AFC Bournemouth,2024-08-17,2024-08-17
2024–25,West Ham United,Aston Villa,2024-08-17,2024-08-17
2024–25,Brentford,Crystal Palace,2024-08-18,2024-08-18
2024–25,Chelsea,Manchester City,2024-08-18,2024-08-18
2024–25,Leicester City,Tottenham Hotspur,2024-08-19,2024-08-19
2024–25,Aston Villa,Arsenal,2024-08-24,2024-08-24
2024–25,Brighton & Hove Albion,Manchester United,2024-08-24,2024-08-24
2024–25,Crystal Palace,West Ham United,2024-08-24,2024-08-24
2024–25,Fulham,Leicester City,2024-08-24,2024-08-24
2024–25,Manchester City,Ipswich Town,2024-08-24,2024-08-24
2024–25,Southampton,Nottingham Forest,2024-08-24,2024-08-24
2024–25,Tottenham Hotspur,Everton,2024-08-24,2024-08-24
2024–25,AFC Bournemouth,Newcastle United,2024-08-25,2024-08-25
2024–25,Liverpool,Brentford,2024-08-25,2024-08-25
2024–25,Wolverhampton Wanderers,Chelsea,2024-08-25,2024-08-25
2024–25,Arsenal,Brighton & Hove Albion,2024-08-31,2024-08-31
2024–25,Brentford,Southampton,2024-08-31,2024-08-31
2024–25,Everton,AFC Bournemouth,2024-08-31,2024-08-31
2024–25,Ipswich Town,Fulham,2024-08-31,2024-08-31
2024–25,Leicester City,Aston Villa,2024-08-31,2024-08-31
2024–25,Nottingham Forest,Wolverhampton Wanderers,2024-08-31,2024-08-31
2024–25,West Ham United,Manchester City,2024-08-31,2024-08-31
2024–25,Chelsea,Crystal Palace,2024-09-01,2024-09-01
2024–25,Manchester United,Liverpool,2024-09-01,2024-09-01
2024–25,Newcastle United,Tottenham Hotspur,2024-09-01,2024-09-01
2024–25,AFC Bournemouth,Chelsea,2024-09-14,2024-09-14
2024–25,Aston Villa,Everton,2024-09-14,2024-09-14
2024–25,Brighton & Hove Albion,Ipswich Town,2024-09-14,2024-09-14
2024–25,Crystal Palace,Leicester City,2024-09-14,2024-09-14
2024–25,Fulham,West Ham United,2024-09-14,2024-09-14
2024–25,Liverpool,Nottingham Forest,2024-09-14,2024-09-14
2024–25,Manchester City,Brentford,2024-09-14,2024-09-14
2024–25,Southampton,Manchester United,2024-09-14,2024-09-14
2024–25,Tottenham Hotspur,Arsenal,2024-09-15,2024-09-15
2024–25,Wolverhampton Wanderers,Newcastle United,2024-09-15,2024-09-15
2024–25,Aston Villa,Wolverhampton Wanderers,2024-09-21,2024-09-21
2024–25,Crystal Palace,Manchester United,2024-09-21,2024-09-21
2024–25,Fulham,Newcastle United,2024-09-21,2024-09-21
2024–25,Leicester City,Everton,2024-09-21,2024-09-21
2024–25,Liverpool,AFC Bournemouth,2024-09-21,2024-09-21
2024–25,Southampton,Ipswich Town,2024-09-21,2024-09-21
2024–25,Tottenham Hotspur,Brentford,2024-09-21,2024-09-21
2024–25,West Ham United,Chelsea,2024-09-21,2024-09-21
2024–25,Brighton & Hove Albion,Nottingham Forest,2024-09-22,2024-09-22
2024–25,Manchester City,Arsenal,2024-09-22,2024-09-22
2024–25,Arsenal,Leicester City,2024-09-28,2024-09-28
2024–25,Brentford,West Ham United,2024-09-28,2024-09-28
2024–25,Chelsea,Brighton & Hove Albion,2024-09-28,2024-09-28
2024–25,Everton,Crystal Palace,2024-09-28,2024-09-28
2024–25,Newcastle United,Manchester City,2024-09-28,2024-09-28
2024–25,Nottingham Forest,Fulham,2024-09-28,2024-09-28
2024–25,Wolverhampton Wanderers,Liverpool,2024-09-28,2024-09-28
2024–25,Ipswich Town,Aston Villa,2024-09-29,2024-09-29
2024–25,Manchester United,Tottenham Hotspur,2024-09-29,2024-09-29
2024–25,AFC Bournemouth,Southampton,2024-09-30,2024-09-30
2024–25,Arsenal,Southampton,2024-10-05,2024-10-05
2024–25,Brentford,Wolverhampton Wanderers,2024-10-05,2024-10-05
2024–25,Crystal Palace,Liverpool,2024-10-05,2024-10-05
2024–25,Everton,Newcastle United,2024-10-05,2024-10-05
2024–25,Leicester City,AFC Bournemouth,2024-10-05,2024-10-05
2024–25,Manchester City,Fulham,2024-10-05,2024-10-05
2024–25,West Ham United,Ipswich Town,2024-10-05,2024-10-05
2024–25,Aston Villa,Manchester United,2024-10-06,2024-10-06
2024–25,Brighton & Hove Albion,Tottenham Hotspur,2024-10-06,2024-10-06
2024–25,Chelsea,Nottingham Forest,2024-10-06,2024-10-06
2024–25,AFC Bournemouth,Arsenal,2024-10-19,2024-10-19
2024–25,Fulham,Aston Villa,2024-10-19,2024-10-19
2024–25,Ipswich Town,Everton,2024-10-19,2024-10-19
2024–25,Manchester United,Brentford,2024-10-19,2024-10-19
2024–25,Newcastle United,Brighton & Hove Albion,2024-10-19,2024-10-19
2024–25,Southampton,Leicester City,2024-10-19,2024-10-19
2024–25,Tottenham Hotspur,West Ham United,2024-10-19,2024-10-19
2024–25,Liverpool,Chelsea,2024-10-20,2024-10-20
2024–25,Wolverhampton Wanderers,Manchester City,2024-10-20,2024-10-20
2024–25,Nottingham Forest,Crystal Palace,2024-10-21,2024-10-21
2024–25,Leicester City,Nottingham Forest,2024-10-25,2024-10-25
2024–25,Aston Villa,AFC Bournemouth,2024-10-26,2024-10-26
2024–25,Brentford,Ipswich Town,2024-10-26,2024-10-26
2024–25,Brighton & Hove Albion,Wolverhampton Wanderers,2024-10-26,2024-10-26
2024–25,Everton,Fulham,2024-10-26,2024-10-26
2024–25,Manchester City,Southampton,2024-10-26,2024-10-26
2024–25,Arsenal,Liverpool,2024-10-27,2024-10-27
2024–25,Chelsea,Newcastle United,2024-10-27,2024-10-27
2024–25,Crystal Palace,Tottenham Hotspur,2024-10-27,2024-10-27
2024–25,West Ham United,Manchester United,2024-10-27,2024-10-27
2024–25,AFC Bournemouth,Manchester City,2024-11-02,2024-11-02
2024–25,Ipswich Town,Leicester City,2024-11-02,2024-11-02
2024–25,Liverpool,Brighton & Hove Albion,2024-11-02,2024-11-02
2024–25,Newcastle United,Arsenal,2024-11-02,2024-11-02
2024–25,Nottingham Forest,West Ham United,2024-11-02,2024-11-02
2024–25,Southampton,Everton,2024-11-02,2024-11-02
2024–25,Wolverhampton Wanderers,Crystal Palace,2024-11-02,2024-11-02
2024–25,Manchester United,Chelsea,2024-11-03,2024-11-03
2024–25,Tottenham Hotspur,Aston Villa,2024-11-03,2024-11-03
2024–25,Fulham,Brentford,2024-11-04,2024-11-04
2024–25,Brentford,AFC Bournemouth,2024-11-09,2024-11-09
2024–25,Brighton & Hove Albion,Manchester City,2024-11-09,2024-11-09
2024–25,Crystal Palace,Fulham,2024-11-09,2024-11-09
2024–25,Liverpool,Aston Villa,2024-11-09,2024-11-09
2024–25,West Ham United,Everton,2024-11-09,2024-11-09
2024–25,Wolverhampton Wanderers,Southampton,2024-11-09,2024-11-09
2024–25,Chelsea,Arsenal,2024-11-10,2024-11-10
2024–25,Manchester United,Leicester City,2024-11-10,2024-11-10
2024–25,Nottingham Forest,Newcastle United,2024-11-10,2024-11-10
2024–25,Tottenham Hotspur,Ipswich Town,2024-11-10,2024-11-10
2024–25,AFC Bournemouth,Brighton & Hove Albion,2024-11-23,2024-11-23
2024–25,Arsenal,Nottingham Forest,2024-11-23,2024-11-23
2024–25,Aston Villa,Crystal Palace,2024-11-23,2024-11-23
2024–25,Everton,Brentford,2024-11-23,2024-11-23
2024–25,Fulham,Wolverhampton Wanderers,2024-11-23,2024-11-23
2024–25,Leicester City,Chelsea,2024-11-23,2024-11-23
2024–25,Manchester City,Tottenham Hotspur,2024-11-23,2024-11-23
2024–25,Ipswich Town,Manchester United,2024-11-24,2024-11-24
2024–25,Southampton,Liverpool,2024-11-24,2024-11-24
2024–25,Newcastle United,West Ham United,2024-11-25,2024-11-25
2024–25,Brighton & Hove Albion,Southampton,2024-11-29,2024-11-29
2024–25,Brentford,Leicester City,2024-11-30,2024-11-30
2024–25,Crystal Palace,Newcastle United,2024-11-30,2024-11-30
2024–25,Nottingham Forest,Ipswich Town,2024-11-30,2024-11-30
2024–25,West Ham United,Arsenal,2024-11-30,2024-11-30
2024–25,Wolverhampton Wanderers,AFC Bournemouth,2024-11-30,2024-11-30
2024–25,Chelsea,Aston Villa,2024-12-01,2024-12-01
2024–25,Liverpool,Manchester City,2024-12-01,2024-12-01
2024–25,Manchester United,Everton,2024-12-01,2024-12-01
2024–25,Tottenham Hotspur,Fulham,2024-12-01,2024-12-01
2024–25,Ipswich Town,Crystal Palace,2024-12-03,2024-12-03
2024–25,Leicester City,West Ham United,2024-12-03,2024-12-03
2024–25,Arsenal,Manchester United,2024-12-04,2024-12-04
2024–25,Aston Villa,Brentford,2024-12-04,2024-12-04
2024–25,Everton,Wolverhampton Wanderers,2024-12-04,2024-12-04
2024–25,Manchester City,Nottingham Forest,2024-12-04,2024-12-04
2024–25,Newcastle United,Liverpool,2024-12-04,2024-12-04
2024–25,Southampton,Chelsea,2024-12-04,2024-12-04
2024–25,AFC Bournemouth,Tottenham Hotspur,2024-12-05,2024-12-05
2024–25,Fulham,Brighton & Hove Albion,2024-12-05,2024-12-05
2024–25,Aston Villa,Southampton,2024-12-07,2024-12-07
2024–25,Brentford,Newcastle United,2024-12-07,2024-12-07
2024–25,Crystal Palace,Manchester City,2024-12-07,2024-12-07
2024–25,Manchester United,Nottingham Forest,2024-12-07,2024-12-07
2024–25,Fulham,Arsenal,2024-12-08,2024-12-08
2024–25,Ipswich Town,AFC Bournemouth,2024-12-08,2024-12-08
2024–25,Leicester City,Brighton & Hove Albion,2024-12-08,2024-12-08
2024–25,Tottenham Hotspur,Chelsea,2024-12-08,2024-12-08
2024–25,West Ham United,Wolverhampton Wanderers,2024-12-09,2024-12-09
2024–25,Arsenal,Everton,2024-12-14,2024-12-14
2024–25,Liverpool,Fulham,2024-12-14,2024-12-14
2024–25,Newcastle United,Leicester City,2024-12-14,2024-12-14
2024–25,Nottingham Forest,Aston Villa,2024-12-14,2024-12-14
2024–25,Wolverhampton Wanderers,Ipswich Town,2024-12-14,2024-12-14
2024–25,Brighton & Hove Albion,Crystal Palace,2024-12-15,2024-12-15
2024–25,Chelsea,Brentford,2024-12-15,2024-12-15
2024–25,Manchester City,Manchester United,2024-12-15,2024-12-15
2024–25,Southampton,Tottenham Hotspur,2024-12-15,2024-12-15
2024–25,AFC Bournemouth,West Ham United,2024-12-16,2024-12-16
2024–25,Aston Villa,Manchester City,2024-12-21,2024-12-21
2024–25,Brentford,Nottingham Forest,2024-12-21,2024-12-21
2024–25,Crystal Palace,Arsenal,2024-12-21,2024-12-21
2024–25,Ipswich Town,Newcastle United,2024-12-21,2024-12-21
2024–25,West Ham United,Brighton & Hove Albion,2024-12-21,2024-12-21
2024–25,Everton,Chelsea,2024-12-22,2024-12-22
2024–25,Fulham,Southampton,2024-12-22,2024-12-22
2024–25,Leicester City,Wolverhampton Wanderers,2024-12-22,2024-12-22
2024–25,Manchester United,AFC Bournemouth,2024-12-22,2024-12-22
2024–25,Tottenham Hotspur,Liverpool,2024-12-22,2024-12-22
2024–25,AFC Bournemouth,Crystal Palace,2024-12-26,2024-12-26
2024–25,Chelsea,Fulham,2024-12-26,2024-12-26
2024–25,Liverpool,Leicester City,2024-12-26,2024-12-26
2024–25,Manchester City,Everton,2024-12-26,2024-12-26
2024–25,Newcastle United,Aston Villa,2024-12-26,2024-12-26
2024–25,Nottingham Forest,Tottenham Hotspur,2024-12-26,2024-12-26
2024–25,Southampton,West Ham United,2024-12-26,2024-12-26
2024–25,Wolverhampton Wanderers,Manchester United,2024-12-26,2024-12-26
2024–25,Arsenal,Ipswich Town,2024-12-27,2024-12-27
2024–25,Brighton & Hove Albion,Brentford,2024-12-27,2024-12-27
2024–25,Crystal Palace,Southampton,2024-12-29,2024-12-29
2024–25,Everton,Nottingham Forest,2024-12-29,2024-12-29
2024–25,Fulham,AFC Bournemouth,2024-12-29,2024-12-29
2024–25,Leicester City,Manchester City,2024-12-29,2024-12-29
2024–25,Tottenham Hotspur,Wolverhampton Wanderers,2024-12-29,2024-12-29
2024–25,West Ham United,Liverpool,2024-12-29,2024-12-29
2024–25,Aston Villa,Brighton & Hove Albion,2024-12-30,2024-12-30
2024–25,Ipswich Town,Chelsea,2024-12-30,2024-12-30
2024–25,Manchester United,Newcastle United,2024-12-30,2024-12-30
2024–25,Brentford,Arsenal,2025-01-01,2025-01-01
2024–25,AFC Bournemouth,Everton,2025-01-04,2025-01-04
2024–25,Aston Villa,Leicester City,2025-01-04,2025-01-04
2024–25,Brighton & Hove Albion,Arsenal,2025-01-04,2025-01-04
2024–25,Crystal Palace,Chelsea,2025-01-04,2025-01-04
2024–25,Manchester City,West Ham United,2025-01-04,2025-01-04
2024–25,Southampton,Brentford,2025-01-04,2025-01-04
2024–25,Tottenham Hotspur,Newcastle United,2025-01-04,2025-01-04
2024–25,Fulham,Ipswich Town,2025-01-05,2025-01-05
2024–25,Liverpool,Manchester United,2025-01-05,2025-01-05
2024–25,Wolverhampton Wanderers,Nottingham Forest,2025-01-06,2025-01-06
2024–25,Brentford,Manchester City,2025-01-14,2025-01-14
2024–25,Chelsea,AFC Bournemouth,2025-01-14,2025-01-14
2024–25,Nottingham Forest,Liverpool,2025-01-14,2025-01-14
2024–25,West Ham United,Fulham,2025-01-14,2025-01-14
2024–25,Arsenal,Tottenham Hotspur,2025-01-15,2025-01-15
2024–25,Everton,Aston Villa,2025-01-15,2025-01-15
2024–25,Leicester City,Crystal Palace,2025-01-15,2025-01-15
2024–25,Newcastle United,Wolverhampton Wanderers,2025-01-15,2025-01-15
2024–25,Ipswich Town,Brighton & Hove Albion,2025-01-16,2025-01-16
2024–25,Manchester United,Southampton,2025-01-16,2025-01-16
2024–25,Arsenal,Aston Villa,2025-01-18,2025-01-18
2024–25,Brentford,Liverpool,2025-01-18,2025-01-18
2024–25,Leicester City,Fulham,2025-01-18,2025-01-18
2024–25,Newcastle United,AFC Bournemouth,2025-01-18,2025-01-18
2024–25,West Ham United,Crystal Palace,2025-01-18,2025-01-18
2024–25,Everton,Tottenham Hotspur,2025-01-19,2025-01-19
2024–25,Ipswich Town,Manchester City,2025-01-19,2025-01-19
2024–25,Manchester United,Brighton & Hove Albion,2025-01-19,2025-01-19
2024–25,Nottingham Forest,Southampton,2025-01-19,2025-01-19
2024–25,Chelsea,Wolverhampton Wanderers,2025-01-20,2025-01-20
2024–25,AFC Bournemouth,Nottingham Forest,2025-01-25,2025-01-25
2024–25,Brighton & Hove Albion,Everton,2025-01-25,2025-01-25
2024–25,Liverpool,Ipswich Town,2025-01-25,2025-01-25
2024–25,Manchester City,Chelsea,2025-01-25,2025-01-25
2024–25,Southampton,Newcastle United,2025-01-25,2025-01-25
2024–25,Wolverhampton Wanderers,Arsenal,2025-01-25,2025-01-25
2024–25,Aston Villa,West Ham United,2025-01-26,2025-01-26
2024–25,Crystal Palace,Brentford,2025-01-26,2025-01-26
2024–25,Fulham,Manchester United,2025-01-26,2025-01-26
2024–25,Tottenham Hotspur,Leicester City,2025-01-26,2025-01-26
2024–25,AFC Bournemouth,Liverpool,2025-02-01,2025-02-01
2024–25,Everton,Leicester City,2025-02-01,2025-02-01
2024–25,Ipswich Town,Southampton,2025-02-01,2025-02-01
2024–25,Newcastle United,Fulham,2025-02-01,2025-02-01
2024–25,Nottingham Forest,Brighton & Hove Albion,2025-02-01,2025-02-01
2024–25,Wolverhampton Wanderers,Aston Villa,2025-02-01,2025-02-01
2024–25,Arsenal,Manchester City,2025-02-02,2025-02-02
2024–25,Brentford,Tottenham Hotspur,2025-02-02,2025-02-02
2024–25,Manchester United,Crystal Palace,2025-02-02,2025-02-02
2024–25,Chelsea,West Ham United,2025-02-03,2025-02-03
2024–25,Everton,Liverpool,2025-02-12,2025-02-12
2024–25,Brighton & Hove Albion,Chelsea,2025-02-14,2025-02-14
2024–25,Aston Villa,Ipswich Town,2025-02-15,2025-02-15
2024–25,Crystal Palace,Everton,2025-02-15,2025-02-15
2024–25,Fulham,Nottingham Forest,2025-02-15,2025-02-15
2024–25,Leicester City,Arsenal,2025-02-15,2025-02-15
2024–25,Manchester City,Newcastle United,2025-02-15,2025-02-15
2024–25,Southampton,AFC Bournemouth,2025-02-15,2025-02-15
2024–25,West Ham United,Brentford,2025-02-15,2025-02-15
2024–25,Liverpool,Wolverhampton Wanderers,2025-02-16,2025-02-16
2024–25,Tottenham Hotspur,Manchester United,2025-02-16,2025-02-16
2024–25,Aston Villa,Liverpool,2025-02-19,2025-02-19
2024–25,Leicester City,Brentford,2025-02-21,2025-02-21
2024–25,AFC Bournemouth,Wolverhampton Wanderers,2025-02-22,2025-02-22
2024–25,Arsenal,West Ham United,2025-02-22,2025-02-22
2024–25,Aston Villa,Chelsea,2025-02-22,2025-02-22
2024–25,Everton,Manchester United,2025-02-22,2025-02-22
2024–25,Fulham,Crystal Palace,2025-02-22,2025-02-22
2024–25,Ipswich Town,Tottenham Hotspur,2025-02-22,2025-02-22
2024–25,Southampton,Brighton & Hove Albion,2025-02-22,2025-02-22
2024–25,Manchester City,Liverpool,2025-02-23,2025-02-23
2024–25,Newcastle United,Nottingham Forest,2025-02-23,2025-02-23
2024–25,Brighton & Hove Albion,AFC Bournemouth,2025-02-25,2025-02-25
2024–25,Chelsea,Southampton,2025-02-25,2025-02-25
2024–25,Crystal Palace,Aston Villa,2025-02-25,2025-02-25
2024–25,Wolverhampton Wanderers,Fulham,2025-02-25,2025-02-25
2024–25,Brentford,Everton,2025-02-26,2025-02-26
2024–25,Liverpool,Newcastle United,2025-02-26,2025-02-26
2024–25,Manchester United,Ipswich Town,2025-02-26,2025-02-26
2024–25,Nottingham Forest,Arsenal,2025-02-26,2025-02-26
2024–25,Tottenham Hotspur,Manchester City,2025-02-26,2025-02-26
2024–25,West Ham United,Leicester City,2025-02-27,2025-02-27
2024–25,Brentford,Aston Villa,2025-03-08,2025-03-08
2024–25,Brighton & Hove Albion,Fulham,2025-03-08,2025-03-08
2024–25,Crystal Palace,Ipswich Town,2025-03-08,2025-03-08
2024–25,Liverpool,Southampton,2025-03-08,2025-03-08
2024–25,Nottingham Forest,Manchester City,2025-03-08,2025-03-08
2024–25,Wolverhampton Wanderers,Everton,2025-03-08,2025-03-08
2024–25,Chelsea,Leicester City,2025-03-09,2025-03-09
2024–25,Manchester United,Arsenal,2025-03-09,2025-03-09
2024–25,Tottenham Hotspur,AFC Bournemouth,2025-03-09,2025-03-09
2024–25,West Ham United,Newcastle United,2025-03-10,2025-03-10
2024–25,AFC Bournemouth,Brentford,2025-03-15,2025-03-15
2024–25,Everton,West Ham United,2025-03-15,2025-03-15
2024–25,Ipswich Town,Nottingham Forest,2025-03-15,2025-03-15
2024–25,Manchester City,Brighton & Hove Albion,2025-03-15,2025-03-15
2024–25,Southampton,Wolverhampton Wanderers,2025-03-15,2025-03-15
2024–25,Arsenal,Chelsea,2025-03-16,2025-03-16
2024–25,Fulham,Tottenham Hotspur,2025-03-16,2025-03-16
2024–25,Leicester City,Manchester United,2025-03-16,2025-03-16
2024–25,Arsenal,Fulham,2025-04-01,2025-04-01
2024–25,Nottingham Forest,Manchester United,2025-04-01,2025-04-01
2024–25,Wolverhampton Wanderers,West Ham United,2025-04-01,2025-04-01
2024–25,AFC Bournemouth,Ipswich Town,2025-04-02,2025-04-02
2024–25,Brighton & Hove Albion,Aston Villa,2025-04-02,2025-04-02
2024–25,Liverpool,Everton,2025-04-02,2025-04-02
2024–25,Manchester City,Leicester City,2025-04-02,2025-04-02
2024–25,Newcastle United,Brentford,2025-04-02,2025-04-02
2024–25,Southampton,Crystal Palace,2025-04-02,2025-04-02
2024–25,Chelsea,Tottenham Hotspur,2025-04-03,2025-04-03
2024–25,Aston Villa,Nottingham Forest,2025-04-05,2025-04-05
2024–25,Crystal Palace,Brighton & Hove Albion,2025-04-05,2025-04-05
2024–25,Everton,Arsenal,2025-04-05,2025-04-05
2024–25,Ipswich Town,Wolverhampton Wanderers,2025-04-05,2025-04-05
2024–25,West Ham United,AFC Bournemouth,2025-04-05,2025-04-05
2024–25,Brentford,Chelsea,2025-04-06,2025-04-06
2024–25,Fulham,Liverpool,2025-04-06,2025-04-06
2024–25,Manchester United,Manchester City,2025-04-06,2025-04-06
2024–25,Tottenham Hotspur,Southampton,2025-04-06,2025-04-06
2024–25,Leicester City,Newcastle United,2025-04-07,2025-04-07
2024–25,Arsenal,Brentford,2025-04-12,2025-04-12
2024–25,Brighton & Hove Albion,Leicester City,2025-04-12,2025-04-12
2024–25,Manchester City,Crystal Palace,2025-04-12,2025-04-12
2024–25,Nottingham Forest,Everton,2025-04-12,2025-04-12
2024–25,Southampton,Aston Villa,2025-04-12,2025-04-12
2024–25,Chelsea,Ipswich Town,2025-04-13,2025-04-13
2024–25,Liverpool,West Ham United,2025-04-13,2025-04-13
2024–25,Newcastle United,Manchester United,2025-04-13,2025-04-13
2024–25,Wolverhampton Wanderers,Tottenham Hotspur,2025-04-13,2025-04-13
2024–25,AFC Bournemouth,Fulham,2025-04-14,2025-04-14
2024–25,Newcastle United,Crystal Palace,2025-04-16,2025-04-16
2024–25,Aston Villa,Newcastle United,2025-04-19,2025-04-19
2024–25,Brentford,Brighton & Hove Albion,2025-04-19,2025-04-19
2024–25,Crystal Palace,AFC Bournemouth,2025-04-19,2025-04-19
2024–25,Everton,Manchester City,2025-04-19,2025-04-19
2024–25,West Ham United,Southampton,2025-04-19,2025-04-19
2024–25,Fulham,Chelsea,2025-04-20,2025-04-20
2024–25,Ipswich Town,Arsenal,2025-04-20,2025-04-20
2024–25,Leicester City,Liverpool,2025-04-20,2025-04-20
2024–25,Manchester United,Wolverhampton Wanderers,2025-04-20,2025-04-20
2024–25,Tottenham Hotspur,Nottingham Forest,2025-04-21,2025-04-21
2024–25,Manchester City,Aston Villa,2025-04-22,2025-04-22
2024–25,Arsenal,Crystal Palace,2025-04-23,2025-04-23
2024–25,Brighton & Hove Albion,West Ham United,2025-04-26,2025-04-26
2024–25,Chelsea,Everton,2025-04-26,2025-04-26
2024–25,Newcastle United,Ipswich Town,2025-04-26,2025-04-26
2024–25,Southampton,Fulham,2025-04-26,2025-04-26
2024–25,Wolverhampton Wanderers,Leicester City,2025-04-26,2025-04-26
2024–25,AFC Bournemouth,Manchester United,2025-04-27,2025-04-27
2024–25,Liverpool,Tottenham Hotspur,2025-04-27,2025-04-27
2024–25,Nottingham Forest,Brentford,2025-05-01,2025-05-01
2024–25,Manchester City,Wolverhampton Wanderers,2025-05-02,2025-05-02
2024–25,Arsenal,AFC Bournemouth,2025-05-03,2025-05-03
2024–25,Aston Villa,Fulham,2025-05-03,2025-05-03
2024–25,Everton,Ipswich Town,2025-05-03,2025-05-03
2024–25,Leicester City,Southampton,2025-05-03,2025-05-03
2024–25,Brentford,Manchester United,2025-05-04,2025-05-04
2024–25,Brighton & Hove Albion,Newcastle United,2025-05-04,2025-05-04
2024–25,Chelsea,Liverpool,2025-05-04,2025-05-04
2024–25,West Ham United,Tottenham Hotspur,2025-05-04,2025-05-04
2024–25,Crystal Palace,Nottingham Forest,2025-05-05,2025-05-05
2024–25,AFC Bournemouth,Aston Villa,2025-05-10,2025-05-10
2024–25,Fulham,Everton,2025-05-10,2025-05-10
2024–25,Ipswich Town,Brentford,2025-05-10,2025-05-10
2024–25,Southampton,Manchester City,2025-05-10,2025-05-10
2024–25,Wolverhampton Wanderers,Brighton & Hove Albion,2025-05-10,2025-05-10
2024–25,Liverpool,Arsenal,2025-05-11,2025-05-11
2024–25,Manchester United,West Ham United,2025-05-11,2025-05-11
2024–25,Newcastle United,Chelsea,2025-05-11,2025-05-11
2024–25,Nottingham Forest,Leicester City,2025-05-11,2025-05-11
2024–25,Tottenham Hotspur,Crystal Palace,2025-05-11,2025-05-11
2024–25,Aston Villa,Tottenham Hotspur,2025-05-16,2025-05-16
2024–25,Chelsea,Manchester United,2025-05-16,2025-05-16
2024–25,Arsenal,Newcastle United,2025-05-18,2025-05-18
2024–25,Brentford,Fulham,2025-05-18,2025-05-18
2024–25,Everton,Southampton,2025-05-18,2025-05-18
2024–25,Leicester City,Ipswich Town,2025-05-18,2025-05-18
2024–25,West Ham United,Nottingham Forest,2025-05-18,2025-05-18
2024–25,Brighton & Hove Albion,Liverpool,2025-05-19,2025-05-19
2024–25,Crystal Palace,Wolverhampton Wanderers,2025-05-20,2025-05-20
2024–25,Manchester City,AFC Bournemouth,2025-05-20,2025-05-20
2024–25,AFC Bournemouth,Leicester City,2025-05-25,2025-05-25
2024–25,Fulham,Manchester City,2025-05-25,2025-05-25
2024–25,Ipswich Town,West Ham United,2025-05-25,2025-05-25
2024–25,Liverpool,Crystal Palace,2025-05-25,2025-05-25
2024–25,Manchester United,Aston Villa,2025-05-25,2025-05-25
2024–25,Newcastle United,Everton,2025-05-25,2025-05-25
2024–25,Nottingham Forest,Chelsea,2025-05-25,2025-05-25
2024–25,Southampton,Arsenal,2025-05-25,2025-05-25
2024–25,Tottenham Hotspur,Brighton & Hove Albion,2025-05-25,2025-05-25
2024–25,Wolverhampton Wanderers,Brentford,2025-05-25,2025-05-25
2025–26,Liverpool,AFC Bournemouth,2025-08-15,2025-08-15
2025–26,Aston Villa,Newcastle United,2025-08-16,2025-08-16
2025–26,Brighton & Hove Albion,Fulham,2025-08-16,2025-08-16
2025–26,Sunderland,West Ham United,2025-08-16,2025-08-16
2025–26,Tottenham Hotspur,Burnley,2025-08-16,2025-08-16
2025–26,Wolverhampton Wanderers,Manchester City,2025-08-16,2025-08-16
2025–26,Chelsea,Crystal Palace,2025-08-17,2025-08-17
2025–26,Manchester United,Arsenal,2025-08-17,2025-08-17
2025–26,Nottingham Forest,Brentford,2025-08-17,2025-08-17
2025–26,Leeds United,Everton,2025-08-18,2025-08-18
2025–26,West Ham United,Chelsea,2025-08-22,2025-08-22
2025–26,AFC Bournemouth,Wolverhampton Wanderers,2025-08-23,2025-08-23
2025–26,Arsenal,Leeds United,2025-08-23,2025-08-23
2025–26,Brentford,Aston Villa,2025-08-23,2025-08-23
2025–26,Burnley,Sunderland,2025-08-23,2025-08-23
2025–26,Manchester City,Tottenham Hotspur,2025-08-23,2025-08-23
2025–26,Crystal Palace,Nottingham Forest,2025-08-24,2025-08-24
2025–26,Everton,Brighton & Hove Albion,2025-08-24,2025-08-24
2025–26,Fulham,Manchester United,2025-08-24,2025-08-24
2025–26,Newcastle United,Liverpool,2025-08-25,2025-08-25
2025–26,Chelsea,Fulham,2025-08-30,2025-08-30
2025–26,Leeds United,Newcastle United,2025-08-30,2025-08-30
2025–26,Manchester United,Burnley,2025-08-30,2025-08-30
2025–26,Sunderland,Brentford,2025-08-30,2025-08-30
2025–26,Tottenham Hotspur,AFC Bournemouth,2025-08-30,2025-08-30
2025–26,Wolverhampton Wanderers,Everton,2025-08-30,2025-08-30
2025–26,Aston Villa,Crystal Palace,2025-08-31,2025-08-31
2025–26,Brighton & Hove Albion,Manchester City,2025-08-31,2025-08-31
2025–26,Liverpool,Arsenal,2025-08-31,2025-08-31
2025–26,Nottingham Forest,West Ham United,2025-08-31,2025-08-31
2025–26,AFC Bournemouth,Brighton & Hove Albion,2025-09-13,2025-09-13
2025–26,Arsenal,Nottingham Forest,2025-09-13,2025-09-13
2025–26,Brentford,Chelsea,2025-09-13,2025-09-13
2025–26,Crystal Palace,Sunderland,2025-09-13,2025-09-13
2025–26,Everton,Aston Villa,2025-09-13,2025-09-13
2025–26,Fulham,Leeds United,2025-09-13,2025-09-13
2025–26,Newcastle United,Wolverhampton Wanderers,2025-09-13,2025-09-13
2025–26,West Ham United,Tottenham Hotspur,2025-09-13,2025-09-13
2025–26,Burnley,Liverpool,2025-09-14,2025-09-14
2025–26,Manchester City,Manchester United,2025-09-14,2025-09-14
2025–26,Brighton & Hove Albion,Tottenham Hotspur,2025-09-20,2025-09-20
2025–26,Burnley,Nottingham Forest,2025-09-20,2025-09-20
2025–26,Fulham,Brentford,2025-09-20,2025-09-20
2025–26,Liverpool,Everton,2025-09-20,2025-09-20
2025–26,Manchester United,Chelsea,2025-09-20,2025-09-20
2025–26,West Ham United,Crystal Palace,2025-09-20,2025-09-20
2025–26,Wolverhampton Wanderers,Leeds United,2025-09-20,2025-09-20
2025–26,AFC Bournemouth,Newcastle United,2025-09-21,2025-09-21
2025–26,Arsenal,Manchester City,2025-09-21,2025-09-21
2025–26,Sunderland,Aston Villa,2025-09-21,2025-09-21
2025–26,Brentford,Manchester United,2025-09-27,2025-09-27
2025–26,Chelsea,Brighton & Hove Albion,2025-09-27,2025-09-27
2025–26,Crystal Palace,Liverpool,2025-09-27,2025-09-27
2025–26,Leeds United,AFC Bournemouth,2025-09-27,2025-09-27
2025–26,Manchester City,Burnley,2025-09-27,2025-09-27
2025–26,Nottingham Forest,Sunderland,2025-09-27,2025-09-27
2025–26,Tottenham Hotspur,Wolverhampton Wanderers,2025-09-27,2025-09-27
2025–26,Aston Villa,Fulham,2025-09-28,2025-09-28
2025–26,Newcastle United,Arsenal,2025-09-28,2025-09-28
2025–26,Everton,West Ham United,2025-09-29,2025-09-29
2025–26,AFC Bournemouth,Fulham,2025-10-03,2025-10-03
2025–26,Arsenal,West Ham United,2025-10-04,2025-10-04
2025–26,Chelsea,Liverpool,2025-10-04,2025-10-04
2025–26,Leeds United,Tottenham Hotspur,2025-10-04,2025-10-04
2025–26,Manchester United,Sunderland,2025-10-04,2025-10-04
2025–26,Aston Villa,Burnley,2025-10-05,2025-10-05
2025–26,Brentford,Manchester City,2025-10-05,2025-10-05
2025–26,Everton,Crystal Palace,2025-10-05,2025-10-05
2025–26,Newcastle United,Nottingham Forest,2025-10-05,2025-10-05
2025–26,Wolverhampton Wanderers,Brighton & Hove Albion,2025-10-05,2025-10-05
2025–26,Brighton & Hove Albion,Newcastle United,2025-10-18,2025-10-18
2025–26,Burnley,Leeds United,2025-10-18,2025-10-18
2025–26,Crystal Palace,AFC Bournemouth,2025-10-18,2025-10-18
2025–26,Fulham,Arsenal,2025-10-18,2025-10-18
2025–26,Manchester City,Everton,2025-10-18,2025-10-18
2025–26,Nottingham Forest,Chelsea,2025-10-18,2025-10-18
2025–26,Sunderland,Wolverhampton Wanderers,2025-10-18,2025-10-18
2025–26,Liverpool,Manchester United,2025-10-19,2025-10-19
2025–26,Tottenham Hotspur,Aston Villa,2025-10-19,2025-10-19
2025–26,West Ham United,Brentford,2025-10-20,2025-10-20
2025–26,Leeds United,West Ham United,2025-10-24,2025-10-24
2025–26,Brentford,Liverpool,2025-10-25,2025-10-25
2025–26,Chelsea,Sunderland,2025-10-25,2025-10-25
2025–26,Manchester United,Brighton & Hove Albion,2025-10-25,2025-10-25
2025–26,Newcastle United,Fulham,2025-10-25,2025-10-25
2025–26,AFC Bournemouth,Nottingham Forest,2025-10-26,2025-10-26
2025–26,Arsenal,Crystal Palace,2025-10-26,2025-10-26
2025–26,Aston Villa,Manchester City,2025-10-26,2025-10-26
2025–26,Everton,Tottenham Hotspur,2025-10-26,2025-10-26
2025–26,Wolverhampton Wanderers,Burnley,2025-10-26,2025-10-26
2025–26,Brighton & Hove Albion,Leeds United,2025-11-01,2025-11-01
2025–26,Burnley,Arsenal,2025-11-01,2025-11-01
2025–26,Crystal Palace,Brentford,2025-11-01,2025-11-01
2025–26,Fulham,Wolverhampton Wanderers,2025-11-01,2025-11-01
2025–26,Liverpool,Aston Villa,2025-11-01,2025-11-01
2025–26,Nottingham Forest,Manchester United,2025-11-01,2025-11-01
2025–26,Tottenham Hotspur,Chelsea,2025-11-01,2025-11-01
2025–26,Manchester City,AFC Bournemouth,2025-11-02,2025-11-02
2025–26,West Ham United,Newcastle United,2025-11-02,2025-11-02
2025–26,Sunderland,Everton,2025-11-03,2025-11-03
2025–26,Chelsea,Wolverhampton Wanderers,2025-11-08,2025-11-08
2025–26,Everton,Fulham,2025-11-08,2025-11-08
2025–26,Sunderland,Arsenal,2025-11-08,2025-11-08
2025–26,Tottenham Hotspur,Manchester United,2025-11-08,2025-11-08
2025–26,West Ham United,Burnley,2025-11-08,2025-11-08
2025–26,Aston Villa,AFC Bournemouth,2025-11-09,2025-11-09
2025–26,Brentford,Newcastle United,2025-11-09,2025-11-09
2025–26,Crystal Palace,Brighton & Hove Albion,2025-11-09,2025-11-09
2025–26,Manchester City,Liverpool,2025-11-09,2025-11-09
2025–26,Nottingham Forest,Leeds United,2025-11-09,2025-11-09
2025–26,AFC Bournemouth,West Ham United,2025-11-22,2025-11-22
2025–26,Brighton & Hove Albion,Brentford,2025-11-22,2025-11-22
2025–26,Burnley,Chelsea,2025-11-22,2025-11-22
2025–26,Fulham,Sunderland,2025-11-22,2025-11-22
2025–26,Liverpool,Nottingham Forest,2025-11-22,2025-11-22
2025–26,Newcastle United,Manchester City,2025-11-22,2025-11-22
2025–26,Wolverhampton Wanderers,Crystal Palace,2025-11-22,2025-11-22
2025–26,Arsenal,Tottenham Hotspur,2025-11-23,2025-11-23
2025–26,Leeds United,Aston Villa,2025-11-23,2025-11-23
2025–26,Manchester United,Everton,2025-11-24,2025-11-24
2025–26,Brentford,Burnley,2025-11-29,2025-11-29
2025–26,Everton,Newcastle United,2025-11-29,2025-11-29
2025–26,Manchester City,Leeds United,2025-11-29,2025-11-29
2025–26,Sunderland,AFC Bournemouth,2025-11-29,2025-11-29
2025–26,Tottenham Hotspur,Fulham,2025-11-29,2025-11-29
2025–26,Aston Villa,Wolverhampton Wanderers,2025-11-30,2025-11-30
2025–26,Chelsea,Arsenal,2025-11-30,2025-11-30
2025–26,Crystal Palace,Manchester United,2025-11-30,2025-11-30
2025–26,Nottingham Forest,Brighton & Hove Albion,2025-11-30,2025-11-30
2025–26,West Ham United,Liverpool,2025-11-30,2025-11-30
2025–26,AFC Bournemouth,Everton,2025-12-02,2025-12-02
2025–26,Fulham,Manchester City,2025-12-02,2025-12-02
2025–26,Newcastle United,Tottenham Hotspur,2025-12-02,2025-12-02
2025–26,Arsenal,Brentford,2025-12-03,2025-12-03
2025–26,Brighton & Hove Albion,Aston Villa,2025-12-03,2025-12-03
2025–26,Burnley,Crystal Palace,2025-12-03,2025-12-03
2025–26,Leeds United,Chelsea,2025-12-03,2025-12-03
2025–26,Liverpool,Sunderland,2025-12-03,2025-12-03
2025–26,Wolverhampton Wanderers,Nottingham Forest,2025-12-03,2025-12-03
2025–26,Manchester United,West Ham United,2025-12-04,2025-12-04
2025–26,AFC Bournemouth,Chelsea,2025-12-06,2025-12-06
2025–26,Aston Villa,Arsenal,2025-12-06,2025-12-06
2025–26,Everton,Nottingham Forest,2025-12-06,2025-12-06
2025–26,Leeds United,Liverpool,2025-12-06,2025-12-06
2025–26,Manchester City,Sunderland,2025-12-06,2025-12-06
2025–26,Newcastle United,Burnley,2025-12-06,2025-12-06
2025–26,Tottenham Hotspur,Brentford,2025-12-06,2025-12-06
2025–26,Brighton & Hove Albion,West Ham United,2025-12-07,2025-12-07
2025–26,Fulham,Crystal Palace,2025-12-07,2025-12-07
2025–26,Wolverhampton Wanderers,Manchester United,2025-12-08,2025-12-08
2025–26,Arsenal,Wolverhampton Wanderers,2025-12-13,2025-12-13
2025–26,Burnley,Fulham,2025-12-13,2025-12-13
2025–26,Chelsea,Everton,2025-12-13,2025-12-13
2025–26,Liverpool,Brighton & Hove Albion,2025-12-13,2025-12-13
2025–26,Brentford,Leeds United,2025-12-14,2025-12-14
2025–26,Crystal Palace,Manchester City,2025-12-14,2025-12-14
2025–26,Nottingham Forest,Tottenham Hotspur,2025-12-14,2025-12-14
2025–26,Sunderland,Newcastle United,2025-12-14,2025-12-14
2025–26,West Ham United,Aston Villa,2025-12-14,2025-12-14
2025–26,Manchester United,AFC Bournemouth,2025-12-15,2025-12-15
2025–26,AFC Bournemouth,Burnley,2025-12-20,2025-12-20
2025–26,Brighton & Hove Albion,Sunderland,2025-12-20,2025-12-20
2025–26,Everton,Arsenal,2025-12-20,2025-12-20
2025–26,Leeds United,Crystal Palace,2025-12-20,2025-12-20
2025–26,Manchester City,West Ham United,2025-12-20,2025-12-20
2025–26,Newcastle United,Chelsea,2025-12-20,2025-12-20
2025–26,Tottenham Hotspur,Liverpool,2025-12-20,2025-12-20
2025–26,Wolverhampton Wanderers,Brentford,2025-12-20,2025-12-20
2025–26,Aston Villa,Manchester United,2025-12-21,2025-12-21
2025–26,Fulham,Nottingham Forest,2025-12-22,2025-12-22
2025–26,Manchester United,Newcastle United,2025-12-26,2025-12-26
2025–26,Arsenal,Brighton & Hove Albion,2025-12-27,2025-12-27
2025–26,Brentford,AFC Bournemouth,2025-12-27,2025-12-27
2025–26,Burnley,Everton,2025-12-27,2025-12-27
2025–26,Chelsea,Aston Villa,2025-12-27,2025-12-27
2025–26,Liverpool,Wolverhampton Wanderers,2025-12-27,2025-12-27
2025–26,Nottingham Forest,Manchester City,2025-12-27,2025-12-27
2025–26,West Ham United,Fulham,2025-12-27,2025-12-27
2025–26,Crystal Palace,Tottenham Hotspur,2025-12-28,2025-12-28
2025–26,Sunderland,Leeds United,2025-12-28,2025-12-28
2025–26,Arsenal,Aston Villa,2025-12-30,2025-12-30
2025–26,Burnley,Newcastle United,2025-12-30,2025-12-30
2025–26,Chelsea,AFC Bournemouth,2025-12-30,2025-12-30
2025–26,Manchester United,Wolverhampton Wanderers,2025-12-30,2025-12-30
2025–26,Nottingham Forest,Everton,2025-12-30,2025-12-30
2025–26,West Ham United,Brighton & Hove Albion,2025-12-30,2025-12-30
2025–26,Brentford,Tottenham Hotspur,2026-01-01,2026-01-01
2025–26,Crystal Palace,Fulham,2026-01-01,2026-01-01
2025–26,Liverpool,Leeds United,2026-01-01,2026-01-01
2025–26,Sunderland,Manchester City,2026-01-01,2026-01-01
2025–26,AFC Bournemouth,Arsenal,2026-01-03,2026-01-03
2025–26,Aston Villa,Nottingham Forest,2026-01-03,2026-01-03
2025–26,Brighton & Hove Albion,Burnley,2026-01-03,2026-01-03
2025–26,Wolverhampton Wanderers,West Ham United,2026-01-03,2026-01-03
2025–26,Everton,Brentford,2026-01-04,2026-01-04
2025–26,Fulham,Liverpool,2026-01-04,2026-01-04
2025–26,Leeds United,Manchester United,2026-01-04,2026-01-04
2025–26,Manchester City,Chelsea,2026-01-04,2026-01-04
2025–26,Newcastle United,Crystal Palace,2026-01-04,2026-01-04
2025–26,Tottenham Hotspur,Sunderland,2026-01-04,2026-01-04
2025–26,West Ham United,Nottingham Forest,2026-01-06,2026-01-06
2025–26,AFC Bournemouth,Tottenham Hotspur,2026-01-07,2026-01-07
2025–26,Brentford,Sunderland,2026-01-07,2026-01-07
2025–26,Burnley,Manchester United,2026-01-07,2026-01-07
2025–26,Crystal Palace,Aston Villa,2026-01-07,2026-01-07
2025–26,Everton,Wolverhampton Wanderers,2026-01-07,2026-01-07
2025–26,Fulham,Chelsea,2026-01-07,2026-01-07
2025–26,Manchester City,Brighton & Hove Albion,2026-01-07,2026-01-07
2025–26,Newcastle United,Leeds United,2026-01-07,2026-01-07
2025–26,Arsenal,Liverpool,2026-01-08,2026-01-08
2025–26,Chelsea,Brentford,2026-01-17,2026-01-17
2025–26,Leeds United,Fulham,2026-01-17,2026-01-17
2025–26,Liverpool,Burnley,2026-01-17,2026-01-17
2025–26,Manchester United,Manchester City,2026-01-17,2026-01-17
2025–26,Nottingham Forest,Arsenal,2026-01-17,2026-01-17
2025–26,Sunderland,Crystal Palace,2026-01-17,2026-01-17
2025–26,Tottenham Hotspur,West Ham United,2026-01-17,2026-01-17
2025–26,Aston Villa,Everton,2026-01-18,2026-01-18
2025–26,Wolverhampton Wanderers,Newcastle United,2026-01-18,2026-01-18
2025–26,Brighton & Hove Albion,AFC Bournemouth,2026-01-19,2026-01-19
2025–26,AFC Bournemouth,Liverpool,2026-01-24,2026-01-24
2025–26,Burnley,Tottenham Hotspur,2026-01-24,2026-01-24
2025–26,Fulham,Brighton & Hove Albion,2026-01-24,2026-01-24
2025–26,Manchester City,Wolverhampton Wanderers,2026-01-24,2026-01-24
2025–26,West Ham United,Sunderland,2026-01-24,2026-01-24
2025–26,Arsenal,Manchester United,2026-01-25,2026-01-25
2025–26,Brentford,Nottingham Forest,2026-01-25,2026-01-25
2025–26,Crystal Palace,Chelsea,2026-01-25,2026-01-25
2025–26,Newcastle United,Aston Villa,2026-01-25,2026-01-25
2025–26,Everton,Leeds United,2026-01-26,2026-01-26
2025–26,Brighton & Hove Albion,Everton,2026-01-31,2026-01-31
2025–26,Chelsea,West Ham United,2026-01-31,2026-01-31
2025–26,Leeds United,Arsenal,2026-01-31,2026-01-31
2025–26,Liverpool,Newcastle United,2026-01-31,2026-01-31
2025–26,Wolverhampton Wanderers,AFC Bournemouth,2026-01-31,2026-01-31
2025–26,Aston Villa,Brentford,2026-02-01,2026-02-01
2025–26,Manchester United,Fulham,2026-02-01,2026-02-01
2025–26,Nottingham Forest,Crystal Palace,2026-02-01,2026-02-01
2025–26,Tottenham Hotspur,Manchester City,2026-02-01,2026-02-01
2025–26,Sunderland,Burnley,2026-02-02,2026-02-02
2025–26,Leeds United,Nottingham Forest,2026-02-06,2026-02-06
2025–26,AFC Bournemouth,Aston Villa,2026-02-07,2026-02-07
2025–26,Arsenal,Sunderland,2026-02-07,2026-02-07
2025–26,Burnley,West Ham United,2026-02-07,2026-02-07
2025–26,Fulham,Everton,2026-02-07,2026-02-07
2025–26,Manchester United,Tottenham Hotspur,2026-02-07,2026-02-07
2025–26,Newcastle United,Brentford,2026-02-07,2026-02-07
2025–26,Wolverhampton Wanderers,Chelsea,2026-02-07,2026-02-07
2025–26,Brighton & Hove Albion,Crystal Palace,2026-02-08,2026-02-08
2025–26,Liverpool,Manchester City,2026-02-08,2026-02-08
2025–26,Chelsea,Leeds United,2026-02-10,2026-02-10
2025–26,Everton,AFC Bournemouth,2026-02-10,2026-02-10
2025–26,Tottenham Hotspur,Newcastle United,2026-02-10,2026-02-10
2025–26,West Ham United,Manchester United,2026-02-10,2026-02-10
2025–26,Aston Villa,Brighton & Hove Albion,2026-02-11,2026-02-11
2025–26,Crystal Palace,Burnley,2026-02-11,2026-02-11
2025–26,Manchester City,Fulham,2026-02-11,2026-02-11
2025–26,Nottingham Forest,Wolverhampton Wanderers,2026-02-11,2026-02-11
2025–26,Sunderland,Liverpool,2026-02-11,2026-02-11
2025–26,Brentford,Arsenal,2026-02-12,2026-02-12
2025–26,Wolverhampton Wanderers,Arsenal,2026-02-18,2026-02-18
2025–26,Aston Villa,Leeds United,2026-02-21,2026-02-21
2025–26,Brentford,Brighton & Hove Albion,2026-02-21,2026-02-21
2025–26,Chelsea,Burnley,2026-02-21,2026-02-21
2025–26,Manchester City,Newcastle United,2026-02-21,2026-02-21
2025–26,West Ham United,AFC Bournemouth,2026-02-21,2026-02-21
2025–26,Crystal Palace,Wolverhampton Wanderers,2026-02-22,2026-02-22
2025–26,Nottingham Forest,Liverpool,2026-02-22,2026-02-22
2025–26,Sunderland,Fulham,2026-02-22,2026-02-22
2025–26,Tottenham Hotspur,Arsenal,2026-02-22,2026-02-22
2025–26,Everton,Manchester United,2026-02-23,2026-02-23
2025–26,Wolverhampton Wanderers,Aston Villa,2026-02-27,2026-02-27
2025–26,AFC Bournemouth,Sunderland,2026-02-28,2026-02-28
2025–26,Burnley,Brentford,2026-02-28,2026-02-28
2025–26,Leeds United,Manchester City,2026-02-28,2026-02-28
2025–26,Liverpool,West Ham United,2026-02-28,2026-02-28
2025–26,Newcastle United,Everton,2026-02-28,2026-02-28
2025–26,Arsenal,Chelsea,2026-03-01,2026-03-01
2025–26,Brighton & Hove Albion,Nottingham Forest,2026-03-01,2026-03-01
2025–26,Fulham,Tottenham Hotspur,2026-03-01,2026-03-01
2025–26,Manchester United,Crystal Palace,2026-03-01,2026-03-01
2025–26,AFC Bournemouth,Brentford,2026-03-03,2026-03-03
2025–26,Everton,Burnley,2026-03-03,2026-03-03
2025–26,Leeds United,Sunderland,2026-03-03,2026-03-03
2025–26,Wolverhampton Wanderers,Liverpool,2026-03-03,2026-03-03
2025–26,Aston Villa,Chelsea,2026-03-04,2026-03-04
2025–26,Brighton & Hove Albion,Arsenal,2026-03-04,2026-03-04
2025–26,Fulham,West Ham United,2026-03-04,2026-03-04
2025–26,Manchester City,Nottingham Forest,2026-03-04,2026-03-04
2025–26,Newcastle United,Manchester United,2026-03-04,2026-03-04
2025–26,Tottenham Hotspur,Crystal Palace,2026-03-05,2026-03-05
2025–26,Arsenal,Everton,2026-03-14,2026-03-14
2025–26,Burnley,AFC Bournemouth,2026-03-14,2026-03-14
2025–26,Chelsea,Newcastle United,2026-03-14,2026-03-14
2025–26,Sunderland,Brighton & Hove Albion,2026-03-14,2026-03-14
2025–26,West Ham United,Manchester City,2026-03-14,2026-03-14
2025–26,Crystal Palace,Leeds United,2026-03-15,2026-03-15
2025–26,Liverpool,Tottenham Hotspur,2026-03-15,2026-03-15
2025–26,Manchester United,Aston Villa,2026-03-15,2026-03-15
2025–26,Nottingham Forest,Fulham,2026-03-15,2026-03-15
2025–26,Brentford,Wolverhampton Wanderers,2026-03-16,2026-03-16
2025–26,AFC Bournemouth,Manchester United,2026-03-20,2026-03-20
2025–26,Brighton & Hove Albion,Liverpool,2026-03-21,2026-03-21
2025–26,Everton,Chelsea,2026-03-21,2026-03-21
2025–26,Fulham,Burnley,2026-03-21,2026-03-21
2025–26,Leeds United,Brentford,2026-03-21,2026-03-21
2025–26,Aston Villa,West Ham United,2026-03-22,2026-03-22
2025–26,Newcastle United,Sunderland,2026-03-22,2026-03-22
2025–26,Tottenham Hotspur,Nottingham Forest,2026-03-22,2026-03-22
2025–26,West Ham United,Wolverhampton Wanderers,2026-04-10,2026-04-10
2025–26,Arsenal,AFC Bournemouth,2026-04-11,2026-04-11
2025–26,Brentford,Everton,2026-04-11,2026-04-11
2025–26,Burnley,Brighton & Hove Albion,2026-04-11,2026-04-11
2025–26,Liverpool,Fulham,2026-04-11,2026-04-11
2025–26,Chelsea,Manchester City,2026-04-12,2026-04-12
2025–26,Crystal Palace,Newcastle United,2026-04-12,2026-04-12
2025–26,Nottingham Forest,Aston Villa,2026-04-12,2026-04-12
2025–26,Sunderland,Tottenham Hotspur,2026-04-12,2026-04-12
2025–26,Manchester United,Leeds United,2026-04-13,2026-04-13
2025–26,Brentford,Fulham,2026-04-18,2026-04-18
2025–26,Chelsea,Manchester United,2026-04-18,2026-04-18
2025–26,Leeds United,Wolverhampton Wanderers,2026-04-18,2026-04-18
2025–26,Newcastle United,AFC Bournemouth,2026-04-18,2026-04-18
2025–26,Tottenham Hotspur,Brighton & Hove Albion,2026-04-18,2026-04-18
2025–26,Aston Villa,Sunderland,2026-04-19,2026-04-19
2025–26,Everton,Liverpool,2026-04-19,2026-04-19
2025–26,Manchester City,Arsenal,2026-04-19,2026-04-19
2025–26,Nottingham Forest,Burnley,2026-04-19,2026-04-19
2025–26,Crystal Palace,West Ham United,2026-04-20,2026-04-20
2025–26,Brighton & Hove Albion,Chelsea,2026-04-21,2026-04-21
2025–26,AFC Bournemouth,Leeds United,2026-04-22,2026-04-22
2025–26,Burnley,Manchester City,2026-04-22,2026-04-22
2025–26,Sunderland,Nottingham Forest,2026-04-24,2026-04-24
2025–26,Arsenal,Newcastle United,2026-04-25,2026-04-25
2025–26,Fulham,Aston Villa,2026-04-25,2026-04-25
2025–26,Liverpool,Crystal Palace,2026-04-25,2026-04-25
2025–26,West Ham United,Everton,2026-04-25,2026-04-25
2025–26,Wolverhampton Wanderers,Tottenham Hotspur,2026-04-25,2026-04-25
2025–26,Manchester United,Brentford,2026-04-27,2026-04-27
2025–26,Leeds United,Burnley,2026-05-01,2026-05-01
2025–26,Arsenal,Fulham,2026-05-02,2026-05-02
2025–26,Brentford,West Ham United,2026-05-02,2026-05-02
2025–26,Newcastle United,Brighton & Hove Albion,2026-05-02,2026-05-02
2025–26,Wolverhampton Wanderers,Sunderland,2026-05-02,2026-05-02
2025–26,AFC Bournemouth,Crystal Palace,2026-05-03,2026-05-03
2025–26,Aston Villa,Tottenham Hotspur,2026-05-03,2026-05-03
2025–26,Manchester United,Liverpool,2026-05-03,2026-05-03
2025–26,Chelsea,Nottingham Forest,2026-05-04,2026-05-04
2025–26,Everton,Manchester City,2026-05-04,2026-05-04
2025–26,Brighton & Hove Albion,Wolverhampton Wanderers,2026-05-09,2026-05-09
2025–26,Fulham,AFC Bournemouth,2026-05-09,2026-05-09
2025–26,Liverpool,Chelsea,2026-05-09,2026-05-09
2025–26,Manchester City,Brentford,2026-05-09,2026-05-09
2025–26,Sunderland,Manchester United,2026-05-09,2026-05-09
2025–26,Burnley,Aston Villa,2026-05-10,2026-05-10
2025–26,Crystal Palace,Everton,2026-05-10,2026-05-10
2025–26,Nottingham Forest,Newcastle United,2026-05-10,2026-05-10
2025–26,West Ham United,Arsenal,2026-05-10,2026-05-10
2025–26,Tottenham Hotspur,Leeds United,2026-05-11,2026-05-11
2025–26,Manchester City,Crystal Palace,2026-05-13,2026-05-13
2025–26,Aston Villa,Liverpool,2026-05-15,2026-05-15
2025–26,Brentford,Crystal Palace,2026-05-17,2026-05-17
2025–26,Everton,Sunderland,2026-05-17,2026-05-17
2025–26,Leeds United,Brighton & Hove Albion,2026-05-17,2026-05-17
2025–26,Manchester United,Nottingham Forest,2026-05-17,2026-05-17
2025–26,Newcastle United,West Ham United,2026-05-17,2026-05-17
2025–26,Wolverhampton Wanderers,Fulham,2026-05-17,2026-05-17
2025–26,Arsenal,Burnley,2026-05-18,2026-05-18
2025–26,AFC Bournemouth,Manchester City,2026-05-19,2026-05-19
2025–26,Chelsea,Tottenham Hotspur,2026-05-19,2026-05-19
2025–26,Brighton & Hove Albion,Manchester United,2026-05-24,2026-05-24
2025–26,Burnley,Wolverhampton Wanderers,2026-05-24,2026-05-24
2025–26,Crystal Palace,Arsenal,2026-05-24,2026-05-24
2025–26,Fulham,Newcastle United,2026-05-24,2026-05-24
2025–26,Liverpool,Brentford,2026-05-24,2026-05-24
2025–26,Manchester City,Aston Villa,2026-05-24,2026-05-24
2025–26,Nottingham Forest,AFC Bournemouth,2026-05-24,2026-05-24
2025–26,Sunderland,Chelsea,2026-05-24,2026-05-24
2025–26,Tottenham Hotspur,Everton,2026-05-24,2026-05-24
2025–26,West Ham United,Leeds United,2026-05-24,2026-05-24
